"CRN","ARRIVAL_TM","AUTOMOBILE_COUNT","BELTED_DEATH_COUNT","BELTED_SUSP_SERIOUS_INJ_COUNT","BICYCLE_COUNT","BICYCLE_DEATH_COUNT","BICYCLE_SUSP_SERIOUS_INJ_COUNT","BUS_COUNT","CHLDPAS_DEATH_COUNT","CHLDPAS_SUSP_SERIOUS_INJ_COUNT","COLLISION_TYPE","COMM_VEH_COUNT","CONS_ZONE_SPD_LIM","COUNTY","CRASH_MONTH","CRASH_YEAR","DAY_OF_WEEK","DEC_LATITUDE","DEC_LONGITUDE","DISPATCH_TM","DISTRICT","DRIVER_COUNT_16YR","DRIVER_COUNT_17YR","DRIVER_COUNT_18YR","DRIVER_COUNT_19YR","DRIVER_COUNT_20YR","DRIVER_COUNT_50_64YR","DRIVER_COUNT_65_74YR","DRIVER_COUNT_75PLUS","EST_HRS_CLOSED","FATAL_COUNT","HEAVY_TRUCK_COUNT","HORSE_BUGGY_COUNT","HOUR_OF_DAY","ILLUMINATION","INJURY_COUNT","INTERSECTION_RELATED","INTERSECT_TYPE","LANE_CLOSED","LATITUDE","LN_CLOSE_DIR","LOCATION_TYPE","LONGITUDE","MAX_SEVERITY_LEVEL","MCYCLE_DEATH_COUNT","MCYCLE_SUSP_SERIOUS_INJ_COUNT","MOTORCYCLE_COUNT","MUNICIPALITY","NONMOTR_COUNT","NONMOTR_DEATH_COUNT","NONMOTR_SUSP_SERIOUS_INJ_COUNT","NTFY_HIWY_MAINT","PED_COUNT","PED_DEATH_COUNT","PED_SUSP_SERIOUS_INJ_COUNT","PERSON_COUNT","POLICE_AGCY","POSSIBLE_INJ_COUNT","RDWY_SURF_TYPE_CD","RELATION_TO_ROAD","ROADWAY_CLEARED","ROAD_CONDITION","SCH_BUS_IND","SCH_ZONE_IND","SECONDARY_CRASH","SMALL_TRUCK_COUNT","SPEC_JURIS_CD","SUSP_MINOR_INJ_COUNT","SUSP_SERIOUS_INJ_COUNT","SUV_COUNT","TCD_FUNC_CD","TCD_TYPE","TFC_DETOUR_IND","TIME_OF_DAY","TOTAL_UNITS","TOT_INJ_COUNT","UNBELTED_OCC_COUNT","UNB_DEATH_COUNT","UNB_SUSP_SERIOUS_INJ_COUNT","UNK_INJ_DEG_COUNT","UNK_INJ_PER_COUNT","URBAN_RURAL","VAN_COUNT","VEHICLE_COUNT","WEATHER1","WEATHER2","WORKERS_PRES","WORK_ZONE_IND","WORK_ZONE_LOC","WORK_ZONE_TYPE","WZ_CLOSE_DETOUR","WZ_FLAGGER","WZ_LAW_OFFCR_IND","WZ_LN_CLOSURE","WZ_MOVING","WZ_OTHER","WZ_SHLDER_MDN","WZ_WORKERS_INJ_KILLED"
"2018015227","1809","1","0","0","0","0","0","0","0","0","1","0","","02","1","2018","5","40.507729","-79.856641","1801","11","0","0","0","0","0","0","0","0","","0","0","0","","","0","","0","","40 30:27.825","","0","79 51:23.907","0","0","0","0","2112","0","0","0","N","0","0","0","2","68D02","0","","1.0","","9","N","N","","1","","0","0","0","","0","","","2","0","0","0","0","0","0","2","0","2","","","","N","","","","","","","","","",""
"2018038779","1605","1","0","0","0","0","0","1","0","0","1","1","","02","4","2018","2","40.452537","-80.019226","1600","11","0","0","0","0","0","2","0","0","","0","0","0","","","0","","0","","40 27:09.134","","0","80 01:09.212","0","0","0","0","2301","0","0","0","N","0","0","0","8","02301","0","","1.0","","1","Y","N","","0","","0","0","0","","0","","","2","0","0","0","0","0","0","2","0","2","","","","N","","","","","","","","","",""
"2018002803","0905","2","0","0","0","0","0","0","0","0","4","0","","02","1","2018","6","40.498578","-80.061861","0901","11","0","0","0","0","0","0","1","0","1","0","0","0","","","1","","2","","40 29:54.880","2","0","80 03:42.699","8","0","0","0","2402","0","0","0","N","0","0","0","2","02402","0","","1.0","","1","N","N","","0","","0","0","0","","8","N","","2","1","0","0","0","1","0","2","0","2","","","","N","","","","","","","","","",""
"2018005231","1331","2","0","0","0","0","0","0","0","0","4","0","","02","1","2018","3","40.378853","-80.032854","1328","11","0","0","0","0","1","0","1","0","1","0","0","0","","","0","","1","","40 22:43.870","5","0","80 01:58.274","0","0","0","0","2109","0","0","0","N","0","0","0","2","02109","0","","1.0","","9","N","N","","0","","0","0","0","","3","N","","2","0","0","0","0","0","0","2","0","2","","","","N","","","","","","","","","",""
"2018005748","2225","1","0","0","0","0","0","0","0","0","6","0","","02","1","2018","5","40.484333","-80.037528","2211","11","0","0","0","0","0","1","0","0","2","0","0","0","","","1","","0","","40 29:03.600","3","0","80 02:15.100","8","0","0","0","2301","0","0","0","N","0","0","0","2","02301","0","","1.0","","9","N","N","","1","","0","0","0","","0","N","","2","1","0","0","0","1","0","2","0","2","","","","N","","","","","","","","","",""
"2018003652","1050","1","0","0","0","0","0","0","0","0","7","0","","02","1","2018","2","40.510627","-79.820833","1038","11","0","0","0","0","0","0","0","0","","0","0","0","","","0","","0","","40 30:38.258","","0","79 49:14.997","0","0","0","0","2113","0","0","0","N","0","0","0","1","02113","0","","5.0","","6","N","N","","0","","0","0","0","","0","","","1","0","0","0","0","0","0","2","0","1","","","","N","","","","","","","","","",""
"2018005929","2004","2","0","0","0","0","0","0","0","0","1","0","","02","1","2018","1","40.360485","-79.90769","2002","11","0","0","0","1","0","0","0","0","","0","0","0","","","1","","2","","40 21:37.746","","0","79 54:27.685","3","0","0","0","2473","0","0","0","N","0","0","0","2","02473","0","","1.0","","9","N","N","","0","","1","0","0","","2","","","2","1","0","0","0","0","0","2","0","2","","","","N","","","","","","","","","",""
"2018041006","1657","2","0","0","0","0","0","0","0","0","1","0","","02","4","2018","6","40.456662","-80.186877","1653","11","0","0","0","0","0","0","0","0","1","0","0","0","","","1","","0","","40 27:23.983","3","0","80 11:12.757","8","0","0","0","2214","0","0","0","N","0","0","0","2","68B03","0","","1.0","","1","N","N","","0","","0","0","0","","0","N","","2","1","0","0","0","1","0","2","0","2","","","","N","","","","","","","","","",""
"2018005734","1245","0","0","0","0","0","0","0","0","0","7","0","","02","1","2018","2","40.487944","-79.753","1239","11","0","0","0","0","0","1","0","0","1","0","0","0","","","1","","0","","40 29:16.600","1","0","79 45:10.800","8","0","0","0","2466","0","0","0","N","0","0","0","1","02466","0","","5.0","","6","N","N","","0","","0","0","1","","0","Y","","1","1","0","0","0","1","0","2","0","1","","","","N","","","","","","","","","",""
"2018012534","1133","2","0","0","0","0","0","0","0","0","5","0","","02","1","2018","1","40.411136","-80.069583","1127","11","0","0","0","0","0","1","0","0","1","0","0","0","","","1","","0","","40 24:40.088","4","0","80 04:10.500","3","0","0","0","2435","0","0","0","Y","0","0","0","3","68B03","0","","1.0","","1","N","N","","0","","1","0","0","","0","N","","2","1","0","0","0","0","0","2","0","2","","","","N","","","","","","","","","",""
"2018038597","1340","1","0","0","0","0","0","0","0","0","7","0","","02","3","2018","3","40.435997","-79.971844","1333","11","0","0","0","0","0","0","0","0","","0","0","0","","","0","","0","","40 26:09.590","","0","79 58:18.639","0","0","0","0","2301","0","0","0","","0","0","0","3","68B03","0","","2.0","","1","N","N","","0","","0","0","0","","0","","","1","0","0","0","0","0","0","2","0","1","","","","N","","","","","","","","","",""
"2018007209","0532","1","0","0","0","0","0","0","0","0","7","0","","02","1","2018","1","40.467664","-80.198506","0528","11","0","0","0","0","0","0","0","0","2","0","0","0","","","0","","0","","40 28:03.589","3","6","80 11:54.621","0","0","0","0","2213","0","0","0","Y","0","0","0","1","02213","0","","2.0","","1","N","N","","0","","0","0","0","","0","N","","1","0","0","0","0","0","0","2","0","1","","","","N","","","","","","","","","",""
"2018043297","1504","2","0","0","0","0","0","0","0","0","1","0","","02","1","2018","6","40.442364","-79.856627","1456","11","0","0","0","0","0","0","0","0","1","0","0","0","","","2","","0","","40 26:32.511","3","0","79 51:23.858","3","0","0","0","2419","0","0","0","N","0","0","0","3","68B03","0","","1.0","","1","N","N","","1","","2","0","0","","0","N","","3","2","0","0","0","0","0","2","0","3","","","","N","","","","","","","","","",""
"2018006235","0113","1","0","0","0","0","0","0","0","0","7","0","","02","1","2018","7","40.448028","-79.971889","0103","11","0","0","0","0","0","0","0","0","","0","0","0","","","0","","0","","40 26:52.900","","0","79 58:18.800","9","0","0","0","2301","0","0","0","N","0","0","0","1","02301","0","","4.0","","7","N","N","","0","","0","0","0","","0","","","1","0","0","0","0","0","1","2","0","1","","","","N","","","","","","","","","",""
"2018002326","1430","1","0","0","0","0","0","0","0","0","5","0","","02","1","2018","5","40.486014","-79.912454","1422","11","0","0","0","0","0","1","0","0","2","0","0","0","","","3","","0","","40 29:09.652","4","0","79 54:44.836","3","0","0","0","2301","0","0","0","N","0","0","0","6","02301","2","","1.0","","1","N","N","","1","","1","0","0","","0","N","","2","3","1","0","0","0","0","2","0","2","","","","N","","","","","","","","","",""
"2018004774","1049","2","0","0","0","0","0","0","0","0","4","0","","02","1","2018","3","40.441978","-80.156731","1045","11","0","0","0","0","0","0","0","0","","0","0","0","","","0","","2","","40 26:31.120","","0","80 09:24.231","0","0","0","0","2115","0","0","0","N","0","0","0","3","02115","0","","1.0","","9","N","N","","0","","0","0","0","","0","","","2","0","0","0","0","0","0","2","0","2","","","","N","","","","","","","","","",""
"2018044864","1618","1","0","0","0","0","0","0","0","0","7","0","","02","4","2018","5","40.5777","-80.117122","1555","11","0","0","0","1","0","0","0","0","1","0","0","0","","","0","","0","","40 34:39.720","1","0","80 07:01.638","0","0","0","0","2481","0","0","0","Y","0","0","0","1","68B03","0","","4.0","","1","N","N","","0","","0","0","0","","0","N","","1","0","0","0","0","0","0","2","0","1","","","","N","","","","","","","","","",""
"2018004041","1425","0","0","0","0","0","0","0","0","0","7","0","","02","1","2018","2","40.454909","-80.072251","1413","11","0","0","0","0","0","0","0","0","2","0","0","0","","","1","","0","","40 27:17.672","5","0","80 04:20.105","8","0","0","0","2301","0","0","0","N","0","0","0","1","02301","0","","2.0","","7","N","N","","0","","0","0","1","","0","Y","","1","1","0","0","0","1","0","2","0","1","","","","N","","","","","","","","","",""
"2018006198","2200","1","0","0","0","0","0","0","0","0","0","0","","02","1","2018","6","40.445035","-80.029616","2145","11","0","0","0","0","0","0","0","0","","0","0","0","","","0","","0","","40 26:42.127","","0","80 01:46.618","0","0","0","0","2301","0","0","0","N","0","0","0","1","02301","0","","1.0","","6","N","N","","0","","0","0","0","","0","","","1","0","0","0","0","0","0","2","0","1","","","","N","","","","","","","","","",""
"2018041062","1753","1","0","0","0","0","0","0","0","0","1","0","","02","3","2018","1","40.436544","-79.974173","1743","11","0","0","0","0","0","0","0","0","1","0","0","0","","","0","","7","","40 26:11.560","3","2","79 58:27.023","0","0","0","0","2301","0","0","0","","0","0","0","3","68B03","0","","1.0","","1","N","N","","0","","0","0","2","","0","N","","3","0","0","0","0","0","0","2","0","3","","","","N","","","","","","","","","",""
"2018042989","0914","1","0","0","0","0","0","0","0","0","2","0","","02","4","2018","6","40.326512","-80.065108","0912","11","0","0","1","0","0","0","0","0","","0","0","0","","","0","","2","","40 19:35.444","","0","80 03:54.389","0","0","0","0","2123","0","0","0","N","0","0","0","4","02123","0","","1.0","","1","N","N","","0","","0","0","1","","3","","","2","0","0","0","0","0","0","2","0","2","","","","N","","","","","","","","","",""
"2018005314","0736","3","0","0","0","0","0","0","0","0","1","0","","02","1","2018","5","40.402186","-80.094691","0733","11","0","0","0","1","0","1","0","0","1","0","0","0","","","0","","2","","40 24:07.868","4","0","80 05:40.888","0","0","0","0","2415","0","0","0","N","0","0","0","3","02415","0","","1.0","","9","N","N","","0","","0","0","0","","2","N","","3","0","0","0","0","0","0","2","0","3","","","","N","","","","","","","","","",""
"2018041072","1309","1","0","0","0","0","0","0","0","0","1","0","","02","4","2018","4","40.598289","-80.093716","1256","11","0","0","0","0","1","0","0","0","","0","0","0","","","1","","0","","40 35:53.841","","0","80 05:37.379","3","0","0","0","2481","0","0","0","","0","0","0","2","68B03","0","","1.0","","1","N","N","","0","","1","0","1","","0","","","2","1","0","0","0","0","0","2","0","2","","","","N","","","","","","","","","",""
"2018004959","1518","1","0","0","0","0","0","0","0","0","4","0","","02","1","2018","2","40.548594","-79.777651","1516","11","0","0","0","0","0","1","0","0","1","0","0","0","","","0","","0","","40 32:54.940","4","0","79 46:39.542","0","0","0","0","2121","0","0","0","N","0","0","0","2","02121","0","","1.0","","6","N","N","","0","","0","0","1","","0","N","","2","0","0","0","0","0","0","1","0","2","","","","N","","","","","","","","","",""
"2018012657","1403","1","0","0","0","0","0","0","0","0","8","0","","02","1","2018","6","40.34475","-80.050667","1359","11","0","0","0","0","0","0","1","0","","0","0","0","","","1","","0","","40 20:41.100","","7","80 03:02.400","3","0","0","0","2407","1","0","0","N","1","0","0","2","02407","0","","1.0","","9","N","N","","0","","1","0","0","","0","","","2","1","0","0","0","0","0","2","0","1","","","","N","","","","","","","","","",""
"2018002837","0757","1","0","0","0","0","0","0","0","0","7","0","","02","1","2018","6","40.537767","-79.984257","0745","11","0","0","0","0","0","0","0","0","1","0","0","0","","","0","","11","","40 32:15.960","2","0","79 59:03.325","0","0","0","0","2118","0","0","0","N","0","0","0","1","02118","0","","2.0","","2","N","N","","0","","0","0","0","","0","Y","","1","0","0","0","0","0","0","2","0","1","","","","N","","","","","","","","","",""
"2018013265","1427","0","0","0","0","0","0","0","0","0","7","0","","02","1","2018","1","40.612626","-79.756859","1411","11","0","0","0","1","0","0","0","0","","0","0","0","","","0","","2","","40 36:45.455","","1","79 45:24.694","0","0","0","0","2202","0","0","0","Y","0","0","0","1","68D02","0","","4.0","","1","N","N","","0","","0","0","1","","0","","","1","0","0","0","0","0","0","2","0","1","","","","N","","","","","","","","","",""
"2018004849","1415","1","0","0","0","0","0","0","0","0","7","0","","02","1","2018","3","40.449624","-80.024805","1415","11","0","0","0","0","0","0","0","0","","0","0","0","","","0","","0","","40 26:58.646","","0","80 01:29.298","0","0","0","0","2301","0","0","0","N","0","0","0","1","02301","0","","3.0","","1","N","N","","0","","0","0","0","","2","","","1","0","0","0","0","0","0","2","0","1","","","","N","","","","","","","","","",""
"2018029594","1555","1","0","0","0","0","0","0","0","0","1","0","","02","3","2018","1","40.446344","-79.982867","1547","11","0","0","0","0","0","0","0","0","1","0","0","0","","","0","","0","","40 26:46.840","3","0","79 58:58.320","0","0","0","0","2301","0","0","0","N","0","0","0","1","02301","0","","1.0","","1","N","N","","0","","0","0","2","","0","N","","3","0","1","0","0","0","0","2","0","3","","","","N","","","","","","","","","",""
"2018005767","2050","0","0","0","0","0","0","0","0","0","7","0","","02","1","2018","7","40.354916","-80.015872","2044","11","0","0","0","0","0","1","0","0","","0","0","0","","","1","","0","","40 21:17.699","","0","80 00:57.139","8","0","0","0","2407","0","0","0","N","0","0","0","1","02407","0","","5.0","","1","N","N","","0","","0","0","1","","0","","","1","1","0","0","0","1","0","2","0","1","","","","N","","","","","","","","","",""
"2018037642","1108","0","0","0","0","0","0","0","0","0","8","0","","02","3","2018","5","40.394627","-79.986551","1108","11","0","0","0","0","0","0","0","0","","0","0","0","","","1","","2","","40 23:40.657","","0","79 59:11.583","8","0","0","0","2301","1","0","0","N","1","0","0","2","02301","0","","1.0","","9","N","N","","0","","0","0","0","","3","","","2","1","0","0","0","1","1","2","1","1","","","","N","","","","","","","","","",""
"2018005338","0843","0","0","0","0","0","0","0","0","0","99","0","","02","1","2018","4","40.650449","-79.936753","0840","11","0","0","0","0","1","0","1","0","1","0","0","0","","","0","","2","","40 39:01.617","5","0","79 56:12.312","0","0","0","0","2217","0","0","0","N","0","0","0","4","02505","0","","1.0","","1","N","N","","1","","0","0","1","","0","N","","2","0","0","0","0","0","0","2","0","2","","","","N","","","","","","","","","",""
"2018003278","0552","1","0","0","0","0","0","0","0","0","4","0","","02","1","2018","1","40.456551","-79.823081","0550","11","0","0","0","0","0","0","0","0","2","0","0","0","","","1","","2","","40 27:23.584","7","0","79 49:23.091","4","0","0","0","2113","0","0","0","N","0","0","0","2","02113","1","","1.0","","9","N","N","","1","","0","0","0","","3","Y","","2","1","0","0","0","0","0","2","0","2","","","","N","","","","","","","","","",""
"2018005305","0733","0","0","0","0","0","0","0","0","0","4","0","","02","1","2018","5","40.401974","-79.906788","0732","11","0","0","0","0","0","0","0","0","1","0","0","0","","","0","","5","","40 24:07.106","1","0","79 54:24.436","0","0","0","0","2438","0","0","0","N","0","0","0","3","02438","0","","1.0","","9","N","N","","0","","0","0","1","","2","N","","2","0","0","0","0","0","0","2","1","2","","","","N","","","","","","","","","",""
"2018041642","1606","2","0","0","0","0","0","0","0","0","1","0","","02","4","2018","2","40.513138","-80.222331","1603","11","0","0","0","0","0","2","0","0","","0","0","0","","","1","","2","","40 30:47.296","","0","80 13:20.390","3","0","0","0","2213","0","0","0","N","0","0","0","2","02213","0","","1.0","","9","N","N","","0","","1","0","0","","2","","","2","1","0","0","0","0","0","2","0","2","","","","N","","","","","","","","","",""
"2018006030","1703","1","0","0","0","0","0","0","0","0","7","0","","02","1","2018","7","40.591024","-80.023177","1702","11","0","0","0","0","0","0","0","0","2","0","0","0","","","0","","0","","40 35:27.688","2","0","80 01:23.436","0","0","0","0","2108","0","0","0","N","0","0","0","1","02108","0","","5.0","","1","N","N","","0","","0","0","0","","0","Y","","1","0","0","0","0","0","0","2","0","1","","","","N","","","","","","","","","",""
"2018003649","1140","2","0","0","0","0","0","0","0","0","4","0","","02","1","2018","2","40.42599","-79.916892","1125","11","0","0","0","0","0","0","0","1","2","0","0","0","","","0","","1","","40 25:33.564","2","0","79 55:00.811","0","0","0","0","2301","0","0","0","N","0","0","0","2","02301","0","","1.0","","6","N","N","","0","","0","0","0","","3","N","","2","0","0","0","0","0","0","2","0","2","","","","N","","","","","","","","","",""
"2018002540","0809","1","0","0","0","0","0","0","0","0","7","0","","02","1","2018","4","40.508959","-79.855956","0803","11","0","0","0","0","0","0","0","0","","0","0","0","","","0","","0","","40 30:32.253","","0","79 51:21.443","0","0","0","0","2112","0","0","0","","0","0","0","1","68D02","0","","2.0","","1","N","N","","0","","0","0","0","","0","","","1","0","0","0","0","0","0","2","0","1","","","","N","","","","","","","","","",""
"2018001259","1025","1","0","0","0","0","0","0","0","0","2","0","","02","1","2018","4","40.482972","-79.919722","1015","11","0","0","0","0","0","1","0","0","1","0","0","0","","","2","","0","","40 28:58.700","1","0","79 55:11.000","8","0","0","0","2301","0","0","0","N","0","0","0","4","02301","0","","1.0","","2","N","N","","0","","0","0","1","","0","N","","2","2","0","0","0","2","0","2","0","2","","","","N","","","","","","","","","",""
"2018011460","1915","0","0","0","0","0","0","0","0","0","7","0","","02","1","2018","4","40.289824","-79.96939","1910","11","0","0","0","0","0","0","0","0","","0","0","0","","","0","","3","","40 17:23.367","","0","79 58:09.804","0","0","0","0","2219","0","0","0","Y","0","0","0","1","02219","0","","2.0","","2","N","N","","0","","0","0","1","","0","","","1","0","0","0","0","0","0","2","0","1","","","","N","","","","","","","","","",""
"2018040459","0400","0","0","0","0","0","0","0","0","0","7","0","","02","1","2018","2","40.431696","-79.872123","0341","11","0","0","0","0","0","0","0","0","","0","0","0","","","1","","0","","40 25:54.107","","0","79 52:19.642","4","0","0","0","2411","0","0","0","N","0","0","0","1","68B03","1","","4.0","","9","N","N","","0","","0","0","1","","0","","","1","1","0","0","0","0","0","2","0","1","","","","N","","","","","","","","","",""
"2018007953","2314","0","0","0","0","0","0","0","0","0","7","0","","02","1","2018","6","40.50554","-80.085913","2314","11","0","0","0","0","0","0","0","0","3","0","0","0","","","0","","0","","40 30:19.943","5","0","80 05:09.285","0","0","0","0","2405","0","0","0","Y","0","0","0","1","02215","0","","2.0","","7","N","N","","0","","0","0","1","","0","Y","","1","0","0","0","0","0","0","2","0","1","","","","N","","","","","","","","","",""
"2018002130","1921","2","0","0","0","0","0","0","0","0","4","0","","02","1","2018","5","40.355476","-79.979614","1921","11","1","0","0","0","0","0","0","0","2","0","0","0","","","2","","1","","40 21:19.712","2","0","79 58:46.612","8","0","0","0","2476","0","0","0","N","0","0","0","5","02476","0","","1.0","","1","N","N","","0","","0","0","0","","2","N","","2","2","0","0","0","2","0","2","0","2","","","","N","","","","","","","","","",""
"2018003557","0945","1","0","0","0","0","0","0","0","0","4","0","","02","1","2018","2","40.426528","-79.993583","0939","11","0","0","0","0","0","0","0","0","1","0","0","0","","","1","","0","","40 25:35.500","3","0","79 59:36.900","8","0","0","0","2301","0","0","0","N","0","0","0","1","02301","0","","2.0","","7","N","N","","1","","0","0","0","","0","N","","2","1","0","0","0","1","0","2","0","2","","","","N","","","","","","","","","",""
"2018005837","1840","2","0","0","0","0","0","0","0","0","4","0","","02","1","2018","5","40.391729","-80.049266","1838","11","0","0","0","0","0","1","1","0","","0","0","0","","","1","","1","","40 23:30.224","","0","80 02:57.357","3","0","0","0","2109","0","0","0","N","0","0","0","3","02109","0","","1.0","","9","N","N","","0","","1","0","0","","3","","","2","1","0","0","0","0","0","2","0","2","","","","N","","","","","","","","","",""
"2018064874","1834","0","0","0","0","0","0","0","0","0","7","0","","02","6","2018","3","40.494123","-80.206488","1826","11","0","0","0","0","0","0","0","0","","0","0","0","","","0","","0","","40 29:38.843","","0","80 12:23.356","0","0","0","0","2213","0","0","0","N","0","0","0","1","02213","0","","3.0","","9","N","N","","0","","0","0","1","","0","","","1","0","0","0","0","0","0","2","0","1","","","","N","","","","","","","","","",""
"2018041223","0909","1","0","0","0","0","0","0","0","0","1","0","","02","4","2018","2","40.374824","-80.115186","0907","11","0","0","0","0","0","0","0","0","","0","0","0","","","1","","1","","40 22:29.366","","0","80 06:54.668","3","0","0","0","2102","0","0","0","N","0","0","0","2","02102","0","","1.0","","1","N","N","","0","","1","0","1","","2","","","2","1","0","0","0","0","0","2","0","2","","","","N","","","","","","","","","",""
"2018041530","0802","1","0","0","0","0","0","1","0","0","1","1","","02","4","2018","3","40.383361","-80.012166","0740","11","0","0","0","0","0","1","0","0","","0","0","0","","","0","","2","","40 23:00.099","","0","80 00:43.797","0","0","0","0","2301","0","0","0","N","0","0","0","2","02301","0","","1.0","","1","Y","N","","0","","0","0","0","","3","","","2","0","0","0","0","0","0","2","0","2","","","","N","","","","","","","","","",""
"2018006519","2347","1","0","0","0","0","0","0","0","0","7","0","","02","1","2018","6","40.368468","-80.062174","2343","11","0","0","0","0","0","0","0","0","2","0","0","0","","","0","","2","","40 22:06.484","2","0","80 03:43.826","0","0","0","0","2109","0","0","0","N","0","0","0","2","02109","0","","4.0","","7","N","N","","0","","0","0","0","","3","N","","1","0","0","0","0","0","0","2","0","1","","","","N","","","","","","","","","",""
"2018006210","2359","0","0","0","0","0","0","0","0","0","7","0","","02","1","2018","6","40.459583","-79.9935","2354","11","0","0","0","0","0","0","0","0","1","0","0","0","","","0","","0","","40 27:34.500","2","0","79 59:36.600","0","0","0","0","2301","0","0","0","N","0","0","0","1","02301","0","","5.0","","7","N","N","","0","","0","0","1","","0","N","","1","0","0","0","0","0","0","2","0","1","","","","N","","","","","","","","","",""
"2018010084","2109","1","0","0","0","0","0","0","0","0","7","0","","02","1","2018","1","40.418945","-80.201776","2108","11","0","0","0","0","0","1","0","0","","0","0","0","","","0","","2","","40 25:08.203","","0","80 12:06.394","0","0","0","0","2214","0","0","0","N","0","0","0","1","02214","0","","4.0","","1","N","N","","0","","0","0","0","","3","","","1","0","0","0","0","0","0","1","0","1","","","","N","","","","","","","","","",""
"2018001386","1612","1","0","0","0","0","0","0","0","0","1","0","","02","1","2018","4","40.456389","-79.990708","1539","11","0","0","0","0","0","0","0","0","3","0","0","0","","","0","","0","","40 27:23.001","4","0","79 59:26.547","0","0","0","0","2301","0","0","0","N","0","0","0","4","02301","0","","1.0","","1","N","N","","0","","0","0","1","","0","N","","3","0","0","0","0","0","0","2","1","3","","","","N","","","","","","","","","",""
"2018004565","1842","1","0","0","0","0","0","0","0","0","0","0","","02","1","2018","3","40.418972","-80.011861","1832","11","0","0","1","0","0","0","0","0","","0","0","0","","","0","","0","","40 25:08.300","","0","80 00:42.700","0","0","0","0","2301","0","0","0","N","0","0","0","1","02301","0","","1.0","","1","N","N","","0","","0","0","0","","0","","","1","0","0","0","0","0","0","2","0","1","","","","N","","","","","","","","","",""
"2018039895","0725","1","0","0","0","0","0","0","0","0","7","0","","02","4","2018","5","40.427072","-79.722995","0719","11","0","0","0","1","0","0","0","0","2","0","0","0","","","0","","0","","40 25:37.460","4","1","79 43:22.782","0","0","0","0","2446","0","0","0","Y","0","0","0","1","02446","0","","1.0","","9","N","N","","0","","0","0","0","","0","Y","","1","0","0","0","0","0","0","2","0","1","","","","N","","","","","","","","","",""
"2018043618","2227","0","0","0","0","0","0","0","0","0","7","0","","02","4","2018","1","40.440094","-80.188188","2207","11","0","0","0","0","0","0","0","0","","0","0","0","","","0","","0","","40 26:24.339","","0","80 11:17.478","0","0","0","0","2214","0","0","0","N","0","0","0","1","68B03","0","","4.0","","9","N","N","","0","","0","0","1","","0","","","1","0","0","0","0","0","0","2","0","1","","","","N","","","","","","","","","",""
"2018006031","2328","1","0","0","0","0","0","0","0","0","4","0","","02","1","2018","7","40.56796","-80.049493","2318","11","0","0","0","0","0","1","1","0","","0","0","0","","","0","","1","","40 34:04.655","","0","80 02:58.174","0","0","0","0","2108","0","0","0","N","0","0","0","2","02108","0","","1.0","","1","N","N","","1","","0","0","0","","3","","","2","0","0","0","0","0","0","2","0","2","","","","N","","","","","","","","","",""
"2018005732","2105","2","0","0","0","0","0","0","0","0","4","0","","02","1","2018","7","40.487501","-79.882933","2100","11","0","0","0","0","0","1","0","0","","0","0","0","","","0","","1","","40 29:15.002","","0","79 52:58.560","9","0","0","0","2112","0","0","0","N","0","0","0","2","02112","0","","1.0","","1","","","","0","","0","0","0","","2","","","2","0","2","0","0","0","2","2","0","2","","","","N","","","","","","","","","",""
"2018004237","1217","0","0","0","0","0","0","0","0","0","7","0","","02","1","2018","2","40.65387","-80.010689","1209","11","1","0","0","0","0","0","0","0","2","0","0","0","","","0","","0","","40 39:13.933","2","0","80 00:38.479","0","0","0","0","2216","0","0","0","N","0","0","0","1","02505","0","","5.0","","6","N","N","","1","","0","0","0","","0","N","","1","0","0","0","0","0","0","1","0","1","","","","N","","","","","","","","","",""
"2018004788","0650","1","0","0","0","0","0","0","0","0","8","0","","02","1","2018","4","40.499661","-80.072219","0647","11","0","0","0","0","0","0","0","0","1","0","0","0","","","1","","0","","40 29:58.779","1","0","80 04:19.987","8","0","0","0","2402","1","0","0","N","1","0","0","2","02402","0","","1.0","","1","N","N","","0","","0","0","0","","8","N","","2","1","0","0","0","1","0","2","0","1","","","","N","","","","","","","","","",""
"2018043174","0150","0","0","0","0","0","0","0","0","0","7","0","","02","4","2018","6","40.499861","-79.785809","0126","11","0","0","0","0","0","0","1","0","2","0","0","0","","","1","","0","","40 29:59.499","4","0","79 47:08.911","8","0","0","0","2466","0","0","0","N","0","0","0","1","68T02","0","","3.0","","1","N","N","","1","","0","0","0","","0","N","","1","1","0","0","0","1","0","2","0","1","","","","N","","","","","","","","","",""
"2018006362","0820","1","0","0","0","0","0","0","0","0","7","0","","02","1","2018","7","40.449979","-79.874106","0758","11","0","0","0","0","0","0","0","0","","0","0","0","","","0","","11","","40 26:59.924","","0","79 52:26.781","0","0","0","0","2301","0","0","0","N","0","0","0","4","02301","0","","2.0","","7","N","N","","0","","0","0","0","","3","","","1","0","0","0","0","0","0","2","0","1","","","","N","","","","","","","","","",""
"2018039346","2335","2","0","0","0","0","0","0","0","0","5","0","","02","4","2018","2","40.365833","-79.868333","2328","11","0","0","0","0","0","0","0","0","","0","0","0","","","0","","0","","40 21:57.000","","0","79 52:06.000","0","0","0","0","2473","0","0","0","N","0","0","0","1","02473","0","","4.0","","1","N","N","","0","","0","0","0","","0","","","2","0","0","0","0","0","0","2","0","2","","","","N","","","","","","","","","",""