"CRN","ARRIVAL_TM","AUTOMOBILE_COUNT","BELTED_DEATH_COUNT","BELTED_SUSP_SERIOUS_INJ_COUNT","BICYCLE_COUNT","BICYCLE_DEATH_COUNT","BICYCLE_SUSP_SERIOUS_INJ_COUNT","BUS_COUNT","CHLDPAS_DEATH_COUNT","CHLDPAS_SUSP_SERIOUS_INJ_COUNT","COLLISION_TYPE","COMM_VEH_COUNT","CONS_ZONE_SPD_LIM","COUNTY","CRASH_MONTH","CRASH_YEAR","DAY_OF_WEEK","DEC_LATITUDE","DEC_LONGITUDE","DISPATCH_TM","DISTRICT","DRIVER_COUNT_16YR","DRIVER_COUNT_17YR","DRIVER_COUNT_18YR","DRIVER_COUNT_19YR","DRIVER_COUNT_20YR","DRIVER_COUNT_50_64YR","DRIVER_COUNT_65_74YR","DRIVER_COUNT_75PLUS","EST_HRS_CLOSED","FATAL_COUNT","HEAVY_TRUCK_COUNT","HORSE_BUGGY_COUNT","HOUR_OF_DAY","ILLUMINATION","INJURY_COUNT","INTERSECTION_RELATED","INTERSECT_TYPE","LANE_CLOSED","LATITUDE","LN_CLOSE_DIR","LOCATION_TYPE","LONGITUDE","MAX_SEVERITY_LEVEL","MCYCLE_DEATH_COUNT","MCYCLE_SUSP_SERIOUS_INJ_COUNT","MOTORCYCLE_COUNT","MUNICIPALITY","NONMOTR_COUNT","NONMOTR_DEATH_COUNT","NONMOTR_SUSP_SERIOUS_INJ_COUNT","NTFY_HIWY_MAINT","PED_COUNT","PED_DEATH_COUNT","PED_SUSP_SERIOUS_INJ_COUNT","PERSON_COUNT","POLICE_AGCY","POSSIBLE_INJ_COUNT","RDWY_SURF_TYPE_CD","RELATION_TO_ROAD","ROADWAY_CLEARED","ROAD_CONDITION","SCH_BUS_IND","SCH_ZONE_IND","SECONDARY_CRASH","SMALL_TRUCK_COUNT","SPEC_JURIS_CD","SUSP_MINOR_INJ_COUNT","SUSP_SERIOUS_INJ_COUNT","SUV_COUNT","TCD_FUNC_CD","TCD_TYPE","TFC_DETOUR_IND","TIME_OF_DAY","TOTAL_UNITS","TOT_INJ_COUNT","UNBELTED_OCC_COUNT","UNB_DEATH_COUNT","UNB_SUSP_SERIOUS_INJ_COUNT","UNK_INJ_DEG_COUNT","UNK_INJ_PER_COUNT","URBAN_RURAL","VAN_COUNT","VEHICLE_COUNT","WEATHER1","WEATHER2","WORKERS_PRES","WORK_ZONE_IND","WORK_ZONE_LOC","WORK_ZONE_TYPE","WZ_CLOSE_DETOUR","WZ_FLAGGER","WZ_LAW_OFFCR_IND","WZ_LN_CLOSURE","WZ_MOVING","WZ_OTHER","WZ_SHLDER_MDN","WZ_WORKERS_INJ_KILLED"
"2018003240","1132","2","0","0","0","0","0","0","0","0","4","0","","02","1","2018","1","40.627806","-80.056028","1129","11","0","0","0","0","0","1","0","1","","0","0","0","","","0","","0","","40 37:40.100","","0","80 03:21.700","0","0","0","0","2216","0","0","0","N","0","0","0","2","02505","0","","1.0","","1","N","N","","0","","0","0","0","","0","N","","2","0","0","0","0","0","0","2","0","2","","","","N","","","","","","","","","",""
"2018003431","0307","1","0","1","0","0","0","0","0","0","7","0","","02","1","2018","1","40.430329","-80.000672","0305","11","0","0","0","0","0","0","0","0","","0","0","0","","","1","","0","","40 25:49.185","","0","80 00:02.419","2","0","0","0","2301","0","0","0","N","0","0","0","1","02301","0","","2.0","","1","N","N","","0","","0","1","0","","0","","","1","1","0","0","0","0","0","2","0","1","","","","N","","","","","","","","","",""
"2018004238","0720","1","0","0","0","0","0","0","0","0","4","0","","02","1","2018","3","40.657888","-80.008875","0717","11","0","0","0","0","0","1","0","0","","0","0","0","","","0","","0","","40 39:28.396","","0","80 00:31.951","0","0","0","0","2216","0","0","0","N","0","0","0","4","02505","0","","1.0","","9","N","N","","0","","0","0","1","","0","","","2","0","0","0","0","0","0","2","0","2","","","","N","","","","","","","","","",""
"2018002633","1939","1","0","0","0","0","0","0","0","0","7","0","","02","1","2018","6","40.40612","-79.978294","1933","11","0","0","0","0","0","0","0","0","1","0","0","0","","","0","","0","","40 24:22.032","7","0","79 58:41.857","0","0","0","0","2301","0","0","0","Y","0","0","0","1","02301","0","","2.0","","1","N","N","","0","","0","0","0","","0","N","","1","0","0","0","0","0","0","2","0","1","","","","N","","","","","","","","","",""
"2018040576","1524","1","0","0","0","0","0","0","0","0","5","1","","02","3","2018","4","40.567105","-80.212322","1520","11","0","0","0","0","0","0","1","0","","0","1","0","","","0","","2","","40 34:01.579","","0","80 12:44.358","0","0","0","0","2441","0","0","0","N","0","0","0","2","02441","0","","1.0","","1","N","N","","0","","0","0","0","","2","","","2","0","0","0","0","0","0","2","0","2","","","","N","","","","","","","","","",""
"2018036365","1009","1","0","0","0","0","0","0","0","0","4","1","","02","3","2018","4","40.278636","-79.905195","1001","11","0","0","0","0","0","0","0","0","2","0","1","0","","","0","","7","","40 16:43.091","1","2","79 54:18.701","0","0","0","0","2440","0","0","0","N","0","0","0","2","02440","0","","1.0","","2","N","N","","0","","0","0","0","","0","N","","2","0","0","0","0","0","0","2","0","2","","","","N","","","","","","","","","",""
"2018004206","1003","1","0","0","0","0","0","0","0","0","7","0","","02","1","2018","2","40.356838","-79.901012","1001","11","0","0","0","0","0","0","0","1","1","0","0","0","","","1","","0","","40 21:24.615","1","0","79 54:03.644","4","0","0","0","2473","0","0","0","Y","0","0","0","2","02473","1","","5.0","","7","N","N","","0","","0","0","0","","0","Y","","1","1","0","0","0","0","0","2","0","1","","","","N","","","","","","","","","",""
"2018039131","0256","1","0","0","0","0","0","0","0","0","7","1","","02","4","2018","2","40.647842","-80.036094","0236","11","0","0","0","0","0","0","1","0","","0","1","0","","","0","","0","","40 38:52.230","","0","80 02:09.939","0","0","0","0","2216","0","0","0","N","0","0","0","2","68T02","0","","4.0","","9","N","N","","0","","0","0","0","","0","","","2","0","0","0","0","0","0","2","0","2","","","","N","","","","","","","","","",""
"2018004924","1324","1","0","0","0","0","0","0","0","0","1","0","","02","1","2018","4","40.438963","-80.011073","1313","11","0","0","0","0","0","0","0","0","1","0","0","0","","","1","","0","","40 26:20.267","4","3","80 00:39.864","4","0","0","0","2301","0","0","0","","0","0","0","3","68B03","1","","1.0","","1","N","N","","1","","0","0","0","","0","Y","","2","1","0","0","0","0","0","2","0","2","","","","N","","","","","","","","","",""
"2018002097","1029","1","0","0","0","0","0","0","0","0","7","0","","02","1","2018","3","40.429011","-79.888098","1006","11","0","0","0","0","0","0","0","0","2","0","0","0","","","0","","0","","40 25:44.439","3","0","79 53:17.154","0","0","0","0","2426","0","0","0","","0","0","0","1","68B03","0","","4.0","","1","N","N","","0","","0","0","0","","0","Y","","1","0","0","0","0","0","0","2","0","1","","","","N","","","","","","","","","",""
"2018002438","1704","0","0","0","0","0","0","0","0","0","4","0","","02","1","2018","4","40.527904","-80.017692","1659","11","1","0","0","0","0","1","0","0","1","0","0","0","","","0","","2","","40 31:40.454","5","0","80 01:03.691","0","0","0","0","2116","0","0","0","N","0","0","0","3","02116","0","","1.0","","1","N","N","","0","","0","0","2","","3","N","","2","0","0","0","0","0","0","2","0","2","","","","N","","","","","","","","","",""
"2018005380","1232","2","0","0","0","0","0","0","0","0","1","0","","02","1","2018","5","40.43135","-79.839073","1228","11","0","0","0","0","0","1","0","1","1","0","0","0","","","1","","2","","40 25:52.859","1","0","79 50:20.661","4","0","0","0","2419","0","0","0","N","0","0","0","3","02419","1","","1.0","","9","N","N","","0","","0","0","1","","3","Y","","3","1","1","0","0","0","0","2","0","3","","","","N","","","","","","","","","",""
"2018014156","1752","0","0","0","0","0","0","0","0","0","4","0","","02","1","2018","2","40.431916","-79.871678","1724","11","0","0","0","0","0","0","0","0","","0","0","0","","","0","","0","","40 25:54.897","","0","79 52:18.042","0","0","0","0","2411","0","0","0","","0","0","0","5","68B03","0","","1.0","","1","N","N","","0","","0","0","2","","0","","","2","0","0","0","0","0","0","2","0","2","","","","N","","","","","","","","","",""
"2018004189","2131","1","0","0","0","0","0","0","0","0","7","0","","02","1","2018","2","40.450526","-79.998422","2120","11","0","0","0","0","0","0","0","0","","0","0","0","","","0","","0","","40 27:01.892","","0","79 59:54.319","0","0","0","0","2301","0","0","0","","0","0","0","2","68B03","0","","2.0","","9","N","N","","0","","0","0","0","","0","","","1","0","0","0","0","0","0","2","0","1","","","","N","","","","","","","","","",""
"2018015027","1940","2","0","0","0","0","0","0","0","0","2","0","","02","2","2018","6","40.345515","-79.845977","1939","11","0","0","0","0","0","1","0","0","2","0","0","0","","","3","","2","","40 20:43.853","6","0","79 50:45.517","4","0","0","0","2304","0","0","0","N","0","0","0","3","02304","2","","1.0","","1","N","N","","0","","0","0","0","","0","Y","","2","3","0","0","0","1","0","2","0","2","","","","N","","","","","","","","","",""
"2018001325","0835","1","0","0","0","0","0","0","0","0","4","0","","02","1","2018","4","40.512249","-80.031078","0830","11","0","0","0","0","0","2","0","0","1","0","0","0","","","1","N","0","","40 30:44.095","1","7","80 01:51.880","8","0","0","0","2474","0","0","0","N","0","0","0","2","02474","0","","1.0","","2","N","N","","1","","0","0","0","","0","Y","","2","1","0","0","0","1","0","2","0","2","","","","N","","","","","","","","","",""
"2018002546","1057","1","0","0","0","0","0","0","0","0","1","0","","02","1","2018","3","40.359438","-80.028686","1054","11","0","0","0","0","0","1","0","0","","0","0","0","","","0","","0","","40 21:33.977","","0","80 01:43.270","0","0","0","0","2416","0","0","0","","0","0","0","3","02416","0","","1.0","","1","N","N","","0","","0","0","2","","8","","","3","0","0","0","0","0","0","2","0","3","","","","N","","","","","","","","","",""
"2018002098","1648","3","0","0","0","0","0","0","0","0","1","0","","02","1","2018","3","40.431727","-80.02455","1624","11","0","0","0","0","0","3","0","0","","0","0","0","","","0","","0","","40 25:54.216","","4","80 01:28.380","0","0","0","0","2301","0","0","0","","0","0","0","6","68B03","0","","1.0","","1","N","N","","0","","0","0","2","","0","","","6","0","0","0","0","0","0","2","1","6","","","","N","","","","","","","","","",""
"2018003961","1744","2","0","0","0","0","0","0","0","0","1","0","","02","1","2018","2","40.450889","-79.954946","1734","11","0","0","0","0","0","0","0","1","","0","0","0","","","1","","1","","40 27:03.200","","0","79 57:17.805","3","0","0","0","2301","0","0","0","N","0","0","0","3","02301","0","","1.0","","9","N","N","","0","","1","0","1","","2","","","3","1","0","0","0","0","0","2","0","3","","","","N","","","","","","","","","",""
"2018014818","2046","1","0","0","0","0","0","0","0","0","4","0","","02","2","2018","6","40.443188","-79.953525","2044","11","0","0","1","0","0","0","0","0","","0","0","0","","","0","","1","","40 26:35.478","","0","79 57:12.690","0","0","0","0","2301","0","0","0","N","0","0","0","2","02301","0","","1.0","","1","N","N","","0","","0","0","1","","2","","","2","0","0","0","0","0","0","2","0","2","","","","N","","","","","","","","","",""
"2018020118","1819","1","0","0","0","0","0","0","0","0","99","0","","02","2","2018","4","40.397915","-79.935436","1803","11","0","0","0","0","0","0","0","0","","0","0","0","","","0","N","0","","40 23:52.494","","3","79 56:07.568","0","0","0","0","2301","0","0","0","N","0","0","0","1","02301","0","","1.0","","9","N","N","","0","","0","0","0","","0","","","1","0","0","0","0","0","0","2","0","1","","","","N","","","","","","","","","",""
"2018017591","1243","1","0","0","0","0","0","0","0","0","7","0","","02","2","2018","5","40.433103","-80.028511","1239","11","0","0","0","0","0","0","0","0","1","0","0","0","","","0","N","0","","40 25:59.172","2","0","80 01:42.638","0","0","0","0","2301","0","0","0","N","0","0","0","1","02301","0","","1.0","","2","N","N","","0","","0","0","0","","0","N","","1","0","0","0","0","0","0","2","0","1","","","","N","","","","","","","","","",""
"2018001188","0621","1","0","0","0","0","0","0","0","0","1","0","","02","1","2018","3","40.411486","-80.075838","0559","11","0","0","0","0","0","1","0","1","1","0","0","0","","","2","","0","","40 24:41.350","3","0","80 04:33.017","4","0","0","0","2117","0","0","0","","0","0","0","2","68B03","1","","1.0","","1","N","N","","0","","0","0","1","","0","N","","2","2","0","0","0","1","0","2","0","2","","","","N","","","","","","","","","",""
"2018001182","1432","1","0","0","0","0","0","0","0","0","7","0","","02","1","2018","2","40.493989","-80.011024","1414","11","0","0","0","0","0","0","0","0","","0","0","0","","","1","","0","","40 29:38.360","","3","80 00:39.687","8","0","0","0","2301","0","0","0","","0","0","0","1","68B03","0","","2.0","","1","N","N","","0","","0","0","0","","0","","","1","1","0","0","0","1","0","2","0","1","","","","N","","","","","","","","","",""
"2018016328","1230","2","0","0","0","0","0","0","0","0","5","1","","02","2","2018","3","40.357222","-79.832674","1226","11","0","0","0","0","0","2","1","0","","0","0","0","","","0","","1","","40 21:25.999","","0","79 49:57.628","0","0","0","0","2304","0","0","0","N","0","0","0","3","02304","0","","1.0","","1","N","N","","0","","0","0","0","","2","","","3","0","2","0","0","0","0","2","0","3","","","","N","","","","","","","","","",""
"2018019344","0145","1","0","0","0","0","0","0","0","0","8","0","","02","2","2018","3","40.437867","-79.963972","0136","11","0","0","0","0","0","0","0","0","","0","0","0","","","1","","2","","40 26:16.320","","0","79 57:50.300","8","0","0","0","2301","1","0","0","N","1","0","0","2","02301","0","","1.0","","1","N","N","","0","","0","0","0","","2","","","2","1","0","0","0","1","0","2","0","1","","","","N","","","","","","","","","",""
"2018003382","1803","1","0","0","0","0","0","0","0","0","5","1","","02","1","2018","1","40.623664","-79.942522","1801","11","0","0","0","0","0","0","0","1","","0","1","0","","","1","","0","","40 37:25.189","","0","79 56:33.079","4","0","0","0","2217","0","0","0","N","0","0","0","2","02505","1","","1.0","","1","N","N","","0","","0","0","0","","0","","","2","1","0","0","0","0","0","2","0","2","","","","N","","","","","","","","","",""
"2018005304","0843","1","0","0","0","0","0","0","0","0","5","0","","02","1","2018","4","40.549203","-80.027547","0839","11","0","0","0","0","0","1","1","0","2","0","0","0","","","2","","0","","40 32:57.130","6","0","80 01:39.170","3","0","0","0","2116","0","0","0","N","0","0","0","3","02116","0","","1.0","","2","N","N","","1","","2","0","1","","0","Y","","3","2","0","0","0","0","0","2","0","3","","","","N","","","","","","","","","",""
"2018002102","1239","1","0","0","0","0","0","0","0","0","1","0","","02","1","2018","4","40.442226","-80.159107","1233","11","0","0","0","0","0","0","0","0","1","0","0","0","","","0","","0","","40 26:32.012","4","0","80 09:32.784","0","0","0","0","2115","0","0","0","","0","0","0","2","68B03","0","","1.0","","1","N","N","","0","","0","0","1","","0","N","","2","0","0","0","0","0","0","2","0","2","","","","N","","","","","","","","","",""
"2018017805","1525","1","0","0","0","0","0","1","0","0","1","1","","02","2","2018","5","40.509087","-80.00412","1518","11","0","0","0","0","0","1","0","0","1","0","0","0","","","0","","2","","40 30:32.714","1","0","80 00:14.833","0","0","0","0","2116","0","0","0","N","0","0","0","2","02503","0","","1.0","","9","N","N","","0","","0","0","0","","0","N","","2","0","0","0","0","0","0","2","0","2","","","","N","","","","","","","","","",""
"2018003811","1610","0","0","0","0","0","0","1","0","0","8","1","","02","1","2018","2","40.437704","-79.972679","1605","11","0","0","0","0","0","0","0","0","2","0","0","0","","","1","","2","","40 26:15.734","2","0","79 58:21.645","2","0","0","0","2301","1","0","1","N","1","0","1","2","02503","0","","1.0","","9","N","N","","0","","0","1","0","","0","N","","2","1","0","0","0","0","0","2","0","1","","","","N","","","","","","","","","",""
"2018005641","0922","1","0","0","0","0","0","0","0","0","1","1","","02","1","2018","4","40.442027","-79.752848","0915","11","0","0","0","0","1","0","0","0","1","0","1","0","","","0","","0","","40 26:31.298","3","0","79 45:10.254","0","0","0","0","2446","0","0","0","N","0","0","0","5","68T02","0","","1.0","","1","N","N","","1","","0","0","1","","0","N","","4","0","0","0","0","0","0","2","0","4","","","","N","","","","","","","","","",""
"2018018795","1150","2","0","0","0","0","0","0","0","0","1","0","","02","2","2018","7","40.365284","-80.017656","1150","11","0","0","0","0","1","1","0","0","","0","0","0","","","1","","0","","40 21:55.021","","0","80 01:03.560","8","0","0","0","2416","0","0","0","","0","0","0","2","02416","0","","1.0","","1","N","N","","0","","0","0","0","","0","","","2","1","0","0","0","1","0","2","0","2","","","","N","","","","","","","","","",""
"2018000374","0525","2","0","0","0","0","0","0","0","0","1","0","","02","1","2018","2","40.434592","-79.954597","0521","11","0","0","0","0","0","1","0","0","1","0","0","0","","","0","","1","","40 26:04.531","4","0","79 57:16.549","0","0","0","0","2301","0","0","0","N","0","0","0","3","02301","0","","1.0","","2","N","N","","0","","0","0","0","","2","N","","2","0","0","0","0","0","0","2","0","2","","","","N","","","","","","","","","",""
"2018001818","1219","1","0","0","0","0","0","0","0","0","4","0","","02","1","2018","4","40.648799","-79.797183","1215","11","0","0","0","0","0","0","0","1","2","0","0","0","","","1","","2","","40 38:55.676","6","0","79 47:49.858","4","0","0","0","2202","0","0","0","N","0","0","0","2","02202","1","","1.0","","1","Y","N","","0","","0","0","1","","3","N","","2","1","0","0","0","0","0","1","0","2","","","","N","","","","","","","","","",""
"2018004106","1750","1","0","0","0","0","0","0","0","0","0","0","55","02","1","2018","1","40.587841","-79.881758","1738","11","0","0","1","0","0","0","0","0","1","0","0","0","","","1","","0","","40 35:16.229","3","0","79 52:54.329","3","0","0","0","2209","0","0","0","","0","0","0","3","68T02","0","","1.0","","1","N","N","","1","","1","0","1","","0","N","","3","1","0","0","0","0","0","2","0","3","","","N","Y","4","1","N","N","N","N","N","N","Y",""
"2018003066","0234","2","0","0","0","0","0","0","0","0","5","0","","02","1","2018","1","40.464525","-79.899648","0225","11","0","0","0","0","0","0","0","0","4","0","0","0","","","0","","2","","40 27:52.289","1","0","79 53:58.732","0","0","0","0","2301","0","0","0","N","0","0","0","1","02301","0","","5.0","","1","N","N","","0","","0","0","0","","0","Y","","2","0","0","0","0","0","0","2","0","2","","","","N","","","","","","","","","",""
"2018016379","1749","1","0","0","0","0","0","0","0","0","1","0","","02","2","2018","2","40.546265","-80.240597","1739","11","0","0","0","0","0","2","0","0","2","0","0","0","","","0","","2","","40 32:46.553","3","0","80 14:26.148","0","0","0","0","2103","0","0","0","N","0","0","0","2","02213","0","","1.0","","1","N","N","","0","","0","0","1","","0","N","","2","0","0","0","0","0","0","2","0","2","","","","N","","","","","","","","","",""
"2018004322","1250","0","0","0","0","0","0","0","0","0","2","1","","02","1","2018","3","40.478333","-79.828417","1245","11","0","0","1","0","0","1","0","0","2","0","0","0","","","0","","0","","40 28:42.000","1","0","79 49:42.300","0","0","0","0","2113","0","0","0","N","0","0","0","7","02113","0","","1.0","","9","N","N","","1","","0","0","1","","0","Y","","2","0","3","0","0","0","0","2","0","2","","","","N","","","","","","","","","",""
"2018012483","2056","2","0","0","0","0","0","0","0","0","6","0","","02","1","2018","6","40.472213","-79.934603","2047","11","0","0","0","0","0","0","1","1","","0","0","0","","","0","","2","","40 28:19.966","","0","79 56:04.570","0","0","0","0","2301","0","0","0","N","0","0","0","3","02301","0","","1.0","","1","N","N","","0","","0","0","0","","3","","","2","0","0","0","0","0","0","2","0","2","","","","N","","","","","","","","","",""
"2018002312","1004","2","0","0","0","0","0","0","0","0","1","0","","02","1","2018","4","40.535621","-80.122036","1000","11","0","0","0","0","0","0","0","0","1","0","0","0","","","1","N","0","","40 32:08.236","2","0","80 07:19.328","8","0","0","0","2215","0","0","0","N","0","0","0","2","02215","0","","1.0","","1","","","","0","","0","0","0","","0","N","","2","1","0","0","0","1","0","2","0","2","","","","N","","","","","","","","","",""
"2018015263","1359","1","0","0","0","0","0","0","0","0","1","0","","02","1","2018","1","40.495071","-79.907523","1355","11","0","0","0","0","0","0","0","0","1","0","0","0","","","0","","7","","40 29:42.257","1","2","79 54:27.082","0","0","0","0","2401","0","0","0","","0","0","0","3","68D02","0","","1.0","","1","N","N","","0","","0","0","1","","0","N","","2","0","0","0","0","0","0","2","0","2","","","","N","","","","","","","","","",""
"2018001298","1145","2","0","0","0","0","0","0","0","0","1","0","","02","1","2018","4","40.407064","-80.034226","1135","11","0","0","0","0","0","1","0","0","","0","0","0","","","0","","1","","40 24:25.431","","0","80 02:03.212","0","0","0","0","2301","0","0","0","N","0","0","0","2","02301","0","","1.0","","2","N","N","","0","","0","0","0","","2","N","","2","0","0","0","0","0","0","2","0","2","","","","N","","","","","","","","","",""
"2018014534","0743","1","0","0","0","0","0","0","0","0","7","0","","02","2","2018","5","40.364528","-80.048038","0740","11","0","0","0","0","0","0","0","0","1","0","0","0","","","0","","0","","40 21:52.300","1","0","80 02:52.937","0","0","0","0","2109","0","0","0","","0","0","0","1","02109","0","","2.0","","1","N","N","","0","","0","0","0","","0","N","","1","0","0","0","0","0","0","2","0","1","","","","N","","","","","","","","","",""
"2018001575","1728","1","0","0","0","0","0","0","0","0","1","0","","02","1","2018","4","40.626778","-80.034051","1723","11","0","0","0","0","0","1","0","0","1","0","0","0","","","0","","3","","40 37:36.399","6","0","80 02:02.585","0","0","0","0","2216","0","0","0","N","0","0","0","2","02505","0","","1.0","","1","N","N","","0","","0","0","1","","0","Y","","2","0","0","0","0","0","0","1","0","2","","","","N","","","","","","","","","",""
"2018006032","1756","0","0","0","0","0","0","0","0","0","2","0","","02","1","2018","3","40.571194","-80.01627","1753","11","0","0","0","0","0","1","0","0","1","0","0","0","","","2","","0","","40 34:16.300","2","0","80 00:58.571","4","0","0","0","2108","0","0","0","","0","0","0","2","02108","2","","1.0","","1","N","N","","1","","0","0","1","","0","N","","2","2","0","0","0","0","0","2","0","2","","","","N","","","","","","","","","",""
"2018005628","1327","1","0","0","0","0","0","0","0","0","7","0","","02","1","2018","2","40.64425","-80.018605","1321","11","0","0","0","0","0","0","0","0","2","0","0","0","","","0","","0","","40 38:39.301","4","0","80 01:06.977","0","0","0","0","2216","0","0","0","","0","0","0","1","68T02","0","","3.0","","2","N","N","","0","","0","0","0","","0","N","","1","0","0","0","0","0","0","2","0","1","","","","N","","","","","","","","","",""
"2018004662","0026","1","0","0","0","0","0","0","0","0","99","0","","02","1","2018","2","40.556272","-79.809092","0006","11","0","0","0","0","0","0","0","0","","0","0","0","","","0","","0","","40 33:22.580","","0","79 48:32.730","0","0","0","0","2121","0","0","0","","0","0","0","1","68D02","0","","1.0","","1","N","N","","0","","0","0","0","","0","","","1","0","0","0","0","0","0","2","0","1","","","","N","","","","","","","","","",""
"2018002003","1015","1","0","0","0","0","0","0","0","0","4","1","","02","1","2018","3","40.319325","-79.89856","1010","11","0","0","0","0","0","1","0","0","3","0","1","0","","","0","","0","","40 19:09.569","5","1","79 53:54.817","0","0","0","0","2440","0","0","0","N","0","0","0","2","02440","0","","1.0","","98","N","N","","0","","0","0","0","","0","N","","2","0","0","0","0","0","0","2","0","2","","","","N","","","","","","","","","",""
"2018004931","1303","1","0","0","0","0","0","0","0","0","7","0","","02","1","2018","2","40.287261","-79.910803","1257","11","0","0","0","0","0","1","0","0","2","0","0","0","","","2","","0","","40 17:14.140","1","0","79 54:38.892","8","0","0","0","2440","0","0","0","","0","0","0","2","02440","0","","5.0","","6","N","N","","0","","0","0","0","","0","N","","1","2","2","0","0","2","0","2","0","1","","","","N","","","","","","","","","",""
"2018005651","2234","1","0","0","0","0","0","0","0","0","1","0","","02","1","2018","4","40.372857","-80.048989","2232","11","0","0","0","0","0","0","1","0","2","0","0","0","","","1","","2","","40 22:22.285","1","0","80 02:56.360","4","0","0","0","2109","0","0","0","","0","0","0","2","02109","1","","1.0","","1","N","N","","0","","0","0","1","","2","N","","2","1","1","0","0","0","0","2","0","2","","","","N","","","","","","","","","",""
"2018000244","0939","2","0","0","0","0","0","0","0","0","1","0","","02","1","2018","2","40.442874","-80.008884","0922","11","0","0","0","0","0","1","0","0","2","0","0","0","","","2","","0","","40 26:34.345","2","3","80 00:31.983","8","0","0","0","2301","0","0","0","","0","0","0","4","68B03","0","","1.0","","1","N","N","","0","","0","0","0","","0","N","","2","2","0","0","0","2","0","2","0","2","","","","N","","","","","","","","","",""
"2018014032","1721","0","0","0","0","0","0","0","0","0","7","0","","02","1","2018","4","40.535299","-79.954576","1717","11","0","0","0","0","0","0","1","0","3","0","0","0","","","1","","2","","40 32:07.075","6","0","79 57:16.473","8","0","0","0","2118","0","0","0","N","0","0","0","1","02118","0","","5.0","","1","N","N","","1","","0","0","0","","0","Y","","1","1","1","0","0","1","0","2","0","1","","","","N","","","","","","","","","",""
"2018005721","1731","2","0","0","0","0","0","0","0","0","4","0","","02","1","2018","5","40.348421","-79.939089","1730","11","0","0","0","0","0","0","0","0","1","0","0","0","","","0","","0","","40 20:54.315","1","0","79 56:20.720","0","0","0","0","2473","0","0","0","N","0","0","0","2","02473","0","","1.0","","9","N","N","","0","","0","0","0","","0","N","","2","0","0","0","0","0","0","2","0","2","","","","N","","","","","","","","","",""
"2018003971","1716","1","0","0","0","0","0","1","0","0","1","1","","02","1","2018","2","40.513965","-79.843194","1711","11","0","0","0","0","0","0","0","0","1","0","0","0","","","0","","1","","40 30:50.275","1","0","79 50:35.498","0","0","0","0","2451","0","0","0","N","0","0","0","2","02451","0","","1.0","","9","N","N","","0","","0","0","0","","3","Y","","2","0","0","0","0","0","0","2","0","2","","","","N","","","","","","","","","",""
"2018004265","0943","1","0","0","0","0","0","0","0","0","7","0","","02","1","2018","2","40.352534","-79.918525","0941","11","0","0","0","0","0","0","0","0","3","0","0","0","","","0","","0","","40 21:09.124","3","0","79 55:06.689","0","0","0","0","2473","0","0","0","Y","0","0","0","1","02473","0","","5.0","","7","N","N","","0","","0","0","1","","0","N","","2","0","0","0","0","0","0","2","0","2","","","","N","","","","","","","","","",""
"2018001364","1530","3","0","0","0","0","0","0","0","0","1","0","","02","1","2018","4","40.478908","-80.043019","1514","11","0","0","0","0","0","1","0","0","1","0","0","0","","","0","","2","","40 28:44.067","4","3","80 02:34.868","0","0","0","0","2301","0","0","0","N","0","0","0","3","02301","0","","1.0","","1","N","N","","0","","0","0","0","","0","N","","3","0","0","0","0","0","0","2","0","3","","","","N","","","","","","","","","",""
"2018000098","0643","1","0","0","0","0","0","0","0","0","7","0","","02","1","2018","2","40.473545","-80.015579","0641","11","0","0","0","0","0","0","0","0","","0","0","0","","","0","","2","","40 28:24.761","","0","80 00:56.085","0","0","0","0","2301","0","0","0","N","0","0","0","1","02301","0","","2.0","","6","N","N","","0","","0","0","0","","0","","","1","0","0","0","0","0","0","2","0","1","","","","N","","","","","","","","","",""
"2018003016","1515","1","0","0","0","0","0","0","0","0","7","0","","02","1","2018","7","40.455447","-79.883331","1502","11","0","0","0","0","0","0","0","0","2","0","0","0","","","1","","2","","40 27:19.609","5","0","79 52:59.992","4","0","0","0","2301","0","0","0","N","0","0","0","1","02301","1","","2.0","","1","N","N","","0","","0","0","0","","0","Y","","1","1","1","0","0","0","0","2","0","1","","","","N","","","","","","","","","",""
"2018003075","1905","0","0","0","0","0","0","0","0","0","4","0","","02","1","2018","6","40.355034","-80.049324","1902","11","0","0","0","0","0","0","1","0","2","0","0","0","","","2","","0","","40 21:18.122","6","0","80 02:57.567","4","0","0","0","2109","0","0","0","","0","0","0","3","02109","2","","1.0","","2","N","N","","0","","0","0","2","","3","N","","2","2","0","0","0","0","0","2","0","2","","","","N","","","","","","","","","",""
"2018004374","1729","4","0","0","0","0","0","0","0","0","1","0","","02","1","2018","3","40.575968","-80.025514","1725","11","0","0","2","0","1","0","0","0","2","0","0","0","","","1","","0","","40 34:33.484","2","0","80 01:31.849","4","0","0","0","2108","0","0","0","","0","0","0","4","02108","1","","1.0","","1","N","N","","0","","0","0","0","","0","N","","4","1","0","0","0","0","0","2","0","4","","","","N","","","","","","","","","",""
"2018005946","0959","0","0","0","0","0","0","0","0","0","1","1","","02","1","2018","6","40.428756","-79.986193","0959","11","0","0","0","0","0","2","0","0","1","0","1","0","","","2","","0","","40 25:43.523","4","0","79 59:10.296","8","0","0","0","2301","0","0","0","N","0","0","0","4","02301","0","","1.0","","9","N","N","","0","","0","0","1","","2","N","","3","2","0","0","0","2","0","2","1","3","","","","N","","","","","","","","","",""