"CRN","ARRIVAL_TM","AUTOMOBILE_COUNT","BELTED_DEATH_COUNT","BELTED_SUSP_SERIOUS_INJ_COUNT","BICYCLE_COUNT","BICYCLE_DEATH_COUNT","BICYCLE_SUSP_SERIOUS_INJ_COUNT","BUS_COUNT","CHLDPAS_DEATH_COUNT","CHLDPAS_SUSP_SERIOUS_INJ_COUNT","COLLISION_TYPE","COMM_VEH_COUNT","CONS_ZONE_SPD_LIM","COUNTY","CRASH_MONTH","CRASH_YEAR","DAY_OF_WEEK","DEC_LATITUDE","DEC_LONGITUDE","DISPATCH_TM","DISTRICT","DRIVER_COUNT_16YR","DRIVER_COUNT_17YR","DRIVER_COUNT_18YR","DRIVER_COUNT_19YR","DRIVER_COUNT_20YR","DRIVER_COUNT_50_64YR","DRIVER_COUNT_65_74YR","DRIVER_COUNT_75PLUS","EST_HRS_CLOSED","FATAL_COUNT","HEAVY_TRUCK_COUNT","HORSE_BUGGY_COUNT","HOUR_OF_DAY","ILLUMINATION","INJURY_COUNT","INTERSECTION_RELATED","INTERSECT_TYPE","LANE_CLOSED","LATITUDE","LN_CLOSE_DIR","LOCATION_TYPE","LONGITUDE","MAX_SEVERITY_LEVEL","MCYCLE_DEATH_COUNT","MCYCLE_SUSP_SERIOUS_INJ_COUNT","MOTORCYCLE_COUNT","MUNICIPALITY","NONMOTR_COUNT","NONMOTR_DEATH_COUNT","NONMOTR_SUSP_SERIOUS_INJ_COUNT","NTFY_HIWY_MAINT","PED_COUNT","PED_DEATH_COUNT","PED_SUSP_SERIOUS_INJ_COUNT","PERSON_COUNT","POLICE_AGCY","POSSIBLE_INJ_COUNT","RDWY_SURF_TYPE_CD","RELATION_TO_ROAD","ROADWAY_CLEARED","ROAD_CONDITION","SCH_BUS_IND","SCH_ZONE_IND","SECONDARY_CRASH","SMALL_TRUCK_COUNT","SPEC_JURIS_CD","SUSP_MINOR_INJ_COUNT","SUSP_SERIOUS_INJ_COUNT","SUV_COUNT","TCD_FUNC_CD","TCD_TYPE","TFC_DETOUR_IND","TIME_OF_DAY","TOTAL_UNITS","TOT_INJ_COUNT","UNBELTED_OCC_COUNT","UNB_DEATH_COUNT","UNB_SUSP_SERIOUS_INJ_COUNT","UNK_INJ_DEG_COUNT","UNK_INJ_PER_COUNT","URBAN_RURAL","VAN_COUNT","VEHICLE_COUNT","WEATHER1","WEATHER2","WORKERS_PRES","WORK_ZONE_IND","WORK_ZONE_LOC","WORK_ZONE_TYPE","WZ_CLOSE_DETOUR","WZ_FLAGGER","WZ_LAW_OFFCR_IND","WZ_LN_CLOSURE","WZ_MOVING","WZ_OTHER","WZ_SHLDER_MDN","WZ_WORKERS_INJ_KILLED"
"2018028481","1053","1","0","0","0","0","0","0","0","0","5","1","","02","1","2018","3","40.577853","-80.117066","1044","11","0","0","0","0","0","0","0","0","","0","1","0","","","0","","0","","40 34:40.271","","0","80 07:01.436","0","0","0","0","2481","0","0","0","Y","0","0","0","2","68B03","0","","1.0","","1","N","N","","0","","0","0","0","0","0","","","2","0","0","0","0","0","0","2","0","2","","","","N","","","","","","","","","",""
"2018023996","1140","2","0","0","0","0","0","0","0","0","1","0","","02","2","2018","5","40.44242","-80.008783","1121","11","0","0","0","0","0","0","1","0","2","0","0","0","","","1","","0","","40 26:32.711","1","3","80 00:31.618","3","0","0","0","2301","0","0","0","","0","0","0","2","68B03","0","","1.0","","9","N","N","","0","","1","0","0","0","0","N","","2","1","0","0","0","0","0","2","0","2","","","","N","","","","","","","","","",""
"2018023688","1926","2","0","0","0","0","0","0","0","0","1","0","","02","2","2018","5","40.442539","-79.763303","1904","11","0","0","0","0","0","0","0","0","2","0","0","0","","","1","","0","","40 26:33.140","3","0","79 45:47.890","3","0","0","0","2446","0","0","0","","0","0","0","4","68B03","0","","1.0","","9","N","N","","0","","1","0","1","0","0","Y","","4","1","0","0","0","0","0","2","1","4","","","","N","","","","","","","","","",""
"2018027968","1547","1","0","0","0","0","0","0","0","0","8","0","","02","3","2018","3","40.396692","-80.184699","1544","11","0","0","0","0","0","1","0","0","","0","0","0","","","1","","2","","40 23:48.092","","0","80 11:04.917","3","0","0","0","2450","1","0","0","N","1","0","0","2","02450","0","","1.0","","1","N","N","","0","","1","0","0","0","0","","","2","1","0","0","0","0","0","2","0","1","","","","N","","","","","","","","","",""
"2018031229","1607","1","0","0","0","0","0","1","0","0","1","1","","02","3","2018","3","40.394178","-79.936365","1552","11","0","0","0","0","0","1","0","0","2","0","0","0","","","0","","0","","40 23:39.039","7","0","79 56:10.915","0","0","0","0","2301","0","0","0","N","0","0","0","3","02503","0","","1.0","","9","N","N","","0","","0","0","1","0","0","N","","3","0","0","0","0","0","0","2","0","3","","","","N","","","","","","","","","",""
"2018024068","1311","1","0","0","0","0","0","0","0","0","0","0","","02","2","2018","1","40.38327","-79.930462","1302","11","0","0","0","0","0","0","0","0","","0","0","0","","","0","","1","","40 22:59.773","","0","79 55:49.664","0","0","0","0","2301","0","0","0","N","0","0","0","1","02301","0","","1.0","","1","N","N","","0","","0","0","0","3","2","","","1","0","0","0","0","0","0","2","0","1","","","","N","","","","","","","","","",""
"2018028340","2100","2","0","0","0","0","0","0","0","0","4","0","","02","3","2018","6","40.535736","-79.842022","2052","11","0","0","0","0","0","0","0","0","2","0","0","0","","","0","","0","","40 32:08.648","2","0","79 50:31.278","0","0","0","0","2208","0","0","0","N","0","0","0","5","02208","0","","1.0","","1","N","N","","0","","0","0","0","0","0","Y","","2","0","0","0","0","0","0","2","0","2","","","","N","","","","","","","","","",""
"2018001015","1149","1","0","0","0","0","0","0","0","0","7","0","","02","1","2018","2","40.505144","-80.220453","1147","11","0","0","0","1","0","0","0","0","1","0","0","0","","","1","","0","","40 30:18.520","3","0","80 13:13.630","4","0","0","0","2213","0","0","0","N","0","0","0","3","02213","1","","5.0","","6","N","N","","0","","0","0","0","0","0","N","","1","1","0","0","0","0","0","2","0","1","","","","N","","","","","","","","","",""
"2018027972","0719","1","0","0","0","0","0","0","0","0","4","0","","02","3","2018","4","40.604713","-79.890408","0703","11","0","0","0","0","0","0","0","0","2","0","0","0","","","0","N","0","","40 36:16.967","4","0","79 53:25.470","0","0","0","0","2220","0","0","0","N","0","0","0","2","02220","0","","1.0","","6","N","N","","0","","0","0","0","0","0","N","","2","0","0","0","0","0","0","2","1","2","","","","N","","","","","","","","","",""
"2018002474","2212","2","0","0","0","0","0","0","0","0","4","0","","02","1","2018","3","40.348168","-79.947286","2209","11","0","0","0","0","0","0","2","0","2","0","0","0","","","2","","1","","40 20:53.403","1","0","79 56:50.231","8","0","0","0","2473","0","0","0","N","0","0","0","3","02473","0","","1.0","","1","N","N","","0","","0","0","1","3","2","Y","","3","2","0","0","0","2","0","2","0","3","","","","N","","","","","","","","","",""
"2018030338","1410","0","0","0","0","0","0","0","0","0","1","0","","02","3","2018","6","40.537897","-80.20001","1359","11","0","0","0","0","0","1","0","0","1","0","0","0","","","0","","2","","40 32:16.429","2","0","80 12:00.037","0","0","0","0","2213","0","0","0","N","0","0","0","5","02213","0","","1.0","","1","N","N","","0","","0","0","1","3","2","N","","2","0","0","0","0","0","0","2","1","2","","","","N","","","","","","","","","",""
"2018005108","1810","0","0","0","0","0","0","0","0","0","7","1","","02","1","2018","4","40.374742","-79.815821","1808","11","0","0","0","0","0","1","0","0","1","0","1","0","","","0","","0","","40 22:29.070","5","0","79 48:56.956","0","0","0","0","2111","0","0","0","N","0","0","0","1","02111","0","","5.0","","9","N","N","","0","","0","0","0","0","0","N","","1","0","0","0","0","0","0","2","0","1","","","","N","","","","","","","","","",""
"2018028971","2330","1","0","0","0","0","0","0","0","0","7","0","","02","3","2018","5","40.384366","-80.043759","2326","11","0","0","0","0","0","0","0","0","","0","0","0","","","0","","2","","40 23:03.718","","0","80 02:37.532","0","0","0","0","2109","0","0","0","","0","0","0","1","02109","0","","4.0","","7","N","N","","0","","0","0","0","0","0","","","1","0","0","0","0","0","0","2","0","1","","","","N","","","","","","","","","",""
"2018029218","1326","1","0","0","0","0","0","0","0","0","5","0","","02","3","2018","4","40.393733","-80.01997","1326","11","0","0","0","0","0","0","0","0","2","0","0","0","","","0","","2","","40 23:37.438","1","0","80 01:11.892","0","0","0","0","2301","0","0","0","N","0","0","0","3","02301","0","","1.0","","1","N","N","","0","","0","0","1","3","2","N","","2","0","0","0","0","0","0","2","0","2","","","","N","","","","","","","","","",""
"2018024214","0837","2","0","0","0","0","0","0","0","0","1","1","","02","2","2018","6","40.462969","-79.999851","0754","11","0","0","0","0","0","1","0","0","2","0","1","0","","","1","","0","","40 27:46.688","2","0","79 59:59.463","3","0","0","0","2301","0","0","0","N","0","0","0","4","68B03","0","","1.0","","9","N","N","","0","","1","0","1","0","0","N","","4","1","0","0","0","0","0","2","0","4","","","","N","","","","","","","","","",""
"2018004022","0613","1","0","0","0","0","0","0","0","0","1","0","","02","1","2018","2","40.318174","-79.940847","0610","11","0","0","0","0","0","2","0","0","2","0","0","0","","","0","N","0","","40 19:05.427","1","0","79 56:27.048","0","0","0","0","2454","0","0","0","N","0","0","0","2","02454","0","","1.0","","9","N","N","","1","","0","0","0","0","0","N","","2","0","0","0","0","0","0","2","0","2","","","","N","","","","","","","","","",""
"2018025031","1116","0","0","0","0","0","0","0","0","0","2","0","","02","2","2018","4","40.516304","-80.161215","1115","11","0","0","0","0","0","1","0","0","","0","0","0","","","1","","1","","40 30:58.695","","0","80 09:40.375","3","0","0","0","2420","0","0","0","","0","0","0","1","02420","0","","5.0","","1","N","N","","1","","1","0","1","3","2","","","2","1","1","0","0","0","0","2","0","2","","","","N","","","","","","","","","",""
"2018024349","1745","0","0","0","0","0","0","0","0","0","99","0","","02","2","2018","7","40.463268","-80.162483","1742","11","0","0","0","0","0","1","0","0","","0","0","0","","","1","","0","","40 27:47.763","","0","80 09:44.938","8","0","0","0","2213","0","0","0","N","0","0","0","3","02213","0","","1.0","","9","N","N","","0","","0","0","1","0","0","","","1","1","0","0","0","1","0","2","0","1","","","","N","","","","","","","","","",""
"2018026445","1652","1","0","0","0","0","0","0","0","0","4","1","","02","2","2018","4","40.54958","-80.018837","1644","11","0","0","0","0","0","1","0","0","1","0","0","0","","","1","","0","","40 32:58.487","2","0","80 01:07.812","8","0","0","0","2116","0","0","0","N","0","0","0","3","02116","0","","1.0","","1","N","N","","1","","0","0","0","0","0","N","","2","1","0","0","0","1","0","2","0","2","","","","N","","","","","","","","","",""
"2018028540","1950","5","0","0","0","0","0","0","0","0","1","0","","02","3","2018","5","40.467383","-80.035438","1940","11","0","0","0","1","0","0","0","0","","0","0","0","","","1","","3","","40 28:02.577","","0","80 02:07.577","3","0","0","0","2301","0","0","0","N","0","0","0","5","02301","0","","1.0","","7","N","N","","0","","1","0","0","0","0","","","5","1","0","0","0","0","0","2","0","5","","","","N","","","","","","","","","",""
"2018025543","1205","1","0","0","0","0","0","1","0","0","1","1","","02","3","2018","5","40.442209","-80.022937","1157","11","0","0","0","0","1","0","0","0","2","0","0","0","","","0","","0","","40 26:31.953","4","0","80 01:22.574","0","0","0","0","2301","0","0","0","N","0","0","0","2","02503","0","","1.0","","9","N","N","","0","","0","0","0","0","0","N","","2","0","0","0","0","0","0","2","0","2","","","","N","","","","","","","","","",""
"2018001385","1448","2","0","0","0","0","0","0","0","0","1","0","","02","1","2018","3","40.629522","-80.013551","1438","11","0","1","0","0","0","0","0","0","2","0","0","0","","","1","","2","","40 37:46.279","4","0","80 00:48.784","8","0","0","0","2216","0","0","0","N","0","0","0","3","02505","0","","1.0","","1","N","N","","0","","0","0","0","0","0","N","","2","1","0","0","0","1","0","2","0","2","","","","N","","","","","","","","","",""
"2018020966","0210","1","0","0","0","0","0","0","0","0","8","0","","02","2","2018","7","40.469139","-79.961711","0210","11","0","0","0","0","0","0","0","0","2","0","0","0","","","1","","2","","40 28:08.902","7","0","79 57:42.158","3","0","0","0","2301","1","0","0","N","1","0","0","2","02301","0","","1.0","","1","N","N","","0","","1","0","0","0","0","Y","","2","1","0","0","0","0","1","2","0","1","","","","N","","","","","","","","","",""
"2018001603","0402","1","0","0","0","0","0","0","0","0","7","0","","02","1","2018","2","40.358994","-79.906434","0400","11","0","0","0","0","0","0","0","0","","0","0","0","","","0","","0","","40 21:32.378","","7","79 54:23.164","0","0","0","0","2473","0","0","0","N","0","0","0","1","02473","0","","4.0","","2","N","N","","0","","0","0","0","0","0","","","1","0","0","0","0","0","0","2","0","1","","","","N","","","","","","","","","",""
"2018033150","0610","0","0","0","0","0","0","0","0","0","7","0","","02","3","2018","1","40.445159","-79.999028","0602","11","0","0","0","0","0","0","0","0","","0","0","0","","","0","","1","","40 26:42.572","","0","79 59:56.501","0","0","0","0","2301","0","0","0","N","0","0","0","1","02301","0","","5.0","","1","N","N","","0","","0","0","1","3","2","","","1","0","0","0","0","0","0","2","0","1","","","","N","","","","","","","","","",""
"2018000015","0253","1","0","0","0","0","0","0","0","0","4","0","","02","1","2018","2","40.478908","-80.043019","0250","11","0","0","0","0","0","0","0","0","1","0","0","0","","","0","","1","","40 28:44.067","1","0","80 02:34.868","0","0","0","0","2301","0","0","0","N","0","0","0","4","02301","0","","1.0","","2","N","N","","0","","0","0","1","3","4","N","","2","0","0","0","0","0","0","2","0","2","","","","N","","","","","","","","","",""
"2018026463","0538","1","0","0","0","0","0","0","0","0","2","0","","02","3","2018","7","40.238904","-79.865624","0531","11","0","0","0","0","0","0","0","0","3","0","0","0","","","2","","1","","40 14:20.055","1","0","79 51:56.248","2","0","0","0","2204","0","0","0","N","0","0","0","2","02204","0","","1.0","","1","N","N","","0","","1","1","1","0","0","Y","","2","2","1","0","1","0","0","1","0","2","","","","N","","","","","","","","","",""
"2018030251","0734","2","0","0","0","0","0","0","0","0","4","0","","02","3","2018","6","40.563061","-80.060543","0730","11","0","0","0","0","0","1","0","0","","0","0","0","","","1","","2","","40 33:47.019","","0","80 03:37.955","8","0","0","0","2108","0","0","0","","0","0","0","2","02108","0","","1.0","","9","N","N","","0","","0","0","0","3","3","","","2","1","0","0","0","1","0","2","0","2","","","","N","","","","","","","","","",""
"2018023858","1523","1","0","0","0","0","0","0","0","0","7","0","","02","2","2018","7","40.489145","-79.933462","1513","11","0","0","0","0","0","1","0","0","","0","0","0","","","1","","2","","40 29:20.923","","0","79 56:00.462","8","0","0","0","2301","0","0","0","N","0","0","0","1","02301","0","","2.0","","9","N","N","","0","","0","0","0","0","0","","","1","1","1","0","0","1","0","2","0","1","","","","N","","","","","","","","","",""
"2018000386","2357","1","0","0","0","0","0","0","0","0","7","0","","02","1","2018","2","40.474172","-79.757018","2350","11","0","0","0","0","0","0","0","0","","0","0","0","","","1","","0","","40 28:27.020","","0","79 45:25.265","4","0","0","0","2466","0","0","0","N","0","0","0","1","02466","1","","2.0","","1","N","N","","0","","0","0","0","0","0","","","1","1","0","0","0","0","0","2","0","1","","","","N","","","","","","","","","",""
"2018023639","1830","0","0","0","0","0","0","1","0","0","1","1","","02","2","2018","6","40.352064","-79.858689","1826","11","0","0","0","0","0","1","0","0","2","0","0","0","","","7","","0","","40 21:07.432","3","0","79 51:31.282","3","0","0","0","2304","0","0","0","N","0","0","0","7","02503","0","","1.0","","9","N","N","","0","","7","0","1","0","0","Y","","2","7","1","0","0","0","0","2","0","2","","","","N","","","","","","","","","",""
"2018000354","2228","1","0","0","0","0","0","0","0","0","7","0","","02","1","2018","2","40.428806","-79.999572","2224","11","0","0","0","0","0","0","0","0","1","0","0","0","","","1","","0","","40 25:43.701","2","4","79 59:58.460","3","0","0","0","2301","0","0","0","N","0","0","0","1","02301","0","","1.0","","9","N","N","","0","","1","0","0","3","2","N","","1","1","0","0","0","0","0","2","0","1","","","","N","","","","","","","","","",""
"2018001999","1801","3","0","0","0","0","0","0","0","0","1","0","","02","1","2018","3","40.405093","-80.107308","1752","11","0","0","0","0","0","1","0","0","1","0","0","0","","","2","","0","","40 24:18.333","2","0","80 06:26.310","8","0","0","0","2102","0","0","0","N","0","0","0","5","68B03","0","","1.0","","1","N","N","","0","","0","0","2","0","0","N","","5","2","1","0","0","2","0","2","0","5","","","","N","","","","","","","","","",""
"2018000594","1225","2","0","0","0","0","0","0","0","0","4","0","","02","1","2018","3","40.463754","-79.923805","1207","11","0","0","0","0","0","0","0","0","","0","0","0","","","0","","2","","40 27:49.514","","0","79 55:25.697","0","0","0","0","2301","0","0","0","N","0","0","0","5","02301","0","","1.0","","9","N","N","","0","","0","0","0","3","1","","","2","0","0","0","0","0","0","2","0","2","","","","N","","","","","","","","","",""
"2018020931","2210","3","0","0","0","0","0","0","0","0","5","0","","02","2","2018","6","40.455464","-79.892273","2205","11","0","0","0","0","0","0","0","0","","0","0","0","","","0","","1","","40 27:19.669","","0","79 53:32.181","0","0","0","0","2301","0","0","0","N","0","0","0","1","02301","0","","4.0","","1","N","N","","0","","0","0","0","3","3","","","3","0","0","0","0","0","0","2","0","3","","","","N","","","","","","","","","",""
"2018032962","0745","0","0","0","0","0","0","1","0","0","1","1","","02","3","2018","5","40.361368","-79.90441","0744","11","0","0","0","0","0","1","0","0","","0","0","0","","","0","","0","","40 21:40.925","","0","79 54:15.875","0","0","0","0","2473","0","0","0","N","0","0","0","2","02473","0","","1.0","","1","Y","N","","0","","0","0","1","0","0","","","2","0","0","0","0","0","0","2","0","2","","","","N","","","","","","","","","",""
"2018032847","1917","2","0","0","0","0","0","0","0","0","4","0","","02","3","2018","7","40.28809","-79.996666","1916","11","0","0","0","0","0","0","0","0","1","0","0","0","","","0","","1","","40 17:17.124","2","0","79 59:47.997","0","0","0","0","2219","0","0","0","N","0","0","0","2","02219","0","","1.0","","1","N","N","","0","","0","0","0","3","3","N","","2","0","0","0","0","0","0","2","0","2","","","","N","","","","","","","","","",""
"2018027155","1410","2","0","0","0","0","0","0","0","0","1","0","","02","3","2018","5","40.425542","-79.905552","1326","11","0","0","0","0","0","2","0","0","","0","0","0","","","3","","0","","40 25:31.951","","0","79 54:19.988","4","0","0","0","2301","0","0","0","","0","0","0","3","68B03","3","","1.0","","9","N","N","","0","","0","0","0","0","0","","","2","3","0","0","0","0","0","2","0","2","","","","N","","","","","","","","","",""
"2018030245","0657","1","0","0","0","0","0","0","0","0","99","0","","02","3","2018","5","40.516715","-80.192623","0653","11","0","0","0","0","0","0","0","0","1","0","0","0","","","0","","0","","40 31:00.174","2","0","80 11:33.441","0","0","0","0","2213","0","0","0","N","0","0","0","1","02213","0","","1.0","","1","N","N","","0","","0","0","0","0","0","N","","1","0","0","0","0","0","0","2","0","1","","","","N","","","","","","","","","",""
"2018026480","1445","2","0","0","0","0","0","0","0","0","4","0","","02","3","2018","1","40.46995","-80.099989","1441","11","0","0","0","0","1","1","0","0","","0","0","0","","","2","","1","","40 28:11.821","","0","80 05:59.961","3","0","0","0","2126","0","0","0","N","0","0","0","5","02126","1","","1.0","","1","N","N","","0","","1","0","0","3","3","","","2","2","0","0","0","0","0","2","0","2","","","","N","","","","","","","","","",""
"2018024429","0322","1","0","0","0","0","0","0","0","0","7","0","","02","2","2018","7","40.428002","-79.948351","0302","11","0","0","0","0","0","0","0","0","","0","0","0","","","0","","0","","40 25:40.807","","0","79 56:54.062","0","0","0","0","2301","0","0","0","","0","0","0","1","68B03","0","","2.0","","1","N","N","","0","","0","0","0","0","0","","","1","0","0","0","0","0","0","2","0","1","","","","N","","","","","","","","","",""
"2018022615","0824","1","0","0","0","0","0","0","0","0","5","1","","02","2","2018","4","40.459895","-79.907164","0804","11","0","0","0","0","0","0","0","0","","0","1","0","","","0","","2","","40 27:35.622","","0","79 54:25.789","0","0","0","0","2301","0","0","0","N","0","0","0","2","02301","0","","1.0","","1","N","N","","0","","0","0","0","0","0","","","2","0","0","0","0","0","0","2","0","2","","","","N","","","","","","","","","",""
"2018004800","1740","4","0","0","0","0","0","0","0","0","1","0","","02","1","2018","3","40.576587","-80.025949","1740","11","0","0","0","0","0","3","0","0","2","0","0","0","","","1","","0","","40 34:35.714","2","0","80 01:33.418","4","0","0","0","2108","0","0","0","N","0","0","0","4","02108","1","","1.0","","1","N","N","","0","","0","0","0","0","0","Y","","4","1","0","0","0","0","0","2","0","4","","","","N","","","","","","","","","",""
"2018031803","1228","1","0","0","0","0","0","0","0","0","4","0","","02","3","2018","7","40.525503","-80.224471","1220","11","0","0","0","0","0","0","0","1","2","0","0","0","","","0","","2","","40 31:31.812","4","0","80 13:28.094","0","0","0","0","2213","0","0","0","N","0","0","0","2","02213","0","","1.0","","1","N","N","","0","","0","0","1","3","2","N","","2","0","0","0","0","0","0","2","0","2","","","","N","","","","","","","","","",""
"2018032695","0746","2","0","0","0","0","0","0","0","0","6","0","","02","3","2018","7","40.420486","-79.986365","0739","11","0","0","0","0","0","0","0","0","","0","0","0","","","0","","2","","40 25:13.750","","0","79 59:10.915","9","0","0","0","2301","0","0","0","N","0","0","0","1","02301","0","","1.0","","1","N","N","","0","","0","0","1","0","0","","","3","0","0","0","0","0","1","2","0","3","","","","N","","","","","","","","","",""
"2018006709","0928","1","0","0","0","0","0","0","0","0","1","0","","02","1","2018","1","40.35451","-80.114766","0928","11","0","0","0","0","0","0","0","0","2","0","0","0","09","","0","","1","","40 21:16.237","3","0","80 06:53.157","0","0","0","0","2119","0","0","0","N","0","0","0","5","02119","0","","1.0","","2","N","N","","0","","0","0","1","","2","Y","0926","2","0","5","0","0","0","0","2","0","2","","","","N","","","","","","","","","",""
"2018031171","1810","1","0","1","0","0","0","0","0","0","1","0","","02","3","2018","3","40.454948","-79.823165","1805","11","0","0","0","0","0","0","0","0","","0","0","0","18","","1","","2","","40 27:17.812","","0","79 49:23.395","2","0","0","0","2113","0","0","0","N","0","0","0","2","02113","0","","1.0","","9","N","N","","0","","0","1","1","","0","","1803","2","1","0","0","0","0","0","2","0","2","","","","N","","","","","","","","","",""
"2018025481","1859","1","0","0","0","0","0","0","0","0","7","0","","02","2","2018","4","40.481524","-80.046061","1856","11","0","0","0","0","0","0","0","0","2","0","0","0","18","","1","","2","","40 28:53.488","1","0","80 02:45.818","3","0","0","0","2301","0","0","0","N","0","0","0","1","02301","0","","5.0","","1","N","N","","0","","1","0","0","","0","N","1852","1","1","0","0","0","0","0","2","0","1","","","","N","","","","","","","","","",""
"2018025030","0528","1","0","0","0","0","0","0","0","0","7","0","","02","1","2018","1","40.518736","-80.167663","0525","11","0","0","0","0","0","0","0","0","1","0","0","0","05","","0","","0","","40 31:07.449","4","0","80 10:03.586","0","0","0","0","2420","0","0","0","","0","0","0","1","02420","0","","5.0","","1","N","N","","0","","0","0","0","","0","N","0525","1","0","0","0","0","0","0","2","0","1","","","","N","","","","","","","","","",""
"2018034880","1450","2","0","0","0","0","0","0","0","0","4","0","","02","3","2018","3","40.501152","-80.181201","1444","11","0","0","0","0","0","0","0","0","2","0","0","0","14","","2","","2","","40 30:04.146","3","0","80 10:52.325","3","0","0","0","2213","0","0","0","N","0","0","0","2","02213","0","","1.0","","9","N","N","","0","","1","0","0","","3","N","1444","2","2","0","0","0","1","0","2","0","2","","","","N","","","","","","","","","",""
"2018028443","1902","2","0","0","0","0","0","0","0","0","1","0","","02","2","2018","6","40.44952","-80.003121","1846","11","0","0","0","0","0","0","0","0","1","0","0","0","18","","3","","0","","40 26:58.271","2","0","80 00:11.235","8","0","0","0","2301","0","0","0","","0","0","0","4","68B03","0","","1.0","","1","N","N","","0","","0","0","0","","0","N","1846","2","3","0","0","0","3","0","2","0","2","","","","N","","","","","","","","","",""
"2018028111","1709","1","0","0","0","0","0","0","0","0","7","0","","02","3","2018","4","40.373046","-80.224738","1654","11","0","0","0","0","0","0","0","0","","0","0","0","16","","0","","3","","40 22:22.965","","0","80 13:29.056","0","0","0","0","2214","0","0","0","N","0","0","0","1","02214","0","","5.0","","1","N","N","","0","","0","0","0","","0","","1654","1","0","0","0","0","0","0","2","0","1","","","","N","","","","","","","","","",""
"2018031859","0942","1","0","0","0","0","0","0","0","0","1","0","","02","3","2018","6","40.313144","-79.938593","0936","11","0","0","0","0","0","1","0","0","1","0","0","0","09","","4","","0","","40 18:47.317","1","0","79 56:18.935","4","0","0","0","2440","0","0","0","","0","0","0","4","02440","4","","1.0","","1","N","N","","1","","0","0","0","","0","N","0934","3","4","1","0","0","0","0","2","1","3","","","","N","","","","","","","","","",""
"2018023721","0900","1","0","0","0","0","0","0","0","0","7","0","","02","2","2018","5","40.590312","-80.097434","0842","11","0","0","0","0","0","0","0","0","","0","0","0","08","","0","","0","","40 35:25.123","","0","80 05:50.764","0","0","0","0","2481","0","0","0","","0","0","0","1","68B03","0","","5.0","","9","N","N","","0","","0","0","0","","0","","0840","1","0","0","0","0","0","0","2","0","1","","","","N","","","","","","","","","",""
"2018026835","2256","0","0","0","0","0","0","0","0","0","7","0","","02","3","2018","1","40.255805","-79.893069","2251","11","0","0","0","0","0","0","0","0","3","1","0","0","22","","0","","0","","40 15:20.899","5","0","79 53:35.048","1","0","0","0","2204","0","0","0","N","0","0","0","1","02204","0","2","4.0","","1","N","N","","1","0","0","0","0","","0","Y","2249","1","0","0","0","0","0","0","1","0","1","","","","N","","","","","","","","","",""
"2018029263","1814","1","0","0","0","0","0","0","0","0","7","0","","02","3","2018","2","40.309186","-79.996061","1814","11","0","0","1","0","0","0","0","0","2","0","0","0","16","","1","N","0","","40 18:33.070","5","0","79 59:45.820","4","0","0","0","2219","0","0","0","N","0","0","0","1","02501","1","","5.0","","1","N","N","","0","","0","0","0","","0","Y","1600","1","1","0","0","0","0","0","2","0","1","","","","N","","","","","","","","","",""
"2018028215","0610","1","0","0","0","0","0","0","0","0","7","0","","02","3","2018","4","40.600357","-79.888678","0555","11","0","0","0","0","0","0","0","0","2","0","0","0","05","","0","","2","","40 36:01.285","3","0","79 53:19.242","0","0","0","0","2220","0","0","0","Y","0","0","0","1","02220","0","","5.0","","2","N","N","","0","","0","0","0","","0","N","0553","1","0","0","0","0","0","0","2","0","1","","","","N","","","","","","","","","",""
"2018007133","2055","1","0","0","0","0","0","1","0","0","4","1","","02","1","2018","1","40.444922","-79.993849","2052","11","0","1","0","0","0","1","0","0","","0","0","0","20","","0","","1","","40 26:41.718","","0","79 59:37.856","0","0","0","0","2301","0","0","0","N","0","0","0","2","02503","0","","1.0","","6","N","N","","0","","0","0","0","","2","","2050","2","0","0","0","0","0","0","2","0","2","","","","N","","","","","","","","","",""
"2018031134","1137","1","0","0","0","0","0","0","0","0","4","0","","02","3","2018","1","40.582047","-80.038076","1137","11","0","0","0","0","0","0","2","0","1","0","0","0","11","","1","","1","","40 34:55.369","1","0","80 02:17.073","4","0","0","0","2108","0","0","0","","0","0","0","2","02108","1","","1.0","","1","N","N","","0","","0","0","1","","2","N","1137","2","1","0","0","0","0","0","2","0","2","","","","N","","","","","","","","","",""
"2018001914","2055","1","0","0","0","0","0","0","0","0","7","0","","02","1","2018","3","40.644722","-79.938231","2052","11","0","0","0","0","0","0","0","0","1","0","0","0","20","","0","","1","","40 38:41.000","1","0","79 56:17.633","0","0","0","0","2217","0","0","0","N","0","0","0","1","02505","0","","4.0","","2","N","N","","0","","0","0","0","","2","N","2048","1","0","0","0","0","0","0","2","0","1","","","","N","","","","","","","","","",""
"2018026039","0905","0","0","0","0","0","0","0","0","0","7","0","","02","2","2018","6","40.380274","-80.052556","0902","11","0","0","0","0","0","0","0","0","1","0","0","0","09","","0","","1","","40 22:48.985","2","0","80 03:09.200","0","0","0","0","2109","0","0","0","","0","0","0","1","02109","0","","4.0","","9","N","N","","0","","0","0","1","","2","N","0902","1","0","0","0","0","0","0","2","0","1","","","","N","","","","","","","","","",""
"2018004877","2106","1","0","0","0","0","0","0","0","0","7","0","","02","1","2018","3","40.593901","-80.026031","2103","11","0","0","0","0","0","0","0","0","","0","0","0","21","","0","","0","","40 35:38.042","","0","80 01:33.713","0","0","0","0","2108","0","0","0","N","0","0","0","1","02108","0","","2.0","","1","N","N","","0","","0","0","0","","0","","2100","1","0","0","0","0","0","0","2","0","1","","","","N","","","","","","","","","",""