"CRN","ARRIVAL_TM","AUTOMOBILE_COUNT","BELTED_DEATH_COUNT","BELTED_SUSP_SERIOUS_INJ_COUNT","BICYCLE_COUNT","BICYCLE_DEATH_COUNT","BICYCLE_SUSP_SERIOUS_INJ_COUNT","BUS_COUNT","CHLDPAS_DEATH_COUNT","CHLDPAS_SUSP_SERIOUS_INJ_COUNT","COLLISION_TYPE","COMM_VEH_COUNT","CONS_ZONE_SPD_LIM","COUNTY","CRASH_MONTH","CRASH_YEAR","DAY_OF_WEEK","DEC_LATITUDE","DEC_LONGITUDE","DISPATCH_TM","DISTRICT","DRIVER_COUNT_16YR","DRIVER_COUNT_17YR","DRIVER_COUNT_18YR","DRIVER_COUNT_19YR","DRIVER_COUNT_20YR","DRIVER_COUNT_50_64YR","DRIVER_COUNT_65_74YR","DRIVER_COUNT_75PLUS","EST_HRS_CLOSED","FATAL_COUNT","HEAVY_TRUCK_COUNT","HORSE_BUGGY_COUNT","HOUR_OF_DAY","ILLUMINATION","INJURY_COUNT","INTERSECTION_RELATED","INTERSECT_TYPE","LANE_CLOSED","LATITUDE","LN_CLOSE_DIR","LOCATION_TYPE","LONGITUDE","MAX_SEVERITY_LEVEL","MCYCLE_DEATH_COUNT","MCYCLE_SUSP_SERIOUS_INJ_COUNT","MOTORCYCLE_COUNT","MUNICIPALITY","NONMOTR_COUNT","NONMOTR_DEATH_COUNT","NONMOTR_SUSP_SERIOUS_INJ_COUNT","NTFY_HIWY_MAINT","PED_COUNT","PED_DEATH_COUNT","PED_SUSP_SERIOUS_INJ_COUNT","PERSON_COUNT","POLICE_AGCY","POSSIBLE_INJ_COUNT","RDWY_SURF_TYPE_CD","RELATION_TO_ROAD","ROADWAY_CLEARED","ROAD_CONDITION","SCH_BUS_IND","SCH_ZONE_IND","SECONDARY_CRASH","SMALL_TRUCK_COUNT","SPEC_JURIS_CD","SUSP_MINOR_INJ_COUNT","SUSP_SERIOUS_INJ_COUNT","SUV_COUNT","TCD_FUNC_CD","TCD_TYPE","TFC_DETOUR_IND","TIME_OF_DAY","TOTAL_UNITS","TOT_INJ_COUNT","UNBELTED_OCC_COUNT","UNB_DEATH_COUNT","UNB_SUSP_SERIOUS_INJ_COUNT","UNK_INJ_DEG_COUNT","UNK_INJ_PER_COUNT","URBAN_RURAL","VAN_COUNT","VEHICLE_COUNT","WEATHER1","WEATHER2","WORKERS_PRES","WORK_ZONE_IND","WORK_ZONE_LOC","WORK_ZONE_TYPE","WZ_CLOSE_DETOUR","WZ_FLAGGER","WZ_LAW_OFFCR_IND","WZ_LN_CLOSURE","WZ_MOVING","WZ_OTHER","WZ_SHLDER_MDN","WZ_WORKERS_INJ_KILLED"
"2018025984","2009","1","0","0","0","0","0","0","0","0","8","0","","02","3","2018","6","40.441119","-79.957561","2008","11","0","0","0","0","0","0","0","1","1","0","0","0","20","","1","","1","","40 26:28.027","2","0","79 57:27.218","3","0","0","0","2301","1","0","0","N","1","0","0","2","02301","0","","1.0","","1","N","N","","0","","1","0","0","","2","Y","2006","2","1","0","0","0","0","0","2","0","1","","","","N","","","","","","","","","",""
"2018007432","0836","1","0","0","0","0","0","0","0","0","7","0","","02","1","2018","6","40.644118","-80.031592","0827","11","0","0","0","0","0","0","0","0","","0","0","0","08","","0","","0","","40 38:38.823","","0","80 01:53.730","0","0","0","0","2216","0","0","0","","0","0","0","1","68T02","0","","3.0","","8","N","N","","0","","0","0","0","","8","","0827","1","0","0","0","0","0","0","2","0","1","","","","N","","","","","","","","","",""
"2018000576","0900","1","0","0","0","0","0","0","0","0","7","0","","02","1","2018","2","40.444557","-80.000862","0855","11","0","0","0","0","0","0","0","0","","0","0","0","08","","0","","1","","40 26:40.405","","0","80 00:03.103","0","0","0","0","2301","0","0","0","N","0","0","0","1","02301","0","","5.0","","2","N","N","","0","","0","0","0","","2","","0850","1","0","0","0","0","0","0","2","0","1","","","","N","","","","","","","","","",""
"2018001258","1205","2","0","0","0","0","0","0","0","0","1","0","","02","1","2018","3","40.625073","-80.059016","1159","11","0","0","0","0","0","1","0","0","1","0","0","0","11","","0","","2","","40 37:30.263","3","0","80 03:32.456","0","0","0","0","2216","0","0","0","N","0","0","0","4","02505","0","","1.0","","1","N","N","","0","","0","0","1","","0","N","1158","3","0","0","0","0","0","0","2","0","3","","","","N","","","","","","","","","",""
"2018028454","1505","2","0","0","0","0","0","0","0","0","1","0","","02","3","2018","6","40.435602","-79.968906","1501","11","0","0","0","0","0","0","0","0","","0","0","0","15","","0","","0","","40 26:08.166","","0","79 58:08.060","0","0","0","0","2301","0","0","0","","0","0","0","3","68B03","0","","1.0","","1","N","N","","0","","0","0","0","","0","","1501","2","0","0","0","0","0","0","2","0","2","","","","N","","","","","","","","","",""
"2018029433","1658","1","0","0","0","0","0","0","0","0","7","0","","02","3","2018","6","40.640254","-80.097839","1650","11","0","0","0","0","0","0","0","0","","0","0","0","16","","0","","0","","40 38:24.913","","0","80 05:52.221","0","0","0","0","2212","0","0","0","","0","0","0","5","68B03","0","","4.0","","1","N","N","","0","","0","0","1","","0","","1648","2","0","0","0","0","0","0","2","0","2","","","","N","","","","","","","","","",""
"2018024752","1307","1","0","0","0","0","0","0","0","0","4","0","","02","2","2018","7","40.535686","-79.970536","1302","11","0","0","0","0","0","1","0","0","","0","0","0","12","","1","","1","","40 32:08.469","","0","79 58:13.931","3","0","0","0","2118","0","0","0","N","0","0","0","3","02118","0","","1.0","","9","N","N","","0","","1","0","0","","2","","1259","2","1","0","0","0","0","0","2","1","2","","","","N","","","","","","","","","",""
"2018033923","1551","1","0","0","0","0","0","0","0","0","1","0","","02","3","2018","1","40.369256","-80.034601","1549","11","0","0","0","0","0","0","0","1","","0","0","0","15","","3","","0","","40 22:09.321","","0","80 02:04.564","4","0","0","0","2416","0","0","0","","0","0","0","4","02416","3","","1.0","","1","N","N","","0","","0","0","2","","0","","1549","3","3","0","0","0","0","0","2","0","3","","","","N","","","","","","","","","",""
"2018026215","2114","1","0","0","0","0","0","0","0","0","7","0","","02","2","2018","6","40.549542","-80.028943","2105","11","0","0","0","0","0","0","0","0","","0","0","0","21","","1","","2","","40 32:58.351","","0","80 01:44.194","8","0","0","0","2116","0","0","0","N","0","0","0","1","02116","0","","4.0","","1","N","N","","0","","0","0","0","","0","","2105","1","1","0","0","0","1","0","2","0","1","","","","N","","","","","","","","","",""
"2018023716","1600","2","0","0","0","0","0","0","0","0","4","0","","02","2","2018","3","40.449125","-80.00392","1534","11","0","0","0","0","0","0","0","0","","0","0","0","15","","0","","0","","40 26:56.849","","3","80 00:14.113","9","0","0","0","2301","0","0","0","","0","0","0","2","68B03","0","","1.0","","1","N","N","","0","","0","0","0","","0","","1525","2","0","0","0","0","0","1","2","0","2","","","","N","","","","","","","","","",""
"2018027134","1728","1","0","0","0","0","0","0","0","0","7","0","","02","2","2018","5","40.434587","-79.984091","1717","11","0","0","0","0","0","0","0","0","1","0","0","0","17","","0","","0","","40 26:04.512","3","0","79 59:02.728","0","0","0","0","2301","0","0","0","","0","0","0","1","68B03","0","","4.0","","6","N","N","","0","","0","0","0","","0","N","1715","1","0","0","0","0","0","0","2","0","1","","","","N","","","","","","","","","",""
"2018028170","1842","2","0","0","0","0","0","0","0","0","7","0","","02","3","2018","4","40.446638","-79.893654","1830","11","0","0","0","0","0","0","1","0","1","0","0","0","18","","0","","2","","40 26:47.897","3","0","79 53:37.154","0","0","0","0","2301","0","0","0","N","0","0","0","2","02301","0","","2.0","","9","N","N","","0","","0","0","0","","0","N","1826","2","0","0","0","0","0","0","2","0","2","","","","N","","","","","","","","","",""
"2018028460","0948","0","0","0","0","0","0","0","0","0","1","0","","02","3","2018","2","40.43937","-80.153516","0911","11","0","0","0","0","0","0","0","0","","0","0","0","09","","0","","0","","40 26:21.731","","0","80 09:12.659","0","0","0","0","2115","0","0","0","","0","0","0","2","68B03","0","","1.0","","1","N","N","","0","","0","0","2","","0","","0910","2","0","0","0","0","0","0","2","0","2","","","","N","","","","","","","","","",""
"2018025994","0720","1","0","0","0","0","0","0","0","0","7","0","","02","2","2018","3","40.364736","-79.879627","0714","11","0","0","0","0","0","0","0","0","2","0","0","0","07","","0","","2","","40 21:53.049","5","0","79 52:46.657","0","0","0","0","2473","0","0","0","N","0","0","0","1","02473","0","","5.0","","2","N","N","","0","","0","0","0","","0","N","0714","1","0","0","0","0","0","0","2","0","1","","","","N","","","","","","","","","",""
"2018031294","1826","1","0","0","0","0","0","0","0","0","1","0","","02","2","2018","5","40.643144","-80.097183","1736","11","0","0","0","0","0","1","0","0","","0","0","0","17","","1","","0","","40 38:35.317","","0","80 05:49.857","4","0","0","0","2212","0","0","0","","0","0","0","2","68B03","1","","1.0","","9","N","N","","0","","0","0","1","","0","","1735","2","1","0","0","0","0","0","2","0","2","","","","N","","","","","","","","","",""
"2018016668","0750","1","0","0","0","0","0","1","0","0","4","1","","02","2","2018","2","40.426781","-79.937589","0739","11","0","0","0","0","0","1","0","0","","0","0","0","07","","0","","0","","40 25:36.410","","0","79 56:15.320","0","0","0","0","2301","0","0","0","N","0","0","0","2","02503","0","","1.0","","2","N","N","","0","","0","0","0","","0","","0739","2","0","0","0","0","0","0","2","0","2","","","","N","","","","","","","","","",""
"2018022453","1903","1","0","0","0","0","0","0","0","0","5","0","","02","2","2018","3","40.482369","-80.043503","1903","11","0","0","0","0","0","0","0","0","2","0","0","0","18","","0","","2","","40 28:56.528","1","0","80 02:36.610","0","0","0","0","2301","0","0","0","N","0","0","0","3","02301","0","","1.0","","1","N","N","","0","","0","0","1","","0","N","1859","2","0","0","0","0","0","0","2","0","2","","","","N","","","","","","","","","",""
"2018028442","0736","1","0","0","0","0","0","0","0","0","7","0","","02","2","2018","3","40.656213","-80.092864","0730","11","0","0","0","0","0","0","1","0","","0","0","0","07","","1","","0","","40 39:22.365","","0","80 05:34.311","8","0","0","0","2212","0","0","0","","0","0","0","1","68B03","0","","4.0","","1","N","N","","0","","0","0","0","","0","","0728","1","1","0","0","0","1","0","2","0","1","","","","N","","","","","","","","","",""
"2018025573","1909","2","0","0","0","0","0","0","0","0","4","0","","02","2","2018","4","40.586863","-80.041644","1905","11","0","0","0","0","0","0","0","0","1","0","0","0","19","","1","","1","","40 35:12.706","1","0","80 02:29.918","4","0","0","0","2108","0","0","0","N","0","0","0","2","02108","1","","1.0","","1","N","N","","0","","0","0","0","","2","Y","1903","2","1","0","0","0","0","0","2","0","2","","","","N","","","","","","","","","",""
"2018024320","1243","2","0","0","0","0","0","0","0","0","4","0","","02","2","2018","4","40.553459","-79.971254","1234","11","0","0","0","0","0","0","0","0","","0","0","0","12","","0","","2","","40 33:12.454","","0","79 58:16.516","0","0","0","0","2118","0","0","0","N","0","0","0","3","02118","0","","1.0","","9","N","N","","0","","0","0","0","","3","","1234","2","0","0","0","0","0","0","2","0","2","","","","N","","","","","","","","","",""
"2018023750","0736","2","0","0","0","0","0","0","0","0","1","0","","02","2","2018","3","40.606425","-80.094499","0715","11","0","0","0","0","0","0","0","0","","0","0","0","06","","0","","0","","40 36:23.131","","0","80 05:40.195","0","0","0","0","2481","0","0","0","","0","0","0","2","68B03","0","","1.0","","1","N","N","","0","","0","0","0","","0","","0659","2","0","0","0","0","0","0","2","0","2","","","","N","","","","","","","","","",""
"2018025485","0806","1","0","0","0","0","0","0","0","0","7","0","","02","3","2018","5","40.291493","-80.010164","0801","11","0","1","0","0","0","0","0","0","","0","0","0","07","","1","","1","","40 17:29.374","","0","80 00:36.591","3","0","0","0","2219","0","0","0","Y","0","0","0","1","02219","0","","2.0","","9","N","N","","0","","1","0","0","","3","","0755","1","1","0","0","0","0","0","2","0","1","","","","N","","","","","","","","","",""
"2018027326","0929","1","0","0","0","0","0","0","0","0","1","0","","02","2","2018","6","40.367373","-79.818574","0926","11","0","0","0","0","0","0","2","0","2","0","0","0","09","","2","","2","","40 22:02.544","5","0","79 49:06.866","8","0","0","0","2111","0","0","0","N","0","0","0","2","02111","0","","1.0","","9","N","N","","0","","0","0","1","","0","Y","0926","2","2","1","0","0","2","0","2","0","2","","","","N","","","","","","","","","",""
"2018024344","1333","1","0","0","0","0","0","0","0","0","7","0","","02","2","2018","6","40.45786","-80.174576","1330","11","0","0","0","0","0","0","0","0","","0","0","0","13","","0","","0","","40 27:28.296","","0","80 10:28.473","0","0","0","0","2213","0","0","0","N","0","0","0","2","02213","0","","4.0","","9","N","N","","0","","0","0","0","","0","","1330","1","0","0","0","0","0","0","2","0","1","","","","N","","","","","","","","","",""
"2018001376","1855","1","0","0","0","0","0","0","0","0","4","0","","02","1","2018","3","40.47368","-80.063169","1852","11","0","0","0","0","0","0","0","0","","0","0","0","18","","0","","0","","40 28:25.248","","7","80 03:47.408","0","0","0","0","2444","0","0","0","N","0","0","0","3","02444","0","","1.0","","1","N","N","","0","","0","0","0","","0","","1849","2","0","1","0","0","0","0","2","1","2","","","","N","","","","","","","","","",""
"2018026677","0211","1","0","0","0","0","0","0","0","0","7","0","","02","2","2018","6","40.462519","-79.999456","0158","11","0","0","0","0","0","0","0","0","1","0","0","0","01","","0","","0","","40 27:45.067","1","0","79 59:58.040","0","0","0","0","2301","0","0","0","","0","0","0","1","68B03","0","","3.0","","9","N","N","","0","","0","0","0","","0","N","0156","1","0","0","0","0","0","0","2","0","1","","","","N","","","","","","","","","",""
"2018022745","1637","1","0","0","0","0","0","0","0","0","6","1","","02","2","2018","4","40.473674","-79.856493","1635","11","0","0","0","0","0","0","0","0","","0","0","0","16","","0","","2","","40 28:25.228","","0","79 51:23.374","0","0","0","0","2113","0","0","0","N","0","0","0","47","02113","0","","1.0","","1","Y","N","","0","","0","0","0","","0","N","1631","2","0","0","0","0","0","0","2","0","2","","","","N","","","","","","","","","",""
"2018027797","1638","1","0","0","0","0","0","0","0","0","1","0","","02","2","2018","3","40.663741","-79.717941","1633","11","0","0","0","0","0","0","0","0","1","0","0","0","16","","0","","0","","40 39:49.469","1","0","79 43:04.587","0","0","0","0","2106","0","0","0","","0","0","0","3","68D02","0","","1.0","","1","N","N","","0","","0","0","2","","0","N","1628","3","0","0","0","0","0","0","2","0","3","","","","N","","","","","","","","","",""
"2018028609","0453","0","0","0","0","0","0","0","0","0","7","0","","02","3","2018","6","40.546472","-80.218932","0450","11","0","0","0","0","0","0","0","0","","0","1","0","04","","0","","2","","40 32:47.300","","0","80 13:08.155","0","0","0","0","2103","0","0","0","N","0","0","0","1","02103","0","","4.0","","2","N","N","","0","","0","0","0","","0","","0450","1","0","0","0","0","0","0","2","0","1","","","","N","","","","","","","","","",""
"2018024555","1522","1","0","0","0","0","0","1","0","0","4","1","","02","2","2018","2","40.439719","-79.934878","1507","11","1","0","0","0","0","1","0","0","","0","0","0","15","","3","","2","","40 26:22.988","","0","79 56:05.560","3","0","0","0","2301","0","0","0","N","0","0","0","4","02503","0","","1.0","","1","N","N","","0","","3","0","0","","3","","1507","2","3","0","0","0","0","0","2","0","2","","","","N","","","","","","","","","",""
"2018028458","1608","1","0","0","0","0","0","0","0","0","1","0","","02","3","2018","1","40.418278","-80.054601","1559","11","0","0","0","0","0","0","0","0","1","0","0","0","15","","0","","0","","40 25:05.800","4","0","80 03:16.563","0","0","0","0","2435","0","0","0","","0","0","0","4","68B03","0","","1.0","","1","N","N","","0","","0","0","1","","0","N","1558","2","0","0","0","0","0","0","2","0","2","","","","N","","","","","","","","","",""
"2018031314","0208","1","0","0","0","0","0","0","0","0","7","0","","02","3","2018","6","40.427926","-79.948658","0208","11","0","0","0","0","0","0","0","0","","0","0","0","01","","1","","0","","40 25:40.534","","0","79 56:55.167","3","0","0","0","2301","0","0","0","","0","0","0","1","68B03","0","","2.0","","9","N","N","","0","","1","0","0","","0","","0136","1","1","0","0","0","0","0","2","0","1","","","","N","","","","","","","","","",""
"2018031151","0222","1","0","0","0","0","0","0","0","0","7","0","","02","2","2018","7","40.426459","-79.892914","0209","11","0","0","0","0","0","0","0","0","","0","0","0","02","","0","","0","","40 25:35.252","","0","79 53:34.489","9","0","0","0","2301","0","0","0","","0","0","0","1","68B03","0","","2.0","","1","N","N","","0","","0","0","0","","0","","0207","1","0","0","0","0","0","1","2","0","1","","","","N","","","","","","","","","",""
"2018026604","1910","2","0","0","0","0","0","0","0","0","2","0","","02","3","2018","1","40.448433","-80.158024","1910","11","0","0","0","1","0","0","0","0","","0","0","0","19","","0","","1","","40 26:54.357","","0","80 09:28.887","0","0","0","0","2115","0","0","0","N","0","0","0","3","02115","0","","1.0","","1","N","N","","0","","0","0","0","","2","","1910","2","0","0","0","0","0","0","2","0","2","","","","N","","","","","","","","","",""
"2018018875","0315","1","0","0","0","0","0","0","0","0","2","1","","02","2","2018","2","40.516333","-80.093528","0310","11","0","0","0","0","0","0","0","0","2","0","1","0","03","","0","","0","","40 30:58.800","6","0","80 05:36.700","0","0","0","0","2429","0","0","0","N","0","0","0","2","02215","0","","1.0","","7","N","N","","0","","0","0","0","","0","Y","0308","2","0","0","0","0","0","0","2","0","2","","","","N","","","","","","","","","",""
"2018022593","1345","1","0","0","0","0","0","0","0","0","1","1","","02","2","2018","3","40.453984","-79.997506","1342","11","0","0","0","0","0","0","0","0","","0","1","0","13","","1","","0","","40 27:14.343","","0","79 59:51.021","3","0","0","0","2301","0","0","0","N","0","0","0","5","02301","0","","1.0","","1","N","N","","0","","1","0","0","","0","","1342","2","1","0","0","0","0","0","2","0","2","","","","N","","","","","","","","","",""
"2018024835","1825","1","0","0","0","0","0","0","0","0","7","0","","02","2","2018","4","40.458669","-80.190253","1822","11","0","0","0","0","0","0","0","0","2","0","0","0","18","","0","","2","","40 27:31.209","4","0","80 11:24.910","0","0","0","0","2213","0","0","0","N","0","0","0","1","02213","0","","4.0","","9","N","N","","0","","0","0","0","","2","N","1822","1","0","0","0","0","0","0","2","0","1","","","","N","","","","","","","","","",""
"2018031167","2110","1","0","0","0","0","0","0","0","0","7","0","","02","3","2018","5","40.431056","-79.95828","2107","11","0","0","0","1","0","0","0","0","1","0","0","0","21","","0","","0","","40 25:51.802","3","0","79 57:29.808","0","0","0","0","2301","0","0","0","","0","0","0","1","68B03","0","","4.0","","9","N","N","","0","","0","0","0","","0","N","2104","1","0","0","0","0","0","0","2","0","1","","","","N","","","","","","","","","",""
"2018024262","1355","1","0","0","0","0","0","1","0","0","4","1","","02","2","2018","6","40.427156","-79.723335","1348","11","0","0","0","0","0","0","1","0","","0","0","0","13","","0","","2","","40 25:37.763","","0","79 43:24.005","0","0","0","0","2446","0","0","0","N","0","0","0","3","02446","0","","1.0","","1","Y","N","","0","","0","0","1","","2","N","1348","3","0","0","0","0","0","0","2","0","3","","","","N","","","","","","","","","",""
"2018021444","1548","1","0","0","0","0","0","0","0","0","4","0","","02","2","2018","1","40.341251","-79.96201","1546","11","0","0","1","0","0","0","0","0","","0","0","0","15","","0","","1","","40 20:28.503","","0","79 57:43.235","0","0","0","0","2454","0","0","0","N","0","0","0","2","02454","0","","1.0","","1","N","N","","0","","0","0","1","","3","","1544","2","0","0","0","0","0","0","2","0","2","","","","N","","","","","","","","","",""
"2018028894","1225","0","0","0","0","0","0","0","0","0","4","0","","02","3","2018","5","40.388656","-79.830251","1223","11","0","0","0","0","0","0","0","0","2","0","0","0","12","","2","","2","","40 23:19.161","6","0","79 49:48.903","2","0","0","0","2111","0","0","0","N","0","0","0","3","02111","0","","1.0","","1","N","N","","2","","0","1","0","","2","Y","1223","2","2","1","0","1","1","0","2","0","2","","","","N","","","","","","","","","",""
"2018024041","0938","2","0","0","0","0","0","0","0","0","2","0","","02","2","2018","7","40.438869","-79.760496","0934","11","0","0","0","0","0","0","1","0","1","0","0","0","09","","2","","5","","40 26:19.929","5","0","79 45:37.786","3","0","0","0","2446","0","0","0","N","0","0","0","2","02446","0","","1.0","","1","N","N","","0","","2","0","0","","2","N","0934","2","2","0","0","0","0","0","2","0","2","","","","N","","","","","","","","","",""
"2018022610","0600","1","0","0","0","0","0","0","0","0","5","1","","02","2","2018","2","40.526392","-80.158904","0556","11","0","0","0","0","0","1","0","0","2","0","1","0","05","","0","","0","","40 31:35.010","2","0","80 09:32.055","0","0","0","0","2458","0","0","0","N","0","0","0","2","02458","0","","1.0","","1","N","N","","0","","0","0","0","","2","N","0556","2","0","0","0","0","0","0","2","0","2","","","","N","","","","","","","","","",""
"2018025333","2322","0","0","0","0","0","0","0","0","0","7","0","","02","2","2018","2","40.365365","-80.017334","2318","11","0","0","0","0","1","0","0","0","1","0","0","0","23","","1","","0","","40 21:55.314","1","0","80 01:02.401","8","0","0","0","2416","0","0","0","","0","0","0","1","02416","0","","2.0","","1","N","N","","0","","0","0","1","","0","N","2318","1","1","0","0","0","1","0","2","0","1","","","","N","","","","","","","","","",""
"2018029579","1322","1","0","0","0","0","0","0","0","0","1","0","","02","3","2018","7","40.448229","-80.166627","1316","11","0","0","0","0","0","1","0","0","1","0","0","0","13","","0","","0","","40 26:53.625","4","0","80 09:59.856","0","0","0","0","2115","0","0","0","","0","0","0","3","68B03","0","","1.0","","1","N","N","","0","","0","0","1","","0","N","1315","2","0","0","0","0","0","0","2","0","2","","","","N","","","","","","","","","",""
"2018026694","1547","1","0","0","0","0","0","0","0","0","7","0","","02","3","2018","5","40.407887","-80.107885","1520","11","0","0","0","0","0","0","0","0","","0","0","0","15","","0","","0","","40 24:28.392","","0","80 06:28.386","0","0","0","0","2102","0","0","0","","0","0","0","1","68B03","0","","5.0","","8","N","Y","","0","","0","0","0","","0","","1507","1","0","0","0","0","0","0","2","0","1","","","","N","","","","","","","","","",""
"2018024018","1729","2","0","0","0","0","0","0","0","0","4","0","","02","2","2018","1","40.454223","-79.886828","","11","0","0","0","0","0","0","1","0","","0","0","0","17","","0","","1","","40 27:15.201","","0","79 53:12.580","9","0","0","0","2301","0","0","0","N","0","0","0","5","02301","0","","1.0","","1","N","N","","0","","0","0","0","","3","N","1727","2","0","0","0","0","0","5","2","0","2","","","","N","","","","","","","","","",""
"2018025695","2051","1","0","0","0","0","0","0","0","0","99","0","","02","2","2018","4","40.282215","-79.910107","2044","11","0","0","0","0","0","0","0","0","","0","0","0","20","","0","","0","","40 16:55.973","","0","79 54:36.384","0","0","0","0","2440","0","0","0","","0","0","0","1","02440","0","","1.0","","1","N","N","","0","","0","0","0","","0","","2040","1","0","0","0","0","0","0","2","0","1","","","","N","","","","","","","","","",""
"2018024557","0227","1","0","0","0","0","0","0","0","0","7","0","","02","2","2018","1","40.276473","-79.804588","0221","11","0","0","0","1","0","0","0","0","2","0","0","0","02","","0","","0","","40 16:35.303","5","3","79 48:16.516","0","0","0","0","2105","0","0","0","N","0","0","0","1","02105","0","","2.0","","9","N","N","","0","","0","0","0","","0","N","0221","1","0","0","0","0","0","0","2","0","1","","","","N","","","","","","","","","",""
"2018031648","1817","1","0","0","0","0","0","0","0","0","7","1","","02","2","2018","7","40.37222","-80.112846","1756","11","0","0","0","0","0","0","0","0","","0","1","0","17","","0","","0","","40 22:19.993","","0","80 06:46.245","9","0","0","0","2102","0","0","0","Y","0","0","0","2","68B03","0","","2.0","","9","N","N","","0","","0","0","0","","0","","1755","2","0","0","0","0","0","1","2","0","2","","","","N","","","","","","","","","",""
"2018024076","2149","1","0","0","0","0","0","0","0","0","4","0","","02","2","2018","7","40.437161","-79.919247","2146","11","0","0","0","0","0","0","0","0","2","0","0","0","21","","0","","1","","40 26:13.779","1","0","79 55:09.289","0","0","0","0","2301","0","0","0","N","0","0","0","2","02301","0","","1.0","","9","N","N","","0","","0","0","0","","3","N","2144","2","0","0","0","0","0","0","2","1","2","","","","N","","","","","","","","","",""
"2018027241","0902","2","0","0","0","0","0","0","0","0","1","0","","02","3","2018","3","40.43135","-79.839073","0902","11","0","0","0","0","0","1","1","0","","0","0","0","09","","2","","2","","40 25:52.859","","0","79 50:20.661","3","0","0","0","2419","0","0","0","N","0","0","0","3","02419","0","","1.0","","1","N","N","","0","","1","0","1","","3","","0901","3","2","0","0","0","1","0","2","0","3","","","","N","","","","","","","","","",""
"2018026690","0932","1","0","0","0","0","0","0","0","0","1","0","","02","2","2018","3","40.466843","-80.001051","0921","11","0","0","0","0","0","0","0","0","","0","0","0","09","","0","","0","","40 28:00.635","","0","80 00:03.784","0","0","0","0","2301","0","0","0","","0","0","0","2","68B03","0","","1.0","","1","N","N","","0","","0","0","1","","0","","0920","2","0","0","0","0","0","0","2","0","2","","","","N","","","","","","","","","",""
"2018025469","0558","1","0","0","0","0","0","0","0","0","7","0","","02","3","2018","5","40.461381","-79.863097","0551","11","0","0","0","0","0","0","0","0","2","0","0","0","05","","0","","3","","40 27:40.973","3","0","79 51:47.149","0","0","0","0","2113","0","0","0","N","0","0","0","0","02113","0","","5.0","","1","N","N","","0","","0","0","0","","4","Y","0545","1","0","0","0","0","0","0","2","0","1","","","","N","","","","","","","","","",""
"2018027768","1726","1","0","0","0","0","0","0","0","0","7","0","","02","3","2018","1","40.653394","-80.093623","1710","11","0","0","0","0","0","1","0","0","2","0","0","0","17","","0","","0","","40 39:12.218","2","0","80 05:37.044","0","0","0","0","2212","0","0","0","","0","0","0","1","68B03","0","","4.0","","1","N","N","","0","","0","0","0","","0","Y","1709","1","0","0","0","0","0","0","2","0","1","","","","N","","","","","","","","","",""
"2018024201","0633","0","0","0","0","0","0","0","0","0","7","1","","02","2","2018","7","40.439338","-80.010508","0625","11","0","0","0","0","0","0","0","0","2","0","1","0","06","","1","","0","","40 26:21.616","4","3","80 00:37.828","8","0","0","0","2301","0","0","0","","0","0","0","1","68B03","0","","4.0","","1","N","N","","0","","0","0","0","","0","N","0624","1","1","0","0","0","1","0","2","0","1","","","","N","","","","","","","","","",""
"2018027798","2025","0","0","0","0","0","0","0","0","0","1","0","","02","2","2018","3","40.604478","-79.76538","2024","11","0","0","0","0","0","0","0","0","","0","0","0","20","","0","","0","","40 36:16.121","","0","79 45:55.367","9","0","0","0","2464","0","0","0","","0","0","0","2","68D02","0","","1.0","","1","N","N","","1","","0","0","0","","0","","2018","2","0","0","0","0","0","1","2","0","2","","","","N","","","","","","","","","",""
"2018027180","0629","0","0","0","0","0","0","0","0","0","7","1","","02","3","2018","2","40.551673","-80.086788","0609","11","0","0","0","0","0","1","0","0","","0","1","0","01","","1","","0","","40 33:06.021","","0","80 05:12.436","8","0","0","0","2215","0","0","0","N","0","0","0","1","68B03","0","","4.0","","1","N","N","","0","","0","0","0","","0","","0127","1","1","0","0","0","1","0","2","0","1","","","","N","","","","","","","","","",""
"2018024720","1100","0","0","0","1","0","1","0","0","0","8","0","","02","2","2018","7","40.424957","-79.980611","1033","11","0","0","0","0","0","1","0","0","3","0","0","0","10","","1","","0","","40 25:29.846","5","0","79 58:50.199","2","0","0","0","2301","1","0","1","N","0","0","0","2","02301","0","","1.0","","1","N","N","","0","","0","1","0","","0","Y","1033","2","1","0","0","0","0","0","2","1","1","","","","N","","","","","","","","","",""
"2018029598","1620","1","0","0","0","0","0","0","0","0","1","0","","02","3","2018","7","40.434468","-79.793368","1615","11","0","0","0","1","0","0","0","0","1","0","0","0","16","","0","","7","","40 26:04.086","4","2","79 47:36.124","0","0","0","0","2446","0","0","0","N","0","0","0","2","02446","0","","1.0","","1","N","N","","0","","0","0","1","","4","N","1615","2","0","0","0","0","0","0","2","0","2","","","","N","","","","","","","","","",""
"2018020350","0155","1","0","0","0","0","0","0","0","0","4","0","","02","2","2018","1","40.39919","-80.025075","0151","11","0","0","0","0","0","0","0","0","","0","1","0","01","","0","","2","","40 23:57.084","","0","80 01:30.271","0","0","0","0","2301","0","0","0","N","0","0","0","3","02301","0","","1.0","","9","N","N","","0","","0","0","0","","0","","0145","2","0","0","0","0","0","0","2","0","2","","","","N","","","","","","","","","",""