"CRN","ARRIVAL_TM","AUTOMOBILE_COUNT","BELTED_DEATH_COUNT","BELTED_SUSP_SERIOUS_INJ_COUNT","BICYCLE_COUNT","BICYCLE_DEATH_COUNT","BICYCLE_SUSP_SERIOUS_INJ_COUNT","BUS_COUNT","CHLDPAS_DEATH_COUNT","CHLDPAS_SUSP_SERIOUS_INJ_COUNT","COLLISION_TYPE","COMM_VEH_COUNT","CONS_ZONE_SPD_LIM","COUNTY","CRASH_MONTH","CRASH_YEAR","DAY_OF_WEEK","DEC_LATITUDE","DEC_LONGITUDE","DISPATCH_TM","DISTRICT","DRIVER_COUNT_16YR","DRIVER_COUNT_17YR","DRIVER_COUNT_18YR","DRIVER_COUNT_19YR","DRIVER_COUNT_20YR","DRIVER_COUNT_50_64YR","DRIVER_COUNT_65_74YR","DRIVER_COUNT_75PLUS","EST_HRS_CLOSED","FATAL_COUNT","HEAVY_TRUCK_COUNT","HORSE_BUGGY_COUNT","HOUR_OF_DAY","ILLUMINATION","INJURY_COUNT","INTERSECTION_RELATED","INTERSECT_TYPE","LANE_CLOSED","LATITUDE","LN_CLOSE_DIR","LOCATION_TYPE","LONGITUDE","MAX_SEVERITY_LEVEL","MCYCLE_DEATH_COUNT","MCYCLE_SUSP_SERIOUS_INJ_COUNT","MOTORCYCLE_COUNT","MUNICIPALITY","NONMOTR_COUNT","NONMOTR_DEATH_COUNT","NONMOTR_SUSP_SERIOUS_INJ_COUNT","NTFY_HIWY_MAINT","PED_COUNT","PED_DEATH_COUNT","PED_SUSP_SERIOUS_INJ_COUNT","PERSON_COUNT","POLICE_AGCY","POSSIBLE_INJ_COUNT","RDWY_SURF_TYPE_CD","RELATION_TO_ROAD","ROADWAY_CLEARED","ROAD_CONDITION","SCH_BUS_IND","SCH_ZONE_IND","SECONDARY_CRASH","SMALL_TRUCK_COUNT","SPEC_JURIS_CD","SUSP_MINOR_INJ_COUNT","SUSP_SERIOUS_INJ_COUNT","SUV_COUNT","TCD_FUNC_CD","TCD_TYPE","TFC_DETOUR_IND","TIME_OF_DAY","TOTAL_UNITS","TOT_INJ_COUNT","UNBELTED_OCC_COUNT","UNB_DEATH_COUNT","UNB_SUSP_SERIOUS_INJ_COUNT","UNK_INJ_DEG_COUNT","UNK_INJ_PER_COUNT","URBAN_RURAL","VAN_COUNT","VEHICLE_COUNT","WEATHER1","WEATHER2","WORKERS_PRES","WORK_ZONE_IND","WORK_ZONE_LOC","WORK_ZONE_TYPE","WZ_CLOSE_DETOUR","WZ_FLAGGER","WZ_LAW_OFFCR_IND","WZ_LN_CLOSURE","WZ_MOVING","WZ_OTHER","WZ_SHLDER_MDN","WZ_WORKERS_INJ_KILLED"
"2018026458","1119","0","0","0","0","0","0","0","0","0","1","0","","02","3","2018","1","40.499794","-79.883486","1116","11","0","1","0","0","0","0","0","1","2","0","0","0","11","","2","","0","","40 29:59.258","2","0","79 53:00.549","8","0","0","0","2432","0","0","0","N","0","0","0","3","02432","0","","1.0","","1","N","N","","0","","0","0","2","","0","N","1116","2","2","0","0","0","2","0","2","0","2","","","","N","","","","","","","","","",""
"2018022530","1239","0","0","0","0","0","0","0","0","0","7","0","","02","2","2018","2","40.541706","-80.122003","1212","11","0","0","0","0","0","0","0","0","2","0","0","0","12","","1","","0","","40 32:30.141","2","0","80 07:19.209","3","0","0","0","2215","0","0","0","","0","0","0","1","68B03","0","","4.0","","9","N","N","","1","","1","0","0","","0","N","1211","1","1","0","0","0","0","0","1","0","1","","","","N","","","","","","","","","",""
"2018019666","1109","1","0","0","0","0","0","0","0","0","4","0","","02","2","2018","7","40.290721","-79.913404","1106","11","1","0","0","0","0","0","0","0","","0","0","0","11","","0","","3","","40 17:26.597","","0","79 54:48.253","9","0","0","0","2440","0","0","0","","0","0","0","2","02440","0","","1.0","","1","N","N","","0","","0","0","1","","0","","1104","2","0","0","0","0","0","1","2","0","2","","","","N","","","","","","","","","",""
"2018017042","1252","2","0","0","0","0","0","0","0","0","4","0","","02","2","2018","4","40.39919","-80.025075","1244","11","0","0","0","0","1","1","0","0","","0","0","0","12","","1","","2","","40 23:57.084","","0","80 01:30.271","3","0","0","0","2301","0","0","0","N","0","0","0","2","02301","0","","1.0","","2","N","N","","0","","1","0","0","","0","","1244","2","1","0","0","0","0","0","2","0","2","","","","N","","","","","","","","","",""
"2018024160","1635","1","0","0","0","0","0","1","0","0","1","1","","02","1","2018","4","40.543725","-80.043799","1628","11","0","0","0","0","0","1","0","1","1","0","0","0","16","","1","","2","","40 32:37.409","3","0","80 02:37.677","8","0","0","0","2116","0","0","0","N","0","0","0","2","02116","0","","1.0","","1","Y","N","","0","","0","0","0","","0","N","1627","2","1","0","0","0","1","0","2","0","2","","","","N","","","","","","","","","",""
"2018024829","0437","1","0","0","0","0","0","0","0","0","0","0","","02","2","2018","2","40.498819","-80.210136","0437","11","0","0","0","0","0","0","0","0","","0","0","0","04","","1","","0","","40 29:55.748","","0","80 12:36.490","8","0","0","0","2213","0","0","0","N","0","0","0","1","02213","0","","2.0","","1","N","N","","0","","0","0","0","","0","","0437","1","1","0","0","0","1","0","2","0","1","","","","N","","","","","","","","","",""
"2018022497","0928","1","0","0","0","0","0","0","0","0","7","0","","02","2","2018","4","40.437168","-80.149919","0928","11","0","0","0","0","0","0","0","0","2","0","0","0","09","","0","","0","","40 26:13.804","3","2","80 08:59.710","0","0","0","0","2115","0","0","0","","0","0","0","1","68B03","0","","4.0","","9","N","N","","0","","0","0","0","","0","N","0928","1","0","0","0","0","0","0","2","0","1","","","","N","","","","","","","","","",""
"2018025203","1250","2","0","0","0","0","0","0","0","0","1","0","","02","2","2018","4","40.447154","-79.895123","1244","11","0","0","0","0","0","1","2","0","","0","0","0","12","","1","","1","","40 26:49.753","","0","79 53:42.442","3","0","0","0","2301","0","0","0","N","0","0","0","6","02301","0","","1.0","","1","N","N","","0","","1","0","1","","2","","1244","3","1","0","0","0","0","0","2","0","3","","","","N","","","","","","","","","",""
"2018019584","1751","1","0","0","0","0","0","0","0","0","7","0","","02","2","2018","1","40.260078","-79.848679","1745","11","0","0","0","0","0","0","1","0","1","0","0","0","17","","1","","0","","40 15:36.281","1","0","79 50:55.243","4","0","0","0","2105","0","0","0","N","0","0","0","2","02105","1","","5.0","","9","N","N","","0","","0","0","0","","0","N","1745","1","1","0","0","0","0","0","1","0","1","","","","N","","","","","","","","","",""
"2018017017","1147","1","0","0","0","0","0","0","0","0","7","0","","02","2","2018","4","40.452887","-80.039341","1144","11","0","0","0","0","0","0","0","0","1","0","0","0","11","","0","","2","","40 27:10.392","4","4","80 02:21.628","0","0","0","0","2301","0","0","0","N","0","0","0","2","02301","0","","2.0","","6","N","N","","0","","0","0","0","","0","N","1140","1","0","0","0","0","0","0","2","0","1","","","","N","","","","","","","","","",""
"2018011529","1525","0","0","1","0","0","0","0","0","0","2","0","","02","1","2018","2","40.587352","-79.878777","1522","11","0","0","0","0","0","1","0","0","4","1","0","0","15","","1","","0","","40 35:14.466","5","3","79 52:43.598","1","0","0","0","2209","0","0","0","N","0","0","0","2","02209","0","2","1.0","","1","N","N","","0","0","0","1","0","","0","Y","1522","2","1","1","1","0","0","0","1","2","2","","","","N","","","","","","","","","",""
"2018020034","1332","1","0","0","0","0","0","0","0","0","7","0","","02","2","2018","1","40.602975","-79.766478","1306","11","0","0","0","0","0","0","0","0","","0","0","0","13","","0","","0","","40 36:10.710","","0","79 45:59.321","0","0","0","0","2464","0","0","0","","0","0","0","2","68D02","0","","2.0","","6","N","N","","0","","0","0","0","","0","","1303","1","0","0","0","0","0","0","2","0","1","","","","N","","","","","","","","","",""
"2018022736","0815","1","0","0","0","0","0","0","0","0","1","0","","02","2","2018","3","40.54263","-80.205148","0810","11","0","0","0","0","1","1","0","0","","0","0","0","08","","0","","1","","40 32:33.468","","0","80 12:18.533","0","0","0","0","2213","0","0","0","N","0","0","0","2","02213","0","","1.0","","1","N","N","","0","","0","0","1","","2","","0810","2","0","0","0","0","0","0","2","0","2","","","","N","","","","","","","","","",""
"2018002885","1843","1","0","0","0","0","0","0","0","0","7","0","","02","1","2018","6","40.66125","-79.783903","1837","11","0","0","0","0","0","0","0","0","1","0","0","0","18","","0","","0","","40 39:40.500","5","0","79 47:02.050","0","0","0","0","2202","0","0","0","N","0","0","0","1","02202","0","","4.0","","2","N","N","","0","","0","0","0","","0","N","1835","1","0","0","0","0","0","0","1","0","1","","","","N","","","","","","","","","",""
"2018028775","0626","0","0","0","0","0","0","0","0","0","7","1","","02","3","2018","6","40.394295","-79.897272","0626","11","0","0","0","0","0","1","0","0","","0","1","0","06","","0","","2","","40 23:39.463","","0","79 53:50.180","0","0","0","0","2448","0","0","0","N","0","0","0","2","02448","0","","5.0","","2","N","N","","0","","0","0","0","","0","","0626","1","0","0","0","0","0","0","2","0","1","","","","N","","","","","","","","","",""
"2018024810","1053","1","0","0","0","0","0","0","0","0","0","1","","02","2","2018","4","40.370166","-79.778022","1048","11","0","0","0","0","0","1","0","1","2","0","1","0","10","","0","","0","","40 22:12.597","5","0","79 46:40.878","0","0","0","0","2111","0","0","0","N","0","0","0","3","02111","0","","1.0","","1","N","N","","0","","0","0","0","","0","N","1048","2","0","0","0","0","0","0","2","0","2","","","","N","","","","","","","","","",""
"2018018466","1805","1","0","0","0","0","0","0","0","0","0","0","","02","2","2018","6","40.294848","-79.831161","1800","11","0","0","0","0","0","1","0","0","2","0","0","0","18","","1","","0","","40 17:41.451","5","0","79 49:52.181","3","0","0","0","2105","0","0","0","N","0","0","0","2","02105","0","","5.0","","9","N","N","","0","","1","0","0","","0","N","1800","1","1","0","0","0","0","0","2","0","1","","","","N","","","","","","","","","",""
"2018021234","2147","1","0","0","0","0","0","0","0","0","7","0","","02","2","2018","7","40.416924","-80.024109","2143","11","0","0","0","0","0","0","0","0","1","0","0","0","21","","0","","2","","40 25:00.925","5","0","80 01:26.792","0","0","0","0","2301","0","0","0","N","0","0","0","1","02301","0","","4.0","","9","N","N","","0","","0","0","0","","0","N","2135","1","0","0","0","0","0","0","2","0","1","","","","N","","","","","","","","","",""
"2018018785","0436","1","0","0","0","0","0","0","0","0","7","0","","02","1","2018","2","40.44149","-80.008814","0436","11","0","0","0","0","0","0","0","0","","0","0","0","04","","0","","0","","40 26:29.365","","3","80 00:31.730","0","0","0","0","2301","0","0","0","","0","0","0","2","68B03","0","","2.0","","2","N","N","","0","","0","0","0","","0","","0434","1","0","0","0","0","0","0","2","0","1","","","","N","","","","","","","","","",""
"2018022693","0715","1","0","0","0","0","0","0","0","0","7","0","","02","2","2018","2","40.487701","-80.203413","0712","11","0","0","0","0","0","0","0","0","","0","0","0","07","","0","","0","","40 29:15.723","","0","80 12:12.287","0","0","0","0","2213","0","0","0","N","0","0","0","1","02213","0","","3.0","","2","N","N","","0","","0","0","0","","0","","0712","1","0","0","0","0","0","0","2","0","1","","","","N","","","","","","","","","",""
"2018024879","1426","0","0","0","0","0","0","0","0","0","7","0","","02","2","2018","6","40.561361","-79.800315","1424","11","0","0","0","0","0","1","0","0","","0","0","0","13","","0","","0","","40 33:40.899","","0","79 48:01.135","0","0","0","0","2121","0","0","0","","0","0","0","1","68D02","0","","2.0","","1","N","N","","0","","0","0","1","","0","","1338","1","0","0","0","0","0","0","2","0","1","","","","N","","","","","","","","","",""
"2018022531","1217","1","0","0","0","0","0","0","0","0","7","0","","02","2","2018","2","40.441998","-79.792578","1217","11","0","0","0","0","0","1","0","0","","0","0","0","12","","1","","0","","40 26:31.194","","0","79 47:33.282","8","0","0","0","2446","0","0","0","","0","0","0","1","68B03","0","","4.0","","9","N","N","","0","","0","0","0","","0","","1217","1","1","0","0","0","1","0","2","0","1","","","","N","","","","","","","","","",""
"2018020377","0945","2","0","0","0","0","0","0","0","0","4","0","","02","2","2018","4","40.567401","-80.00714","0939","11","0","0","0","0","0","1","0","0","","0","0","0","09","","0","","0","","40 34:02.645","","0","80 00:25.703","0","0","0","0","2108","0","0","0","","0","0","0","2","02108","0","","1.0","","1","N","N","","0","","0","0","0","","0","","0936","2","0","0","0","0","0","0","2","0","2","","","","N","","","","","","","","","",""
"2018012021","0857","1","0","0","0","0","0","1","0","0","1","1","","02","1","2018","5","40.422732","-79.930044","0845","11","0","0","0","0","0","0","0","0","2","0","0","0","08","","0","","2","","40 25:21.835","6","0","79 55:48.158","0","0","0","0","2301","0","0","0","N","0","0","0","8","02301","0","","1.0","","1","Y","N","","0","","0","0","0","","0","Y","0845","2","0","0","0","0","0","0","2","0","2","","","","N","","","","","","","","","",""
"2018019714","1300","1","0","0","0","0","0","0","0","0","7","0","55","02","2","2018","4","40.508133","-80.044773","1257","11","0","0","0","0","0","0","0","0","","0","0","0","12","","0","","0","","40 30:29.279","","0","80 02:41.181","0","0","0","0","2116","0","0","0","","0","0","0","1","68B03","0","","5.0","","6","N","N","","0","","0","0","0","","0","","1256","1","0","0","0","0","0","0","2","0","1","","","Y","Y","5","1","N","N","N","N","N","N","Y",""
"2018018298","2030","1","0","0","0","0","0","0","0","0","7","0","","02","2","2018","5","40.580339","-80.096962","2009","11","0","0","0","0","0","0","0","0","1","0","0","0","20","","1","","0","","40 34:49.219","2","0","80 05:49.064","3","0","0","0","2481","0","0","0","","0","0","0","1","68B03","0","","4.0","","1","N","N","","0","","1","0","0","","0","N","2007","1","1","0","0","0","0","0","2","0","1","","","","N","","","","","","","","","",""
"2018015313","2101","1","0","0","0","0","0","0","0","0","0","0","","02","1","2018","4","40.223333","-79.904611","2044","11","0","1","0","0","0","0","0","0","2","0","0","0","20","","1","N","0","","40 13:24.000","5","0","79 54:16.600","4","0","0","0","2204","0","0","0","N","0","0","0","1","02204","1","","2.0","","9","N","N","","0","","0","0","0","","0","Y","2044","1","1","0","0","0","0","0","1","0","1","","","","N","","","","","","","","","",""
"2018020773","1648","0","0","0","0","0","0","0","0","0","7","0","","02","2","2018","5","40.56796","-80.049493","1643","11","0","0","0","0","1","0","0","0","1","0","0","0","16","","1","","1","","40 34:04.655","7","0","80 02:58.174","4","0","0","0","2108","0","0","0","","0","0","0","1","02108","1","","4.0","","9","N","N","","0","","0","0","1","","0","Y","1641","1","1","0","0","0","0","0","2","0","1","","","","N","","","","","","","","","",""
"2018020147","2104","0","0","0","0","0","0","0","0","0","8","0","","02","2","2018","4","40.469796","-79.960892","2100","11","0","0","0","0","0","1","0","0","1","0","0","0","21","","1","","2","","40 28:11.265","2","0","79 57:39.210","3","0","0","0","2301","1","0","0","N","1","0","0","2","02301","0","","1.0","","9","Y","N","","0","","1","0","1","","0","Y","2100","2","1","1","0","0","0","0","2","0","1","","","","N","","","","","","","","","",""
"2018023030","1028","1","0","0","0","0","0","0","0","0","8","0","","02","2","2018","5","40.434343","-79.918761","1025","11","0","0","0","0","0","0","0","0","","0","0","0","10","","1","","2","","40 26:03.634","","0","79 55:07.539","3","0","0","0","2301","1","0","0","N","1","0","0","2","02301","0","","1.0","","9","N","N","","0","","1","0","0","","8","","1024","2","1","0","0","0","0","0","2","0","1","","","","N","","","","","","","","","",""
"2018019397","0830","1","0","0","0","0","0","0","0","0","7","0","","02","2","2018","2","40.442428","-79.763114","0800","11","0","0","0","0","0","0","0","0","1","0","0","0","07","","1","","0","","40 26:32.740","3","0","79 45:47.211","3","0","0","0","2446","0","0","0","","0","0","0","1","68B03","0","","4.0","","6","N","N","","0","","1","0","0","","0","N","0758","1","1","0","0","0","0","0","2","0","1","","","","N","","","","","","","","","",""
"2018018289","1723","1","0","0","0","0","0","0","0","0","7","0","","02","2","2018","4","40.489021","-80.009685","1653","11","0","0","0","0","0","0","0","0","2","0","0","0","16","","0","","0","","40 29:20.477","2","0","80 00:34.865","0","0","0","0","2301","0","0","0","","0","0","0","1","68B03","0","","4.0","","9","N","N","","0","","0","0","0","","0","N","1638","1","0","0","0","0","0","0","2","0","1","","","","N","","","","","","","","","",""
"2018019246","1132","2","0","0","0","0","0","0","0","0","1","0","","02","2","2018","7","40.425673","-79.904955","1122","11","0","0","0","0","0","1","0","0","2","0","0","0","11","","1","","0","","40 25:32.424","4","0","79 54:17.839","8","0","0","0","2301","0","0","0","","0","0","0","3","68B03","0","","1.0","","1","N","N","","0","","0","0","1","","0","N","1120","3","1","0","0","0","1","0","2","0","3","","","","N","","","","","","","","","",""
"2018009724","0945","1","0","0","0","0","0","0","0","0","8","0","","02","1","2018","6","40.423375","-79.886797","0945","11","0","0","0","0","0","0","0","0","3","1","0","0","09","","0","","2","","40 25:24.150","7","1","79 53:12.469","1","0","0","0","2463","1","1","0","N","1","1","0","2","02463","0","2","1.0","","9","N","N","","0","0","0","0","0","","2","Y","0945","2","0","0","0","0","0","0","2","0","1","","","","N","","","","","","","","","",""
"2018021791","1619","2","0","0","0","0","0","0","0","0","4","0","","02","2","2018","2","40.321148","-79.942158","1619","11","0","0","1","0","0","1","0","0","","0","0","0","16","","1","","1","","40 19:16.133","","0","79 56:31.769","3","0","0","0","2454","0","0","0","N","0","0","0","3","02454","0","","1.0","","1","N","N","","0","","1","0","0","","2","","1619","2","1","0","0","0","0","0","2","0","2","","","","N","","","","","","","","","",""
"2018024202","1007","0","0","0","0","0","0","0","0","0","0","1","","02","2","2018","7","40.44036","-80.008929","0952","11","0","0","0","0","0","0","0","0","3","0","1","0","","","1","","0","","40 26:25.295","1","0","80 00:32.145","8","0","0","0","2301","0","0","0","Y","0","0","0","1","68B03","0","","1.0","","1","N","N","","0","","0","0","0","","0","Y","","1","1","0","0","0","1","0","2","0","1","","","","N","","","","","","","","","",""
"2018022720","0857","0","0","0","0","0","0","0","0","0","7","0","","02","2","2018","2","40.537836","-79.843093","0854","11","0","0","0","0","0","0","0","0","2","0","0","0","","","1","","0","","40 32:16.211","2","0","79 50:35.134","8","0","0","0","2208","0","0","0","","0","0","0","1","68D02","0","","4.0","","2","N","N","","0","","0","0","1","","0","N","","1","1","0","0","0","1","0","2","0","1","","","","N","","","","","","","","","",""
"2018012891","0634","0","0","0","0","0","0","0","0","0","7","1","","02","1","2018","2","40.445526","-80.03013","0626","11","0","0","0","0","0","1","0","0","2","0","0","0","","","2","","0","","40 26:43.892","3","0","80 01:48.468","8","0","0","0","2301","0","0","0","N","0","0","0","3","02301","0","","4.0","","2","N","N","","0","","0","0","2","","0","Y","","3","2","0","0","0","2","0","2","0","3","","","","N","","","","","","","","","",""
"2018017324","2207","1","0","0","0","0","0","0","0","0","6","0","","02","2","2018","3","40.387889","-79.831472","2206","11","0","0","0","0","1","0","0","0","2","0","0","0","","","1","","0","","40 23:16.400","5","0","79 49:53.300","3","0","0","0","2111","0","0","0","N","0","0","0","3","02111","0","","1.0","","1","N","N","","0","","1","0","1","","0","Y","","2","1","0","0","0","0","0","2","0","2","","","","N","","","","","","","","","",""
"2018024559","1901","1","0","0","0","0","0","0","0","0","2","0","","02","2","2018","2","40.410522","-80.026541","1858","11","0","0","0","0","0","2","0","0","1","0","0","0","","","0","","1","","40 24:37.879","4","0","80 01:35.547","0","0","0","0","2301","0","0","0","N","0","0","0","3","02301","0","","1.0","","1","N","N","","0","","0","0","1","","3","N","","2","0","1","0","0","0","0","2","0","2","","","","N","","","","","","","","","",""
"2018018229","0705","1","0","0","0","0","0","0","0","0","4","0","","02","2","2018","6","40.36157","-80.063845","0700","11","0","0","0","0","0","0","0","0","2","0","0","0","","","1","","2","","40 21:41.653","6","0","80 03:49.841","4","0","0","0","2109","0","0","0","","0","0","0","2","02109","1","","1.0","","1","N","N","","0","","0","0","1","","2","N","","2","1","0","0","0","0","0","2","0","2","","","","N","","","","","","","","","",""
"2018018228","1855","0","0","0","0","0","0","0","0","0","8","0","","02","2","2018","5","40.373443","-80.048838","1852","11","0","0","0","0","0","0","1","0","2","0","0","0","","","1","","2","","40 22:24.396","5","0","80 02:55.817","3","0","0","0","2109","1","0","0","","1","0","0","4","02109","0","","1.0","","1","N","N","","0","","1","0","1","","2","Y","","2","1","0","0","0","0","0","2","0","1","","","","N","","","","","","","","","",""
"2018019124","1646","0","0","0","0","0","0","0","0","0","4","1","","02","2","2018","2","40.358929","-79.908297","1646","11","0","0","0","0","0","1","0","0","","0","0","0","","","0","","2","","40 21:32.146","","0","79 54:29.870","0","0","0","0","2473","0","0","0","N","0","0","0","2","02473","0","","1.0","","1","N","N","","1","","0","0","1","","3","","","2","0","0","0","0","0","0","2","0","2","","","","N","","","","","","","","","",""
"2018031121","2315","1","0","0","0","0","0","0","0","0","1","1","","02","3","2018","4","40.523861","-80.178703","2310","11","0","0","0","0","0","1","0","0","2","0","1","0","","","1","","0","","40 31:25.899","4","0","80 10:43.330","4","0","0","0","2213","0","0","0","N","0","0","0","2","02213","1","","1.0","","1","N","N","","0","","0","0","0","","0","N","","2","1","0","0","0","0","0","2","0","2","","","","N","","","","","","","","","",""
"2018019665","1103","1","0","0","0","0","0","0","0","0","7","0","","02","2","2018","6","40.28592","-79.910808","1058","11","0","0","0","0","0","0","0","0","","0","0","0","","","0","","0","","40 17:09.311","","0","79 54:38.908","0","0","0","0","2440","0","0","0","","0","0","0","1","02440","0","","1.0","","2","N","N","","0","","0","0","0","","0","","","1","0","0","0","0","0","0","2","0","1","","","","N","","","","","","","","","",""
"2018012608","1807","0","0","0","0","0","0","0","0","0","4","0","","02","1","2018","5","40.576692","-80.222432","1803","11","0","0","0","0","0","0","0","0","2","0","0","0","","","2","","2","","40 34:36.090","1","6","80 13:20.756","3","0","0","0","2441","0","0","0","N","0","0","0","2","02441","0","","1.0","","1","N","N","","1","","2","0","1","","2","N","","2","2","0","0","0","0","0","2","0","2","","","","N","","","","","","","","","",""
"2018019536","1248","2","0","0","0","0","0","0","0","0","4","0","","02","2","2018","6","40.586866","-80.037641","1248","11","0","0","0","0","0","0","0","0","","0","0","0","","","0","","0","","40 35:12.716","","0","80 02:15.506","0","0","0","0","2108","0","0","0","","0","0","0","2","02108","0","","1.0","","1","N","N","","0","","0","0","0","","0","","","2","0","0","0","0","0","0","2","0","2","","","","N","","","","","","","","","",""
"2018002304","2150","2","0","0","0","0","0","0","0","0","5","0","","02","1","2018","5","40.438299","-79.994478","2150","11","0","0","0","0","0","0","0","0","","0","0","0","","","0","","2","","40 26:17.878","","0","79 59:40.119","0","0","0","0","2301","0","0","0","N","0","0","0","5","02301","0","","1.0","","1","N","N","","0","","0","0","0","","2","N","","2","0","0","0","0","0","0","2","0","2","","","","N","","","","","","","","","",""
"2018000173","1446","1","0","0","0","0","0","0","0","0","7","0","","02","1","2018","2","40.453306","-80.211611","1434","11","0","0","0","0","0","0","0","0","","0","0","0","","","0","","0","","40 27:11.900","","0","80 12:41.800","0","0","0","0","2214","0","0","0","N","0","0","0","1","02214","0","","5.0","","98","N","N","","0","","0","0","0","","0","","","1","0","0","0","0","0","0","2","0","1","","","","N","","","","","","","","","",""
"2018036348","1624","1","0","0","0","0","0","0","0","0","8","0","","02","3","2018","2","40.454043","-79.912443","1624","11","0","0","0","0","0","1","0","0","","0","0","0","","","1","","1","","40 27:14.553","","0","79 54:44.793","3","0","0","0","2301","1","0","0","N","1","0","0","3","02301","0","","1.0","","1","N","N","","0","","1","0","0","","2","","","2","1","0","0","0","0","0","2","0","1","","","","N","","","","","","","","","",""
"2018035485","0039","1","0","0","0","0","0","0","0","0","7","0","","02","3","2018","5","40.307103","-79.900751","0035","11","0","0","0","0","0","0","0","0","","0","0","0","","","0","","0","","40 18:25.570","","0","79 54:02.704","0","0","0","0","2440","0","0","0","","0","0","0","1","02440","0","","5.0","","2","N","N","","0","","0","0","0","","0","","","1","0","0","0","0","0","0","2","0","1","","","","N","","","","","","","","","",""
"2018000160","1319","0","0","0","0","0","0","0","0","0","99","0","","02","1","2018","2","40.441889","-80.007139","1311","11","0","0","0","0","0","0","0","0","1","0","0","0","","","1","","0","","40 26:30.800","2","0","80 00:25.700","8","0","0","0","2301","0","0","0","N","0","0","0","7","02301","0","","1.0","","1","N","N","","0","","0","0","2","","0","N","","2","1","0","0","0","1","0","2","0","2","","","","N","","","","","","","","","",""
"2018005584","1516","2","0","0","0","0","0","0","0","0","4","0","","02","1","2018","4","40.58826","-80.048719","1512","11","0","0","0","0","0","0","0","1","2","0","0","0","","","2","","2","","40 35:17.736","4","0","80 02:55.387","8","0","0","0","2108","0","0","0","Y","0","0","0","2","02108","0","","1.0","","1","N","N","","0","","0","0","0","","3","Y","","2","2","0","0","0","2","0","2","0","2","","","","N","","","","","","","","","",""
"2018031667","0953","1","0","0","0","0","0","0","0","0","7","0","","02","3","2018","7","40.425811","-80.031279","0849","11","0","0","0","0","1","0","0","0","2","0","0","0","","","0","","6","","40 25:32.921","3","2","80 01:52.605","0","0","0","0","2301","0","0","0","","0","0","0","1","68B03","0","","4.0","","1","N","N","","0","","0","0","0","","0","N","","1","0","1","0","0","0","0","2","0","1","","","","N","","","","","","","","","",""
"2018035392","1417","1","0","0","0","0","0","0","0","0","7","0","","02","3","2018","4","40.499589","-79.785592","1340","11","0","0","0","0","1","0","0","0","","0","0","0","","","0","","0","","40 29:58.520","","0","79 47:08.131","0","0","0","0","2466","0","0","0","","0","0","0","1","68T02","0","","2.0","","6","N","N","","0","","0","0","0","","0","","","1","0","0","0","0","0","0","2","0","1","","","","N","","","","","","","","","",""
"2018002226","1323","1","0","0","0","0","0","0","0","0","4","0","","02","1","2018","5","40.385771","-80.050122","1321","11","0","0","0","1","0","1","0","0","1","0","0","0","","","0","","1","","40 23:08.775","4","0","80 03:00.439","0","0","0","0","2109","0","0","0","N","0","0","0","3","02109","0","","1.0","","1","N","N","","0","","0","0","1","","3","Y","","2","0","0","0","0","0","0","2","0","2","","","","N","","","","","","","","","",""
"2018033770","1750","2","0","0","0","0","0","0","0","0","4","0","","02","3","2018","3","40.60013","-80.077991","1745","11","0","0","0","0","0","0","1","0","1","0","0","0","","","0","","11","","40 36:00.467","2","0","80 04:40.767","0","0","0","0","2481","0","0","0","N","0","0","0","3","02481","0","","1.0","","9","N","N","","1","","0","0","0","","3","Y","","3","0","0","0","0","0","0","2","0","3","","","","N","","","","","","","","","",""
"2018000121","0930","0","0","0","0","0","0","0","0","0","7","0","","02","1","2018","2","40.463306","-79.806861","0925","11","0","0","1","0","0","0","0","0","2","0","0","0","","","0","","0","","40 27:47.900","6","0","79 48:24.700","0","0","0","0","2113","0","0","0","N","0","0","0","2","02113","0","","5.0","","6","N","N","","0","","0","0","1","","0","Y","","1","0","0","0","0","0","0","2","0","1","","","","N","","","","","","","","","",""
"2018034227","1223","1","0","0","0","0","0","0","0","0","2","0","","02","3","2018","4","40.421178","-79.799842","1211","11","0","0","0","0","0","0","0","0","1","0","0","0","","","0","","2","","40 25:16.240","3","0","79 47:59.431","0","0","0","0","2446","0","0","0","N","0","0","0","2","02446","0","","1.0","","7","N","N","","1","","0","0","0","","3","N","","2","0","0","0","0","0","0","2","0","2","","","","N","","","","","","","","","",""
"2018033925","1816","0","0","0","0","0","0","0","0","0","5","0","","02","3","2018","2","40.514917","-80.15449","1815","11","0","0","0","1","0","0","0","0","2","0","0","0","","","0","","1","","40 30:53.700","6","0","80 09:16.163","0","0","0","0","2420","0","0","0","","0","0","0","5","02420","0","","1.0","","1","N","N","","1","","0","0","0","","0","Y","","2","0","0","0","0","0","0","2","1","2","","","","N","","","","","","","","","",""
"2018026706","0549","1","0","0","0","0","0","0","0","0","7","0","","02","3","2018","1","40.43808","-79.756175","0519","11","0","0","0","0","0","0","0","0","","0","0","0","","","0","","0","","40 26:17.087","","0","79 45:22.231","0","0","0","0","2446","0","0","0","","0","0","0","1","68B03","0","","4.0","","1","N","N","","0","","0","0","0","","0","","","1","0","0","0","0","0","0","2","0","1","","","","N","","","","","","","","","",""