"CRN","ARRIVAL_TM","AUTOMOBILE_COUNT","BELTED_DEATH_COUNT","BELTED_SUSP_SERIOUS_INJ_COUNT","BICYCLE_COUNT","BICYCLE_DEATH_COUNT","BICYCLE_SUSP_SERIOUS_INJ_COUNT","BUS_COUNT","CHLDPAS_DEATH_COUNT","CHLDPAS_SUSP_SERIOUS_INJ_COUNT","COLLISION_TYPE","COMM_VEH_COUNT","CONS_ZONE_SPD_LIM","COUNTY","CRASH_MONTH","CRASH_YEAR","DAY_OF_WEEK","DEC_LATITUDE","DEC_LONGITUDE","DISPATCH_TM","DISTRICT","DRIVER_COUNT_16YR","DRIVER_COUNT_17YR","DRIVER_COUNT_18YR","DRIVER_COUNT_19YR","DRIVER_COUNT_20YR","DRIVER_COUNT_50_64YR","DRIVER_COUNT_65_74YR","DRIVER_COUNT_75PLUS","EST_HRS_CLOSED","FATAL_COUNT","HEAVY_TRUCK_COUNT","HORSE_BUGGY_COUNT","HOUR_OF_DAY","ILLUMINATION","INJURY_COUNT","INTERSECTION_RELATED","INTERSECT_TYPE","LANE_CLOSED","LATITUDE","LN_CLOSE_DIR","LOCATION_TYPE","LONGITUDE","MAX_SEVERITY_LEVEL","MCYCLE_DEATH_COUNT","MCYCLE_SUSP_SERIOUS_INJ_COUNT","MOTORCYCLE_COUNT","MUNICIPALITY","NONMOTR_COUNT","NONMOTR_DEATH_COUNT","NONMOTR_SUSP_SERIOUS_INJ_COUNT","NTFY_HIWY_MAINT","PED_COUNT","PED_DEATH_COUNT","PED_SUSP_SERIOUS_INJ_COUNT","PERSON_COUNT","POLICE_AGCY","POSSIBLE_INJ_COUNT","RDWY_SURF_TYPE_CD","RELATION_TO_ROAD","ROADWAY_CLEARED","ROAD_CONDITION","SCH_BUS_IND","SCH_ZONE_IND","SECONDARY_CRASH","SMALL_TRUCK_COUNT","SPEC_JURIS_CD","SUSP_MINOR_INJ_COUNT","SUSP_SERIOUS_INJ_COUNT","SUV_COUNT","TCD_FUNC_CD","TCD_TYPE","TFC_DETOUR_IND","TIME_OF_DAY","TOTAL_UNITS","TOT_INJ_COUNT","UNBELTED_OCC_COUNT","UNB_DEATH_COUNT","UNB_SUSP_SERIOUS_INJ_COUNT","UNK_INJ_DEG_COUNT","UNK_INJ_PER_COUNT","URBAN_RURAL","VAN_COUNT","VEHICLE_COUNT","WEATHER1","WEATHER2","WORKERS_PRES","WORK_ZONE_IND","WORK_ZONE_LOC","WORK_ZONE_TYPE","WZ_CLOSE_DETOUR","WZ_FLAGGER","WZ_LAW_OFFCR_IND","WZ_LN_CLOSURE","WZ_MOVING","WZ_OTHER","WZ_SHLDER_MDN","WZ_WORKERS_INJ_KILLED"
"2018013246","1523","1","0","0","0","0","0","0","0","0","2","0","","02","1","2018","4","40.365789","-79.963942","1519","11","0","0","0","0","0","0","0","0","1","0","0","0","","","0","","0","","40 21:56.840","6","0","79 57:50.190","0","0","0","0","2476","0","0","0","N","0","0","0","2","02476","0","","1.0","","1","N","N","","0","","0","0","1","","0","Y","","2","0","0","0","0","0","0","2","0","2","","","","N","","","","","","","","","",""
"2018008856","1450","1","0","0","0","0","0","0","0","0","4","0","","02","1","2018","5","40.452269","-79.982291","1446","11","0","0","0","0","0","1","1","0","1","0","0","0","","","1","","1","","40 27:08.168","4","0","79 58:56.249","8","0","0","0","2301","0","0","0","N","0","0","0","2","02301","0","","1.0","","98","N","N","","0","","0","0","1","","2","N","","2","1","0","0","0","1","0","2","0","2","","","","N","","","","","","","","","",""
"2018000131","0853","1","0","0","0","0","0","0","0","0","7","0","","02","1","2018","2","40.487937","-80.268955","0849","11","0","0","0","0","0","1","0","0","1","0","0","0","","","0","","0","","40 29:16.574","3","0","80 16:08.238","0","0","0","0","2203","0","0","0","N","0","0","0","2","02501","0","","2.0","","2","N","N","","0","","0","0","0","","0","Y","","1","0","0","0","0","0","0","1","0","1","","","","N","","","","","","","","","",""
"2018003678","1505","1","0","0","0","0","0","0","0","0","5","0","","02","1","2018","2","40.417167","-79.814361","1456","11","0","0","0","0","0","1","0","0","","0","0","0","","","0","","0","","40 25:01.800","","0","79 48:51.700","9","0","0","0","2467","0","0","0","N","0","0","0","2","02467","0","","1.0","","6","N","N","","0","","0","0","0","","0","N","","2","0","0","0","0","0","1","2","0","2","","","","N","","","","","","","","","",""
"2018006413","1703","0","0","0","0","0","0","0","0","0","4","0","","02","1","2018","6","40.627171","-80.047571","1703","11","0","0","0","0","0","0","0","0","","0","0","0","","","0","","2","","40 37:37.816","","0","80 02:51.256","0","0","0","0","2216","0","0","0","N","0","0","0","2","02505","0","","1.0","","9","N","N","","1","","0","0","1","","3","","","2","0","0","0","0","0","0","1","0","2","","","","N","","","","","","","","","",""
"2018046160","1532","0","0","0","0","0","0","0","0","0","4","0","","02","4","2018","3","40.3872","-80.054788","1530","11","1","0","0","0","0","1","0","0","","0","0","0","","","1","","1","","40 23:13.921","","0","80 03:17.237","4","0","0","0","2109","0","0","0","","0","0","0","2","02109","1","","1.0","","9","N","N","","0","","0","0","2","","3","","","2","1","0","0","0","0","0","2","0","2","","","","N","","","","","","","","","",""
"2018043350","0857","0","0","1","0","0","0","0","0","0","7","0","","02","4","2018","1","40.410492","-80.107715","0846","11","0","0","0","0","0","1","0","0","2","0","0","0","","","1","","0","","40 24:37.772","2","0","80 06:27.774","2","0","0","0","2102","0","0","0","Y","0","0","0","1","68B03","0","","5.0","","1","N","N","","0","","0","1","1","","0","N","","1","1","0","0","0","0","0","2","0","1","","","","N","","","","","","","","","",""
"2018046433","1643","3","0","0","0","0","0","0","0","0","5","0","","02","4","2018","4","40.34495","-79.838329","1643","11","0","0","0","0","0","0","0","0","","0","0","0","","","0","","0","","40 20:41.820","","0","79 50:17.984","0","0","0","0","2304","0","0","0","N","0","0","0","1","02304","0","","6.0","","1","N","N","","0","","0","0","0","","0","","","3","0","0","0","0","0","0","2","0","3","","","","N","","","","","","","","","",""
"2018000563","0907","0","0","0","0","0","0","0","0","0","7","0","","02","1","2018","2","40.491145","-80.270506","0906","11","0","0","0","0","0","0","0","0","1","0","0","0","","","0","","0","","40 29:28.121","3","0","80 16:13.823","0","0","0","0","2203","0","0","0","Y","0","0","0","2","02501","0","","2.0","","2","N","N","","0","","0","0","1","","0","Y","","1","0","0","0","0","0","0","2","0","1","","","","N","","","","","","","","","",""
"2018009636","1735","1","0","0","0","0","0","0","0","0","7","0","","02","1","2018","4","40.439792","-80.00911","1704","11","0","0","0","0","0","0","0","0","2","0","0","0","","","0","","0","","40 26:23.250","3","2","80 00:32.796","0","0","0","0","2301","0","0","0","N","0","0","0","1","68B03","0","","4.0","","1","N","N","","0","","0","0","0","","0","N","","1","0","0","0","0","0","0","2","0","1","","","","N","","","","","","","","","",""
"2018007949","2337","2","0","0","0","0","0","0","0","0","7","0","","02","1","2018","3","40.405189","-80.025958","2322","11","0","0","0","0","0","0","0","0","","0","0","0","","","0","","0","","40 24:18.680","","0","80 01:33.450","0","0","0","0","2301","0","0","0","N","0","0","0","1","02301","0","","5.0","","6","N","N","","0","","0","0","0","","0","","","2","0","0","0","0","0","0","2","0","2","","","","N","","","","","","","","","",""
"2018096224","1908","1","0","0","0","0","0","0","0","0","1","0","","02","8","2018","6","40.424727","-79.737735","1850","11","0","0","0","0","0","0","0","0","","0","0","0","","","0","","0","","40 25:29.017","","0","79 44:15.846","0","0","0","0","2446","0","0","0","N","0","0","0","2","68T09","0","","1.0","","1","N","N","","0","","0","0","1","","0","","","2","0","0","0","0","0","0","2","0","2","","","","N","","","","","","","","","",""
"2018047229","0955","0","0","0","0","0","0","0","0","0","7","0","","02","4","2018","7","40.619673","-80.080986","0940","11","0","0","1","0","0","0","0","0","","0","0","0","","","0","","0","","40 37:10.823","","0","80 04:51.549","0","0","0","0","2212","0","0","0","N","0","0","0","1","02505","0","","5.0","","9","N","N","","0","","0","0","1","","0","","","1","0","0","0","0","0","0","2","0","1","","","","N","","","","","","","","","",""
"2018045110","1634","2","0","0","0","0","0","0","0","0","5","0","","02","4","2018","7","40.430292","-79.980444","1620","11","0","0","0","0","0","0","0","0","","0","0","0","","","0","","0","","40 25:49.050","","0","79 58:49.600","0","0","0","0","2301","0","0","0","N","0","0","0","2","02301","0","","4.0","","1","N","N","","0","","0","0","0","","0","","","2","0","0","0","0","0","0","2","0","2","","","","N","","","","","","","","","",""
"2018009318","1357","2","0","0","0","0","0","0","0","0","4","0","","02","1","2018","3","40.308684","-79.854179","1355","11","0","0","0","1","0","0","0","0","1","0","0","0","","","2","","0","","40 18:31.264","5","0","79 51:15.044","3","0","0","0","2443","0","0","0","Y","0","0","0","3","02443","0","","3.0","","2","N","N","","0","","2","0","0","","0","Y","","2","2","0","0","0","0","0","1","0","2","","","","N","","","","","","","","","",""
"2018006218","0207","1","0","0","0","0","0","0","0","0","7","0","","02","1","2018","5","40.319361","-80.008556","0207","11","0","0","0","0","0","0","0","0","","0","0","0","","","1","","0","","40 19:09.700","","0","80 00:30.800","3","0","0","0","2219","0","0","0","N","0","0","0","3","02501","0","","2.0","","9","N","N","","0","","1","0","0","","0","","","1","1","3","0","0","0","0","2","0","1","","","","N","","","","","","","","","",""
"2018023497","1205","1","0","0","0","0","0","0","0","0","4","0","","02","2","2018","6","40.457848","-79.974203","1155","11","0","0","0","0","0","0","0","0","","0","0","0","","","0","","1","","40 27:28.252","","0","79 58:27.130","0","0","0","0","2301","0","0","0","N","0","0","0","3","02301","0","","1.0","","9","N","N","","1","","0","0","0","","3","","","2","0","0","0","0","0","0","2","0","2","","","","N","","","","","","","","","",""
"2018026644","0639","4","0","0","0","0","0","0","0","0","0","0","","02","2","2018","3","40.439944","-79.833839","0635","11","0","0","0","0","0","1","0","0","2","0","0","0","","","0","","0","","40 26:23.800","3","0","79 50:01.822","0","0","0","0","2419","0","0","0","N","0","0","0","7","02419","0","","1.0","","2","N","N","","1","","0","0","2","","0","Y","","7","0","0","0","0","0","0","2","0","7","","","","N","","","","","","","","","",""
"2018006921","0027","2","0","0","0","0","0","0","0","0","1","0","","02","1","2018","1","40.478544","-79.974617","0019","11","0","0","0","0","0","0","0","0","","0","0","0","","","2","","0","","40 28:42.760","","0","79 58:28.620","2","0","0","0","2445","0","0","0","N","0","0","0","4","02445","0","","6.0","","6","","","","0","","1","1","0","","0","","","2","2","0","0","0","0","0","2","0","2","","","","N","","","","","","","","","",""
"2018038070","1005","1","0","0","0","0","0","0","0","0","5","0","","02","3","2018","6","40.578041","-79.953693","1001","11","0","0","0","0","0","1","0","0","","0","0","0","","","0","","2","","40 34:40.947","","0","79 57:13.296","0","0","0","0","2207","0","0","0","N","0","0","0","2","02207","0","","1.0","","1","N","N","","0","","0","0","0","","0","","","2","0","0","0","0","0","0","2","1","2","","","","N","","","","","","","","","",""
"2018040210","0953","2","0","0","0","0","0","0","0","0","2","0","","02","4","2018","5","40.478194","-79.760941","0951","11","0","0","0","0","0","0","1","0","","0","0","0","","","0","","0","","40 28:41.497","","0","79 45:39.389","0","0","0","0","2466","0","0","0","N","0","0","0","2","02466","0","","1.0","","1","N","N","","0","","0","0","0","","0","","","2","0","0","0","0","0","0","2","0","2","","","","N","","","","","","","","","",""
"2018008162","1248","1","0","0","0","0","0","0","0","0","7","0","","02","1","2018","2","40.437136","-80.040073","1245","11","0","0","0","0","0","1","0","0","","0","0","0","","","0","","0","","40 26:13.689","","0","80 02:24.261","0","0","0","0","2301","0","0","0","N","0","0","0","1","02301","0","","5.0","","6","N","N","","0","","0","0","0","","0","","","1","0","0","0","0","0","0","2","0","1","","","","N","","","","","","","","","",""
"2018010902","0915","0","0","0","0","0","0","0","0","0","4","0","","02","1","2018","2","40.427934","-79.752343","0905","11","0","0","0","0","0","1","0","0","","0","0","0","","","0","","0","","40 25:40.561","","7","79 45:08.436","0","0","0","0","2446","0","0","0","N","0","0","0","2","02446","0","","4.0","","98","N","N","","0","","0","0","2","","0","","","2","0","1","0","0","0","0","2","0","2","","","","N","","","","","","","","","",""
"2018011604","1254","2","0","0","0","0","0","0","0","0","4","0","","02","1","2018","6","40.516656","-80.034792","1254","11","0","0","0","0","0","1","0","0","","0","0","0","","","0","","0","","40 30:59.960","","7","80 02:05.250","0","0","0","0","2474","0","0","0","N","0","0","0","2","02474","0","","1.0","","1","N","N","","0","","0","0","0","","0","","","2","0","0","0","0","0","0","2","0","2","","","","N","","","","","","","","","",""
"2018024439","1722","0","0","0","0","0","0","0","0","0","8","0","","02","2","2018","2","40.385909","-79.902979","1720","11","0","0","0","0","0","1","0","0","","0","0","0","","","1","","0","","40 23:09.274","","0","79 54:10.724","8","0","0","0","2448","1","0","0","N","1","0","0","2","02448","0","","1.0","","1","N","N","","0","","0","0","0","","0","","","2","1","0","0","0","1","0","2","1","1","","","","N","","","","","","","","","",""
"2018006407","1313","0","0","0","0","0","0","0","0","0","6","0","","02","1","2018","7","40.356986","-79.828403","1310","11","0","0","0","1","0","0","0","0","2","0","0","0","","","1","","0","","40 21:25.148","6","0","79 49:42.252","3","0","0","0","2477","0","0","0","N","0","0","0","2","02477","0","","2.0","","6","N","N","","0","","1","0","1","","0","Y","","2","1","0","0","0","0","0","2","1","2","","","","N","","","","","","","","","",""
"2018040471","0231","3","0","0","0","0","0","0","0","0","1","0","","02","4","2018","7","40.45456","-79.94659","0222","11","0","0","0","0","0","0","0","0","2","0","0","0","","","1","","0","","40 27:16.416","2","0","79 56:47.723","3","0","0","0","2301","0","0","0","N","0","0","0","1","02301","0","","1.0","","9","N","N","","0","","1","0","0","","0","Y","","3","1","1","0","0","0","0","2","0","3","","","","N","","","","","","","","","",""
"2018042862","1456","2","0","0","0","0","0","0","0","0","2","0","","02","4","2018","7","40.43755","-79.770047","1455","11","0","0","0","0","0","1","0","0","1","0","0","0","","","2","","0","","40 26:15.180","1","0","79 46:12.170","3","0","0","0","2446","0","0","0","N","0","0","0","2","02446","0","","1.0","","1","N","N","","0","","2","0","0","","3","N","","2","2","0","0","0","0","0","2","0","2","","","","N","","","","","","","","","",""
"2018007062","0812","1","0","0","0","0","0","0","0","0","3","0","","02","1","2018","2","40.519464","-79.916303","0810","11","0","0","0","0","0","0","0","1","","0","0","0","","","0","","0","","40 31:10.070","","7","79 54:58.690","0","0","0","0","2112","0","0","0","N","0","0","0","4","02112","0","","1.0","","1","N","N","","0","","0","0","1","","0","","","2","0","0","0","0","0","0","2","0","2","","","","N","","","","","","","","","",""
"2018097289","0242","0","0","0","0","0","0","0","0","0","7","0","","02","9","2018","1","40.608888","-79.923168","0233","11","0","0","0","0","0","0","0","0","2","0","0","0","","","0","","0","","40 36:31.998","1","0","79 55:23.403","0","0","0","0","2207","0","0","0","N","0","0","0","1","02207","0","","5.0","","9","N","N","","0","","0","0","1","","0","N","","1","0","0","0","0","0","0","2","0","1","","","","N","","","","","","","","","",""
"2018047903","0758","2","0","0","0","0","0","0","0","0","1","0","","02","4","2018","3","40.491694","-79.890934","0758","11","0","0","0","0","0","0","0","0","","0","0","0","","","0","","0","","40 29:30.098","","0","79 53:27.361","0","0","0","0","2432","0","0","0","N","0","0","0","2","68D02","0","","1.0","","9","N","N","","0","","0","0","0","","0","","","2","0","0","0","0","0","0","2","0","2","","","","N","","","","","","","","","",""
"2018060040","1615","2","0","0","0","0","0","0","0","0","1","0","","02","5","2018","5","40.356901","-79.910737","1613","11","0","0","0","0","0","1","0","0","","0","0","0","","","2","","0","","40 21:24.843","","0","79 54:38.653","8","0","0","0","2473","0","0","0","N","0","0","0","3","02473","0","","1.0","","1","N","N","","1","","0","0","0","","0","","","3","2","0","0","0","2","0","2","0","3","","","","N","","","","","","","","","",""
"2018006951","0120","1","0","0","0","0","0","0","0","0","7","0","","02","1","2018","7","40.381328","-79.812539","0119","11","0","0","0","0","0","0","0","0","2","0","0","0","","","0","","0","","40 22:52.781","4","0","79 48:45.140","0","0","0","0","2424","0","0","0","N","0","0","0","2","02424","0","","4.0","","7","N","N","","0","","0","0","0","","0","N","","1","0","0","0","0","0","0","2","0","1","","","","N","","","","","","","","","",""
"2018048122","1025","1","0","0","0","0","0","1","0","0","4","1","","02","5","2018","3","40.440407","-79.994824","1020","11","0","0","0","0","0","1","0","0","2","0","0","0","","","4","","1","","40 26:25.466","1","0","79 59:41.368","8","0","0","0","2301","0","0","0","N","0","0","0","6","02503","0","","1.0","","1","N","N","","0","","0","0","0","","2","N","","2","4","0","0","0","4","0","2","0","2","","","","N","","","","","","","","","",""
"2018041762","1029","1","0","0","0","0","0","0","0","0","7","0","","02","3","2018","7","40.419406","-80.052045","1021","11","0","0","0","0","0","1","0","0","1","0","0","0","","","2","","0","","40 25:09.861","3","0","80 03:07.362","3","0","0","0","2435","0","0","0","N","0","0","0","5","68B03","0","","4.0","","1","N","N","","0","","2","0","0","","0","N","","2","2","2","0","0","0","0","2","1","2","","","","N","","","","","","","","","",""
"2018024735","0708","2","0","0","0","0","0","0","0","0","4","0","","02","2","2018","3","40.467434","-79.835096","0704","11","0","1","0","0","0","1","0","0","2","0","0","0","","","2","","2","","40 28:02.763","3","0","79 50:06.346","3","0","0","0","2113","0","0","0","N","0","0","0","2","02113","1","","1.0","","1","N","N","","0","","1","0","0","","3","Y","","2","2","1","0","0","0","0","2","0","2","","","","N","","","","","","","","","",""
"2018047778","0230","1","0","0","0","0","0","0","0","0","99","0","","02","4","2018","1","40.54407","-79.953299","0227","11","0","0","0","0","0","0","0","0","2","0","0","0","","","0","","0","","40 32:38.651","3","0","79 57:11.875","0","0","0","0","2118","0","0","0","N","0","0","0","1","02118","0","","5.0","","1","N","N","","0","","0","0","0","","0","N","","1","0","0","0","0","0","0","2","0","1","","","","N","","","","","","","","","",""
"2018026185","1635","2","0","0","0","0","0","0","0","0","4","0","","02","2","2018","7","40.333972","-80.030922","1628","11","0","0","0","0","0","0","0","0","","0","0","0","","","1","","0","","40 20:02.300","","0","80 01:51.320","3","0","0","0","2407","0","0","0","N","0","0","0","2","02407","0","","1.0","","9","N","N","","0","","1","0","0","","3","","","2","1","0","0","0","0","0","2","0","2","","","","N","","","","","","","","","",""
"2018042742","0321","1","0","0","0","0","0","0","0","0","7","0","","02","4","2018","7","40.455911","-79.942038","0310","11","0","0","0","0","0","0","0","0","1","0","0","0","","","0","","1","","40 27:21.280","2","0","79 56:31.337","0","0","0","0","2301","0","0","0","N","0","0","0","1","02301","0","","2.0","","1","N","N","","0","","0","0","0","","0","N","","1","0","0","0","0","0","0","2","0","1","","","","N","","","","","","","","","",""
"2018006427","1835","3","0","0","0","0","0","0","0","0","5","0","","02","1","2018","5","40.498491","-79.924966","1830","11","0","0","0","1","0","0","0","1","","0","0","0","","","1","","0","","40 29:54.567","","0","79 55:29.877","8","0","0","0","2112","0","0","0","N","0","0","0","2","02112","0","","4.0","","9","N","N","","0","","0","0","0","","0","","","3","1","0","0","0","1","0","2","0","3","","","","N","","","","","","","","","",""
"2018044823","1145","2","0","0","0","0","0","0","0","0","4","0","","02","4","2018","6","40.346725","-79.855876","1143","11","0","0","0","0","0","2","0","0","","0","0","0","","","0","","1","","40 20:48.210","","0","79 51:21.155","0","0","0","0","2304","0","0","0","N","0","0","0","2","02304","0","","1.0","","1","N","N","","0","","0","0","0","","3","","","2","0","0","0","0","0","0","2","0","2","","","","N","","","","","","","","","",""
"2018046193","0552","1","0","0","0","0","0","0","0","0","1","0","","02","4","2018","4","40.501519","-80.075359","0549","11","0","0","0","0","0","0","0","0","1","0","0","0","","","0","","1","","40 30:05.467","2","0","80 04:31.292","9","0","0","0","2405","0","0","0","N","0","0","0","2","02215","0","","1.0","","1","N","N","","1","","0","0","0","","2","N","","2","0","0","0","0","0","1","2","0","2","","","","N","","","","","","","","","",""
"2018009265","1437","1","0","0","0","0","0","0","0","0","4","0","","02","1","2018","5","40.449208","-79.999391","1429","11","0","0","0","0","0","1","0","0","1","0","0","0","","","0","","2","","40 26:57.149","1","0","79 59:57.809","0","0","0","0","2301","0","0","0","N","0","0","0","2","02301","0","","1.0","","9","N","N","","0","","0","0","0","","3","N","","2","0","0","0","0","0","0","2","1","2","","","","N","","","","","","","","","",""
"2018024040","1024","0","0","0","0","0","0","0","0","0","7","0","","02","2","2018","1","40.361402","-79.84481","1020","11","0","0","0","0","0","0","0","0","1","0","0","0","","","2","","7","","40 21:41.048","7","8","79 50:41.317","3","0","0","0","2303","0","0","0","N","0","0","0","2","02303","0","","1.0","","9","N","N","","0","","2","0","1","","0","N","","1","2","0","0","0","0","0","2","0","1","","","","N","","","","","","","","","",""
"2018024337","1545","1","0","0","0","0","0","0","0","0","1","0","","02","2","2018","2","40.48718","-79.885609","1537","11","0","0","0","1","0","0","0","0","1","0","0","0","","","0","","0","","40 29:13.847","1","0","79 53:08.194","0","0","0","0","2301","0","0","0","N","0","0","0","2","02301","0","","1.0","","1","N","N","","0","","0","0","1","","2","N","","2","0","1","0","0","0","0","2","0","2","","","","N","","","","","","","","","",""
"2018040060","1110","0","0","0","0","0","0","0","0","0","7","1","","02","3","2018","7","","","1101","11","0","0","0","0","0","0","0","0","2","0","1","0","","","0","","0","","40 36:26.5","3","0","79 56:41.9","0","0","0","0","2207","0","0","0","Y","0","0","0","1","68T02","0","","2.0","","1","N","N","","0","","0","0","0","","0","N","","1","0","0","0","0","0","0","2","0","1","","","","N","","","","","","","","","",""
"2018024245","1019","1","0","0","0","0","0","0","0","0","0","0","","02","2","2018","1","40.493093","-79.909757","1004","11","0","0","0","0","0","0","0","0","2","0","0","0","","","1","","7","","40 29:35.134","4","2","79 54:35.125","3","0","0","0","2461","0","0","0","Y","0","0","0","1","68D02","0","","1.0","","9","N","N","","0","","1","0","0","","0","N","","1","1","0","0","0","0","0","2","0","1","","","","N","","","","","","","","","",""
"2018042110","1155","2","0","0","0","0","0","0","0","0","1","0","","02","4","2018","4","40.470905","-79.830278","1150","11","0","0","0","0","0","0","0","0","2","0","0","0","","","1","","0","","40 28:15.259","2","0","79 49:49.002","8","0","0","0","2113","0","0","0","N","0","0","0","2","02113","0","","1.0","","1","N","N","","0","","0","0","0","","0","N","","2","1","0","0","0","1","0","2","0","2","","","","N","","","","","","","","","",""
"2018006801","2307","1","0","0","0","0","0","0","0","0","7","0","","02","1","2018","7","40.454172","-79.880032","2259","11","0","0","0","0","0","1","0","0","","0","0","0","","","0","","1","","40 27:15.019","","0","79 52:48.115","0","0","0","0","2301","0","0","0","N","0","0","0","1","02301","0","","2.0","","2","N","N","","0","","0","0","0","","0","","","1","0","0","0","0","0","0","2","0","1","","","","N","","","","","","","","","",""
"2018021119","1526","0","0","0","0","0","0","0","0","0","7","0","","02","2","2018","7","40.440239","-79.942467","1520","11","0","0","0","0","0","0","0","0","","0","0","0","","","1","","0","","40 26:24.860","","0","79 56:32.880","3","0","0","1","2301","0","0","0","N","0","0","0","1","02301","0","","4.0","","9","N","N","","0","","1","0","0","","0","","","1","1","0","0","0","0","0","2","0","1","","","","N","","","","","","","","","",""
"2018004289","1445","1","0","0","0","0","0","0","0","0","7","0","","02","1","2018","2","","","1441","11","0","0","0","0","0","0","0","0","","0","0","0","","","0","","0","","","","0","","0","0","0","0","2301","0","0","0","N","0","0","0","1","02301","0","","2.0","","6","N","N","","0","","0","0","0","","0","","","1","0","0","0","0","0","0","1","0","1","","","","N","","","","","","","","","",""
"2018043264","0945","1","0","0","0","0","0","0","0","0","7","0","","02","4","2018","2","40.202246","-79.914286","0937","11","0","0","0","0","0","0","0","0","2","0","0","0","","","0","","0","","40 12:08.084","1","0","79 54:51.431","0","0","0","0","2204","0","0","0","N","0","0","0","1","02204","0","","2.0","","9","N","N","","0","","0","0","0","","0","Y","","1","0","0","0","0","0","0","1","0","1","","","","N","","","","","","","","","",""
"2018045469","1355","1","0","0","0","0","0","0","0","0","1","1","","02","4","2018","1","40.340562","-79.964281","1351","11","0","0","0","0","0","1","0","0","","0","0","0","","","0","","0","","40 20:26.023","","0","79 57:51.412","0","0","0","0","2454","0","0","0","N","0","0","0","2","02454","0","","1.0","","1","N","N","","1","","0","0","0","","0","","","2","0","0","0","0","0","0","2","0","2","","","","N","","","","","","","","","",""
"2018024052","1056","1","0","0","0","0","0","1","0","0","5","1","","02","2","2018","1","40.442096","-79.999475","1054","11","0","0","0","0","0","0","0","0","1","0","0","0","","","3","","1","","40 26:31.547","1","0","79 59:58.109","3","0","0","0","2301","0","0","0","N","0","0","0","7","02503","1","","1.0","","1","N","N","","0","","2","0","0","","2","N","","2","3","0","0","0","0","1","2","0","2","","","","N","","","","","","","","","",""
"2018024080","1914","0","0","0","0","0","0","0","0","0","7","0","","02","2","2018","7","40.392053","-79.869797","1910","11","0","0","0","0","0","0","0","0","3","0","0","0","","","1","","0","","40 23:31.389","2","0","79 52:11.270","8","0","0","0","2473","0","0","0","N","0","0","0","1","02473","0","","5.0","","1","N","N","","0","","0","0","1","","0","Y","","1","1","0","0","0","1","0","2","0","1","","","","N","","","","","","","","","",""
"2018004876","1700","2","0","0","0","0","0","0","0","0","1","0","","02","1","2018","4","40.434667","-79.989972","1650","11","0","0","0","0","1","1","0","0","1","0","0","0","","","0","","0","","40 26:04.800","2","0","79 59:23.900","0","0","0","0","2301","0","0","0","N","0","0","0","3","02301","0","","1.0","","1","N","N","","0","","0","0","0","","2","N","","2","0","0","0","0","0","0","2","0","2","","","","N","","","","","","","","","",""
"2018047536","1606","1","0","0","0","0","0","0","0","0","7","0","","02","4","2018","7","40.517256","-80.023263","1603","11","0","0","0","0","0","0","0","0","","0","0","0","","","1","","0","","40 31:02.121","","0","80 01:23.748","3","0","0","0","2474","0","0","0","N","0","0","0","2","02474","0","","5.0","","1","N","N","","0","","1","0","0","","0","","","1","1","0","0","0","0","0","2","0","1","","","","N","","","","","","","","","",""
"2018004226","1315","0","0","0","0","0","0","0","0","0","7","0","","02","1","2018","2","40.390918","-79.876497","1314","11","0","0","0","0","0","0","0","0","1","0","0","0","","","0","","0","","40 23:27.305","1","0","79 52:35.390","0","0","0","0","2473","0","0","0","N","0","0","0","1","02473","0","","5.0","","7","N","N","","1","","0","0","0","","0","Y","","1","0","1","0","0","0","0","2","0","1","","","","N","","","","","","","","","",""
"2018025693","1444","0","0","0","0","0","0","0","0","0","7","0","","02","2","2018","6","40.361219","-80.01865","1442","11","0","0","0","0","0","0","0","0","1","0","0","0","","","0","","0","","40 21:40.390","3","0","80 01:07.140","0","0","0","0","2416","0","0","0","N","0","0","0","1","02416","0","","5.0","","9","N","N","","0","","0","0","1","","0","N","","1","0","0","0","0","0","0","2","0","1","","","","N","","","","","","","","","",""
"2018021769","1923","1","0","0","0","0","0","0","0","0","4","0","","02","2","2018","1","40.347455","-79.944813","1921","11","0","1","0","0","0","0","0","0","","0","0","0","","","1","","5","","40 20:50.838","","0","79 56:41.328","8","0","0","0","2473","0","0","0","N","0","0","0","6","02473","0","","1.0","","9","N","N","","0","","0","0","1","","3","","","2","1","1","0","0","1","0","2","0","2","","","","N","","","","","","","","","",""
"2018045406","0811","0","0","0","0","0","0","0","0","0","1","0","","02","4","2018","3","40.524789","-80.130972","0748","11","0","0","0","1","0","0","0","0","","0","0","0","","","0","","0","","40 31:29.241","","0","80 07:51.499","0","0","0","0","2434","0","0","0","N","0","0","0","2","68B03","0","","1.0","","9","N","N","","0","","0","0","2","","0","","","2","0","0","0","0","0","0","2","0","2","","","","N","","","","","","","","","",""
"2018025238","1548","0","0","0","0","0","0","0","0","0","7","0","","02","2","2018","1","40.594719","-79.991343","1455","11","0","0","0","0","0","0","0","0","2","0","0","0","","","1","","0","","40 35:40.989","4","0","79 59:28.833","3","0","0","0","2108","0","0","0","Y","0","0","0","1","02108","0","","4.0","","1","N","N","","1","","1","0","0","","0","N","","1","1","1","0","0","0","0","2","0","1","","","","N","","","","","","","","","",""