"CRN","ARRIVAL_TM","AUTOMOBILE_COUNT","BELTED_DEATH_COUNT","BELTED_SUSP_SERIOUS_INJ_COUNT","BICYCLE_COUNT","BICYCLE_DEATH_COUNT","BICYCLE_SUSP_SERIOUS_INJ_COUNT","BUS_COUNT","CHLDPAS_DEATH_COUNT","CHLDPAS_SUSP_SERIOUS_INJ_COUNT","COLLISION_TYPE","COMM_VEH_COUNT","CONS_ZONE_SPD_LIM","COUNTY","CRASH_MONTH","CRASH_YEAR","DAY_OF_WEEK","DEC_LATITUDE","DEC_LONGITUDE","DISPATCH_TM","DISTRICT","DRIVER_COUNT_16YR","DRIVER_COUNT_17YR","DRIVER_COUNT_18YR","DRIVER_COUNT_19YR","DRIVER_COUNT_20YR","DRIVER_COUNT_50_64YR","DRIVER_COUNT_65_74YR","DRIVER_COUNT_75PLUS","EST_HRS_CLOSED","FATAL_COUNT","HEAVY_TRUCK_COUNT","HORSE_BUGGY_COUNT","HOUR_OF_DAY","ILLUMINATION","INJURY_COUNT","INTERSECTION_RELATED","INTERSECT_TYPE","LANE_CLOSED","LATITUDE","LN_CLOSE_DIR","LOCATION_TYPE","LONGITUDE","MAX_SEVERITY_LEVEL","MCYCLE_DEATH_COUNT","MCYCLE_SUSP_SERIOUS_INJ_COUNT","MOTORCYCLE_COUNT","MUNICIPALITY","NONMOTR_COUNT","NONMOTR_DEATH_COUNT","NONMOTR_SUSP_SERIOUS_INJ_COUNT","NTFY_HIWY_MAINT","PED_COUNT","PED_DEATH_COUNT","PED_SUSP_SERIOUS_INJ_COUNT","PERSON_COUNT","POLICE_AGCY","POSSIBLE_INJ_COUNT","RDWY_SURF_TYPE_CD","RELATION_TO_ROAD","ROADWAY_CLEARED","ROAD_CONDITION","SCH_BUS_IND","SCH_ZONE_IND","SECONDARY_CRASH","SMALL_TRUCK_COUNT","SPEC_JURIS_CD","SUSP_MINOR_INJ_COUNT","SUSP_SERIOUS_INJ_COUNT","SUV_COUNT","TCD_FUNC_CD","TCD_TYPE","TFC_DETOUR_IND","TIME_OF_DAY","TOTAL_UNITS","TOT_INJ_COUNT","UNBELTED_OCC_COUNT","UNB_DEATH_COUNT","UNB_SUSP_SERIOUS_INJ_COUNT","UNK_INJ_DEG_COUNT","UNK_INJ_PER_COUNT","URBAN_RURAL","VAN_COUNT","VEHICLE_COUNT","WEATHER1","WEATHER2","WORKERS_PRES","WORK_ZONE_IND","WORK_ZONE_LOC","WORK_ZONE_TYPE","WZ_CLOSE_DETOUR","WZ_FLAGGER","WZ_LAW_OFFCR_IND","WZ_LN_CLOSURE","WZ_MOVING","WZ_OTHER","WZ_SHLDER_MDN","WZ_WORKERS_INJ_KILLED"
"2018006949","2340","1","0","0","0","0","0","0","0","0","1","0","","02","1","2018","1","40.263901","-79.792066","2330","11","0","0","0","0","0","0","1","0","2","0","0","0","","","1","","0","","40 15:50.044","7","0","79 47:31.437","8","0","0","0","2105","0","0","0","N","0","0","0","1","02105","0","","5.0","","1","N","N","","1","","0","0","0","","0","Y","","2","1","0","0","0","1","0","2","0","2","","","","N","","","","","","","","","",""
"2018022743","1748","2","0","0","0","0","0","0","0","0","1","0","","02","2","2018","4","40.444177","-80.028142","1744","11","0","0","0","0","0","2","0","0","","0","0","0","","","1","","1","","40 26:39.037","","0","80 01:41.310","8","0","0","0","2301","0","0","0","N","0","0","0","2","02301","0","","1.0","","9","N","N","","0","","0","0","0","","2","","","2","1","0","0","0","1","0","2","0","2","","","","N","","","","","","","","","",""
"2018040951","2048","0","0","0","0","0","0","0","0","0","7","0","","02","4","2018","1","40.428644","-79.928822","2036","11","0","0","0","0","0","0","0","0","","0","0","0","","","0","","7","","40 25:43.120","","0","79 55:43.759","0","0","0","0","2301","0","0","0","N","0","0","0","2","02301","0","","1.0","","1","N","N","","0","","0","0","0","","0","","","1","0","0","0","0","0","0","2","1","1","","","","N","","","","","","","","","",""
"2018007580","0749","1","0","0","0","0","0","0","0","0","7","0","","02","1","2018","3","40.449281","-79.929217","0728","11","0","0","0","0","0","0","0","0","","0","0","0","","","0","","0","","40 26:57.410","","0","79 55:45.180","0","0","0","0","2301","0","0","0","N","0","0","0","1","02301","0","","5.0","","7","N","N","","0","","0","0","0","","0","","","1","0","0","0","0","0","0","2","0","1","","","","N","","","","","","","","","",""
"2018006729","0925","1","0","0","0","0","0","0","0","0","7","0","","02","1","2018","1","40.570827","-79.820445","0915","11","1","0","0","0","0","0","0","0","1","0","0","0","","","0","","0","","40 34:14.978","5","0","79 49:13.603","0","0","0","0","2209","0","0","0","Y","0","0","0","1","02209","0","","2.0","","2","N","N","","0","","0","0","0","","0","N","","1","0","0","0","0","0","0","2","0","1","","","","N","","","","","","","","","",""
"2018059556","1033","2","0","0","0","0","0","0","0","0","6","0","","02","6","2018","1","40.485381","-79.928574","1025","11","0","0","0","0","0","0","0","0","","0","0","0","","","1","","1","","40 29:07.371","","0","79 55:42.866","8","0","0","0","2301","0","0","0","N","0","0","0","1","02301","0","","1.0","","1","N","N","","1","","0","0","0","","3","","","3","1","0","0","0","1","0","2","0","3","","","","N","","","","","","","","","",""
"2018097326","1142","0","0","0","0","0","0","0","0","0","7","0","","02","9","2018","1","40.586256","-79.778041","1132","11","0","0","0","0","0","0","0","0","2","0","0","0","","","0","","0","","40 35:10.521","1","0","79 46:40.946","0","0","0","0","2104","0","0","0","Y","0","0","0","1","68D02","0","","4.0","","9","N","N","","0","","0","0","1","","0","N","","1","0","0","0","0","0","0","2","0","1","","","","N","","","","","","","","","",""
"2018047001","1402","2","0","0","0","0","0","0","0","0","5","0","","02","4","2018","6","40.478908","-80.043019","1358","11","0","0","0","1","0","0","0","0","1","0","0","0","","","0","","1","","40 28:44.067","1","0","80 02:34.868","0","0","0","0","2301","0","0","0","N","0","0","0","2","02301","0","","1.0","","1","N","N","","0","","0","0","0","","0","N","","2","0","0","0","0","0","0","2","0","2","","","","N","","","","","","","","","",""
"2018026944","0651","3","0","0","0","0","0","0","0","0","1","0","","02","2","2018","2","40.490902","-79.8786","0646","11","0","0","0","0","0","1","0","0","2","0","0","0","","","0","","0","","40 29:27.247","2","0","79 52:42.960","0","0","0","0","2432","0","0","0","N","0","0","0","3","68D02","0","","1.0","","1","N","N","","0","","0","0","0","","0","N","","3","0","0","0","0","0","0","2","0","3","","","","N","","","","","","","","","",""
"2018005944","0915","2","0","0","0","0","0","0","0","0","2","0","","02","1","2018","6","40.355169","-80.116365","0911","11","0","0","0","0","0","1","0","0","","0","0","0","","","2","","7","","40 21:18.607","","0","80 06:58.914","8","0","0","0","2119","0","0","0","N","0","0","0","2","02119","0","","1.0","","9","N","N","","0","","0","0","0","","2","","","2","2","0","0","0","2","0","2","0","2","","","","N","","","","","","","","","",""
"2018046303","1127","1","0","0","0","0","0","0","0","0","4","0","","02","4","2018","4","40.476974","-79.798062","1118","11","0","0","0","0","0","0","1","0","2","0","0","0","","","0","","0","","40 28:37.106","3","7","79 47:53.022","0","0","0","0","2113","0","0","0","N","0","0","0","2","02113","0","","1.0","","1","N","N","","0","","0","0","1","","0","N","","2","0","0","0","0","0","0","2","0","2","","","","N","","","","","","","","","",""
"2018007096","1356","2","0","0","0","0","0","0","0","0","4","0","","02","1","2018","1","40.393529","-80.087553","1353","11","0","0","0","0","0","1","0","0","1","0","0","0","","","0","","1","","40 23:36.703","2","0","80 05:15.190","0","0","0","0","2437","0","0","0","N","0","0","0","2","02437","0","","1.0","","9","N","N","","0","","0","0","0","","2","Y","","2","0","0","0","0","0","0","2","0","2","","","","N","","","","","","","","","",""
"2018008114","1010","1","0","0","0","0","0","0","0","0","7","0","","02","1","2018","3","40.400692","-79.761511","1001","11","0","0","0","0","0","0","1","0","","0","0","0","","","1","","0","","40 24:02.490","","0","79 45:41.440","4","0","0","0","2446","0","0","0","N","0","0","0","1","02446","1","","5.0","","9","N","N","","0","","0","0","0","","0","","","1","1","0","0","0","0","0","2","0","1","","","","N","","","","","","","","","",""
"2018033356","1712","0","0","0","0","0","0","0","0","0","0","0","","02","3","2018","7","40.410333","-80.073528","1711","11","1","0","0","0","0","0","0","0","","1","0","0","","","3","","0","","40 24:37.200","","1","80 04:24.700","1","0","0","0","2117","0","0","0","N","0","0","0","4","02117","0","5","4.0","","3","N","N","","1","0","0","0","0","","0","","","1","3","3","1","0","3","0","2","0","1","","","","N","","","","","","","","","",""
"2018047233","0726","0","0","0","0","0","0","0","0","0","1","0","","02","3","2018","5","40.444183","-80.163082","0722","11","0","0","0","0","0","1","0","0","1","0","0","0","","","2","","0","","40 26:39.059","3","0","80 09:47.094","4","0","0","0","2115","0","0","0","N","0","0","0","2","68B03","2","","1.0","","9","N","N","","0","","0","0","2","","0","N","","2","2","0","0","0","0","0","2","0","2","","","","N","","","","","","","","","",""
"2018007045","1325","1","0","0","0","0","0","0","0","0","7","0","","02","1","2018","1","40.356037","-79.87618","1323","11","0","0","0","0","0","0","0","0","1","0","0","0","","","0","","0","","40 21:21.732","5","0","79 52:34.249","0","0","0","0","2473","0","0","0","N","0","0","0","2","02473","0","","4.0","","2","N","N","","0","","0","0","0","","0","N","","1","0","0","0","0","0","0","2","0","1","","","","N","","","","","","","","","",""
"2018009910","2010","1","0","0","0","0","0","0","0","0","1","1","","02","1","2018","6","40.598344","-80.1481","2003","11","0","0","0","0","0","0","0","0","","0","1","0","","","0","","0","","40 35:54.040","","0","80 08:53.160","0","0","0","0","2481","0","0","0","N","0","0","0","2","02481","0","","1.0","","9","N","N","","0","","0","0","0","","0","","","2","0","0","0","0","0","0","1","0","2","","","","N","","","","","","","","","",""
"2018004792","1023","2","0","0","0","0","0","0","0","0","2","0","","02","1","2018","4","40.404056","-79.940528","1020","11","0","0","0","0","0","0","0","0","","0","0","0","","","0","","0","","40 24:14.600","","0","79 56:25.900","9","0","0","0","2301","0","0","0","N","0","0","0","1","02301","0","","4.0","","1","N","N","","0","","0","0","1","","0","","","3","0","0","0","0","0","1","2","0","3","","","","N","","","","","","","","","",""
"2018037900","0627","1","0","0","0","0","0","0","0","0","4","0","","02","2","2018","5","40.508404","-80.029486","0625","11","0","0","0","0","0","2","0","0","2","0","0","0","","","0","","0","","40 30:30.254","2","7","80 01:46.148","0","0","0","0","2116","0","0","0","N","0","0","0","2","02116","0","","1.0","","9","","","","1","","0","0","0","","2","N","","2","0","0","0","0","0","0","2","0","2","","","","N","","","","","","","","","",""
"2018006800","2030","1","0","0","0","0","0","0","0","0","1","0","","02","1","2018","7","40.466995","-79.978022","2030","11","0","0","0","0","0","0","0","0","1","0","0","0","","","0","","0","","40 28:01.183","2","0","79 58:40.879","0","0","0","0","2118","0","0","0","N","0","0","0","1","02118","0","","1.0","","9","N","N","","0","","0","0","0","","0","N","","2","0","0","0","0","0","0","2","0","2","","","","N","","","","","","","","","",""
"2018009137","0450","1","0","0","0","0","0","0","0","0","4","0","","02","1","2018","5","40.429497","-79.988623","0445","11","0","0","0","0","0","0","0","0","1","0","0","0","","","0","","2","","40 25:46.189","4","0","79 59:19.043","0","0","0","0","2301","0","0","0","N","0","0","0","2","02301","0","","1.0","","9","N","N","","1","","0","0","0","","1","N","","2","0","0","0","0","0","0","2","0","2","","","","N","","","","","","","","","",""
"2018007874","1628","1","0","0","0","0","0","0","0","0","7","0","","02","1","2018","3","40.623199","-79.923163","1623","11","0","0","0","0","0","0","0","0","","0","0","0","","","0","","2","","40 37:23.517","","0","79 55:23.386","0","0","0","0","2217","0","0","0","N","0","0","0","1","02505","0","","5.0","","7","N","N","","0","","0","0","0","","2","","","1","0","0","0","0","0","0","2","0","1","","","","N","","","","","","","","","",""
"2018031953","0709","0","0","0","0","0","0","0","0","0","4","0","","02","2","2018","1","40.530576","-80.009915","0706","11","0","0","0","0","0","0","0","0","1","0","0","0","","","1","","1","","40 31:50.073","2","0","80 00:35.695","3","0","0","0","2116","0","0","0","N","0","0","0","2","02116","0","","1.0","","9","N","N","","0","","1","0","2","","2","N","","2","1","0","0","0","0","0","2","0","2","","","","N","","","","","","","","","",""
"2018045137","2036","1","0","0","0","0","0","0","0","0","7","0","","02","4","2018","7","40.394552","-80.021957","2036","11","0","0","0","0","0","0","0","0","","0","0","0","","","0","","1","","40 23:40.387","","0","80 01:19.045","0","0","0","0","2301","0","0","0","N","0","0","0","1","02301","0","","5.0","","1","N","N","","0","","0","0","0","","0","","","1","0","0","0","0","0","0","2","0","1","","","","N","","","","","","","","","",""
"2018045974","1645","1","0","0","0","0","0","0","0","0","1","0","","02","4","2018","3","40.343419","-79.970091","1642","11","0","0","0","0","0","1","0","0","","0","0","0","","","0","","2","","40 20:36.310","","0","79 58:12.327","0","0","0","0","2403","0","0","0","N","0","0","0","4","02403","0","","1.0","","9","N","N","","1","","0","0","0","","0","","","4","0","0","0","0","0","0","2","2","4","","","","N","","","","","","","","","",""
"2018045368","2050","1","0","0","0","0","0","0","0","0","5","0","","02","4","2018","1","40.451056","-79.942361","2045","11","0","0","0","0","0","0","1","0","","0","0","0","","","0","","0","","40 27:03.803","","0","79 56:32.498","0","0","0","0","2301","0","0","0","N","0","0","0","1","02301","0","","1.0","","1","N","N","","0","","0","0","1","","0","","","2","0","0","0","0","0","0","2","0","2","","","","N","","","","","","","","","",""
"2018060984","1031","1","0","0","0","0","0","0","0","0","1","0","","02","6","2018","5","40.351495","-80.062514","1029","11","0","0","1","0","0","0","0","0","1","0","0","0","","","0","","1","","40 21:05.382","4","0","80 03:45.052","0","0","0","0","2123","0","0","0","N","0","0","0","6","02123","0","","1.0","","1","N","N","","0","","0","0","1","","0","N","","2","0","0","0","0","0","0","2","0","2","","","","N","","","","","","","","","",""
"2018028448","1543","1","0","0","0","0","0","0","0","0","1","0","","02","2","2018","2","40.423968","-80.1112","1529","11","0","0","0","0","0","1","0","0","","0","0","0","","","0","","0","","40 25:26.284","","2","80 06:40.320","0","0","0","0","2115","0","0","0","N","0","0","0","2","68B03","0","","1.0","","1","N","N","","0","","0","0","1","","0","","","2","0","0","0","0","0","0","2","0","2","","","","N","","","","","","","","","",""
"2018005339","0825","0","0","0","0","0","0","0","0","0","1","0","","02","1","2018","5","40.317459","-80.088384","0823","11","0","0","0","0","0","0","0","0","1","0","0","0","","","0","","0","","40 19:02.851","1","0","80 05:18.181","0","0","0","0","2123","0","0","0","N","0","0","0","3","02123","0","","1.0","","1","N","N","","2","","0","0","0","","0","N","","2","0","0","0","0","0","0","2","0","2","","","","N","","","","","","","","","",""
"2018096601","1847","3","0","0","0","0","0","0","0","0","1","0","","02","9","2018","7","40.343407","-79.969807","1844","11","0","0","0","1","0","0","0","0","2","0","0","0","","","0","","0","","40 20:36.266","1","0","79 58:11.305","0","0","0","0","2403","0","0","0","N","0","0","0","5","02403","0","","1.0","","1","N","N","","0","","0","0","0","","2","N","","3","0","0","0","0","0","0","2","0","3","","","","N","","","","","","","","","",""
"2018007927","2305","0","0","0","0","0","0","0","0","0","7","0","","02","1","2018","3","40.451347","-79.963579","2258","11","0","0","0","0","0","0","0","0","","0","0","0","","","0","","2","","40 27:04.848","","0","79 57:48.885","0","0","0","0","2301","0","0","0","N","0","0","0","1","02301","0","","2.0","","2","N","N","","0","","0","0","1","","3","","","1","0","0","0","0","0","0","2","0","1","","","","N","","","","","","","","","",""
"2018048244","0029","0","0","0","0","0","0","0","0","0","7","0","","02","3","2018","1","40.412225","-80.077859","0022","11","0","0","0","0","0","0","0","0","","0","0","0","","","1","","0","","40 24:44.009","","0","80 04:40.293","8","0","0","0","2117","0","0","0","","0","0","0","1","68B03","0","","2.0","","1","N","N","","1","","0","0","0","","0","","","1","1","1","0","0","1","0","2","0","1","","","","N","","","","","","","","","",""
"2018005121","1513","1","0","0","0","0","0","0","0","0","7","0","","02","1","2018","5","40.567639","-80.205778","1505","11","0","0","0","0","0","0","0","0","","0","0","0","","","0","","0","","40 34:03.500","","0","80 12:20.800","0","0","0","0","2107","0","0","0","N","0","0","0","2","02107","0","","2.0","","1","N","N","","0","","0","0","0","","0","","","1","0","0","0","0","0","0","1","0","1","","","","N","","","","","","","","","",""
"2018044313","1751","0","0","0","0","0","0","0","0","0","7","0","","02","4","2018","4","40.361851","-79.96281","1745","11","0","0","0","0","0","0","0","0","4","0","0","0","","","1","","0","","40 21:42.662","6","0","79 57:46.117","3","0","0","0","2403","0","0","0","N","0","0","0","1","02403","0","","2.0","","1","N","N","","0","","1","0","1","","0","Y","","1","1","0","0","0","0","0","2","0","1","","","","N","","","","","","","","","",""
"2018039166","1752","1","0","0","0","0","0","0","0","0","4","0","","02","3","2018","4","40.524078","-80.015339","1749","11","0","0","0","1","0","0","0","0","2","0","0","0","","","1","","0","","40 31:26.680","5","0","80 00:55.220","2","0","0","0","2116","0","0","0","N","0","0","0","2","02116","0","","1.0","","1","N","N","","0","","0","1","1","","0","Y","","2","1","1","0","1","0","0","2","0","2","","","","N","","","","","","","","","",""
"2018010216","1707","2","0","0","0","0","0","0","0","0","1","0","","02","1","2018","1","40.637998","-80.06342","1707","11","0","0","0","0","0","0","0","0","","0","0","0","","","1","","1","","40 38:16.792","","0","80 03:48.312","3","0","0","0","2216","0","0","0","N","0","0","0","4","02505","0","","1.0","","98","N","N","","0","","1","0","0","","2","","","2","1","0","0","0","0","0","2","0","2","","","","N","","","","","","","","","",""
"2018021557","2043","0","0","0","0","0","0","0","0","0","7","0","","02","2","2018","1","40.631638","-80.003119","2038","11","1","0","0","0","0","0","0","0","1","0","0","0","","","0","","0","","40 37:53.898","2","0","80 00:11.228","0","0","0","0","2216","0","0","0","N","0","0","0","2","02505","0","","5.0","","9","N","N","","0","","0","0","1","","0","Y","","1","0","0","0","0","0","0","2","0","1","","","","N","","","","","","","","","",""
"2018005667","1559","2","0","0","0","0","0","0","0","0","1","0","","02","1","2018","2","40.383157","-79.827797","1558","11","0","0","0","1","0","0","0","0","2","0","0","0","","","0","","1","","40 22:59.366","4","0","79 49:40.068","0","0","0","0","2111","0","0","0","N","0","0","0","3","02111","0","","1.0","","6","N","N","","0","","0","0","0","","2","N","","2","0","0","0","0","0","0","2","0","2","","","","N","","","","","","","","","",""
"2018045957","1416","1","0","0","0","0","0","0","0","0","4","0","","02","4","2018","3","40.341593","-79.98508","1410","11","0","0","1","0","1","0","0","0","","0","0","0","","","0","","2","","40 20:29.734","","0","79 59:06.288","0","0","0","0","2403","0","0","0","N","0","0","0","2","02403","0","","1.0","","9","N","N","","0","","0","0","1","","3","","","2","0","0","0","0","0","0","2","0","2","","","","N","","","","","","","","","",""
"2018039687","2010","0","0","0","0","0","0","0","0","0","7","0","","02","1","2018","5","40.587685","-80.099902","2000","11","0","0","0","0","0","0","0","0","","0","0","0","","","0","","0","","40 35:15.666","","0","80 05:59.646","0","0","0","0","2481","0","0","0","N","0","0","0","1","68B03","0","","4.0","","1","N","N","","0","","0","0","1","","0","","","2","0","0","0","0","0","0","2","0","1","","","","N","","","","","","","","","",""
"2018044484","1100","0","0","0","0","0","0","0","0","0","8","0","","02","4","2018","5","40.423213","-79.925051","1030","11","0","0","0","0","0","0","0","1","","0","0","0","","","1","","2","","40 25:23.566","","0","79 55:30.183","3","0","0","0","2301","1","0","0","N","1","0","0","2","02301","0","","1.0","","9","N","N","","0","","1","0","1","","3","","","2","1","0","0","0","0","0","2","0","1","","","","N","","","","","","","","","",""
"2018043839","1610","2","0","0","0","0","0","0","0","0","4","0","","02","4","2018","3","40.464749","-79.944194","1600","11","0","0","0","1","0","1","0","0","","0","0","0","","","1","","1","","40 27:53.096","","0","79 56:39.098","3","0","0","0","2301","0","0","0","N","0","0","0","4","02301","0","","1.0","","9","N","N","","0","","1","0","0","","3","","","2","1","2","0","0","0","1","2","0","2","","","","N","","","","","","","","","",""
"2018030247","0040","1","0","0","0","0","0","0","0","0","7","0","","02","2","2018","4","40.530982","-80.190015","0034","11","0","0","0","0","0","0","1","0","","0","0","0","","","0","","2","","40 31:51.534","","0","80 11:24.055","0","0","0","0","2213","0","0","0","N","0","0","0","1","02213","0","","2.0","","1","N","N","","0","","0","0","0","","2","","","1","0","0","0","0","0","0","2","0","1","","","","N","","","","","","","","","",""
"2018044326","0455","1","0","0","0","0","0","0","0","0","7","0","","02","4","2018","7","40.492184","-80.061207","0452","11","0","0","0","0","0","0","0","0","1","0","0","0","","","0","","2","","40 29:31.864","4","0","80 03:40.344","0","0","0","0","2404","0","0","0","N","0","0","0","1","02404","0","","4.0","","1","N","N","","0","","0","0","0","","0","N","","1","0","0","0","0","0","0","2","0","1","","","","N","","","","","","","","","",""
"2018045757","1606","1","0","0","0","0","0","0","0","0","4","0","","02","4","2018","6","40.362035","-80.011224","1606","11","0","0","0","0","0","2","0","0","1","0","0","0","","","1","","1","","40 21:43.327","5","0","80 00:40.407","8","0","0","0","2416","0","0","0","N","0","0","0","3","02416","0","","1.0","","1","N","N","","0","","0","0","1","","3","N","","2","1","0","0","0","1","0","2","0","2","","","","N","","","","","","","","","",""
"2018008168","1050","1","0","0","0","0","0","0","0","0","8","0","","02","1","2018","4","40.443147","-79.998072","1037","11","0","0","0","0","0","0","0","0","1","0","0","0","","","1","","0","","40 26:35.330","1","0","79 59:53.060","3","0","0","0","2301","1","0","0","N","1","0","0","2","02301","0","","1.0","","6","N","N","","0","","1","0","0","","2","N","","2","1","0","0","0","0","0","2","0","1","","","","N","","","","","","","","","",""
"2018091062","1750","1","0","0","0","0","0","0","0","0","1","0","","02","8","2018","5","40.384367","-80.18614","1741","11","0","0","0","0","1","0","0","0","","0","0","0","","","1","","2","","40 23:03.721","","0","80 11:10.105","3","0","0","1","2119","0","0","0","N","0","0","0","2","02119","0","","1.0","","1","N","N","","0","","1","0","0","","3","","","2","1","0","0","0","0","0","1","0","2","","","","N","","","","","","","","","",""
"2018007444","2232","1","0","0","0","0","0","0","0","0","7","0","","02","1","2018","7","40.475748","-80.007383","2221","11","0","0","0","0","1","0","0","0","","0","0","0","","","0","","0","","40 28:32.691","","0","80 00:26.577","0","0","0","0","2301","0","0","0","Y","0","0","0","1","68B03","0","","4.0","","2","N","N","","0","","0","0","0","","0","","","1","0","0","0","0","0","0","2","0","1","","","","N","","","","","","","","","",""
"2018044147","0826","1","0","0","0","0","0","0","0","0","5","1","","02","4","2018","3","40.387694","-79.822389","0824","11","0","0","0","0","0","2","0","0","","0","1","0","","","0","","0","","40 23:15.700","","0","79 49:20.600","0","0","0","0","2111","0","0","0","N","0","0","0","2","02111","0","","1.0","","1","N","N","","0","","0","0","0","","2","N","","2","0","0","0","0","0","0","2","0","2","","","","N","","","","","","","","","",""
"2018045765","1516","0","0","0","0","0","0","0","0","0","1","1","","02","4","2018","7","40.336088","-80.019843","1512","11","0","0","0","0","0","2","0","0","","0","1","0","","","1","","2","","40 20:09.915","","0","80 01:11.434","4","0","0","0","2407","0","0","0","N","0","0","0","3","02407","1","","1.0","","1","N","N","","0","","0","0","1","","2","","","2","1","0","0","0","0","0","2","0","2","","","","N","","","","","","","","","",""
"2018009799","1829","0","0","0","0","0","0","0","0","0","7","0","","02","1","2018","6","40.522788","-79.970725","1829","11","0","0","0","0","0","0","0","0","2","0","0","0","","","0","N","0","","40 31:22.036","5","3","79 58:14.610","0","0","0","0","2118","0","0","0","N","0","0","0","1","02118","0","","2.0","","1","N","N","","0","","0","0","1","","0","Y","","1","0","0","0","0","0","0","2","0","1","","","","N","","","","","","","","","",""
"2018045572","1309","2","0","0","0","0","0","0","0","0","1","0","45","02","4","2018","1","40.604258","-79.765546","1306","11","0","0","0","0","0","0","0","0","","0","0","0","","","0","","0","","40 36:15.327","","0","79 45:55.967","0","0","0","0","2464","0","0","0","N","0","0","0","2","68D02","0","","1.0","","1","N","N","","0","","0","0","0","","1","","","2","0","0","0","0","0","0","2","0","2","","","Y","Y","4","1","N","N","N","Y","N","N","N",""
"2018022169","0744","1","0","0","0","0","0","0","0","0","7","0","","02","2","2018","3","40.530878","-79.979598","0742","11","0","0","0","1","0","0","0","0","1","0","0","0","","","0","","0","","40 31:51.160","3","0","79 58:46.553","0","0","0","0","2118","0","0","0","N","0","0","0","1","02118","0","","4.0","","9","N","N","","0","","0","0","0","","0","N","","1","0","1","0","0","0","0","2","0","1","","","","N","","","","","","","","","",""
"2018006890","1933","1","0","0","0","0","0","0","0","0","1","0","","02","1","2018","1","40.465756","-79.919544","1927","11","0","0","0","0","0","0","0","0","","0","0","0","","","0","","0","","40 27:56.720","","0","79 55:10.360","0","0","0","0","2301","0","0","0","N","0","0","0","2","02301","0","","6.0","","9","N","N","","0","","0","0","1","","0","","","2","0","2","0","0","0","0","2","0","2","","","","N","","","","","","","","","",""
"2018021255","2246","1","0","0","0","0","0","0","0","0","7","0","","02","2","2018","7","40.449534","-80.026661","2243","11","0","0","0","0","0","0","0","0","2","0","0","0","","","2","","0","","40 26:58.321","2","2","80 01:35.981","3","0","0","0","2301","0","0","0","N","0","0","0","2","02301","0","","1.0","","9","N","N","","0","","1","0","0","","0","N","","1","2","0","0","0","1","0","2","0","1","","","","N","","","","","","","","","",""
"2018047424","1355","0","0","0","0","0","0","1","0","0","4","1","","02","4","2018","7","40.365264","-80.108566","1340","11","0","0","0","0","0","2","0","0","2","0","0","0","","","1","","0","","40 21:54.952","5","0","80 06:30.838","3","0","0","0","2102","0","0","0","N","0","0","0","2","02503","0","","1.0","","1","N","N","","1","","1","0","0","","2","N","","2","1","1","0","0","0","0","2","0","2","","","","Y","","","","","","","","","",""
"2018008849","1438","2","0","0","0","0","0","0","0","0","4","0","","02","1","2018","3","40.538699","-79.763284","1434","11","0","0","0","0","0","0","0","0","2","0","0","0","","","2","","0","","40 32:19.315","5","0","79 45:47.823","8","0","0","0","2466","0","0","0","N","0","0","0","3","02466","0","","1.0","","7","N","N","","0","","0","0","1","","0","N","","3","2","0","0","0","2","0","1","0","3","","","","N","","","","","","","","","",""
"2018014041","2148","1","0","0","0","0","0","0","0","0","7","0","","02","1","2018","3","40.375739","-79.805619","2144","11","0","0","0","1","0","0","0","0","","0","0","0","","","1","","0","","40 22:32.660","","0","79 48:20.230","3","0","0","0","2111","0","0","0","N","0","0","0","1","02111","0","","4.0","","7","N","N","","0","","1","0","0","","0","","","1","1","0","0","0","0","0","2","0","1","","","","N","","","","","","","","","",""
"2018044018","0608","2","0","0","0","0","0","0","0","0","4","0","","02","4","2018","3","40.444232","-80.028216","0605","11","0","0","0","0","0","1","0","0","2","0","0","0","","","0","","1","","40 26:39.234","2","3","80 01:41.577","0","0","0","0","2301","0","0","0","N","0","0","0","2","02301","0","","1.0","","9","N","N","","0","","0","0","0","","2","N","","2","0","0","0","0","0","0","2","0","2","","","","N","","","","","","","","","",""
"2018046435","1616","2","0","0","0","0","0","0","0","0","4","0","","02","4","2018","4","40.454076","-79.996814","1611","11","0","0","0","0","0","2","0","0","","0","0","0","","","0","","1","","40 27:14.672","","2","79 59:48.532","0","0","0","0","2301","0","0","0","N","0","0","0","3","02301","0","","1.0","","1","N","N","","0","","0","0","0","","2","","","2","0","1","0","0","0","0","2","0","2","","","","N","","","","","","","","","",""
"2018009473","1714","2","0","0","0","0","0","0","0","0","4","0","","02","1","2018","6","40.444508","-80.027955","1702","11","0","0","0","0","0","1","0","0","2","0","0","0","","","2","","0","","40 26:40.228","5","3","80 01:40.639","3","0","0","0","2301","0","0","0","N","0","0","0","3","02301","0","","1.0","","1","N","N","","0","","2","0","0","","2","N","","2","2","0","0","0","0","0","2","0","2","","","","N","","","","","","","","","",""
"2018045019","1108","2","0","0","0","0","0","0","0","0","1","0","","02","4","2018","7","40.437684","-79.738908","1104","11","0","0","0","0","0","1","0","0","","0","0","0","","","0","","1","","40 26:15.664","","0","79 44:20.070","0","0","0","0","2446","0","0","0","N","0","0","0","2","02446","0","","1.0","","1","N","N","","0","","0","0","0","","2","","","2","0","0","0","0","0","0","2","0","2","","","","N","","","","","","","","","",""