"CRN","ARRIVAL_TM","AUTOMOBILE_COUNT","BELTED_DEATH_COUNT","BELTED_SUSP_SERIOUS_INJ_COUNT","BICYCLE_COUNT","BICYCLE_DEATH_COUNT","BICYCLE_SUSP_SERIOUS_INJ_COUNT","BUS_COUNT","CHLDPAS_DEATH_COUNT","CHLDPAS_SUSP_SERIOUS_INJ_COUNT","COLLISION_TYPE","COMM_VEH_COUNT","CONS_ZONE_SPD_LIM","COUNTY","CRASH_MONTH","CRASH_YEAR","DAY_OF_WEEK","DEC_LATITUDE","DEC_LONGITUDE","DISPATCH_TM","DISTRICT","DRIVER_COUNT_16YR","DRIVER_COUNT_17YR","DRIVER_COUNT_18YR","DRIVER_COUNT_19YR","DRIVER_COUNT_20YR","DRIVER_COUNT_50_64YR","DRIVER_COUNT_65_74YR","DRIVER_COUNT_75PLUS","EST_HRS_CLOSED","FATAL_COUNT","HEAVY_TRUCK_COUNT","HORSE_BUGGY_COUNT","HOUR_OF_DAY","ILLUMINATION","INJURY_COUNT","INTERSECTION_RELATED","INTERSECT_TYPE","LANE_CLOSED","LATITUDE","LN_CLOSE_DIR","LOCATION_TYPE","LONGITUDE","MAX_SEVERITY_LEVEL","MCYCLE_DEATH_COUNT","MCYCLE_SUSP_SERIOUS_INJ_COUNT","MOTORCYCLE_COUNT","MUNICIPALITY","NONMOTR_COUNT","NONMOTR_DEATH_COUNT","NONMOTR_SUSP_SERIOUS_INJ_COUNT","NTFY_HIWY_MAINT","PED_COUNT","PED_DEATH_COUNT","PED_SUSP_SERIOUS_INJ_COUNT","PERSON_COUNT","POLICE_AGCY","POSSIBLE_INJ_COUNT","RDWY_SURF_TYPE_CD","RELATION_TO_ROAD","ROADWAY_CLEARED","ROAD_CONDITION","SCH_BUS_IND","SCH_ZONE_IND","SECONDARY_CRASH","SMALL_TRUCK_COUNT","SPEC_JURIS_CD","SUSP_MINOR_INJ_COUNT","SUSP_SERIOUS_INJ_COUNT","SUV_COUNT","TCD_FUNC_CD","TCD_TYPE","TFC_DETOUR_IND","TIME_OF_DAY","TOTAL_UNITS","TOT_INJ_COUNT","UNBELTED_OCC_COUNT","UNB_DEATH_COUNT","UNB_SUSP_SERIOUS_INJ_COUNT","UNK_INJ_DEG_COUNT","UNK_INJ_PER_COUNT","URBAN_RURAL","VAN_COUNT","VEHICLE_COUNT","WEATHER1","WEATHER2","WORKERS_PRES","WORK_ZONE_IND","WORK_ZONE_LOC","WORK_ZONE_TYPE","WZ_CLOSE_DETOUR","WZ_FLAGGER","WZ_LAW_OFFCR_IND","WZ_LN_CLOSURE","WZ_MOVING","WZ_OTHER","WZ_SHLDER_MDN","WZ_WORKERS_INJ_KILLED"
"2018011598","1458","0","0","0","0","0","0","0","0","0","8","0","","02","1","2018","6","40.337851","-79.937522","1455","11","0","0","0","0","0","0","0","0","2","0","0","0","","","1","","0","","40 20:16.263","7","0","79 56:15.079","2","0","0","0","2473","1","0","1","N","1","0","1","2","02473","0","","1.0","","1","N","N","","0","","0","1","1","","1","Y","","2","1","0","0","0","0","0","2","0","1","","","","N","","","","","","","","","",""
"2018010680","1830","1","0","0","0","0","0","0","0","0","7","0","","02","1","2018","2","40.500939","-80.061599","1830","11","0","0","0","0","0","0","0","0","","0","0","0","","","0","","2","","40 30:03.380","","0","80 03:41.755","0","0","0","0","2402","0","0","0","N","0","0","0","1","02402","0","","5.0","","7","","","","0","","0","0","0","","0","","","1","0","0","0","0","0","0","2","0","1","","","","N","","","","","","","","","",""
"2018008246","2212","1","0","0","0","0","0","0","0","0","4","0","","02","1","2018","3","40.417906","-79.848659","2208","11","0","0","0","0","0","1","0","0","2","0","0","0","","","1","","0","","40 25:04.461","4","0","79 50:55.171","4","0","0","0","2431","0","0","0","N","0","0","0","1","02431","1","","1.0","","2","N","N","","0","","0","0","1","","0","N","","2","1","1","0","0","0","0","2","0","2","","","","N","","","","","","","","","",""
"2018010271","0716","2","0","0","0","0","0","0","0","0","1","0","","02","1","2018","5","40.428357","-79.718897","0712","11","0","0","0","1","0","0","0","0","1","0","0","0","","","0","","0","","40 25:42.085","4","0","79 43:08.028","0","0","0","0","2446","0","0","0","N","0","0","0","2","02446","0","","1.0","","1","N","N","","0","","0","0","0","","0","N","","2","0","0","0","0","0","0","2","0","2","","","","N","","","","","","","","","",""
"2018004356","1540","0","0","0","0","0","0","0","0","0","8","0","","02","1","2018","3","40.488611","-79.893472","1531","11","0","0","0","0","0","1","0","0","","0","0","0","","","1","","0","","40 29:19.000","","7","79 53:36.500","8","0","0","0","2301","1","0","0","N","1","0","0","2","02301","0","","1.0","","1","N","N","","0","","0","0","0","","0","","","2","1","0","0","0","1","0","2","1","1","","","","N","","","","","","","","","",""
"2018008253","2134","1","0","0","0","0","0","0","0","0","7","0","","02","1","2018","2","40.496564","-79.938925","2124","11","0","0","0","0","0","0","0","0","1","0","0","0","","","0","","0","","40 29:47.630","1","2","79 56:20.131","0","0","0","0","2430","0","0","0","N","0","0","0","1","02430","0","","4.0","","9","N","N","","0","","0","0","0","","0","N","","1","0","0","0","0","0","0","2","0","1","","","","N","","","","","","","","","",""
"2018006778","1453","1","0","0","0","0","0","0","0","0","7","0","","02","1","2018","1","40.435008","-79.983194","1445","11","0","0","0","0","0","0","0","0","2","0","0","0","","","3","","0","","40 26:06.030","6","1","79 58:59.500","3","0","0","0","2301","0","0","0","N","0","0","0","3","02301","0","","3.0","","2","N","N","","0","","3","0","0","","0","N","","1","3","0","0","0","0","0","2","0","1","","","","N","","","","","","","","","",""
"2018009402","1655","1","0","0","0","0","0","0","0","0","1","0","","02","1","2018","6","40.459621","-79.920421","1647","11","0","0","0","0","0","0","0","0","","0","0","0","","","1","","0","","40 27:34.635","","0","79 55:13.517","8","0","0","0","2301","0","0","0","N","0","0","0","3","02301","0","","1.0","","1","N","N","","0","","0","0","0","","2","","","2","1","0","0","0","1","0","2","1","2","","","","N","","","","","","","","","",""
"2018045644","1538","2","0","0","0","0","0","0","0","0","1","0","","02","4","2018","2","40.428984","-79.999361","1527","11","0","0","0","0","0","1","0","0","","0","0","0","","","0","","0","","40 25:44.341","","4","79 59:57.700","0","0","0","0","2301","0","0","0","N","0","0","0","3","02301","0","","1.0","","1","N","N","","1","","0","0","0","","2","","","3","0","0","0","0","0","0","2","0","3","","","","N","","","","","","","","","",""
"2018007719","1635","2","0","0","0","0","0","0","0","0","1","0","","02","1","2018","3","40.468833","-80.001704","1629","11","0","0","0","0","0","0","0","0","","0","0","0","","","0","N","0","","40 28:07.797","","0","80 00:06.133","0","0","0","0","2301","0","0","0","N","0","0","0","3","02301","0","","1.0","","7","N","N","","0","","0","0","1","","0","","","3","0","0","0","0","0","0","2","0","3","","","","N","","","","","","","","","",""
"2018048209","1050","1","0","0","0","0","0","0","0","0","2","1","","02","4","2018","3","40.522549","-80.174737","1045","11","0","0","0","0","0","0","1","0","","0","1","0","","","0","","2","","40 31:21.175","","0","80 10:29.052","0","0","0","0","2420","0","0","0","N","0","0","0","2","02420","0","","1.0","","9","N","N","","0","","0","0","0","","3","","","2","0","0","0","0","0","0","2","0","2","","","","N","","","","","","","","","",""
"2018037037","0950","0","0","0","0","0","0","0","0","0","1","1","","02","3","2018","5","40.488979","-79.901676","0943","11","0","0","0","0","0","1","0","1","","0","0","0","","","0","","0","","40 29:20.326","","0","79 54:06.035","0","0","0","0","2401","0","0","0","N","0","0","0","3","02503","0","","1.0","","1","N","N","","0","","0","0","0","","0","N","","2","0","0","0","0","0","0","2","0","2","","","","N","","","","","","","","","",""
"2018045956","1328","0","0","0","0","0","0","0","0","0","4","0","","02","4","2018","3","40.33258","-80.070463","1324","11","0","0","0","0","0","0","0","1","","0","0","0","","","0","","7","","40 19:57.288","","2","80 04:13.665","0","0","0","0","2123","0","0","0","N","0","0","0","3","02123","0","","1.0","","9","N","N","","0","","0","0","2","","3","","","2","0","0","0","0","0","0","2","0","2","","","","N","","","","","","","","","",""
"2018044501","1541","0","0","0","0","0","0","0","0","0","4","0","","02","4","2018","4","40.549657","-79.958991","1537","11","0","0","0","0","0","2","0","0","2","0","0","0","","","1","","0","","40 32:58.766","6","0","79 57:32.368","8","0","0","0","2118","0","0","0","Y","0","0","0","4","02118","0","","1.0","","1","N","N","","3","","0","0","0","","0","Y","","3","1","0","0","0","1","0","2","0","3","","","","N","","","","","","","","","",""
"2018045442","1737","1","0","0","0","0","0","0","0","0","4","0","","02","4","2018","1","40.386663","-80.046159","1735","11","0","0","0","0","0","0","0","0","2","0","0","0","","","1","","2","","40 23:11.986","7","0","80 02:46.172","3","0","0","0","2109","0","0","0","N","0","0","0","2","02109","0","","1.0","","1","N","N","","0","","1","0","1","","8","Y","","2","1","1","0","0","0","0","2","0","2","","","","N","","","","","","","","","",""
"2018047200","1009","2","0","0","0","0","0","0","0","0","4","0","","02","4","2018","5","40.369026","-79.802796","1007","11","0","0","0","0","0","0","0","1","1","0","0","0","","","1","","2","","40 22:08.493","1","0","79 48:10.065","8","0","0","0","2111","0","0","0","N","0","0","0","2","02111","0","","1.0","","1","N","N","","0","","0","0","0","","3","N","","2","1","0","0","0","1","0","2","0","2","","","","N","","","","","","","","","",""
"2018045979","1412","1","0","0","0","0","0","0","0","0","1","0","","02","4","2018","1","40.378225","-80.064701","1406","11","0","1","0","0","0","0","0","1","","0","0","0","","","1","","5","","40 22:41.611","","0","80 03:52.925","4","0","0","0","2109","0","0","0","","0","0","0","5","02109","1","","1.0","","1","N","N","","0","","0","0","1","","2","","","2","1","0","0","0","0","0","2","0","2","","","","N","","","","","","","","","",""
"2018008024","0843","1","0","0","0","0","0","0","0","0","4","0","","02","1","2018","3","40.355766","-80.050259","0843","11","0","0","0","0","0","0","0","0","","0","0","0","","","0","","0","","40 21:20.757","","7","80 03:00.932","0","0","0","0","2109","0","0","0","N","0","0","0","2","02109","0","","1.0","","9","N","N","","0","","0","0","1","","0","","","2","0","0","0","0","0","0","2","0","2","","","","N","","","","","","","","","",""
"2018046404","1307","1","0","0","0","0","0","0","0","0","4","0","","02","4","2018","4","40.464996","-79.824006","1303","11","0","0","0","0","0","0","0","0","2","0","0","0","","","0","","2","","40 27:53.985","1","0","79 49:26.421","0","0","0","0","2113","0","0","0","N","0","0","0","2","02113","0","","1.0","","1","N","N","","0","","0","0","1","","3","N","","2","0","0","0","0","0","0","2","0","2","","","","N","","","","","","","","","",""
"2018006707","0943","1","0","0","0","0","0","0","0","0","7","0","","02","1","2018","1","40.571818","-79.954759","0942","11","0","0","0","0","0","0","0","0","1","0","0","0","","","1","","0","","40 34:18.543","5","0","79 57:17.132","3","0","0","0","2207","0","0","0","N","0","0","0","1","02207","0","","2.0","","2","N","N","","0","","1","0","0","","0","N","","1","1","0","0","0","0","0","2","0","1","","","","N","","","","","","","","","",""
"2018098140","0040","0","0","0","0","0","0","0","0","0","0","0","","02","9","2018","1","40.61508","-79.957378","0037","11","0","0","0","0","0","0","0","0","","0","0","0","","","0","","0","","40 36:54.289","","0","79 57:26.561","0","0","0","0","2207","0","0","0","N","0","0","0","1","02207","0","","5.0","","9","N","N","","0","","0","0","1","","0","","","1","0","0","0","0","0","0","2","0","1","","","","N","","","","","","","","","",""
"2018045661","1929","0","0","0","0","0","0","0","0","0","4","0","","02","4","2018","2","40.496597","-80.01428","1917","11","0","0","0","0","0","0","0","0","","0","0","0","","","0","","1","","40 29:47.749","","0","80 00:51.407","0","0","0","0","2301","0","0","0","N","0","0","0","2","02301","0","","1.0","","1","N","N","","0","","0","0","1","","3","","","2","0","0","0","0","0","0","2","1","2","","","","N","","","","","","","","","",""
"2018006708","0850","2","0","0","0","0","0","0","0","0","4","0","","02","1","2018","1","40.351403","-79.821277","0844","11","0","0","0","0","0","2","0","0","1","0","0","0","","","0","","1","","40 21:05.052","5","0","79 49:16.596","0","0","0","0","2477","0","0","0","N","0","0","0","2","02477","0","","1.0","","1","N","N","","0","","0","0","0","","3","Y","","2","0","0","0","0","0","0","2","0","2","","","","N","","","","","","","","","",""
"2018044915","1741","2","0","0","0","0","0","0","0","0","4","0","","02","4","2018","6","40.416931","-79.839511","1738","11","0","0","0","0","0","1","0","0","2","0","0","0","","","1","","0","","40 25:00.952","3","0","79 50:22.240","3","0","0","0","2431","0","0","0","N","0","0","0","2","02431","0","","1.0","","1","N","N","","0","","1","0","0","","0","N","","2","1","0","0","0","0","0","2","0","2","","","","N","","","","","","","","","",""
"2018046672","1140","2","0","0","0","0","0","0","0","0","4","0","","02","4","2018","5","40.451029","-79.868316","1132","11","0","0","0","0","0","0","0","0","","0","0","0","","","1","","0","","40 27:03.704","","0","79 52:05.937","4","0","0","0","2113","0","0","0","N","0","0","0","2","02113","1","","1.0","","1","N","N","","0","","0","0","0","","0","N","","2","1","0","0","0","0","0","2","0","2","","","","N","","","","","","","","","",""
"2018006745","1141","1","0","0","0","0","0","0","0","0","7","0","","02","1","2018","1","40.377408","-79.850654","1140","11","0","0","0","0","0","0","0","0","1","0","0","0","","","0","","0","","40 22:38.668","2","0","79 51:02.355","0","0","0","0","2303","0","0","0","N","0","0","0","1","02303","0","","1.0","","6","N","N","","0","","0","0","0","","0","N","","1","0","0","0","0","0","0","2","0","1","","","","N","","","","","","","","","",""
"2018007075","1032","1","0","0","0","0","0","0","0","0","2","0","","02","1","2018","1","40.363259","-79.868162","1028","11","0","0","0","0","0","1","0","0","1","0","0","0","","","0","","2","","40 21:47.732","2","0","79 52:05.383","0","0","0","0","2473","0","0","0","N","0","0","0","2","02473","0","","1.0","","6","N","N","","0","","0","0","1","","3","Y","","2","0","0","0","0","0","0","2","0","2","","","","N","","","","","","","","","",""
"2018047062","0001","0","0","1","0","0","0","1","0","0","2","1","","02","3","2018","3","40.447321","-79.75379","2331","11","0","0","0","0","0","1","0","0","3","0","0","0","","","7","","0","","40 26:50.357","4","0","79 45:13.645","2","0","0","0","2446","0","0","0","","0","0","0","52","68T02","0","","1.0","","9","N","N","","0","","0","1","1","","0","N","","2","7","0","0","0","6","0","2","0","2","","","","N","","","","","","","","","",""
"2018041038","2348","1","0","0","0","0","0","0","0","0","7","0","","02","3","2018","7","40.390311","-79.82878","2341","11","0","0","0","0","0","1","0","0","","0","0","0","","","1","","0","","40 23:25.121","","0","79 49:43.609","3","0","0","0","2111","0","0","0","N","0","0","0","1","02111","0","","4.0","","1","N","N","","0","","1","0","0","","0","","","1","1","1","0","0","0","0","2","0","1","","","","N","","","","","","","","","",""
"2018002879","1300","2","0","0","0","0","0","0","0","0","1","0","","02","1","2018","7","","","1258","11","0","1","0","0","0","1","0","0","","0","0","0","","","0","","2","","","","0","","0","0","0","0","2304","0","0","0","N","0","0","0","4","02304","0","","1.0","","1","N","N","","0","","0","0","0","","0","","","2","0","0","0","0","0","0","1","0","2","","","","N","","","","","","","","","",""
"2018008486","1827","1","0","0","0","0","0","0","0","0","4","0","","02","1","2018","4","40.413559","-80.118803","1818","11","0","0","0","0","0","0","1","1","3","0","0","0","","","1","","0","","40 24:48.812","4","7","80 07:07.691","3","0","0","0","2102","0","0","0","N","0","0","0","2","02102","0","","1.0","","1","N","N","","0","","1","0","1","","0","N","","2","1","0","0","0","0","0","2","0","2","","","","N","","","","","","","","","",""
"2018009407","1553","2","0","0","0","0","0","0","0","0","1","0","","02","1","2018","6","40.436981","-79.771242","1552","11","0","0","0","0","0","1","1","0","2","0","0","0","","","1","","0","","40 26:13.130","2","0","79 46:16.470","8","0","0","0","2446","0","0","0","N","0","0","0","3","02446","0","","1.0","","1","N","N","","0","","0","0","1","","0","Y","","3","1","0","0","0","1","0","2","0","3","","","","N","","","","","","","","","",""
"2018011630","1900","2","0","0","0","0","0","0","0","0","1","0","","02","1","2018","2","40.418522","-79.965097","1854","11","0","0","0","0","0","0","0","0","","0","0","0","","","0","","0","","40 25:06.680","","0","79 57:54.350","0","0","0","0","2301","0","0","0","N","0","0","0","2","02301","0","","2.0","","7","N","N","","0","","0","0","0","","0","","","2","0","0","0","0","0","0","2","0","2","","","","N","","","","","","","","","",""
"2018009306","0834","1","0","0","0","0","0","0","0","0","1","0","","02","1","2018","6","40.456111","-79.965029","0812","11","0","0","0","0","0","0","0","0","","0","0","0","","","1","","2","","40 27:21.999","","0","79 57:54.103","3","0","0","0","2301","0","0","0","N","0","0","0","2","02301","0","","1.0","","1","N","N","","0","","1","0","1","","0","","","2","1","0","0","0","0","0","2","0","2","","","","N","","","","","","","","","",""
"2018046711","2017","0","0","0","0","0","0","0","0","0","0","0","","02","4","2018","7","40.410755","-80.073509","2000","11","0","0","0","0","0","0","0","0","","0","0","0","","","1","","0","","40 24:38.719","","0","80 04:24.633","3","0","0","1","2117","0","0","0","N","0","0","0","1","68B03","0","","1.0","","1","N","N","","0","","1","0","0","","0","","","1","1","0","0","0","0","0","2","0","1","","","","N","","","","","","","","","",""
"2018045345","2023","2","0","0","0","0","0","0","0","0","4","0","","02","4","2018","5","40.322448","-79.956185","2019","11","0","0","0","0","0","0","0","0","","0","0","0","","","1","","0","","40 19:20.814","","7","79 57:22.265","4","0","0","0","2454","0","0","0","N","0","0","0","1","02454","1","","5.0","","1","N","N","","0","","0","0","0","","0","","","2","1","0","0","0","0","0","2","0","2","","","","N","","","","","","","","","",""
"2018092642","0902","3","0","0","0","0","0","0","0","0","1","1","","02","9","2018","4","40.483549","-79.852966","0856","11","0","0","0","0","0","2","0","0","","0","0","0","","","1","","0","","40 29:00.778","","0","79 51:10.677","4","0","0","0","2113","0","0","0","N","0","0","0","5","02113","1","","1.0","","1","Y","N","","0","","0","0","0","","0","","","4","1","0","0","0","0","0","2","1","4","","","","N","","","","","","","","","",""
"2018008720","1412","2","0","0","0","0","0","0","0","0","2","0","","02","1","2018","4","40.533358","-79.881297","1410","11","0","0","0","0","0","0","0","1","","0","0","0","","","1","","0","","40 32:00.090","","7","79 52:52.670","3","0","0","0","2432","0","0","0","N","0","0","0","2","02432","0","","1.0","","1","N","N","","0","","1","0","0","","0","","","2","1","0","0","0","0","0","2","0","2","","","","N","","","","","","","","","",""
"2018096555","1450","1","0","0","0","0","0","0","0","0","7","0","","02","9","2018","7","40.488738","-80.01409","1440","11","0","0","0","0","0","0","0","0","","0","0","0","","","0","","0","","40 29:19.458","","0","80 00:50.723","0","0","0","0","2301","0","0","0","N","0","0","0","4","02301","0","","5.0","","1","N","N","","0","","0","0","0","","0","","","1","0","0","0","0","0","0","2","0","1","","","","N","","","","","","","","","",""
"2018009215","1617","1","0","0","0","0","0","0","0","0","8","0","","02","1","2018","5","40.375119","-80.056737","1615","11","0","0","0","0","0","0","0","0","2","0","0","0","","","1","","1","","40 22:30.428","4","0","80 03:24.253","8","0","0","0","2109","1","0","0","N","1","0","0","2","02109","0","","1.0","","1","N","N","","0","","0","0","0","","2","Y","","2","1","0","0","0","1","0","2","0","1","","","","N","","","","","","","","","",""
"2018048788","0820","1","0","0","0","0","0","0","0","0","99","0","","02","5","2018","3","40.657361","-80.083083","0806","11","0","0","0","0","0","1","0","0","1","0","0","0","","","0","","0","","40 39:26.499","4","0","80 04:59.100","0","0","0","0","2212","0","0","0","N","0","0","0","1","68T02","0","","1.0","","1","N","N","","0","","0","0","0","","0","N","","1","0","0","0","0","0","0","2","0","1","","","","N","","","","","","","","","",""
"2018007057","0700","1","0","0","0","0","0","0","0","0","7","0","","02","1","2018","2","40.351309","-79.896314","0656","11","0","0","0","0","0","0","0","0","1","0","0","0","","","0","","0","","40 21:04.712","1","3","79 53:46.732","0","0","0","0","2423","0","0","0","N","0","0","0","1","02304","0","","2.0","","2","N","N","","0","","0","0","0","","2","N","","1","0","0","0","0","0","0","2","0","1","","","","N","","","","","","","","","",""
"2018048749","0613","1","0","0","0","0","0","0","0","0","1","0","","02","4","2018","2","40.412544","-80.078728","0608","11","0","0","0","0","0","0","0","0","","0","0","0","","","0","","3","","40 24:45.157","","2","80 04:43.422","0","0","0","0","2415","0","0","0","N","0","0","0","2","68B03","0","","1.0","","1","N","N","","1","","0","0","0","","4","","","2","0","0","0","0","0","0","2","0","2","","","","N","","","","","","","","","",""
"2018048789","0947","0","0","0","0","0","0","0","0","0","1","0","45","02","5","2018","3","40.599677","-79.768795","0930","11","0","0","0","0","0","0","0","0","","0","0","0","","","0","","0","","40 35:58.836","","0","79 46:07.662","0","0","0","0","2464","0","0","0","N","0","0","0","2","68D02","0","","1.0","","1","N","N","","1","","0","0","1","","0","","","2","0","0","0","0","0","0","2","0","2","","","Y","Y","3","1","N","N","N","Y","N","N","N",""
"2018005292","0230","3","0","0","0","0","0","0","0","0","4","0","","02","1","2018","5","40.451444","-79.881111","0224","11","0","0","0","0","0","0","0","0","2","0","0","0","","","2","","0","","40 27:05.200","6","0","79 52:52.000","4","0","0","0","2301","0","0","0","N","0","0","0","2","02301","2","","1.0","","9","N","N","","0","","0","0","0","","0","N","","3","2","1","0","0","0","0","2","0","3","","","","N","","","","","","","","","",""
"2018043038","1312","2","0","0","0","0","0","0","0","0","1","0","","02","4","2018","1","40.40673","-79.940514","1245","11","0","0","0","0","0","1","0","1","","0","0","0","","","1","","0","","40 24:24.227","","0","79 56:25.849","8","0","0","0","2301","0","0","0","N","0","0","0","2","02301","0","","1.0","","1","N","N","","0","","0","0","0","","0","N","","2","1","0","0","0","1","0","2","0","2","","","","N","","","","","","","","","",""
"2018007074","1356","2","0","0","0","0","0","0","0","0","4","0","","02","1","2018","1","40.393529","-80.087553","1353","11","0","0","0","0","0","1","0","0","1","0","0","0","","","0","","1","","40 23:36.703","2","0","80 05:15.190","0","0","0","0","2437","0","0","0","N","0","0","0","2","02437","0","","1.0","","9","N","N","","0","","0","0","0","","2","Y","","2","0","0","0","0","0","0","2","0","2","","","","N","","","","","","","","","",""
"2018046886","0148","1","0","0","0","0","0","0","0","0","7","0","","02","4","2018","3","40.247831","-79.875812","0140","11","0","0","0","0","0","0","0","0","1","0","0","0","","","1","","11","","40 14:52.192","7","0","79 52:32.923","3","0","0","0","2204","0","0","0","N","0","0","0","1","02204","0","","5.0","","1","N","N","","0","","1","0","0","","0","Y","","1","1","0","0","0","0","0","1","0","1","","","","N","","","","","","","","","",""
"2018046806","1628","2","0","0","0","0","0","0","0","0","4","0","","02","4","2018","5","40.437112","-79.972681","1619","11","0","0","0","0","0","0","0","1","","0","0","0","","","0","","0","","40 26:13.602","","0","79 58:21.653","0","0","0","0","2301","0","0","0","N","0","0","0","3","02301","0","","1.0","","1","N","N","","0","","0","0","0","","0","","","2","0","0","0","0","0","0","2","0","2","","","","N","","","","","","","","","",""
"2018004581","1809","1","0","0","0","0","0","0","0","0","1","0","","02","1","2018","3","40.456114","-79.991254","1756","11","0","0","0","0","0","0","0","0","","0","0","0","","","0","","0","","40 27:22.009","","0","79 59:28.514","0","0","0","0","2301","0","0","0","N","0","0","0","2","02301","0","","1.0","","1","N","N","","1","","0","0","0","","0","","","2","0","0","0","0","0","0","2","0","2","","","","N","","","","","","","","","",""
"2018007595","1315","1","0","0","0","0","0","0","0","0","7","0","","02","1","2018","2","40.476656","-80.022575","1308","11","0","0","0","0","0","0","0","0","","0","0","0","","","1","","0","","40 28:35.960","","0","80 01:21.270","3","0","0","0","2301","0","0","0","N","0","0","0","1","02301","0","","2.0","","6","N","N","","0","","1","0","0","","0","","","1","1","0","0","0","0","0","2","0","1","","","","N","","","","","","","","","",""
"2018045075","1038","0","0","0","0","0","0","0","0","0","1","0","","02","4","2018","6","40.413989","-80.063407","1028","11","0","0","0","0","0","0","0","0","1","0","0","0","","","2","","0","","40 24:50.360","4","0","80 03:48.266","3","0","0","0","2435","0","0","0","N","0","0","0","4","68B03","0","","1.0","","1","N","N","","3","","1","0","0","","0","N","","3","2","0","0","0","1","0","2","0","3","","","","N","","","","","","","","","",""
"2018044892","1638","2","0","0","0","0","0","0","0","0","4","0","","02","4","2018","6","40.447995","-80.01784","1635","11","0","0","0","0","0","0","0","0","","0","0","0","","","0","","1","","40 26:52.781","","0","80 01:04.225","0","0","0","0","2301","0","0","0","N","0","0","0","2","02301","0","","1.0","","1","N","N","","0","","0","0","0","","2","","","2","0","0","0","0","0","0","2","0","2","","","","N","","","","","","","","","",""
"2018045206","1214","1","0","0","0","0","0","0","0","0","7","0","","02","4","2018","7","40.46179","-79.866076","1205","11","0","0","0","0","0","1","0","0","","0","0","0","","","0","","0","","40 27:42.443","","0","79 51:57.874","0","0","0","0","2113","0","0","0","N","0","0","0","1","02113","0","","5.0","","1","N","N","","0","","0","0","0","","0","","","1","0","0","0","0","0","0","2","0","1","","","","N","","","","","","","","","",""
"2018028291","0319","0","0","0","0","0","0","0","0","0","7","1","","02","3","2018","5","40.381783","-79.818222","0319","11","0","0","0","0","0","1","0","0","3","0","1","0","","","1","","0","","40 22:54.418","3","0","79 49:05.599","4","0","0","0","2111","0","0","0","Y","0","0","0","1","02111","1","","5.0","","1","N","N","","0","","0","0","0","","0","Y","","1","1","0","0","0","0","0","2","0","1","","","","N","","","","","","","","","",""
"2018036077","2140","2","0","0","0","0","0","0","0","0","1","0","","02","3","2018","1","40.444777","-79.983937","2135","11","0","0","0","0","0","0","0","0","","0","0","0","","","2","","0","","40 26:41.196","","0","79 59:02.174","3","0","0","0","2301","0","0","0","N","0","0","0","3","02301","0","","1.0","","1","N","N","","0","","1","0","0","","0","","","2","2","0","0","0","1","0","2","0","2","","","","N","","","","","","","","","",""
"2018000375","0220","0","0","0","0","0","0","0","0","0","1","0","","02","1","2018","2","40.410944","-79.879167","0218","11","0","0","0","0","0","0","0","0","","0","0","0","","","0","","0","","40 24:39.400","","0","79 52:45.000","9","0","0","0","2456","0","0","0","N","0","0","0","3","02456","0","","1.0","","7","N","N","","0","","0","0","2","","0","","","2","0","0","0","0","0","3","2","0","2","","","","Y","","","","","","","","","",""
"2018009125","2342","0","0","0","0","0","0","0","0","0","7","0","","02","1","2018","5","40.426394","-80.018117","2337","11","0","0","0","0","0","0","0","0","9","0","0","0","","","1","","0","","40 25:35.020","7","0","80 01:05.220","8","0","0","0","2301","0","0","0","N","0","0","0","1","02301","0","","5.0","","2","N","N","","0","","0","0","1","","0","Y","","1","1","0","0","0","1","0","2","0","1","","","","N","","","","","","","","","",""
"2018040472","0650","1","0","0","0","0","0","0","0","0","7","0","","02","4","2018","3","40.47231","-79.89096","0645","11","0","0","0","0","0","0","0","0","","0","0","0","","","1","","1","","40 28:20.316","","0","79 53:27.456","4","0","0","0","2301","0","0","0","N","0","0","0","2","02301","1","","4.0","","1","N","N","","0","","0","0","0","","0","","","1","1","0","0","0","0","0","2","0","1","","","","N","","","","","","","","","",""
"2018008880","2046","2","0","0","0","0","0","0","0","0","1","0","","02","1","2018","4","40.576213","-80.025674","2043","11","0","0","0","0","0","1","0","0","","0","0","0","","","0","","0","","40 34:34.368","","0","80 01:32.425","0","0","0","0","2108","0","0","0","N","0","0","0","2","02108","0","","1.0","","98","N","N","","0","","0","0","0","","0","","","2","0","0","0","0","0","0","2","0","2","","","","N","","","","","","","","","",""
"2018039484","1254","0","0","0","0","0","0","0","0","0","8","0","","02","3","2018","3","40.408739","-79.907497","1254","11","0","0","0","0","0","0","0","0","1","1","0","0","","","0","","1","","40 24:31.460","1","0","79 54:26.990","1","0","0","0","2438","1","1","0","N","1","1","0","2","02438","0","2","1.0","","1","N","N","","0","0","0","0","1","","2","Y","","2","0","0","0","0","0","0","2","0","1","","","","N","","","","","","","","","",""
"2018009559","1949","1","0","0","0","0","0","0","0","0","7","0","","02","1","2018","1","40.326935","-79.792501","1946","11","0","0","0","0","0","0","0","0","1","0","0","0","","","0","","0","","40 19:36.966","","0","79 47:33.003","9","0","0","0","2477","0","0","0","N","0","0","0","1","02477","0","","2.0","","7","N","N","","0","","0","0","0","","0","Y","","1","0","1","0","0","0","1","2","0","1","","","","N","","","","","","","","","",""