"CRN","ARRIVAL_TM","AUTOMOBILE_COUNT","BELTED_DEATH_COUNT","BELTED_SUSP_SERIOUS_INJ_COUNT","BICYCLE_COUNT","BICYCLE_DEATH_COUNT","BICYCLE_SUSP_SERIOUS_INJ_COUNT","BUS_COUNT","CHLDPAS_DEATH_COUNT","CHLDPAS_SUSP_SERIOUS_INJ_COUNT","COLLISION_TYPE","COMM_VEH_COUNT","CONS_ZONE_SPD_LIM","COUNTY","CRASH_MONTH","CRASH_YEAR","DAY_OF_WEEK","DEC_LATITUDE","DEC_LONGITUDE","DISPATCH_TM","DISTRICT","DRIVER_COUNT_16YR","DRIVER_COUNT_17YR","DRIVER_COUNT_18YR","DRIVER_COUNT_19YR","DRIVER_COUNT_20YR","DRIVER_COUNT_50_64YR","DRIVER_COUNT_65_74YR","DRIVER_COUNT_75PLUS","EST_HRS_CLOSED","FATAL_COUNT","HEAVY_TRUCK_COUNT","HORSE_BUGGY_COUNT","HOUR_OF_DAY","ILLUMINATION","INJURY_COUNT","INTERSECTION_RELATED","INTERSECT_TYPE","LANE_CLOSED","LATITUDE","LN_CLOSE_DIR","LOCATION_TYPE","LONGITUDE","MAX_SEVERITY_LEVEL","MCYCLE_DEATH_COUNT","MCYCLE_SUSP_SERIOUS_INJ_COUNT","MOTORCYCLE_COUNT","MUNICIPALITY","NONMOTR_COUNT","NONMOTR_DEATH_COUNT","NONMOTR_SUSP_SERIOUS_INJ_COUNT","NTFY_HIWY_MAINT","PED_COUNT","PED_DEATH_COUNT","PED_SUSP_SERIOUS_INJ_COUNT","PERSON_COUNT","POLICE_AGCY","POSSIBLE_INJ_COUNT","RDWY_SURF_TYPE_CD","RELATION_TO_ROAD","ROADWAY_CLEARED","ROAD_CONDITION","SCH_BUS_IND","SCH_ZONE_IND","SECONDARY_CRASH","SMALL_TRUCK_COUNT","SPEC_JURIS_CD","SUSP_MINOR_INJ_COUNT","SUSP_SERIOUS_INJ_COUNT","SUV_COUNT","TCD_FUNC_CD","TCD_TYPE","TFC_DETOUR_IND","TIME_OF_DAY","TOTAL_UNITS","TOT_INJ_COUNT","UNBELTED_OCC_COUNT","UNB_DEATH_COUNT","UNB_SUSP_SERIOUS_INJ_COUNT","UNK_INJ_DEG_COUNT","UNK_INJ_PER_COUNT","URBAN_RURAL","VAN_COUNT","VEHICLE_COUNT","WEATHER1","WEATHER2","WORKERS_PRES","WORK_ZONE_IND","WORK_ZONE_LOC","WORK_ZONE_TYPE","WZ_CLOSE_DETOUR","WZ_FLAGGER","WZ_LAW_OFFCR_IND","WZ_LN_CLOSURE","WZ_MOVING","WZ_OTHER","WZ_SHLDER_MDN","WZ_WORKERS_INJ_KILLED"
"2018046219","1438","2","0","0","0","0","0","0","0","0","1","0","","02","4","2018","3","40.448317","-80.104828","1432","11","0","0","0","0","1","0","0","0","","0","0","0","","","0","","0","","40 26:53.940","","0","80 06:17.382","0","0","0","0","2115","0","0","0","N","0","0","0","2","02115","0","","1.0","","9","N","N","","0","","0","0","0","","0","","","2","0","0","0","0","0","0","2","0","2","","","","N","","","","","","","","","",""
"2018009129","0409","1","0","0","0","0","0","0","0","0","7","0","","02","1","2018","1","40.522567","-79.784945","","11","0","0","0","0","0","0","0","0","","0","0","0","","","0","","0","","40 31:21.242","","0","79 47:05.802","0","0","0","0","2466","0","0","0","N","0","0","0","1","02466","0","","5.0","","2","N","N","","0","","0","0","0","","0","N","","1","0","0","0","0","0","0","2","0","1","","","","N","","","","","","","","","",""
"2018011473","1939","1","0","0","0","0","0","0","0","0","5","0","","02","1","2018","3","40.418525","-79.965072","1739","11","0","0","0","0","0","0","0","0","","0","0","0","","","0","","0","","40 25:06.690","","0","79 57:54.260","9","0","0","0","2301","0","0","0","N","0","0","0","1","02301","0","","1.0","","7","N","N","","0","","0","0","0","","0","","","2","0","0","0","0","0","1","2","0","2","","","","N","","","","","","","","","",""
"2018046082","2355","1","0","0","0","0","0","0","0","0","1","1","","02","4","2018","3","40.456487","-79.99044","2347","11","0","0","0","0","0","0","0","0","1","0","1","0","","","0","","0","","40 27:23.353","2","0","79 59:25.583","0","0","0","0","2301","0","0","0","N","0","0","0","2","02301","0","","1.0","","9","N","N","","0","","0","0","0","","0","N","","2","0","0","0","0","0","0","2","0","2","","","","N","","","","","","","","","",""
"2018046749","1618","3","0","0","0","0","0","0","0","0","1","0","","02","4","2018","5","40.483593","-79.949876","1604","11","0","0","0","0","0","2","0","0","","0","0","0","","","1","","1","","40 29:00.934","","0","79 56:59.552","3","0","0","0","2301","0","0","0","N","0","0","0","5","02301","0","","1.0","","1","N","N","","0","","1","0","0","","2","","","3","1","0","0","0","0","0","2","0","3","","","","N","","","","","","","","","",""
"2018047892","0205","1","0","0","0","0","0","0","0","0","7","0","","02","4","2018","6","40.439538","-80.009678","0205","11","0","0","0","0","0","0","0","0","1","0","0","0","","","1","","0","","40 26:22.337","3","3","80 00:34.840","3","0","0","0","2301","0","0","0","N","0","0","0","1","68B03","0","","4.0","","1","N","N","","0","","1","0","0","","0","N","","1","1","0","0","0","0","0","2","0","1","","","","N","","","","","","","","","",""
"2018002480","1628","2","0","0","0","0","0","0","0","0","2","0","","02","1","2018","5","40.583793","-79.992074","1618","11","0","0","0","0","0","0","0","0","","0","0","0","","","2","","3","","40 35:01.654","","0","79 59:31.465","3","0","0","0","2108","0","0","0","N","0","0","0","4","02501","0","","1.0","","6","N","N","","0","","2","0","0","","3","","","2","2","2","0","0","0","0","1","0","2","","","","N","","","","","","","","","",""
"2018006771","1740","2","0","0","0","0","0","0","0","0","7","0","","02","1","2018","6","40.40875","-80.065972","1718","11","0","0","0","0","0","0","0","0","","0","0","0","","","1","","0","","40 24:31.500","","0","80 03:57.500","8","0","0","0","2435","0","0","0","N","0","0","0","2","02435","0","","5.0","","9","N","N","","1","","0","0","0","","3","","","3","1","0","0","0","1","0","2","0","3","","","","N","","","","","","","","","",""
"2018008455","1839","2","0","0","0","0","0","0","0","0","1","0","","02","1","2018","4","40.477114","-80.041602","1836","11","0","0","0","0","0","1","0","0","2","0","0","0","","","0","","0","","40 28:37.609","1","0","80 02:29.766","0","0","0","0","2301","0","0","0","N","0","0","0","4","02301","0","","1.0","","1","N","N","","1","","0","0","1","","0","N","","4","0","0","0","0","0","0","2","0","4","","","","N","","","","","","","","","",""
"2018047781","0050","0","0","0","0","0","0","0","0","0","4","1","","02","4","2018","2","40.428814","-79.983918","0038","11","0","0","0","0","0","0","0","0","1","0","1","0","","","1","","0","","40 25:43.730","7","0","79 59:02.103","3","0","0","0","2301","0","0","0","N","0","0","0","2","02301","0","","1.0","","1","N","N","","1","","1","0","0","","0","Y","","2","1","0","0","0","0","0","2","0","2","","","","N","","","","","","","","","",""
"2018044167","1149","1","0","0","0","0","0","0","0","0","1","1","","02","4","2018","3","40.378599","-79.992909","1140","11","0","0","0","0","0","1","0","0","2","0","1","0","","","2","","2","","40 22:42.956","1","0","79 59:34.471","3","0","0","0","2301","0","0","0","N","0","0","0","3","02301","0","","1.0","","1","N","N","","0","","1","0","1","","2","N","","3","2","0","0","0","1","0","2","0","3","","","","N","","","","","","","","","",""
"2018010473","1030","1","0","0","0","0","0","0","0","0","7","0","","02","1","2018","2","40.512351","-80.160719","1028","11","0","0","0","0","0","1","0","0","","0","0","0","","","0","","0","","40 30:44.464","","0","80 09:38.588","0","0","0","0","2420","0","0","0","N","0","0","0","1","02420","0","","2.0","","6","N","N","","0","","0","0","0","","0","","","1","0","0","0","0","0","0","2","0","1","","","","N","","","","","","","","","",""
"2018009587","1617","1","0","0","0","0","0","0","0","0","1","0","","02","1","2018","5","40.494263","-79.942677","1610","11","0","0","0","0","0","1","0","0","1","0","0","0","","","0","","0","","40 29:39.348","1","3","79 56:33.637","0","0","0","0","2430","0","0","0","N","0","0","0","2","02430","0","","1.0","","1","N","N","","0","","0","0","1","","0","N","","2","0","0","0","0","0","0","2","0","2","","","","N","","","","","","","","","",""
"2018001295","0905","1","0","0","0","0","0","0","0","0","1","0","","02","1","2018","4","40.331732","-80.069758","0901","11","0","0","0","0","0","1","0","0","1","0","0","0","","","1","","0","","40 19:54.236","6","0","80 04:11.127","8","0","0","0","2123","0","0","0","N","0","0","0","2","02123","0","","1.0","","2","N","N","","0","","0","0","1","","0","N","","2","1","0","0","0","1","0","2","0","2","","","","N","","","","","","","","","",""
"2018009130","1806","1","0","0","0","0","0","0","0","0","1","0","","02","1","2018","5","40.416717","-80.065638","1806","11","0","0","0","0","0","1","0","0","1","0","0","0","","","0","","0","","40 25:00.182","4","0","80 03:56.298","0","0","0","0","2435","0","0","0","N","0","0","0","2","02435","0","","1.0","","9","N","N","","0","","0","0","1","","2","N","","2","0","0","0","0","0","0","2","0","2","","","","N","","","","","","","","","",""
"2018008468","1938","1","0","0","0","0","0","0","0","0","5","0","","02","1","2018","4","40.409509","-80.080223","1934","11","0","0","0","0","0","0","0","0","1","0","0","0","","","0","","2","","40 24:34.231","3","0","80 04:48.802","0","0","0","0","2415","0","0","0","N","0","0","0","2","02415","0","","1.0","","2","N","N","","0","","0","0","1","","0","N","","2","0","0","0","0","0","0","2","0","2","","","","N","","","","","","","","","",""
"2018007712","1622","2","0","0","0","0","0","0","0","0","7","0","","02","1","2018","3","40.404986","-80.073711","1622","11","0","0","0","0","0","0","0","0","1","0","0","0","","","0","","0","","40 24:17.951","1","0","80 04:25.359","0","0","0","0","2415","0","0","0","N","0","0","0","2","02415","0","","2.0","","7","N","N","","0","","0","0","0","","0","N","","2","0","0","0","0","0","0","2","0","2","","","","N","","","","","","","","","",""
"2018004787","1005","1","0","0","0","0","0","0","0","0","4","0","","02","1","2018","4","40.453186","-79.992688","0958","11","0","0","0","0","0","0","0","0","2","0","0","0","","","3","","1","","40 27:11.469","1","0","79 59:33.677","8","0","0","0","2301","0","0","0","N","0","0","0","5","02301","0","","1.0","","1","N","N","","1","","0","0","0","","2","N","","2","3","0","0","0","3","0","2","0","2","","","","N","","","","","","","","","",""
"2018044591","1740","0","0","0","0","0","0","0","0","0","1","0","","02","4","2018","4","40.34837","-79.944808","1738","11","0","0","0","0","0","0","0","0","1","0","0","0","","","2","","2","","40 20:54.133","5","2","79 56:41.310","4","0","0","0","2473","0","0","0","N","0","0","0","5","02473","2","","1.0","","1","N","N","","0","","0","0","2","","4","Y","","2","2","0","0","0","0","0","2","0","2","","","","N","","","","","","","","","",""
"2018049269","1525","3","0","0","0","0","0","0","0","0","1","0","","02","5","2018","5","40.434058","-79.993296","1512","11","0","0","0","0","0","1","0","0","2","0","0","0","","","2","","0","","40 26:02.609","4","0","79 59:35.866","3","0","0","0","2301","0","0","0","","0","0","0","3","68B03","0","","1.0","","1","N","N","","0","","2","0","0","","0","N","","3","2","0","0","0","0","0","2","0","3","","","","N","","","","","","","","","",""
"2018098368","0920","1","0","0","0","0","0","0","0","0","7","0","","02","9","2018","5","40.43114","-79.792177","0913","11","0","0","0","0","0","0","0","0","2","0","0","0","","","0","","0","","40 25:52.103","2","0","79 47:31.838","0","0","0","0","2446","0","0","0","N","0","0","0","2","02446","0","","5.0","","1","N","N","","0","","0","0","0","","0","N","","1","0","0","0","0","0","0","2","0","1","","","","N","","","","","","","","","",""
"2018046874","2105","0","0","0","0","0","0","0","0","0","4","0","","02","4","2018","5","40.430484","-80.012918","2040","11","0","0","0","0","0","1","0","0","3","0","0","0","","","1","","0","","40 25:49.741","5","0","80 00:46.503","2","0","1","1","2301","0","0","0","N","0","0","0","2","02301","0","","1.0","","1","N","N","","0","","0","1","1","","0","Y","","2","1","0","0","0","0","0","2","0","2","","","","N","","","","","","","","","",""
"2018015181","1907","0","0","0","0","0","0","0","0","0","1","0","","02","1","2018","4","40.503986","-80.027686","1844","11","0","0","0","0","0","0","0","0","","0","0","0","","","0","","0","","40 30:14.348","","0","80 01:39.668","0","0","0","0","2116","0","0","0","N","0","0","0","2","68B03","0","","1.0","","1","N","N","","0","","0","0","2","","0","","","2","0","0","0","0","0","0","2","0","2","","","","N","","","","","","","","","",""
"2018054741","1142","1","0","0","0","0","0","0","0","0","1","0","","02","5","2018","5","40.35284","-80.117449","1121","11","0","0","0","0","0","0","0","0","","0","0","0","","","0","","0","","40 21:10.224","","0","80 07:02.815","0","0","0","0","2119","0","0","0","N","0","0","0","2","68B03","0","","1.0","","1","N","N","","0","","0","0","1","","0","","","2","0","0","0","0","0","0","2","0","2","","","","N","","","","","","","","","",""
"2018013414","1131","1","0","0","0","0","0","0","0","0","7","0","","02","1","2018","3","40.373311","-79.814717","1130","11","0","0","0","0","0","0","0","0","","0","0","0","","","0","","0","","40 22:23.920","","0","79 48:52.981","0","0","0","0","2111","0","0","0","N","0","0","0","1","02111","0","","2.0","","7","N","N","","0","","0","0","0","","0","","","1","0","0","0","0","0","0","2","0","1","","","","N","","","","","","","","","",""
"2018011551","1740","2","0","0","0","0","0","0","0","0","4","0","","02","1","2018","4","40.437888","-80.002305","1735","11","0","0","0","0","0","0","0","0","2","0","0","0","","","0","","1","","40 26:16.395","2","0","80 00:08.297","9","0","0","0","2301","0","0","0","N","0","0","0","2","02301","0","","1.0","","9","N","N","","0","","0","0","0","","0","N","","2","0","0","0","0","0","1","2","0","2","","","","N","","","","","","","","","",""
"2018046072","1904","1","0","0","0","0","0","0","0","0","7","0","","02","4","2018","2","40.653936","-79.699667","1833","11","0","0","0","0","0","0","0","0","2","0","0","0","","","3","","0","","40 39:14.170","4","0","79 41:58.800","2","0","0","0","2106","0","0","0","N","0","0","0","3","02501","0","","5.0","","98","N","N","","0","","0","2","0","","0","N","","1","3","0","0","0","1","0","1","0","1","","","","N","","","","","","","","","",""
"2018013474","1735","1","0","0","0","0","0","0","0","0","8","0","","02","1","2018","3","40.45642","-80.001566","1726","11","0","0","0","0","0","1","0","0","","0","0","0","","","1","","1","","40 27:23.111","","0","80 00:05.637","3","0","0","0","2301","1","0","0","N","1","0","0","2","02301","0","","1.0","","1","N","N","","0","","1","0","0","","2","","","2","1","0","0","0","0","0","2","0","1","","","","N","","","","","","","","","",""
"2018056291","2151","2","0","0","0","0","0","0","0","0","4","0","","02","5","2018","4","40.443847","-79.92052","2149","11","0","0","0","0","0","1","0","0","2","0","0","0","","","0","","1","","40 26:37.849","3","0","79 55:13.871","0","0","0","0","2301","0","0","0","N","0","0","0","3","02301","0","","1.0","","1","N","N","","0","","0","0","0","","2","N","","2","0","0","0","0","0","0","2","0","2","","","","N","","","","","","","","","",""
"2018056537","0018","1","0","0","0","0","0","0","0","0","99","0","","02","5","2018","4","40.620449","-80.096317","0000","11","0","0","0","0","0","0","0","0","","0","0","0","","","0","","0","","40 37:13.617","","0","80 05:46.742","0","0","0","0","2212","0","0","0","N","0","0","0","1","68B03","0","","1.0","","1","N","N","","0","","0","0","0","","0","","","1","0","0","0","0","0","0","2","0","1","","","","N","","","","","","","","","",""
"2018012037","1118","1","0","0","0","0","0","0","0","0","1","0","","02","1","2018","6","40.533753","-80.071156","1110","11","0","0","0","0","0","0","0","0","","0","0","0","","","0","","2","","40 32:01.510","","0","80 04:16.161","0","0","0","0","2215","0","0","0","N","0","0","0","2","02215","0","","1.0","","1","N","N","","1","","0","0","0","","2","","","2","0","0","0","0","0","0","2","0","2","","","","N","","","","","","","","","",""
"2018016092","0324","1","0","0","0","0","0","0","0","0","7","0","","02","2","2018","3","40.437663","-79.97255","0320","11","0","0","0","0","0","0","0","0","","0","0","0","","","1","","2","","40 26:15.588","","0","79 58:21.180","8","0","0","0","2301","0","0","0","N","0","0","0","1","02301","0","","5.0","","1","N","N","","0","","0","0","0","","2","","","1","1","0","0","0","1","0","2","0","1","","","","N","","","","","","","","","",""
"2018017992","1303","0","0","0","0","0","0","0","0","0","7","0","","02","2","2018","3","40.405228","-80.091656","1302","11","0","0","0","0","0","0","0","0","1","0","0","0","","","1","","0","","40 24:18.820","1","0","80 05:29.960","8","0","0","0","2415","0","0","0","N","0","0","0","1","02415","0","","5.0","","1","N","N","","1","","0","0","0","","0","N","","1","1","0","0","0","1","0","2","0","1","","","","N","","","","","","","","","",""
"2018009322","1218","0","0","0","0","0","0","0","0","0","4","0","","02","1","2018","5","40.547004","-80.036405","1213","11","0","0","0","1","0","0","1","0","2","0","0","0","","","0","","0","","40 32:49.215","5","7","80 02:11.058","0","0","0","0","2116","0","0","0","N","0","0","0","2","02116","0","","1.0","","1","N","N","","0","","0","0","2","","0","N","","2","0","0","0","0","0","0","2","0","2","","","","N","","","","","","","","","",""
"2018008593","1515","2","0","0","0","0","0","0","0","0","1","0","","02","1","2018","3","40.307363","-79.898138","1504","11","0","0","0","0","0","0","1","0","1","0","0","0","","","1","","0","","40 18:26.505","5","0","79 53:53.297","8","0","0","0","2440","0","0","0","N","0","0","0","5","02440","0","","1.0","","6","N","N","","0","","0","0","0","","0","N","","2","1","0","0","0","1","0","2","0","2","","","","N","","","","","","","","","",""
"2018013469","1908","1","0","0","0","0","0","0","0","0","7","0","","02","1","2018","2","40.463723","-79.980568","1900","11","0","0","0","0","0","0","0","0","2","0","0","0","","","0","","0","","40 27:49.404","2","0","79 58:50.046","0","0","0","0","2301","0","0","0","N","0","0","0","1","02301","0","","1.0","","1","N","N","","0","","0","0","0","","0","N","","1","0","0","0","0","0","0","2","0","1","","","","N","","","","","","","","","",""
"2018055919","1832","0","0","0","0","0","0","0","0","0","1","0","","02","5","2018","3","40.497261","-79.929859","1817","11","0","0","0","0","0","1","0","0","","0","0","0","","","0","","0","","40 29:50.140","","0","79 55:47.493","0","0","0","0","2461","0","0","0","N","0","0","0","2","68D02","0","","1.0","","1","N","N","","2","","0","0","0","","0","","","2","0","0","0","0","0","0","2","0","2","","","","N","","","","","","","","","",""
"2018015186","0930","1","0","0","0","0","0","0","0","0","5","1","","02","2","2018","5","40.411293","-80.075053","0930","11","0","0","0","0","0","2","0","0","1","0","1","0","","","0","","0","","40 24:40.654","4","0","80 04:30.190","0","0","0","0","2117","0","0","0","N","0","0","0","2","68B03","0","","1.0","","1","N","N","","0","","0","0","0","","0","N","","2","0","0","0","0","0","0","2","0","2","","","","N","","","","","","","","","",""
"2018008451","1731","0","0","0","0","0","0","0","0","0","7","0","","02","1","2018","4","40.476458","-79.713969","1723","11","0","1","0","0","0","0","0","0","2","0","0","0","","","0","","0","","40 28:35.250","2","0","79 42:50.290","0","0","0","0","2466","0","0","0","N","0","0","0","3","02466","0","","5.0","","6","N","N","","1","","0","0","0","","0","Y","","1","0","0","0","0","0","0","2","0","1","","","","N","","","","","","","","","",""
"2018047183","1148","0","0","0","0","0","0","0","0","0","0","0","","02","4","2018","6","40.463432","-79.706991","1145","11","0","0","0","0","0","1","0","0","1","0","0","0","","","1","","0","","40 27:48.354","2","0","79 42:25.169","8","0","0","1","2466","0","0","0","N","0","0","0","1","02466","0","","1.0","","1","N","N","","0","","0","0","0","","0","N","","1","1","0","0","0","1","0","2","0","1","","","","N","","","","","","","","","",""
"2018011951","1039","0","0","0","0","0","0","0","0","0","7","0","","02","1","2018","2","40.507629","-80.043872","1028","11","0","0","0","0","0","0","0","0","1","0","0","0","","","1","","0","","40 30:27.466","2","0","80 02:37.940","3","0","0","0","2116","0","0","0","Y","0","0","0","1","68B03","0","","2.0","","1","N","N","","0","","1","0","1","","0","N","","1","1","0","0","0","0","0","2","0","1","","","","N","","","","","","","","","",""
"2018017844","0410","2","0","0","0","0","0","0","0","0","1","0","","02","2","2018","1","40.494972","-80.057769","0408","11","0","0","0","0","0","0","0","0","","0","0","0","","","0","","0","","40 29:41.900","","0","80 03:27.970","0","0","0","0","2404","0","0","0","N","0","0","0","1","02404","0","","4.0","","9","N","","","0","","0","0","0","","0","","","2","0","0","0","0","0","0","2","0","2","","","","N","","","","","","","","","",""
"2018001571","1820","2","0","0","0","0","0","0","0","0","1","0","","02","1","2018","4","40.60218","-79.757158","1817","11","0","0","0","0","0","0","0","0","1","0","0","0","","","2","","0","","40 36:07.849","4","0","79 45:25.770","3","0","0","0","2464","0","0","0","N","0","0","0","3","02464","1","","1.0","","1","N","N","","0","","1","0","0","","0","Y","","2","2","0","0","0","0","0","2","0","2","","","","N","","","","","","","","","",""
"2018015647","0755","1","0","0","0","0","0","0","0","0","7","0","","02","2","2018","7","40.632471","-79.99595","0755","11","0","0","1","0","0","0","0","0","","0","0","0","","","0","","0","","40 37:56.897","","0","79 59:45.420","0","0","0","0","2216","0","0","0","N","0","0","0","1","02505","0","","2.0","","9","N","N","","0","","0","0","0","","0","","","1","0","0","0","0","0","0","1","0","1","","","","N","","","","","","","","","",""
"2018008765","0805","2","0","0","0","0","0","0","0","0","1","0","","02","1","2018","5","40.45558","-79.966254","0800","11","0","0","0","0","0","1","1","0","2","0","0","0","","","2","","5","","40 27:20.089","2","0","79 57:58.514","3","0","0","0","2301","0","0","0","N","0","0","0","8","02301","0","","1.0","","2","Y","N","","0","","2","0","0","","2","N","","4","2","0","0","0","0","0","2","2","4","","","","N","","","","","","","","","",""
"2018009543","1739","1","0","0","0","0","0","0","0","0","4","0","","02","1","2018","6","40.430089","-79.791356","1738","11","0","0","0","0","0","0","0","0","","0","0","0","","","0","","0","","40 25:48.320","","7","79 47:28.880","0","0","0","0","2446","0","0","0","N","0","0","0","4","02446","0","","1.0","","1","N","N","","0","","0","0","1","","0","","","2","0","1","0","0","0","0","2","0","2","","","","N","","","","","","","","","",""
"2018098654","0937","1","0","0","0","0","0","0","0","0","5","1","","02","8","2018","4","40.654589","-80.093218","0921","11","0","0","0","0","0","0","0","0","1","0","1","0","","","0","","0","","40 39:16.519","2","0","80 05:35.583","0","0","0","0","2212","0","0","0","Y","0","0","0","2","68B03","0","","1.0","","1","N","N","","0","","0","0","0","","0","Y","","2","0","0","0","0","0","0","2","0","2","","","","N","","","","","","","","","",""
"2018013589","2135","2","0","0","0","0","0","0","0","0","4","0","","02","1","2018","3","40.468161","-79.82489","2134","11","0","0","0","0","0","0","0","0","","0","0","0","","","0","","0","","40 28:05.381","","0","79 49:29.605","0","0","0","0","2113","0","0","0","N","0","0","0","1","02113","0","","4.0","","1","N","N","","1","","0","0","1","","0","","","4","0","0","0","0","0","0","2","0","4","","","","N","","","","","","","","","",""
"2018015604","0553","0","0","0","0","0","0","0","0","0","1","0","","02","2","2018","5","40.414537","-80.010408","0553","11","0","0","0","0","0","1","0","0","2","0","0","0","","","0","","0","","40 24:52.332","1","3","80 00:37.467","0","0","0","0","2301","0","0","0","N","0","0","0","4","02301","0","","1.0","","2","N","N","","2","","0","0","2","","0","N","","4","0","1","0","0","0","0","2","0","4","","","","N","","","","","","","","","",""
"2018046675","1426","0","0","0","0","0","0","0","0","0","8","0","","02","4","2018","4","40.465228","-79.880223","1416","11","0","0","0","0","0","0","1","0","","0","0","0","","","1","","0","","40 27:54.819","","7","79 52:48.801","2","0","0","0","2113","1","0","1","N","1","0","1","2","02113","0","","4.0","","1","N","N","","0","","0","1","1","","0","","","2","1","0","0","0","0","0","2","0","1","","","","N","","","","","","","","","",""
"2018009781","1140","2","0","0","0","0","0","0","0","0","5","0","","02","1","2018","7","40.457503","-79.91738","1138","11","0","0","0","0","0","1","0","0","","0","0","0","","","0","","3","","40 27:27.012","","0","79 55:02.569","9","0","0","0","2301","0","0","0","N","0","0","0","3","02301","0","","1.0","","1","N","N","","0","","0","0","0","","0","","","2","0","0","0","0","0","1","2","0","2","","","","N","","","","","","","","","",""
"2018009096","1652","2","0","0","0","0","0","0","0","0","4","0","","02","1","2018","5","40.447329","-79.943843","1646","11","0","0","0","0","0","1","0","0","","0","0","0","","","1","","2","","40 26:50.383","","0","79 56:37.836","8","0","0","0","2301","0","0","0","N","0","0","0","2","02301","0","","1.0","","9","N","N","","0","","0","0","0","","0","","","2","1","0","0","0","1","0","2","0","2","","","","N","","","","","","","","","",""
"2018015266","1055","0","0","0","0","0","0","0","0","0","4","0","","02","2","2018","5","40.434011","-79.752663","1052","11","0","0","0","0","0","2","0","0","","0","0","0","","","0","","0","","40 26:02.439","","7","79 45:09.587","0","0","0","0","2446","0","0","0","N","0","0","0","3","02446","0","","1.0","","1","N","N","","0","","0","0","2","","0","","","2","0","0","0","0","0","0","2","0","2","","","","N","","","","","","","","","",""
"2018019605","1541","1","0","0","0","0","0","0","0","0","4","0","","02","2","2018","7","40.341514","-80.010855","1535","11","0","0","0","0","0","1","0","0","1","0","0","0","","","0","","3","","40 20:29.451","1","4","80 00:39.077","0","0","0","0","2407","0","0","0","N","0","0","0","3","02407","0","","1.0","","9","N","N","","0","","0","0","1","","3","N","","2","0","0","0","0","0","0","2","0","2","","","","N","","","","","","","","","",""
"2018014079","0140","0","0","0","0","0","0","0","0","0","7","0","","02","2","2018","5","40.388156","-79.931885","0132","11","0","0","0","0","0","0","0","0","","0","0","0","","","0","","0","","40 23:17.362","","0","79 55:54.785","0","0","0","0","2301","0","0","0","N","0","0","0","1","02301","0","","2.0","","1","N","N","","0","","0","0","1","","0","","","1","0","0","0","0","0","0","2","0","1","","","","N","","","","","","","","","",""
"2018049816","2252","0","0","0","0","0","0","0","0","0","2","0","","02","5","2018","7","40.344475","-79.883984","2252","11","0","0","0","0","0","0","0","0","","0","0","0","","","1","N","0","","40 20:40.110","","3","79 53:02.342","4","0","0","0","2304","0","0","0","N","0","0","0","3","02304","1","","1.0","","9","N","N","","0","","0","0","2","","0","","","2","1","0","0","0","0","0","2","0","2","","","","N","","","","","","","","","",""
"2018054596","1716","1","0","0","0","0","0","0","0","0","4","0","","02","4","2018","1","40.593493","-80.095383","1705","11","0","0","0","0","0","2","0","0","1","0","0","0","","","0","","0","","40 35:36.573","1","0","80 05:43.377","0","0","0","0","2481","0","0","0","N","0","0","0","3","68B03","0","","1.0","","1","N","N","","0","","0","0","1","","8","N","","2","0","0","0","0","0","0","2","0","2","","","","N","","","","","","","","","",""
"2018018162","1659","1","0","0","0","0","0","0","0","0","4","0","","02","2","2018","5","40.428388","-80.097999","1653","11","0","0","0","1","0","0","0","0","","0","0","0","","","0","","2","","40 25:42.196","","0","80 05:52.796","0","0","0","0","2115","0","0","0","N","0","0","0","2","02115","0","","1.0","","1","N","N","","0","","0","0","1","","3","N","","2","0","0","0","0","0","0","2","0","2","","","","N","","","","","","","","","",""
"2018011552","0825","1","0","0","0","0","0","0","0","0","7","0","","02","1","2018","5","40.510439","-80.095896","0825","11","0","0","0","0","0","0","0","0","2","0","0","0","","","0","","0","","40 30:37.581","1","0","80 05:45.227","0","0","0","0","2429","0","0","0","Y","0","0","0","1","02215","0","","5.0","","1","N","N","","0","","0","0","0","","0","Y","","1","0","0","0","0","0","0","2","0","1","","","","N","","","","","","","","","",""
"2018045595","1501","1","0","0","0","0","0","0","0","0","6","1","","02","4","2018","2","40.513876","-80.030065","1452","11","0","0","0","0","0","0","0","0","1","0","1","0","","","1","","2","","40 30:49.955","4","0","80 01:48.233","3","0","0","0","2474","0","0","0","N","0","0","0","2","02474","0","","1.0","","1","N","N","","0","","1","0","0","","2","Y","","2","1","0","0","0","0","0","2","0","2","","","","N","","","","","","","","","",""
"2018050526","1744","1","0","0","0","0","0","0","0","0","0","0","","02","5","2018","3","40.438011","-79.933351","1744","11","0","0","0","0","0","0","0","0","1","0","0","0","","","1","","0","","40 26:16.840","3","0","79 56:00.063","8","0","0","0","2301","0","0","0","N","0","0","0","4","02301","0","","1.0","","1","N","N","","0","","0","0","0","","0","Y","","1","1","0","0","0","1","0","2","0","1","","","","N","","","","","","","","","",""
"2018012243","2315","2","0","0","0","0","0","0","0","0","4","0","","02","1","2018","6","40.344257","-79.940748","2315","11","0","0","0","1","0","1","0","0","1","0","0","0","","","1","","1","","40 20:39.325","2","0","79 56:26.692","8","0","0","0","2473","0","0","0","N","0","0","0","2","02473","0","","1.0","","1","N","N","","0","","0","0","0","","2","N","","2","1","0","0","0","1","0","2","0","2","","","","N","","","","","","","","","",""