"CRN","ARRIVAL_TM","AUTOMOBILE_COUNT","BELTED_DEATH_COUNT","BELTED_SUSP_SERIOUS_INJ_COUNT","BICYCLE_COUNT","BICYCLE_DEATH_COUNT","BICYCLE_SUSP_SERIOUS_INJ_COUNT","BUS_COUNT","CHLDPAS_DEATH_COUNT","CHLDPAS_SUSP_SERIOUS_INJ_COUNT","COLLISION_TYPE","COMM_VEH_COUNT","CONS_ZONE_SPD_LIM","COUNTY","CRASH_MONTH","CRASH_YEAR","DAY_OF_WEEK","DEC_LATITUDE","DEC_LONGITUDE","DISPATCH_TM","DISTRICT","DRIVER_COUNT_16YR","DRIVER_COUNT_17YR","DRIVER_COUNT_18YR","DRIVER_COUNT_19YR","DRIVER_COUNT_20YR","DRIVER_COUNT_50_64YR","DRIVER_COUNT_65_74YR","DRIVER_COUNT_75PLUS","EST_HRS_CLOSED","FATAL_COUNT","HEAVY_TRUCK_COUNT","HORSE_BUGGY_COUNT","HOUR_OF_DAY","ILLUMINATION","INJURY_COUNT","INTERSECTION_RELATED","INTERSECT_TYPE","LANE_CLOSED","LATITUDE","LN_CLOSE_DIR","LOCATION_TYPE","LONGITUDE","MAX_SEVERITY_LEVEL","MCYCLE_DEATH_COUNT","MCYCLE_SUSP_SERIOUS_INJ_COUNT","MOTORCYCLE_COUNT","MUNICIPALITY","NONMOTR_COUNT","NONMOTR_DEATH_COUNT","NONMOTR_SUSP_SERIOUS_INJ_COUNT","NTFY_HIWY_MAINT","PED_COUNT","PED_DEATH_COUNT","PED_SUSP_SERIOUS_INJ_COUNT","PERSON_COUNT","POLICE_AGCY","POSSIBLE_INJ_COUNT","RDWY_SURF_TYPE_CD","RELATION_TO_ROAD","ROADWAY_CLEARED","ROAD_CONDITION","SCH_BUS_IND","SCH_ZONE_IND","SECONDARY_CRASH","SMALL_TRUCK_COUNT","SPEC_JURIS_CD","SUSP_MINOR_INJ_COUNT","SUSP_SERIOUS_INJ_COUNT","SUV_COUNT","TCD_FUNC_CD","TCD_TYPE","TFC_DETOUR_IND","TIME_OF_DAY","TOTAL_UNITS","TOT_INJ_COUNT","UNBELTED_OCC_COUNT","UNB_DEATH_COUNT","UNB_SUSP_SERIOUS_INJ_COUNT","UNK_INJ_DEG_COUNT","UNK_INJ_PER_COUNT","URBAN_RURAL","VAN_COUNT","VEHICLE_COUNT","WEATHER1","WEATHER2","WORKERS_PRES","WORK_ZONE_IND","WORK_ZONE_LOC","WORK_ZONE_TYPE","WZ_CLOSE_DETOUR","WZ_FLAGGER","WZ_LAW_OFFCR_IND","WZ_LN_CLOSURE","WZ_MOVING","WZ_OTHER","WZ_SHLDER_MDN","WZ_WORKERS_INJ_KILLED"
"2018098219","","0","0","0","0","0","0","0","0","0","7","1","","02","9","2018","5","40.35143","-80.113715","0036","11","0","0","0","1","0","0","0","0","5","0","0","0","","","0","","0","","40 21:05.148","5","7","80 06:49.375","0","0","0","0","2119","0","0","0","Y","0","0","0","1","02119","0","","4.0","","1","N","N","","0","","0","0","0","","0","Y","","1","0","0","0","0","0","0","2","0","1","","","","N","","","","","","","","","",""
"2018046923","","0","0","0","0","0","0","0","0","0","4","0","","02","4","2018","5","40.445168","-79.858494","1414","11","0","0","0","0","0","0","0","0","1","0","0","0","","","0","","2","","40 26:42.605","3","0","79 51:30.577","0","0","0","0","2478","0","0","0","N","0","0","0","3","02419","0","","1.0","","1","N","N","","1","","0","0","1","","2","Y","","2","0","0","0","0","0","0","2","0","2","","","","N","","","","","","","","","",""
"2018089121","","2","0","0","0","0","0","0","0","0","1","0","","02","8","2018","6","40.406434","-80.072393","2106","11","0","0","0","0","0","0","0","0","","0","0","0","","","0","","0","","40 24:23.162","","0","80 04:20.615","0","0","0","0","2415","0","0","0","N","0","0","0","1","02415","0","","1.0","","1","N","N","","0","","0","0","1","","0","N","","3","0","0","0","0","0","0","2","0","3","","","","N","","","","","","","","","",""
"2018099977","","0","0","0","0","0","0","0","0","0","1","0","","02","9","2018","2","40.53039","-79.775468","1355","11","0","0","0","0","0","1","0","0","1","0","0","0","","","0","","2","","40 31:49.403","4","0","79 46:31.686","0","0","0","0","2466","0","0","0","N","0","0","0","2","02466","0","","1.0","","1","N","N","","1","","0","0","1","","2","Y","","2","0","1","0","0","0","0","2","0","2","","","","N","","","","","","","","","",""
"2018096538","","0","0","0","0","0","0","0","0","0","7","0","","02","9","2018","7","40.278492","-79.855916","1237","11","0","0","0","0","0","0","0","0","1","0","0","0","","","0","","2","","40 16:42.572","2","0","79 51:21.296","0","0","0","0","2105","0","0","0","Y","0","0","0","1","02105","0","","2.0","","1","N","N","","1","","0","0","0","","0","N","","1","0","0","0","0","0","0","1","0","1","","","","N","","","","","","","","","",""
"2018097998","","0","0","0","0","0","0","0","0","0","4","1","55","02","9","2018","1","40.433989","-79.994298","0638","11","0","0","0","0","0","0","1","0","","0","0","0","","","1","","0","","40 26:02.359","","0","79 59:39.474","3","0","0","0","2301","0","0","0","N","0","0","0","2","68B03","0","","1.0","","1","N","N","","2","","1","0","1","","3","","","3","1","0","0","0","0","0","2","0","3","","","N","Y","4","1","N","N","N","Y","N","N","N",""
"2018046595","","0","0","0","0","0","0","0","0","0","8","0","","02","4","2018","7","40.345286","-80.050402","1927","11","0","0","0","0","0","0","0","0","","0","0","0","","","1","","0","","40 20:43.030","","7","80 03:01.447","3","0","0","0","2407","1","0","0","N","1","0","0","3","02407","0","","1.0","","1","N","N","","0","","1","0","1","","0","","","2","1","0","0","0","0","0","2","0","1","","","","N","","","","","","","","","",""
"2018086555","","1","0","0","0","0","0","0","0","0","8","0","","02","8","2018","7","40.454792","-79.888431","2302","11","0","0","0","0","0","0","0","0","","0","0","0","","","1","","0","","40 27:17.251","","0","79 53:18.351","8","0","0","0","2301","1","0","0","N","1","0","0","3","02301","0","","1.0","","1","N","N","","0","","0","0","0","","0","","","2","1","0","0","0","1","2","2","0","1","","","","N","","","","","","","","","",""
"2018015518","","0","0","0","0","0","0","0","0","0","7","0","","02","2","2018","2","40.409105","-80.030034","0253","11","0","0","0","0","0","0","0","0","2","0","0","0","","","0","","2","","40 24:32.778","6","0","80 01:48.122","9","0","0","0","2301","0","0","0","N","0","0","0","1","02301","0","","5.0","","2","N","N","","1","","0","0","0","","0","Y","","1","0","0","0","0","0","1","2","0","1","","","","N","","","","","","","","","",""
"2018095958","","2","0","0","0","0","0","0","0","0","1","0","","02","9","2018","5","40.431679","-79.918494","1748","11","0","0","0","0","0","1","0","0","2","0","0","0","","","1","","0","","40 25:54.043","2","0","79 55:06.579","2","0","0","0","2301","0","0","0","N","0","0","0","1","02301","0","","6.0","","1","N","N","","0","","0","1","0","","0","N","","2","1","0","0","0","0","0","2","0","2","","","","N","","","","","","","","","",""
"2018051861","","5","0","0","0","0","0","0","0","0","2","0","","02","5","2018","7","40.365264","-80.108566","1433","11","0","0","0","0","1","3","0","0","2","0","0","0","","","1","","0","","40 21:54.952","1","0","80 06:30.838","2","0","0","0","2102","0","0","0","N","0","0","0","5","02102","0","","5.0","","1","N","N","","0","","0","1","0","","0","N","","5","1","1","0","1","0","0","2","0","5","","","","N","","","","","","","","","",""
"2018018497","","0","0","0","0","0","0","0","0","0","1","0","","02","2","2018","1","40.422456","-79.860739","0002","11","0","0","0","0","0","1","0","0","","0","0","0","","","1","","0","","40 25:20.840","","0","79 51:38.660","3","0","0","0","2431","0","0","0","N","0","0","0","1","02431","0","","5.0","","9","N","N","","1","","1","0","2","","0","","","3","1","0","0","0","0","0","2","0","3","","","","N","","","","","","","","","",""
"2018094074","","1","0","0","0","0","0","0","0","0","8","0","","02","9","2018","1","40.468021","-79.961398","2244","11","0","0","0","0","0","1","0","0","","0","0","0","","","1","","0","","40 28:04.874","","0","79 57:41.033","3","0","0","0","2301","1","0","0","N","1","0","0","2","02301","0","","1.0","","9","N","N","","0","","1","0","0","","0","","","2","1","0","0","0","0","0","2","0","1","","","","N","","","","","","","","","",""
"2018097965","","0","0","0","0","0","0","0","0","0","7","0","","02","9","2018","1","40.587829","-79.881715","1041","11","0","0","0","0","0","0","0","0","2","0","0","0","","","0","","0","","40 35:16.185","4","0","79 52:54.173","0","0","0","0","2209","0","0","0","N","0","0","0","5","68T02","0","","4.0","","9","N","N","","1","","0","0","0","","0","N","","1","0","0","0","0","0","0","2","0","1","","","","N","","","","","","","","","",""
"2018013829","","2","0","0","0","0","0","0","0","0","1","0","","02","1","2018","5","40.540455","-80.201617","0742","11","0","0","0","0","0","1","1","0","","0","0","0","","","2","","0","","40 32:25.638","","0","80 12:05.822","3","0","0","0","2213","0","0","0","N","0","0","0","3","02213","0","","1.0","","1","N","N","","0","","2","0","1","","0","","","3","2","0","0","0","0","0","2","0","3","","","","N","","","","","","","","","",""
"2018097325","","1","0","0","0","0","0","0","0","0","7","0","","02","9","2018","1","40.549268","-79.820803","1106","11","0","0","0","0","0","0","0","0","2","0","0","0","","","0","","0","","40 32:57.366","2","0","79 49:14.890","0","0","0","0","2208","0","0","0","N","0","0","0","1","68D02","0","","4.0","","9","N","N","","0","","0","0","0","","0","N","","1","0","0","0","0","0","0","2","0","1","","","","N","","","","","","","","","",""
"2018017028","","2","0","0","0","0","0","0","0","0","4","0","","02","2","2018","4","40.550005","-80.08563","0608","11","0","0","0","0","0","0","0","0","1","0","0","0","","","0","","2","","40 33:00.018","1","0","80 05:08.268","0","0","0","0","2215","0","0","0","N","0","0","0","2","02215","0","","1.0","","6","N","N","","0","","0","0","0","","2","N","","2","0","0","0","0","0","0","2","0","2","","","","N","","","","","","","","","",""
"2018096678","","1","0","0","0","0","0","0","0","0","4","0","","02","9","2018","1","40.428506","-79.925928","0714","11","0","0","0","0","0","0","0","0","1","0","0","0","","","2","","0","","40 25:42.623","1","0","79 55:33.342","3","0","0","0","2301","0","0","0","N","0","0","0","3","02301","0","","1.0","","1","N","N","","0","","2","0","0","","0","N","","2","2","0","0","0","0","0","2","1","2","","","","N","","","","","","","","","",""
"2018096797","","2","0","0","0","0","0","0","0","0","4","0","","02","9","2018","1","40.451451","-79.90819","1551","11","0","0","1","0","0","0","1","0","1","0","0","0","","","0","","2","","40 27:05.223","3","0","79 54:29.484","0","0","0","0","2301","0","0","0","N","0","0","0","3","02301","0","","1.0","","1","N","N","","0","","0","0","0","","2","N","","2","0","0","0","0","0","0","2","0","2","","","","N","","","","","","","","","",""
"2018097967","","0","0","0","0","0","0","0","0","0","7","0","","02","9","2018","1","40.422183","-80.105613","1529","11","0","0","0","0","0","0","0","0","","0","0","0","","","1","","0","","40 25:19.857","","0","80 06:20.208","8","0","0","0","2115","0","0","0","Y","0","0","0","4","68B03","0","","2.0","","9","N","N","","0","","0","0","1","","0","","","1","1","0","0","0","1","0","2","0","1","","","","N","","","","","","","","","",""
"2018100530","","1","0","0","0","0","0","0","0","0","7","0","","02","9","2018","4","40.582954","-80.187423","1204","11","0","0","0","0","0","0","0","0","","0","0","0","","","1","","0","","40 34:58.635","","0","80 11:14.723","3","0","0","0","2480","0","0","0","N","0","0","0","1","02480","0","","5.0","","9","N","N","","0","","1","0","0","","0","","","1","1","0","0","0","0","0","1","0","1","","","","N","","","","","","","","","",""
"2018045473","","3","0","0","0","0","0","0","0","0","4","0","","02","4","2018","2","40.449203","-79.901289","0845","11","0","0","0","0","0","1","1","0","","0","0","0","","","2","","1","","40 26:57.129","","0","79 54:04.642","3","0","0","0","2301","0","0","0","N","0","0","0","4","02301","0","","1.0","","1","N","N","","0","","2","0","0","","0","","","3","2","0","0","0","0","0","2","0","3","","","","N","","","","","","","","","",""
"2018097621","","1","0","0","0","0","0","0","0","0","1","0","","02","9","2018","5","40.379287","-79.885537","0546","11","0","0","0","0","0","2","0","0","1","0","0","0","","","0","","0","","40 22:45.434","3","0","79 53:07.932","0","0","0","0","2473","0","0","0","N","0","0","0","2","02473","0","","1.0","","1","N","N","","1","","0","0","0","","0","N","","2","0","0","0","0","0","0","2","0","2","","","","N","","","","","","","","","",""
"2018012105","","0","0","0","0","0","0","0","0","0","8","0","","02","1","2018","6","40.445288","-79.948766","1512","11","0","0","0","0","0","0","1","0","","0","0","0","","","1","","1","","40 26:43.036","","0","79 56:55.559","8","0","0","0","2301","1","0","0","N","1","0","0","3","02301","0","","1.0","","1","N","N","","0","","0","0","1","","3","","","2","1","0","0","0","1","0","2","0","1","","","","N","","","","","","","","","",""
"2018012653","","1","0","0","0","0","0","0","0","0","6","0","","02","1","2018","1","40.461417","-79.970746","1520","11","0","0","0","0","0","1","0","0","","0","0","0","","","0","","1","","40 27:41.101","","0","79 58:14.685","0","0","0","0","2301","0","0","0","N","0","0","0","3","02301","0","","1.0","","1","N","N","","0","","0","0","1","","3","","","2","0","0","0","0","0","0","2","0","2","","","","N","","","","","","","","","",""
"2018045672","","2","0","0","0","0","0","0","0","0","2","0","","02","4","2018","2","40.424594","-79.988703","2055","11","0","0","0","0","0","0","0","0","1","0","0","0","","","1","","0","","40 25:28.540","5","0","79 59:19.330","3","0","0","0","2301","0","0","0","N","0","0","0","3","02301","0","","1.0","","1","N","N","","0","","1","0","0","","0","N","","2","1","0","0","0","0","0","2","0","2","","","","N","","","","","","","","","",""
"2018098627","","1","0","0","0","0","0","0","0","0","7","0","","02","9","2018","2","40.431695","-79.872125","1602","11","0","0","0","0","0","1","0","0","","0","0","0","","","0","","0","","40 25:54.101","","0","79 52:19.651","0","0","0","0","2411","0","0","0","N","0","0","0","1","68B03","0","","4.0","","9","N","N","","0","","0","0","0","","0","","","1","0","0","0","0","0","0","2","0","1","","","","N","","","","","","","","","",""
"2018043999","","1","0","0","0","0","0","0","0","0","7","0","","02","4","2018","3","40.514378","-79.893581","2006","11","0","0","0","0","0","0","0","0","","0","0","0","","","0","","0","","40 30:51.760","","0","79 53:36.890","0","0","0","0","2432","0","0","0","N","0","0","0","1","02432","0","","2.0","","1","N","N","","0","","0","0","0","","0","","","1","0","0","0","0","0","0","2","0","1","","","","N","","","","","","","","","",""
"2018045387","","2","0","0","0","0","0","0","0","0","2","0","","02","4","2018","1","40.468325","-79.856808","2214","11","0","0","0","0","0","0","0","0","3","0","0","0","","","1","","0","","40 28:05.970","5","0","79 51:24.510","3","0","0","0","2113","0","0","0","N","0","0","0","1","02113","0","","5.0","","1","N","N","","0","","1","0","0","","0","Y","","2","1","0","0","0","0","0","2","0","2","","","","N","","","","","","","","","",""
"2018100680","","0","0","0","0","0","0","0","0","0","7","0","","02","9","2018","7","40.522131","-80.191133","1729","11","0","0","0","0","0","0","1","0","1","0","0","0","","","1","","0","","40 31:19.670","2","0","80 11:28.080","4","0","0","0","2213","0","0","0","N","0","0","0","3","02213","1","","5.0","","1","N","N","","0","","0","0","1","","0","N","","1","1","0","0","0","0","0","2","0","1","","","","N","","","","","","","","","",""
"2018020095","","0","0","0","0","0","0","0","0","0","7","0","","02","2","2018","2","40.571431","-79.790938","0524","11","0","0","0","0","0","0","0","0","","0","0","0","","","0","","0","","40 34:17.150","","0","79 47:27.376","0","0","0","0","2206","0","0","0","Y","0","0","0","1","68D02","0","","4.0","","6","N","N","","0","","0","0","1","","0","","","1","0","0","0","0","0","0","2","0","1","","","","N","","","","","","","","","",""
"2018097826","","0","0","0","0","0","0","0","0","0","4","1","","02","9","2018","2","40.526411","-80.209414","2145","11","0","0","0","0","0","1","0","0","3","0","1","0","","","1","","0","","40 31:35.081","2","7","80 12:33.889","8","0","0","0","2213","0","0","0","N","0","0","0","2","02213","0","","1.0","","1","N","N","","1","","0","0","0","","0","N","","2","1","0","0","0","1","0","2","0","2","","","","N","","","","","","","","","",""
"2018098617","","2","0","0","0","0","0","0","0","0","4","2","","02","9","2018","3","40.438194","-80.012488","1052","11","0","0","0","0","0","1","0","0","2","0","2","0","","","1","","0","","40 26:17.499","3","3","80 00:44.955","4","0","0","0","2301","0","0","0","N","0","0","0","5","68B03","1","","1.0","","1","N","N","","0","","0","0","1","","0","N","","5","1","0","0","0","0","0","2","0","5","","","","N","","","","","","","","","",""
"2018097692","","1","0","0","0","0","0","0","0","0","1","0","","02","9","2018","3","40.449691","-79.827051","1711","11","0","0","0","0","0","1","1","0","","0","0","0","","","1","","0","","40 26:58.886","","0","79 49:37.383","4","0","0","0","2113","0","0","0","N","0","0","0","3","02113","1","","1.0","","1","N","N","","0","","0","0","2","","0","","","3","1","0","0","0","0","0","2","0","3","","","","N","","","","","","","","","",""
"2018045943","","1","0","0","0","0","0","0","0","0","4","0","","02","4","2018","3","40.385387","-79.976486","1342","11","0","0","0","0","0","0","0","0","1","0","0","0","","","0","","2","","40 23:07.393","2","0","79 58:35.349","0","0","0","0","2301","0","0","0","N","0","0","0","6","02301","0","","1.0","","9","N","N","","0","","0","0","1","","0","Y","","2","0","0","0","0","0","0","2","0","2","","","","N","","","","","","","","","",""
"2018096110","","1","0","0","0","0","0","0","0","0","4","0","","02","9","2018","2","40.415119","-79.990578","1445","11","0","0","0","0","0","1","0","0","","0","0","0","","","0","","1","","40 24:54.428","","0","79 59:26.080","0","0","0","0","2301","0","0","0","N","0","0","0","2","02301","0","","1.0","","1","N","N","","1","","0","0","0","","3","","","2","0","0","0","0","0","0","2","0","2","","","","N","","","","","","","","","",""
"2018093574","","2","0","0","0","0","0","0","0","0","1","0","","02","9","2018","7","40.478829","-80.04312","0241","11","0","0","0","0","0","1","0","0","2","0","0","0","","","0","","1","","40 28:43.784","1","0","80 02:35.231","0","0","0","0","2301","0","0","0","N","0","0","0","5","02301","0","","1.0","","9","N","N","","0","","0","0","0","","2","N","","2","0","0","0","0","0","0","2","0","2","","","","N","","","","","","","","","",""
"2018046222","","0","0","0","0","0","0","0","0","0","7","0","","02","4","2018","4","40.326322","-80.090747","1025","11","0","0","0","0","0","0","0","0","","0","0","0","","","0","","0","","40 19:34.760","","0","80 05:26.690","0","0","0","0","2123","0","0","0","N","0","0","0","1","02123","0","","5.0","","1","N","N","","0","","0","0","1","","0","","","1","0","0","0","0","0","0","2","0","1","","","","N","","","","","","","","","",""
"2018017994","","1","0","0","0","0","0","0","0","0","1","0","","02","2","2018","6","40.426524","-79.973222","0806","11","0","0","0","0","0","0","0","0","","0","0","0","","","0","","1","","40 25:35.487","","0","79 58:23.600","0","0","0","0","2301","0","0","0","N","0","0","0","2","02301","0","","1.0","","9","N","N","","1","","0","0","0","","3","","","2","0","0","0","0","0","0","2","0","2","","","","N","","","","","","","","","",""
"2018044798","","0","0","0","0","0","0","0","0","0","0","0","","02","4","2018","6","40.351552","-79.799077","0750","11","0","0","0","0","0","0","0","0","2","0","0","0","","","1","","0","","40 21:05.587","6","0","79 47:56.676","8","0","0","0","2477","0","0","0","N","0","0","0","1","02477","0","","5.0","","2","N","N","","1","","0","0","0","","0","Y","","1","1","0","0","0","1","0","2","0","1","","","","N","","","","","","","","","",""
"2018098629","","3","0","0","0","0","0","0","0","0","1","0","","02","9","2018","3","40.578892","-80.095494","1702","11","0","0","0","0","0","0","0","0","","0","0","0","","","0","","0","","40 34:44.010","","0","80 05:43.779","0","0","0","0","2481","0","0","0","N","0","0","0","5","68B03","0","","1.0","","1","N","N","","0","","0","0","0","","0","","","3","0","0","0","0","0","0","2","0","3","","","","N","","","","","","","","","",""
"2018085872","","1","0","0","0","0","0","0","0","0","1","0","","02","8","2018","5","40.525396","-79.840119","1603","11","0","0","0","0","0","0","0","2","","0","0","0","","","0","","2","","40 31:31.427","","0","79 50:24.430","0","0","0","0","2451","0","0","0","N","0","0","0","2","02451","0","","1.0","","9","N","N","","0","","0","0","0","","0","N","","2","0","0","0","0","0","0","2","1","2","","","","N","","","","","","","","","",""
"2018092661","","0","0","0","0","0","0","0","0","0","1","1","","02","9","2018","4","40.474778","-79.787075","1132","11","0","0","0","0","0","0","0","0","2","0","1","0","","","3","","0","","40 28:29.200","2","0","79 47:13.470","3","0","0","0","2113","0","0","0","N","0","0","0","3","02113","0","","1.0","","1","N","N","","0","","3","0","1","","0","Y","","2","3","0","0","0","0","0","2","0","2","","","","N","","","","","","","","","",""
"2018088362","","0","0","0","0","0","0","0","0","0","1","0","","02","8","2018","5","40.373863","-79.776025","1326","11","0","0","0","0","1","0","0","0","1","0","0","0","","","0","","0","","40 22:25.906","2","0","79 46:33.690","0","0","0","0","2111","0","0","0","N","0","0","0","2","02111","0","","1.0","","1","N","N","","2","","0","0","0","","0","N","","2","0","0","0","0","0","0","2","0","2","","","","N","","","","","","","","","",""
"2018093976","","3","0","0","0","0","0","0","0","0","1","0","","02","9","2018","1","40.422041","-80.024647","1311","11","0","0","0","0","0","0","0","0","1","0","0","0","","","0","","0","","40 25:19.348","1","0","80 01:28.730","0","0","0","0","2301","0","0","0","N","0","0","0","1","02301","0","","6.0","","9","N","N","","0","","0","0","0","","0","N","","3","0","0","0","0","0","0","2","0","3","","","","N","","","","","","","","","",""
"2018045970","","1","0","0","0","0","0","0","0","0","8","0","","02","4","2018","3","40.442994","-79.981414","1530","11","0","0","0","0","0","0","0","0","","0","0","0","","","1","","0","","40 26:34.780","","7","79 58:53.090","3","0","0","0","2301","1","0","0","N","1","0","0","2","02301","0","","1.0","","98","N","N","","0","","1","0","0","","0","","","2","1","0","0","0","0","1","2","0","1","","","","N","","","","","","","","","",""
"2018098975","","1","0","0","0","0","0","0","0","0","1","1","","02","9","2018","4","40.478111","-80.007746","0746","11","0","0","0","0","0","3","0","0","2","0","1","0","","","1","","0","","40 28:41.201","2","0","80 00:27.887","3","0","0","0","2301","0","0","0","N","0","0","0","4","68B03","0","","1.0","","9","N","N","","1","","1","0","0","","0","Y","","3","1","0","0","0","0","0","2","0","3","","","","N","","","","","","","","","",""
"2018094178","","1","0","0","0","0","0","0","0","0","4","0","","02","9","2018","1","40.39287","-80.045581","1036","11","0","0","0","0","0","1","0","1","","0","0","0","","","1","","2","","40 23:34.332","","0","80 02:44.093","3","0","0","0","2109","0","0","0","N","0","0","0","2","02109","0","","1.0","","9","N","N","","0","","1","0","1","","3","","","2","1","0","0","0","0","0","2","0","2","","","","N","","","","","","","","","",""
"2018046399","","0","0","0","0","0","0","0","0","0","8","0","","02","4","2018","7","40.428753","-79.986363","2345","11","0","0","0","0","1","0","0","0","3","0","0","0","","","3","","1","","40 25:43.511","6","0","79 59:10.905","2","0","1","1","2301","1","0","0","N","1","0","0","3","02301","1","","1.0","","1","N","N","","0","","1","1","0","","2","Y","","2","3","0","0","0","0","0","2","0","1","","","","N","","","","","","","","","",""
"2018055751","","1","0","0","0","0","0","0","0","0","99","0","","02","5","2018","1","40.652446","-80.058394","0145","11","0","0","0","0","0","0","0","0","","0","0","0","","","0","","0","","40 39:08.807","","0","80 03:30.217","0","0","0","0","2216","0","0","0","N","0","0","0","1","68T02","0","","1.0","","1","N","N","","0","","0","0","0","","0","","","1","0","0","0","0","0","0","2","0","1","","","","N","","","","","","","","","",""
"2018097703","","3","0","0","0","0","0","0","0","0","1","0","","02","9","2018","3","40.432444","-79.935972","1745","11","0","1","0","0","0","0","0","0","1","0","0","0","","","0","","0","","40 25:56.800","3","0","79 56:09.500","0","0","0","0","2301","0","0","0","N","0","0","0","4","02301","0","","1.0","","1","N","N","","0","","0","0","1","","0","Y","","4","0","2","0","0","0","0","2","0","4","","","","N","","","","","","","","","",""
"2018096446","","1","0","0","0","0","0","0","0","0","1","0","","02","9","2018","2","40.43239","-79.800554","1342","11","0","0","0","1","0","0","0","0","1","0","0","0","","","0","","0","","40 25:56.604","3","3","79 48:01.994","0","0","0","0","2446","0","0","0","N","0","0","0","2","02446","0","","1.0","","1","N","N","","0","","0","0","0","","0","Y","","2","0","0","0","0","0","0","2","1","2","","","","N","","","","","","","","","",""
"2018055704","","2","0","0","0","0","0","0","0","0","5","0","","02","4","2018","1","40.452321","-80.174709","2144","11","0","0","0","1","0","0","0","0","","0","0","0","","","1","","0","","40 27:08.356","","0","80 10:28.953","8","0","0","0","2214","0","0","0","N","0","0","0","3","68B03","0","","1.0","","1","N","N","","0","","0","0","0","","0","","","2","1","0","0","0","1","0","2","0","2","","","","N","","","","","","","","","",""
"2018045976","","2","0","0","0","0","0","0","0","0","1","0","","02","4","2018","3","40.478285","-80.031229","1715","11","0","0","0","0","0","0","0","0","1","0","0","0","","","0","","1","","40 28:41.826","2","0","80 01:52.424","0","0","0","0","2301","0","0","0","N","0","0","0","3","02301","0","","1.0","","9","N","N","","0","","0","0","0","","0","N","","2","0","0","0","0","0","0","2","0","2","","","","N","","","","","","","","","",""
"2018014426","","1","0","0","0","0","0","0","0","0","7","0","","02","1","2018","6","40.494854","-79.958779","1657","11","0","0","0","0","0","0","0","0","","0","0","0","","","0","","2","","40 29:41.474","","0","79 57:31.604","0","0","0","0","2118","0","0","0","N","0","0","0","1","02118","0","","2.0","","1","N","N","","0","","0","0","0","","0","","","1","0","0","0","0","0","0","2","0","1","","","","N","","","","","","","","","",""
"2018017988","","0","0","0","0","0","0","0","0","0","4","0","","02","2","2018","4","40.447435","-79.942465","1349","11","0","0","0","0","0","0","0","0","2","0","0","0","","","0","","1","","40 26:50.767","3","0","79 56:32.873","0","0","0","0","2301","0","0","0","N","0","0","0","2","02301","0","","1.0","","6","N","N","","0","","0","0","2","","2","N","","2","0","0","0","0","0","0","2","0","2","","","","N","","","","","","","","","",""
"2018024196","","2","0","0","0","0","0","0","0","0","4","0","","02","2","2018","2","40.438953","-79.994701","0457","11","0","0","0","0","0","2","0","0","1","0","0","0","","","0","","1","","40 26:20.231","7","0","79 59:40.925","0","0","0","0","2301","0","0","0","N","0","0","0","2","02301","0","","1.0","","1","N","N","","0","","0","0","0","","2","Y","","2","0","0","0","0","0","0","2","0","2","","","","N","","","","","","","","","",""
"2018098630","","0","0","0","0","0","0","0","0","0","4","1","55","02","9","2018","5","40.463016","-80.193634","0735","11","0","0","0","0","0","1","0","0","1","0","1","0","","","1","","0","","40 27:46.856","4","0","80 11:37.084","3","0","0","0","2213","0","0","0","N","0","0","0","2","68B03","0","","1.0","","1","N","N","","0","","1","0","1","","0","N","","2","1","0","0","0","0","0","2","0","2","","","Y","Y","3","1","N","N","N","Y","Y","N","Y",""
"2018006879","","1","0","0","0","0","0","0","0","0","4","0","","02","1","2018","1","40.407119","-79.910714","1856","11","0","0","0","0","0","0","0","0","","0","0","0","","","1","","1","","40 24:25.629","","0","79 54:38.569","3","0","0","0","2438","0","0","0","N","0","0","0","2","02438","0","","1.0","","98","N","N","","0","","1","0","0","","2","","","2","1","0","0","0","0","1","2","0","2","","","","N","","","","","","","","","",""
"2018019110","","1","0","0","0","0","0","0","0","0","1","0","","02","2","2018","1","40.478197","-79.771197","1633","11","0","0","0","0","0","0","0","0","","0","0","0","","","0","","0","","40 28:41.510","","0","79 46:16.310","0","0","0","0","2466","0","0","0","N","0","0","0","1","02466","0","","2.0","","9","N","N","","1","","0","0","0","","0","","","2","0","0","0","0","0","0","2","0","2","","","","N","","","","","","","","","",""
"2018058879","","0","0","0","0","0","0","0","0","0","1","0","","02","6","2018","6","40.346363","-79.973393","0634","11","0","0","0","0","0","0","2","0","","0","0","0","","","0","","1","","40 20:46.907","","0","79 58:24.215","0","0","0","0","2403","0","0","0","N","0","0","0","3","02403","0","","1.0","","1","N","N","","1","","0","0","2","","2","","","3","0","0","0","0","0","0","2","0","3","","","","N","","","","","","","","","",""
"2018047215","","2","0","0","0","0","0","0","0","0","1","0","","02","4","2018","7","40.392727","-79.933709","1011","11","0","0","0","0","0","0","0","0","2","0","0","0","","","0","","7","","40 23:33.816","4","2","79 56:01.354","0","0","0","0","2301","0","0","0","N","0","0","0","2","02301","0","","1.0","","9","N","N","","0","","0","0","0","","4","N","","3","0","0","0","0","0","0","2","0","2","","","","N","","","","","","","","","",""