"CRN","ARRIVAL_TM","AUTOMOBILE_COUNT","BELTED_DEATH_COUNT","BELTED_SUSP_SERIOUS_INJ_COUNT","BICYCLE_COUNT","BICYCLE_DEATH_COUNT","BICYCLE_SUSP_SERIOUS_INJ_COUNT","BUS_COUNT","CHLDPAS_DEATH_COUNT","CHLDPAS_SUSP_SERIOUS_INJ_COUNT","COLLISION_TYPE","COMM_VEH_COUNT","CONS_ZONE_SPD_LIM","COUNTY","CRASH_MONTH","CRASH_YEAR","DAY_OF_WEEK","DEC_LATITUDE","DEC_LONGITUDE","DISPATCH_TM","DISTRICT","DRIVER_COUNT_16YR","DRIVER_COUNT_17YR","DRIVER_COUNT_18YR","DRIVER_COUNT_19YR","DRIVER_COUNT_20YR","DRIVER_COUNT_50_64YR","DRIVER_COUNT_65_74YR","DRIVER_COUNT_75PLUS","EST_HRS_CLOSED","FATAL_COUNT","HEAVY_TRUCK_COUNT","HORSE_BUGGY_COUNT","HOUR_OF_DAY","ILLUMINATION","INJURY_COUNT","INTERSECTION_RELATED","INTERSECT_TYPE","LANE_CLOSED","LATITUDE","LN_CLOSE_DIR","LOCATION_TYPE","LONGITUDE","MAX_SEVERITY_LEVEL","MCYCLE_DEATH_COUNT","MCYCLE_SUSP_SERIOUS_INJ_COUNT","MOTORCYCLE_COUNT","MUNICIPALITY","NONMOTR_COUNT","NONMOTR_DEATH_COUNT","NONMOTR_SUSP_SERIOUS_INJ_COUNT","NTFY_HIWY_MAINT","PED_COUNT","PED_DEATH_COUNT","PED_SUSP_SERIOUS_INJ_COUNT","PERSON_COUNT","POLICE_AGCY","POSSIBLE_INJ_COUNT","RDWY_SURF_TYPE_CD","RELATION_TO_ROAD","ROADWAY_CLEARED","ROAD_CONDITION","SCH_BUS_IND","SCH_ZONE_IND","SECONDARY_CRASH","SMALL_TRUCK_COUNT","SPEC_JURIS_CD","SUSP_MINOR_INJ_COUNT","SUSP_SERIOUS_INJ_COUNT","SUV_COUNT","TCD_FUNC_CD","TCD_TYPE","TFC_DETOUR_IND","TIME_OF_DAY","TOTAL_UNITS","TOT_INJ_COUNT","UNBELTED_OCC_COUNT","UNB_DEATH_COUNT","UNB_SUSP_SERIOUS_INJ_COUNT","UNK_INJ_DEG_COUNT","UNK_INJ_PER_COUNT","URBAN_RURAL","VAN_COUNT","VEHICLE_COUNT","WEATHER1","WEATHER2","WORKERS_PRES","WORK_ZONE_IND","WORK_ZONE_LOC","WORK_ZONE_TYPE","WZ_CLOSE_DETOUR","WZ_FLAGGER","WZ_LAW_OFFCR_IND","WZ_LN_CLOSURE","WZ_MOVING","WZ_OTHER","WZ_SHLDER_MDN","WZ_WORKERS_INJ_KILLED"
"2018049096","","0","0","0","0","0","0","0","0","0","0","0","","02","5","2018","6","40.481479","-79.878065","0619","11","0","0","0","0","0","0","0","0","1","0","0","0","","","0","","0","","40 28:53.324","6","0","79 52:41.033","0","0","0","0","2113","0","0","0","N","0","0","0","1","02113","0","","1.0","","9","N","N","","0","","0","0","1","","0","Y","","1","0","0","0","0","0","0","2","0","1","","","","N","","","","","","","","","",""
"2018045646","","0","0","0","0","0","0","0","0","0","1","0","","02","4","2018","2","40.5229","-79.831744","1720","11","0","0","0","0","0","1","0","0","","0","0","0","","","0","","0","","40 31:22.440","","0","79 49:54.280","0","0","0","0","2451","0","0","0","N","0","0","0","3","02451","0","","1.0","","1","N","N","","0","","0","0","1","","0","","","2","0","0","0","0","0","0","2","1","2","","","","N","","","","","","","","","",""
"2018031783","","2","0","0","0","0","0","0","0","0","4","0","","02","3","2018","5","40.453367","-79.980657","1245","11","0","0","0","0","0","0","0","0","","0","0","0","","","0","","1","","40 27:12.120","","0","79 58:50.364","0","0","0","0","2301","0","0","0","N","0","0","0","3","02301","0","","1.0","","1","N","N","","0","","0","0","0","","3","","","2","0","0","0","0","0","0","2","0","2","","","","N","","","","","","","","","",""
"2018011645","","1","0","0","0","0","0","0","0","0","4","0","","02","1","2018","7","40.582227","-80.062891","1955","11","0","1","0","0","0","1","0","0","","0","0","0","","","1","","1","","40 34:56.017","","0","80 03:46.409","8","0","0","0","2108","0","0","0","N","0","0","0","2","02108","0","","1.0","","1","N","N","","0","","0","0","1","","3","","","2","1","0","0","0","1","0","2","0","2","","","","N","","","","","","","","","",""
"2018046870","","0","0","0","0","0","0","0","0","0","4","0","","02","4","2018","4","40.475174","-79.772912","0611","11","0","0","0","0","0","0","1","0","2","0","0","0","","","1","","2","","40 28:30.628","3","0","79 46:22.483","4","0","0","0","2466","0","0","0","N","0","0","0","2","02466","1","","1.0","","1","N","N","","0","","0","0","2","","3","N","","2","1","0","0","0","0","0","2","0","2","","","","N","","","","","","","","","",""
"2018014570","","1","0","0","0","0","0","0","0","0","7","0","","02","2","2018","6","40.415117","-80.247344","0751","11","0","1","0","0","0","0","0","0","2","0","0","0","","","0","","0","","40 24:54.420","1","0","80 14:50.440","0","0","0","0","2214","0","0","0","N","0","0","0","4","02214","0","","5.0","","6","N","N","","0","","0","0","0","","0","N","","1","0","0","0","0","0","0","1","0","1","","","","N","","","","","","","","","",""
"2018016290","","0","0","0","0","0","0","0","0","0","5","0","","02","2","2018","3","40.455858","-80.015247","1055","11","0","0","0","0","0","1","0","0","","0","0","0","","","0","","0","","40 27:21.090","","0","80 00:54.888","0","0","0","0","2301","0","0","0","N","0","0","0","1","02301","0","","2.0","","1","N","N","","0","","0","0","1","","0","","","2","0","0","0","0","0","0","2","1","2","","","","N","","","","","","","","","",""
"2018015140","","4","0","0","0","0","0","0","0","0","5","0","","02","2","2018","7","40.394342","-79.996333","2238","11","0","0","0","0","0","0","0","0","2","0","0","0","","","0","","0","","40 23:39.630","2","0","79 59:46.800","9","0","0","0","2301","0","0","0","N","0","0","0","1","02301","0","","2.0","","9","N","N","","0","","0","0","0","","0","N","","4","0","0","0","0","0","1","2","0","4","","","","N","","","","","","","","","",""
"2018099034","","0","0","0","0","0","0","0","0","0","7","0","","02","7","2018","1","40.438869","-79.760496","0822","11","0","0","0","0","0","1","0","0","","0","0","0","","","0","","1","","40 26:19.929","","0","79 45:37.786","0","0","0","0","2446","0","0","0","N","0","0","0","2","02446","0","","2.0","","1","N","N","","0","","0","0","0","","2","","","1","0","0","0","0","0","0","2","1","1","","","","N","","","","","","","","","",""
"2018009114","","1","0","0","0","0","0","0","0","0","5","0","","02","1","2018","5","40.435067","-79.986182","0603","11","0","0","0","0","0","1","0","0","3","0","0","0","","","0","","0","","40 26:06.242","3","0","79 59:10.255","0","0","0","0","2301","0","0","0","N","0","0","0","2","02301","0","","1.0","","2","N","N","","1","","0","0","0","","0","N","","2","0","0","0","0","0","0","2","0","2","","","","N","","","","","","","","","",""
"2018016375","","2","0","0","0","0","0","0","0","0","5","0","","02","1","2018","1","40.524093","-80.214944","1829","11","0","0","0","0","0","0","0","0","","0","0","0","","","0","","0","","40 31:26.735","","0","80 12:53.798","0","0","0","0","2213","0","0","0","N","0","0","0","2","02213","0","","2.0","","1","N","N","","0","","0","0","0","","0","","","2","0","0","0","0","0","0","2","0","2","","","","N","","","","","","","","","",""
"2018098059","","1","0","0","0","0","0","0","0","0","7","0","","02","9","2018","4","40.478308","-80.012018","1613","11","0","0","0","0","0","1","0","0","","0","0","0","","","0","","2","","40 28:41.910","","0","80 00:43.264","0","0","0","0","2301","0","0","0","N","0","0","0","1","02301","0","","1.0","","1","N","N","","0","","0","0","0","","2","N","","1","0","0","0","0","0","0","2","0","1","","","","N","","","","","","","","","",""
"2018096562","","2","0","0","0","0","0","0","0","0","2","0","","02","9","2018","6","40.409912","-79.990596","2205","11","0","0","0","0","0","1","0","0","2","0","0","0","","","0","","2","","40 24:35.683","5","0","79 59:26.145","0","0","0","0","2301","0","0","0","N","0","0","0","2","02301","0","","1.0","","1","N","N","","0","","0","0","0","","0","N","","2","0","0","0","0","0","0","2","0","2","","","","N","","","","","","","","","",""
"2018073464","","1","0","0","0","0","0","0","0","0","5","1","","02","7","2018","6","40.443555","-79.952109","2305","11","0","0","0","0","0","0","1","0","","0","0","0","","","0","","0","","40 26:36.798","","0","79 57:07.594","0","0","0","0","2301","0","0","0","N","0","0","0","2","02506","0","","1.0","","1","N","N","","1","","0","0","0","","0","","","2","0","0","0","0","0","0","2","0","2","","","","N","","","","","","","","","",""
"2018095956","","3","0","0","0","0","0","0","0","0","1","0","","02","9","2018","5","40.633169","-79.953608","1800","11","0","0","0","0","0","2","0","0","","0","0","0","","","1","","0","","40 37:59.407","","0","79 57:12.988","3","0","0","0","2217","0","0","0","N","0","0","0","3","02505","0","","1.0","","1","N","N","","0","","1","0","0","","0","N","","3","1","0","0","0","0","0","2","0","3","","","","N","","","","","","","","","",""
"2018014450","","0","0","0","0","0","0","0","0","0","8","0","","02","2","2018","5","40.402186","-80.094691","2148","11","0","0","0","0","0","0","0","0","","0","0","0","","","1","","2","","40 24:07.868","","0","80 05:40.888","2","0","0","0","2415","1","0","1","N","1","0","1","2","02415","0","","1.0","","9","N","N","","0","","0","1","1","","2","","","2","1","0","0","0","0","0","2","0","1","","","","N","","","","","","","","","",""
"2018009933","","1","0","0","0","0","0","0","0","0","1","0","","02","1","2018","1","40.430733","-80.028264","0143","11","0","0","0","0","1","0","0","0","","0","0","0","","","0","","3","","40 25:50.638","","2","80 01:41.752","0","0","0","0","2301","0","0","0","N","0","0","0","3","02301","0","","1.0","","1","N","N","","0","","0","0","1","","4","","","2","0","0","0","0","0","0","2","0","2","","","","N","","","","","","","","","",""
"2018045454","","4","0","0","0","0","0","0","0","0","1","0","","02","4","2018","2","40.426669","-79.934094","0300","11","0","0","0","0","0","0","0","0","2","0","0","0","","","0","","0","","40 25:36.010","6","0","79 56:02.740","9","0","0","0","2301","0","0","0","N","0","0","0","2","02301","0","","1.0","","1","N","N","","0","","0","0","0","","0","Y","","4","0","0","0","0","0","2","2","0","4","","","","N","","","","","","","","","",""
"2018049451","","0","0","0","1","0","0","0","0","0","8","0","","02","5","2018","7","40.286222","-80.017931","1204","11","0","0","0","0","0","0","0","0","","0","0","0","","","1","","0","","40 17:10.400","","0","80 01:04.553","3","0","0","0","2219","1","0","0","N","0","0","0","2","02219","0","","1.0","","1","N","N","","0","","1","0","1","","0","","","2","1","0","0","0","0","0","2","0","1","","","","N","","","","","","","","","",""
"2018099789","","1","0","0","0","0","0","0","0","0","4","0","","02","9","2018","2","40.552784","-80.022708","1702","11","0","0","0","0","1","0","0","0","","0","0","0","","","1","","0","","40 33:10.022","","0","80 01:21.750","3","0","0","0","2116","0","0","0","N","0","0","0","2","02116","0","","1.0","","9","N","N","","1","","1","0","0","","0","","","2","1","0","0","0","0","0","2","0","2","","","","N","","","","","","","","","",""
"2018097970","","0","0","0","0","0","0","0","0","0","7","0","","02","9","2018","2","40.429117","-79.944395","0542","11","0","0","0","0","0","0","0","0","1","0","0","0","","","0","","0","","40 25:44.820","4","0","79 56:39.822","0","0","0","0","2301","0","0","0","N","0","0","0","1","68B03","0","","4.0","","9","N","N","","1","","0","0","0","","0","N","","1","0","0","0","0","0","0","2","0","1","","","","N","","","","","","","","","",""
"2018019130","","1","0","0","0","0","0","0","0","0","2","0","","02","2","2018","2","40.403399","-80.020114","1651","11","0","0","0","0","0","1","0","0","1","0","0","0","","","2","","0","","40 24:12.238","5","0","80 01:12.410","3","0","0","0","2301","0","0","0","N","0","0","0","2","02301","0","","1.0","","1","N","N","","1","","1","0","0","","0","N","","2","2","1","0","0","1","0","2","0","2","","","","N","","","","","","","","","",""
"2018009573","","2","0","0","0","0","0","0","0","0","4","0","","02","1","2018","7","40.43854","-79.985073","0138","11","0","0","0","0","1","0","0","0","2","0","0","0","","","0","","2","","40 26:18.745","2","0","79 59:06.264","0","0","0","0","2301","0","0","0","N","0","0","0","7","02301","0","","1.0","","1","N","N","","0","","0","0","0","","1","N","","2","0","0","0","0","0","0","2","0","2","","","","N","","","","","","","","","",""
"2018054671","","1","0","0","0","0","0","0","0","0","1","0","","02","5","2018","1","40.447429","-80.165583","1132","11","0","0","0","0","0","1","0","0","","0","0","0","","","1","","7","","40 26:50.743","","2","80 09:56.097","3","0","0","0","2115","0","0","0","","0","0","0","2","68B03","0","","1.0","","1","N","N","","1","","1","0","0","","4","","","2","1","0","0","0","0","0","2","0","2","","","","N","","","","","","","","","",""
"2018010333","","1","0","0","0","0","0","0","0","0","4","0","","02","1","2018","7","40.405336","-79.9874","1345","11","0","0","0","0","0","1","0","0","1","0","0","0","","","1","","0","","40 24:19.210","3","0","79 59:14.640","8","0","0","0","2301","0","0","0","N","0","0","0","2","02301","0","","1.0","","1","N","N","","0","","0","0","1","","0","N","","2","1","0","0","0","1","0","2","0","2","","","","N","","","","","","","","","",""
"2018062137","","0","0","0","0","0","0","0","0","0","99","0","","02","6","2018","3","40.275503","-79.954414","2220","11","0","0","0","0","0","0","0","0","","0","0","0","","","0","","0","","40 16:31.810","","0","79 57:15.892","0","0","0","0","2440","0","0","0","N","0","0","0","1","68T09","0","","1.0","","1","N","N","","1","","0","0","0","","0","","","1","0","0","0","0","0","0","1","0","1","","","","N","","","","","","","","","",""
"2018012247","","0","0","0","0","0","0","0","0","0","8","0","","02","1","2018","7","40.399608","-80.024383","0008","11","0","0","0","0","0","0","0","0","1","0","0","0","","","1","","0","","40 23:58.587","5","0","80 01:27.778","3","0","0","0","2301","1","0","0","N","1","0","0","2","02301","0","","6.0","","1","N","N","","0","","1","0","0","","0","N","","2","1","0","0","0","0","1","2","0","1","","","","N","","","","","","","","","",""
"2018095141","","2","0","0","0","0","0","0","0","0","1","1","","02","9","2018","4","40.440626","-79.99319","1035","11","0","0","0","0","0","0","1","0","","0","1","0","","","0","","6","","40 26:26.255","","2","79 59:35.485","0","0","0","0","2301","0","0","0","N","0","0","0","3","02301","0","","1.0","","1","N","N","","0","","0","0","0","","4","","","3","0","0","0","0","0","0","2","0","3","","","","N","","","","","","","","","",""
"2018099733","","2","0","0","0","0","0","0","0","0","4","0","","02","9","2018","7","40.52836","-80.007063","1630","11","0","0","0","0","0","0","0","0","1","0","0","0","","","1","","0","","40 31:42.097","1","0","80 00:25.427","8","0","0","0","2116","0","0","0","N","0","0","0","2","02116","0","","1.0","","1","N","N","","0","","0","0","0","","0","N","","2","1","0","0","0","1","0","2","0","2","","","","N","","","","","","","","","",""
"2018058393","","3","0","0","0","0","0","0","0","0","1","0","","02","5","2018","5","40.464789","-79.934928","0825","11","0","0","0","0","0","2","0","0","2","0","0","0","","","0","","1","","40 27:53.240","3","0","79 56:05.740","0","0","0","0","2301","0","0","0","N","0","0","0","5","02301","0","","1.0","","1","N","N","","0","","0","0","0","","2","N","","4","0","1","0","0","0","0","2","1","4","","","","N","","","","","","","","","",""
"2018044988","","1","0","0","0","0","0","0","0","0","7","0","","02","4","2018","7","40.481479","-79.80685","0421","11","0","0","0","0","0","0","0","0","1","0","0","0","","","0","","0","","40 28:53.326","3","0","79 48:24.659","9","0","0","0","2113","0","0","0","N","0","0","0","1","02113","0","","5.0","","1","N","N","","0","","0","0","0","","0","N","","1","0","0","0","0","0","1","2","0","1","","","","N","","","","","","","","","",""
"2018012506","","1","0","0","0","0","0","0","0","0","7","0","","02","1","2018","7","40.449503","-79.975478","2337","11","0","0","0","0","0","0","0","0","3","0","0","0","","","0","","0","","40 26:58.210","5","0","79 58:31.720","0","0","0","0","2301","0","0","0","N","0","0","0","4","02301","0","","4.0","","9","N","N","","0","","0","0","0","","0","Y","","1","0","0","0","0","0","0","2","0","1","","","","N","","","","","","","","","",""
"2018041483","","1","0","0","0","0","0","0","0","0","7","0","","02","4","2018","3","40.518114","-80.028547","0707","11","0","0","0","0","0","0","0","0","2","0","0","0","","","1","","0","","40 31:05.209","2","0","80 01:42.768","8","0","0","0","2474","0","0","0","N","0","0","0","1","02474","0","","5.0","","2","N","N","","0","","0","0","0","","0","Y","","1","1","0","0","0","1","0","2","0","1","","","","N","","","","","","","","","",""
"2018017118","","1","0","0","0","0","0","0","0","0","4","0","","02","2","2018","5","40.576843","-80.055865","1702","11","0","1","0","0","0","0","0","0","2","0","0","0","","","0","","1","","40 34:36.634","6","0","80 03:21.114","0","0","0","0","2108","0","0","0","N","0","0","0","2","02108","0","","1.0","","9","N","N","","0","","0","0","1","","3","Y","","2","0","0","0","0","0","0","2","0","2","","","","N","","","","","","","","","",""
"2018042461","","0","0","0","0","0","0","0","0","0","7","0","","02","3","2018","4","40.609433","-79.81824","0620","11","0","0","0","0","0","1","0","0","","0","0","0","","","0","","0","","40 36:33.958","","0","79 49:05.665","0","0","0","0","2220","0","0","0","N","0","0","0","2","02220","0","","5.0","","6","N","N","","1","","0","0","1","","0","","","2","0","0","0","0","0","0","1","0","2","","","","N","","","","","","","","","",""
"2018017320","","2","0","0","0","0","0","0","0","0","4","0","","02","2","2018","4","40.358306","-79.954813","1319","11","0","0","0","0","1","0","0","0","","0","0","0","","","2","","0","","40 21:29.903","","0","79 57:17.326","3","0","0","0","2403","0","0","0","N","0","0","0","5","02403","0","","1.0","","2","N","N","","1","","2","0","0","","6","","","3","2","0","0","0","0","0","2","0","3","","","","N","","","","","","","","","",""
"2018099274","","2","0","0","0","0","0","0","0","0","4","0","","02","9","2018","1","40.420006","-79.997837","1036","11","0","0","0","0","0","0","0","0","","0","0","0","","","0","","0","","40 25:12.023","","0","79 59:52.213","0","0","0","0","2301","0","0","0","N","0","0","0","1","02301","0","","1.0","","1","N","N","","0","","0","0","0","","0","","","2","0","0","0","0","0","0","2","0","2","","","","N","","","","","","","","","",""
"2018046817","","1","0","0","0","0","0","0","0","0","7","0","","02","4","2018","5","40.458654","-79.998334","2230","11","0","0","0","0","0","0","0","0","","0","0","0","","","0","","2","","40 27:31.155","","0","79 59:54.003","0","0","0","0","2301","0","0","0","N","0","0","0","1","02301","0","","1.0","","1","N","N","","0","","0","0","0","","0","","","1","0","0","0","0","0","0","2","0","1","","","","N","","","","","","","","","",""
"2018049951","","1","0","0","0","0","0","0","0","0","7","0","","02","5","2018","1","40.409964","-79.760718","1222","11","0","0","0","0","0","0","0","0","","0","0","0","","","0","","0","","40 24:35.871","","0","79 45:38.586","0","0","0","0","2446","0","0","0","N","0","0","0","1","02446","0","","5.0","","9","N","N","","0","","0","0","0","","0","","","1","0","0","0","0","0","0","2","0","1","","","","N","","","","","","","","","",""
"2018008196","","0","0","0","0","0","0","0","0","0","4","0","","02","1","2018","4","40.582261","-80.073381","1000","11","0","0","0","0","0","1","0","0","","0","0","0","","","1","","0","","40 34:56.140","","7","80 04:24.170","3","0","0","0","2481","0","0","0","N","0","0","0","1","02481","0","","6.0","","6","N","N","","1","","1","0","1","","0","","","2","1","0","0","0","0","0","2","0","2","","","","N","","","","","","","","","",""
"2018018001","","1","0","0","0","0","0","0","0","0","4","0","","02","2","2018","4","40.563532","-80.020112","1958","11","0","0","0","0","0","1","1","0","2","0","0","0","","","2","","2","","40 33:48.715","5","0","80 01:12.403","8","0","0","0","2108","0","0","0","N","0","0","0","2","02108","0","","1.0","","2","N","N","","0","","0","0","1","","3","Y","","2","2","0","0","0","2","0","2","0","2","","","","N","","","","","","","","","",""
"2018059415","","1","0","0","0","0","0","0","0","0","7","0","","02","6","2018","7","40.52831","-79.948587","1837","11","0","0","0","0","0","1","0","0","2","0","0","0","","","1","","0","","40 31:41.917","5","7","79 56:54.912","4","0","0","0","2118","0","0","0","N","0","0","0","1","02118","1","","5.0","","1","N","N","","0","","0","0","0","","0","N","","1","1","0","0","0","0","0","2","0","1","","","","N","","","","","","","","","",""
"2018093706","","2","0","0","0","0","0","0","0","0","1","0","","02","9","2018","7","40.47751","-80.03355","1332","11","0","0","0","0","0","1","0","0","2","0","0","0","","","0","","0","","40 28:39.036","7","0","80 02:00.781","0","0","0","0","2301","0","0","0","N","0","0","0","6","02301","0","","1.0","","9","N","N","","0","","0","0","0","","0","N","","2","0","0","0","0","0","0","2","0","2","","","","N","","","","","","","","","",""
"2018017848","","1","0","0","0","0","0","0","0","0","7","0","","02","2","2018","6","40.516831","-79.728691","0038","11","0","0","0","0","0","0","0","1","2","0","0","0","","","1","","0","","40 31:00.590","6","0","79 43:43.289","8","0","0","0","2466","0","0","0","N","0","0","0","1","02466","0","","5.0","","2","N","N","","0","","0","0","0","","0","N","","1","1","1","0","0","1","0","1","0","1","","","","N","","","","","","","","","",""
"2018044993","","1","0","0","0","0","0","0","0","0","5","0","","02","4","2018","7","40.344637","-79.86357","0236","11","0","0","0","0","0","0","0","0","","0","0","0","","","0","","1","","40 20:40.692","","0","79 51:48.852","9","0","0","0","2304","0","0","0","N","0","0","0","2","02304","0","","1.0","","1","N","N","","0","","0","0","1","","0","","","2","0","1","0","0","0","1","2","0","2","","","","N","","","","","","","","","",""
"2018046412","","2","0","0","0","0","0","0","0","0","1","1","","02","4","2018","4","40.564961","-79.956902","1204","11","0","0","0","0","0","1","1","0","1","0","1","0","","","1","","2","","40 33:53.858","1","0","79 57:24.847","3","0","0","0","2207","0","0","0","N","0","0","0","3","02207","0","","1.0","","1","N","N","","0","","1","0","0","","0","Y","","3","1","0","0","0","0","0","2","0","3","","","","N","","","","","","","","","",""
"2018012367","","1","0","0","0","0","0","0","0","0","7","0","","02","1","2018","6","40.52185","-80.005206","1327","11","0","0","0","0","0","0","0","1","1","0","0","0","","","1","","2","","40 31:18.661","2","7","80 00:18.743","3","0","0","0","2116","0","0","0","N","0","0","0","1","02116","0","","5.0","","1","N","N","","0","","1","0","0","","2","N","","1","1","0","0","0","0","0","2","0","1","","","","N","","","","","","","","","",""
"2018054730","","1","0","0","0","0","0","0","0","0","7","0","","02","5","2018","1","40.429768","-79.957075","0310","11","0","0","0","0","0","0","0","0","1","0","0","0","","","0","","0","","40 25:47.166","3","0","79 57:25.469","9","0","0","0","2301","0","0","0","N","0","0","0","1","68B03","0","","4.0","","1","N","N","","0","","0","0","0","","0","N","","1","0","0","0","0","0","1","2","0","1","","","","N","","","","","","","","","",""
"2018046031","","0","0","0","0","0","0","0","0","0","4","0","","02","4","2018","3","40.443461","-80.004639","1858","11","0","0","0","1","0","0","0","0","","0","0","0","","","0","","2","","40 26:36.458","","0","80 00:16.702","0","0","0","0","2301","0","0","0","N","0","0","0","2","02301","0","","1.0","","9","N","N","","1","","0","0","1","","2","","","2","0","0","0","0","0","0","2","0","2","","","","N","","","","","","","","","",""
"2018045034","","2","0","0","0","0","0","0","0","0","4","0","","02","4","2018","7","40.436728","-80.000893","0941","11","0","0","0","0","0","1","0","0","1","0","0","0","","","2","","1","","40 26:12.222","4","0","80 00:03.216","3","0","0","0","2301","0","0","0","N","0","0","0","2","02301","0","","1.0","","1","N","N","","0","","2","0","0","","2","N","","2","2","0","0","0","0","0","2","0","2","","","","N","","","","","","","","","",""
"2018046075","","2","0","0","0","0","0","0","0","0","1","0","","02","4","2018","3","40.410965","-80.006047","2126","11","0","0","0","0","0","1","0","0","","0","0","0","","","0","","1","","40 24:39.473","","0","80 00:21.770","0","0","0","0","2301","0","0","0","N","0","0","0","2","02301","0","","1.0","","9","N","N","","0","","0","0","0","","2","","","2","0","0","0","0","0","0","2","0","2","","","","N","","","","","","","","","",""
"2018048153","","1","0","0","0","0","0","0","0","0","5","1","","02","5","2018","3","40.434614","-79.991851","1253","11","0","0","0","0","0","2","0","0","1","0","1","0","","","0","","0","","40 26:04.610","3","0","79 59:30.663","0","0","0","0","2301","0","0","0","N","0","0","0","2","02301","0","","1.0","","1","N","N","","0","","0","0","0","","0","N","","2","0","0","0","0","0","0","2","0","2","","","","N","","","","","","","","","",""
"2018010672","","2","0","0","0","0","0","0","0","0","4","0","","02","1","2018","2","40.411529","-80.006572","2215","11","0","0","0","0","0","0","0","0","","0","0","0","","","0","","0","","40 24:41.506","","0","80 00:23.660","9","0","0","0","2301","0","0","0","N","0","0","0","2","02301","0","","5.0","","9","N","N","","0","","0","0","0","","0","","","2","0","0","0","0","0","1","2","0","2","","","","N","","","","","","","","","",""
"2018036560","","2","0","0","0","0","0","0","0","0","4","0","","02","3","2018","5","40.355609","-80.029601","1841","11","0","0","0","0","0","1","0","0","","0","0","0","","","0","","2","","40 21:20.191","","0","80 01:46.563","0","0","0","0","2407","0","0","0","N","0","0","0","2","02407","0","","1.0","","1","N","N","","0","","0","0","0","","3","","","2","0","0","0","0","0","0","2","0","2","","","","N","","","","","","","","","",""
"2018016910","","0","0","0","0","0","0","0","0","0","7","0","","02","2","2018","4","40.327283","-79.792341","0603","11","0","0","0","0","1","0","0","0","1","0","0","0","","","1","","0","","40 19:38.218","2","0","79 47:32.427","3","0","0","0","2477","0","0","0","N","0","0","0","1","02477","0","","2.0","","6","N","N","","1","","1","0","0","","0","N","","1","1","0","0","0","0","0","2","0","1","","","","N","","","","","","","","","",""
"2018013152","","1","0","0","0","0","0","0","0","0","1","0","","02","1","2018","1","40.436544","-79.974173","0118","11","0","0","0","0","0","0","0","0","","0","0","0","","","0","","6","","40 26:11.560","","2","79 58:27.023","0","0","0","0","2301","0","0","0","N","0","0","0","3","02301","0","","1.0","","9","N","N","","0","","0","0","1","","0","","","2","0","0","0","0","0","0","2","0","2","","","","N","","","","","","","","","",""
"2018012511","","2","0","0","0","0","0","0","0","0","4","0","","02","1","2018","1","40.440553","-80.018518","0257","11","0","0","0","0","0","0","0","0","2","0","0","0","","","0","","0","","40 26:25.991","6","0","80 01:06.666","0","0","0","0","2301","0","0","0","N","0","0","0","4","02301","0","","1.0","","9","N","N","","0","","0","0","0","","2","N","","2","0","0","0","0","0","0","2","0","2","","","","N","","","","","","","","","",""
"2018097258","","1","0","0","0","0","0","1","0","0","1","1","","02","9","2018","2","40.419689","-79.928264","1811","11","0","0","0","0","0","1","0","0","","0","0","0","","","1","","2","","40 25:10.880","","0","79 55:41.750","3","0","0","0","2301","0","0","0","N","0","0","0","4","02301","0","","1.0","","1","N","N","","0","","1","0","0","","3","","","2","1","0","0","0","0","0","2","0","2","","","","N","","","","","","","","","",""
"2018018421","","0","0","0","0","0","0","0","0","0","8","0","","02","1","2018","4","40.446542","-79.951923","1917","11","0","0","0","0","0","1","0","0","","0","0","0","","","1","","1","","40 26:47.551","","0","79 57:06.922","2","0","0","0","2301","1","0","1","N","1","0","1","2","02506","0","","1.0","","9","N","N","","0","","0","1","1","","2","","","2","1","0","0","0","0","0","2","0","1","","","","N","","","","","","","","","",""
"2018026623","","2","0","0","0","0","0","0","0","0","4","0","","02","3","2018","1","40.464003","-79.855176","2204","11","0","0","0","0","0","0","1","0","1","0","0","0","","","2","","2","","40 27:50.410","3","0","79 51:18.633","8","0","0","0","2113","0","0","0","N","0","0","0","5","02113","0","","1.0","","1","N","N","","0","","0","0","0","","0","N","","2","2","0","0","0","2","2","2","0","2","","","","N","","","","","","","","","",""
"2018016372","","0","0","0","0","0","0","0","0","0","7","0","","02","2","2018","5","40.601595","-80.129441","1602","11","0","0","0","0","0","1","0","0","","0","0","0","","","0","","0","","40 36:05.742","","0","80 07:45.989","0","0","0","0","2481","0","0","0","Y","0","0","0","1","02481","0","","4.0","","9","N","N","","0","","0","0","1","","0","","","1","0","0","0","0","0","0","1","0","1","","","","N","","","","","","","","","",""
"2018023934","","0","0","0","0","0","0","0","0","0","1","0","","02","2","2018","7","40.438631","-79.747402","0027","11","0","0","0","0","0","0","0","0","","0","0","0","","","1","","0","","40 26:19.070","","0","79 44:50.646","8","0","0","0","2446","0","0","0","N","0","0","0","3","02446","0","","1.0","","1","N","N","","1","","0","0","1","","2","","","2","1","0","0","0","1","0","2","0","2","","","","N","","","","","","","","","",""