"CRN","ARRIVAL_TM","AUTOMOBILE_COUNT","BELTED_DEATH_COUNT","BELTED_SUSP_SERIOUS_INJ_COUNT","BICYCLE_COUNT","BICYCLE_DEATH_COUNT","BICYCLE_SUSP_SERIOUS_INJ_COUNT","BUS_COUNT","CHLDPAS_DEATH_COUNT","CHLDPAS_SUSP_SERIOUS_INJ_COUNT","COLLISION_TYPE","COMM_VEH_COUNT","CONS_ZONE_SPD_LIM","COUNTY","CRASH_MONTH","CRASH_YEAR","DAY_OF_WEEK","DEC_LATITUDE","DEC_LONGITUDE","DISPATCH_TM","DISTRICT","DRIVER_COUNT_16YR","DRIVER_COUNT_17YR","DRIVER_COUNT_18YR","DRIVER_COUNT_19YR","DRIVER_COUNT_20YR","DRIVER_COUNT_50_64YR","DRIVER_COUNT_65_74YR","DRIVER_COUNT_75PLUS","EST_HRS_CLOSED","FATAL_COUNT","HEAVY_TRUCK_COUNT","HORSE_BUGGY_COUNT","HOUR_OF_DAY","ILLUMINATION","INJURY_COUNT","INTERSECTION_RELATED","INTERSECT_TYPE","LANE_CLOSED","LATITUDE","LN_CLOSE_DIR","LOCATION_TYPE","LONGITUDE","MAX_SEVERITY_LEVEL","MCYCLE_DEATH_COUNT","MCYCLE_SUSP_SERIOUS_INJ_COUNT","MOTORCYCLE_COUNT","MUNICIPALITY","NONMOTR_COUNT","NONMOTR_DEATH_COUNT","NONMOTR_SUSP_SERIOUS_INJ_COUNT","NTFY_HIWY_MAINT","PED_COUNT","PED_DEATH_COUNT","PED_SUSP_SERIOUS_INJ_COUNT","PERSON_COUNT","POLICE_AGCY","POSSIBLE_INJ_COUNT","RDWY_SURF_TYPE_CD","RELATION_TO_ROAD","ROADWAY_CLEARED","ROAD_CONDITION","SCH_BUS_IND","SCH_ZONE_IND","SECONDARY_CRASH","SMALL_TRUCK_COUNT","SPEC_JURIS_CD","SUSP_MINOR_INJ_COUNT","SUSP_SERIOUS_INJ_COUNT","SUV_COUNT","TCD_FUNC_CD","TCD_TYPE","TFC_DETOUR_IND","TIME_OF_DAY","TOTAL_UNITS","TOT_INJ_COUNT","UNBELTED_OCC_COUNT","UNB_DEATH_COUNT","UNB_SUSP_SERIOUS_INJ_COUNT","UNK_INJ_DEG_COUNT","UNK_INJ_PER_COUNT","URBAN_RURAL","VAN_COUNT","VEHICLE_COUNT","WEATHER1","WEATHER2","WORKERS_PRES","WORK_ZONE_IND","WORK_ZONE_LOC","WORK_ZONE_TYPE","WZ_CLOSE_DETOUR","WZ_FLAGGER","WZ_LAW_OFFCR_IND","WZ_LN_CLOSURE","WZ_MOVING","WZ_OTHER","WZ_SHLDER_MDN","WZ_WORKERS_INJ_KILLED"
"2018048404","1410","1","0","0","0","0","0","0","0","0","7","0","","02","4","2018","1","40.461423","-79.992886","1400","11","0","0","0","0","0","0","0","0","","0","0","0","","","0","N","0","","40 27:41.121","","0","79 59:34.391","0","0","0","0","2301","0","0","0","N","0","0","0","1","02301","0","","2.0","","1","N","N","","0","","0","0","0","0","0","","","1","0","0","0","0","0","0","2","0","1","","","","N","","","","","","","","","",""
"2018031173","1702","0","0","0","0","0","0","0","0","0","0","0","","02","2","2018","2","40.286203","-79.9339","1654","11","0","0","0","0","0","1","0","0","2","0","0","0","","","0","","0","","40 17:10.330","6","0","79 56:02.040","0","0","0","0","2440","0","0","0","N","0","0","0","1","02440","0","","5.0","","8","N","N","","1","","0","0","0","0","0","N","","1","0","0","0","0","0","0","2","0","1","","","","N","","","","","","","","","",""
"2018023803","0909","2","0","0","0","0","0","0","0","0","4","0","","02","2","2018","7","40.40112","-79.917862","0909","11","0","0","0","0","0","1","0","0","","0","0","0","","","0","","2","","40 24:04.032","","0","79 55:04.303","0","0","0","0","2472","0","0","0","N","0","0","0","2","02472","0","","1.0","","9","N","N","","0","","0","0","0","3","3","","","2","0","0","0","0","0","0","2","0","2","","","","N","","","","","","","","","",""
"2018031963","2110","2","0","0","0","0","0","0","0","0","7","0","","02","3","2018","5","40.407174","-79.943298","2101","11","0","0","0","1","0","0","0","0","","0","0","0","","","1","","0","","40 24:25.828","","0","79 56:35.874","8","0","0","0","2301","0","0","0","N","0","0","0","3","02301","0","","4.0","","1","N","N","","0","","0","0","0","3","2","","","2","1","0","0","0","1","0","2","0","2","","","","N","","","","","","","","","",""
"2018021350","0714","1","0","0","0","0","0","0","0","0","7","0","","02","2","2018","1","40.569091","-79.798409","0701","11","0","0","0","0","0","0","0","0","","0","0","0","","","0","","7","","40 34:08.728","","2","79 47:54.272","0","0","0","0","2206","0","0","0","N","0","0","0","2","02206","0","","3.0","","2","N","N","","0","","0","0","0","3","2","","","1","0","0","0","0","0","0","2","0","1","","","","N","","","","","","","","","",""
"2018051512","0504","1","0","0","0","0","0","0","0","0","7","0","","02","5","2018","5","40.477418","-80.007813","0442","11","0","0","0","0","0","0","0","0","","0","0","0","","","0","","0","","40 28:38.705","","0","80 00:28.125","0","0","0","0","2301","0","0","0","N","0","0","0","1","68B03","0","","2.0","","9","N","N","","0","","0","0","0","0","0","","","1","0","0","0","0","0","0","2","0","1","","","","N","","","","","","","","","",""
"2018009314","1432","0","0","0","0","0","0","0","0","0","7","0","","02","1","2018","3","40.483345","-79.737773","1430","11","0","1","0","0","0","0","1","0","2","0","0","0","","","0","","0","","40 29:00.041","5","0","79 44:15.981","0","0","0","0","2466","0","0","0","N","0","0","0","2","02466","0","","5.0","","7","N","N","","1","","0","0","1","0","0","N","","2","0","0","0","0","0","0","2","0","2","","","","N","","","","","","","","","",""
"2018014597","0614","2","0","0","0","0","0","0","0","0","2","0","","02","2","2018","6","40.54113","-79.790798","0605","11","0","0","0","0","0","1","0","0","2","0","0","0","","","0","","0","","40 32:28.067","2","0","79 47:26.873","9","0","0","0","2462","0","0","0","N","0","0","0","2","02462","0","","1.0","","9","N","N","","0","","0","0","0","0","0","N","","2","0","0","0","0","0","1","2","0","2","","","","N","","","","","","","","","",""
"2018055475","1054","1","0","0","0","0","0","0","0","0","8","0","","02","5","2018","3","40.423036","-79.927569","1046","11","0","0","0","0","0","0","1","0","","0","0","0","","","1","","1","","40 25:22.929","","0","79 55:39.248","8","0","0","0","2301","1","0","0","N","1","0","0","2","02301","0","","1.0","","1","N","N","","0","","0","0","0","3","2","","","2","1","0","0","0","1","0","2","0","1","","","","N","","","","","","","","","",""
"2018034451","1743","3","0","0","0","0","0","0","0","0","1","0","","02","3","2018","3","40.340311","-80.129052","1710","11","0","0","0","0","1","0","0","0","3","0","0","0","","","0","","0","","40 20:25.118","1","0","80 07:44.587","0","0","0","0","2119","0","0","0","N","0","0","0","5","68B03","0","","1.0","","9","N","N","","1","","0","0","0","0","0","N","","4","0","0","0","0","0","0","2","0","4","","","","N","","","","","","","","","",""
"2018023543","1715","0","0","0","0","0","0","0","0","0","1","0","","02","2","2018","6","40.454938","-80.009601","1711","11","0","0","0","0","0","0","0","0","","0","0","0","","","1","","2","","40 27:17.778","","0","80 00:34.563","8","0","0","0","2301","0","0","0","N","0","0","0","4","02301","0","","1.0","","1","N","N","","0","","0","0","0","0","0","","","2","1","0","0","0","1","0","2","2","2","","","","N","","","","","","","","","",""
"2018015373","1618","1","0","0","0","0","0","0","0","0","5","0","","02","1","2018","2","40.409509","-80.080223","1613","11","0","0","0","0","0","0","0","0","","0","0","0","","","0","","2","","40 24:34.231","","2","80 04:48.802","0","0","0","0","2415","0","0","0","N","0","0","0","2","02415","0","","1.0","","1","N","N","","0","","0","0","1","0","0","","","2","0","0","0","0","0","0","2","0","2","","","","N","","","","","","","","","",""
"2018017066","1420","1","0","0","0","0","0","0","0","0","4","0","","02","2","2018","4","40.445242","-80.044506","1409","11","0","0","0","0","0","0","0","0","","0","0","0","","","0","","0","","40 26:42.870","","0","80 02:40.220","0","0","0","0","2301","0","0","0","N","0","0","0","2","02301","0","","1.0","","7","N","N","","0","","0","0","0","0","0","","","2","0","0","0","0","0","0","2","1","2","","","","N","","","","","","","","","",""
"2018053093","1008","1","0","0","0","0","0","0","0","0","4","0","","02","5","2018","4","40.428669","-80.066373","0957","11","0","0","0","0","0","0","0","0","","0","0","0","","","0","","0","","40 25:43.209","","0","80 03:58.941","9","0","0","0","2301","0","0","0","N","0","0","0","1","02301","0","","4.0","","1","N","N","","0","","0","0","0","0","0","","","2","0","0","0","0","0","1","2","1","2","","","","N","","","","","","","","","",""
"2018019016","1044","2","0","0","0","0","0","0","0","0","4","0","","02","2","2018","1","40.495154","-80.065946","1040","11","0","0","0","0","0","1","1","0","2","0","0","0","","","1","","0","","40 29:42.553","2","7","80 03:57.405","3","0","0","0","2402","0","0","0","N","0","0","0","2","02402","0","","1.0","","9","N","N","","0","","1","0","0","0","0","N","","2","1","0","0","0","0","1","2","0","2","","","","N","","","","","","","","","",""
"2018006740","1648","2","0","0","0","0","0","0","0","0","7","0","","02","1","2018","7","40.448747","-79.928906","1648","11","0","0","0","0","0","0","0","0","3","0","0","0","","","0","","0","","40 26:55.490","1","0","79 55:44.060","0","0","0","0","2301","0","0","0","N","0","0","0","3","02301","0","","2.0","","7","N","N","","0","","0","0","0","0","0","N","","2","0","0","0","0","0","0","2","0","2","","","","N","","","","","","","","","",""
"2018050187","2055","1","0","0","0","0","0","0","0","0","4","1","","02","5","2018","2","40.437875","-79.999005","2055","11","0","0","0","0","0","0","0","0","2","0","1","0","","","1","","1","","40 26:16.351","3","0","79 59:56.417","4","0","0","0","2301","0","0","0","N","0","0","0","3","02301","1","","1.0","","1","N","N","","0","","0","0","1","2","3","N","","3","1","1","0","0","0","0","2","0","3","","","","N","","","","","","","","","",""
"2018047000","1841","2","0","0","0","0","0","0","0","0","1","0","","02","4","2018","6","40.50013","-80.021889","1838","11","0","0","0","0","0","1","1","0","","0","0","0","","","0","","2","","40 30:00.467","","0","80 01:18.802","0","0","0","0","2116","0","0","0","N","0","0","0","2","02116","0","","1.0","","1","N","N","","0","","0","0","0","3","2","","","2","0","0","0","0","0","0","2","0","2","","","","N","","","","","","","","","",""
"2018031078","1359","2","0","0","0","0","0","0","0","0","1","0","","02","3","2018","3","40.441064","-80.009081","1352","11","0","1","0","0","0","0","0","0","1","0","0","0","","","0","","0","","40 26:27.831","3","2","80 00:32.690","0","0","0","0","2301","0","0","0","N","0","0","0","2","02301","0","","1.0","","9","N","N","","0","","0","0","0","0","0","N","","2","0","0","0","0","0","0","2","0","2","","","","N","","","","","","","","","",""
"2018054402","0728","2","0","0","0","0","0","0","0","0","4","0","","02","5","2018","5","40.352447","-79.940422","0724","11","0","0","0","0","0","0","0","1","2","0","0","0","","","0","","0","","40 21:08.810","2","0","79 56:25.520","0","0","0","0","2473","0","0","0","N","0","0","0","4","02473","0","","1.0","","1","N","N","","0","","0","0","0","0","0","N","","2","0","0","0","0","0","0","2","0","2","","","","N","","","","","","","","","",""
"2018019690","1730","1","0","0","0","0","0","0","0","0","1","0","","02","2","2018","2","40.346233","-79.956834","1726","11","0","0","0","0","1","0","0","0","2","0","0","0","","","0","","0","","40 20:46.437","4","0","79 57:24.603","0","0","0","0","2473","0","0","0","N","0","0","0","4","02473","0","","1.0","","1","N","N","","0","","0","0","2","0","0","N","","3","0","0","0","0","0","0","2","0","3","","","","N","","","","","","","","","",""
"2018023727","2108","0","0","0","0","0","0","0","0","0","1","0","","02","2","2018","5","40.430023","-80.027641","2054","11","0","0","0","0","0","1","0","0","","0","0","0","","","1","","0","","40 25:48.083","","0","80 01:39.507","4","0","0","0","2301","0","0","0","N","0","0","0","2","68B03","1","","1.0","","1","N","N","","1","","0","0","1","0","0","","","2","1","0","0","0","0","0","2","0","2","","","","N","","","","","","","","","",""
"2018023092","1814","1","0","0","0","0","0","0","0","0","4","0","","02","2","2018","4","40.396224","-79.883672","1812","11","0","0","0","0","0","0","0","0","2","0","0","0","","","0","","1","","40 23:46.407","1","0","79 53:01.220","0","0","0","0","2473","0","0","0","N","0","0","0","5","02473","0","","1.0","","1","N","N","","0","","0","0","0","3","3","Y","","2","0","0","0","0","0","0","2","1","2","","","","N","","","","","","","","","",""
"2018025800","1530","2","0","0","0","0","0","0","0","0","2","0","","02","2","2018","2","40.383492","-79.982061","1500","11","0","0","0","0","0","0","0","0","","0","0","0","","","0","","0","","40 23:00.570","","0","79 58:55.420","0","0","0","0","2301","0","0","0","N","0","0","0","2","02301","0","","6.0","","1","N","N","","0","","0","0","0","0","0","","","2","0","0","0","0","0","0","2","0","2","","","","N","","","","","","","","","",""
"2018010070","1039","2","0","0","0","0","0","0","0","0","4","0","","02","1","2018","1","40.499992","-80.052441","1037","11","0","0","0","0","0","1","0","0","","0","0","0","","","0","","1","","40 29:59.971","","0","80 03:08.787","0","0","0","0","2404","0","0","0","N","0","0","0","2","02404","0","","1.0","","9","N","N","","0","","0","0","0","3","3","","","2","0","0","0","0","0","0","2","0","2","","","","N","","","","","","","","","",""
"2018043836","1525","0","0","0","0","0","0","1","0","0","1","1","","02","4","2018","3","40.381261","-79.855601","1524","11","0","0","0","0","0","0","0","0","2","0","0","0","","","4","","0","","40 22:52.538","1","0","79 51:20.165","3","0","0","0","2303","0","0","0","N","0","0","0","7","02303","0","","1.0","","1","Y","N","","0","","4","0","2","0","0","Y","","4","4","0","0","0","0","0","2","1","4","","","","Y","","","","","","","","","",""
"2018012469","1541","1","0","0","0","0","0","0","0","0","4","0","","02","1","2018","7","40.512122","-80.271089","1541","11","1","0","0","0","0","1","0","0","","0","0","0","","","0","","1","","40 30:43.638","","2","80 16:15.921","0","0","0","0","2203","0","0","0","N","0","0","0","2","02501","0","","1.0","","9","N","N","","1","","0","0","0","3","2","","","2","0","0","0","0","0","0","2","0","2","","","","N","","","","","","","","","",""
"2018033475","1642","1","0","0","0","0","0","0","0","0","8","0","","02","3","2018","2","40.41001","-80.082703","1639","11","0","0","0","0","0","0","0","1","","1","0","0","","","1","","0","","40 24:36.036","","0","80 04:57.729","1","0","0","0","2415","1","1","0","N","1","1","0","2","02415","0","2","4.0","","1","N","N","","0","0","0","0","0","0","0","","","2","1","0","0","0","1","0","2","0","1","","","","N","","","","","","","","","",""
"2018013685","0550","1","0","0","0","0","0","0","0","0","7","0","","02","1","2018","4","40.434504","-79.995446","0545","11","0","0","0","0","0","0","0","0","1","0","0","0","","","0","","0","","40 26:04.213","1","2","79 59:43.607","0","0","0","0","2301","0","0","0","Y","0","0","0","1","02301","0","","3.0","","1","N","","","0","","0","0","0","0","0","Y","","1","0","0","0","0","0","0","2","0","1","","","","N","","","","","","","","","",""
"2018037844","2014","1","0","0","0","0","0","0","0","0","7","0","","02","1","2018","1","40.259271","-79.796467","2008","11","0","0","0","0","0","1","0","0","1","0","0","0","","","0","","0","","40 15:33.377","2","0","79 47:47.282","0","0","0","0","2105","0","0","0","Y","0","0","0","1","02105","0","","2.0","","1","N","N","","0","","0","0","0","0","0","N","","1","0","0","0","0","0","0","1","0","1","","","","N","","","","","","","","","",""
"2018013347","0938","2","0","0","0","0","0","0","0","0","4","0","","02","1","2018","3","40.45465","-79.944947","0929","11","0","0","0","0","0","1","1","0","","0","0","0","","","0","","0","","40 27:16.740","","7","79 56:41.810","0","0","0","0","2301","0","0","0","N","0","0","0","2","02301","0","","1.0","","9","N","N","","0","","0","0","0","0","0","","","2","0","0","0","0","0","0","2","0","2","","","","N","","","","","","","","","",""
"2018017865","0506","2","0","0","0","0","0","0","0","0","1","0","","02","2","2018","6","40.449706","-80.025099","0502","11","0","0","0","0","0","1","0","0","","0","0","0","","","1","","1","","40 26:58.940","","2","80 01:30.356","2","0","0","0","2301","0","0","0","N","0","0","0","2","02301","0","","1.0","","1","N","N","","0","","0","1","0","0","0","","","2","1","1","0","1","0","0","2","0","2","","","","N","","","","","","","","","",""
"2018009266","0847","1","0","0","0","0","0","0","0","0","7","0","","02","1","2018","3","40.384771","-80.210995","0840","11","0","0","0","0","0","0","0","0","","0","0","0","","","0","","2","","40 23:05.175","","0","80 12:39.582","0","0","0","0","2214","0","0","0","N","0","0","0","1","02214","0","","5.0","","6","N","N","","0","","0","0","0","3","3","","","1","0","0","0","0","0","0","2","0","1","","","","N","","","","","","","","","",""
"2018026337","0326","1","0","0","0","0","0","0","0","0","7","0","","02","3","2018","1","40.447031","-80.158398","0322","11","0","0","0","0","0","0","0","0","","0","0","0","","","0","","0","","40 26:49.310","","0","80 09:30.231","0","0","0","0","2115","0","0","0","N","0","0","0","1","02115","0","","4.0","","1","N","N","","0","","0","0","0","0","0","","","1","0","0","0","0","0","0","2","0","1","","","","N","","","","","","","","","",""
"2018017343","2230","3","0","0","0","0","0","0","0","0","4","0","","02","2","2018","2","40.340344","-79.938195","2225","11","0","0","0","0","0","0","0","0","2","0","0","0","","","0","","2","","40 20:25.240","2","7","79 56:17.503","0","0","0","0","2473","0","0","0","N","0","0","0","3","02473","0","","1.0","","1","N","N","","0","","0","0","0","3","2","Y","","3","0","0","0","0","0","0","2","0","3","","","","N","","","","","","","","","",""
"2018060564","1813","2","0","0","0","0","0","0","0","0","1","0","","02","6","2018","2","40.376294","-80.101702","1755","11","0","0","0","0","0","0","1","0","","0","0","0","","","0","","0","","40 22:34.657","","0","80 06:06.127","0","0","0","0","2102","0","0","0","N","0","0","0","5","68B03","0","","1.0","","1","N","N","","0","","0","0","1","0","0","","","3","0","0","0","0","0","0","2","0","3","","","","N","","","","","","","","","",""
"2018009934","0219","1","0","0","0","0","0","0","0","0","7","0","","02","1","2018","1","40.477319","-80.011261","0213","11","0","0","0","0","0","0","0","0","1","0","0","0","","","0","","0","","40 28:38.350","5","0","80 00:40.540","9","0","0","0","2301","0","0","0","N","0","0","0","1","02301","0","","5.0","","9","N","N","","0","","0","0","0","0","0","N","","1","0","0","0","0","0","1","2","0","1","","","","N","","","","","","","","","",""
"2018018883","0040","1","0","0","0","0","0","0","0","0","7","0","","02","2","2018","7","40.379972","-79.828479","0034","11","0","0","0","0","0","0","0","0","1","0","0","0","","","1","","0","","40 22:47.899","2","0","79 49:42.526","3","0","0","0","2111","0","0","0","N","0","0","0","2","02111","0","","1.0","","9","N","N","","0","","1","0","0","3","2","N","","1","1","0","0","0","0","0","2","0","1","","","","N","","","","","","","","","",""
"2018018374","1007","2","0","0","0","0","0","0","0","0","4","0","","02","2","2018","7","40.435126","-79.956406","1000","11","0","0","0","0","0","0","0","0","2","0","0","0","","","0","","2","","40 26:06.452","3","0","79 57:23.060","0","0","0","0","2301","0","0","0","N","0","0","0","5","02301","0","","1.0","","1","N","N","","0","","0","0","0","3","2","N","","2","0","0","0","0","0","0","2","0","2","","","","N","","","","","","","","","",""
"2018026453","1633","1","0","0","0","0","0","0","0","0","5","0","","02","3","2018","7","40.426167","-79.949114","1628","11","0","0","0","0","0","0","0","0","2","0","0","0","","","1","","0","","40 25:34.200","2","0","79 56:56.810","2","0","1","1","2301","0","0","0","N","0","0","0","1","02301","0","","1.0","","1","N","N","","0","","0","1","0","0","0","Y","","2","1","0","0","0","0","0","2","0","2","","","","N","","","","","","","","","",""
"2018055165","2226","1","0","0","0","0","0","0","0","0","6","0","","02","5","2018","1","40.449509","-79.831418","2215","11","0","0","0","0","0","0","0","0","1","0","0","0","","","0","","0","","40 26:58.234","1","0","79 49:53.105","0","0","0","0","2113","0","0","0","N","0","0","0","1","02113","0","","6.0","","9","N","N","","1","","0","0","0","0","0","N","","2","0","0","0","0","0","0","2","0","2","","","","N","","","","","","","","","",""
"2018014608","0850","1","0","0","0","0","0","0","0","0","7","0","","02","2","2018","5","40.428939","-79.952478","0843","11","0","0","0","0","0","0","0","0","","0","0","0","","","0","","0","","40 25:44.180","","0","79 57:08.920","0","0","0","0","2301","0","0","0","N","0","0","0","0","02301","0","","5.0","","9","N","N","","0","","0","0","0","0","0","","","1","0","0","0","0","0","0","2","0","1","","","","N","","","","","","","","","",""
"2018025376","2120","1","0","0","0","0","0","0","0","0","6","0","","02","2","2018","4","40.48235","-80.005968","2115","11","0","0","0","0","0","0","0","0","","0","0","0","","","0","","2","","40 28:56.460","","0","80 00:21.483","0","0","0","1","2301","0","0","0","N","0","0","0","2","02301","0","","1.0","","1","N","N","","0","","0","0","0","3","2","","","2","0","0","0","0","0","0","2","0","2","","","","N","","","","","","","","","",""
"2018051360","0500","2","0","0","0","0","0","0","0","0","4","0","","02","5","2018","6","40.458148","-80.027659","0456","11","0","0","0","0","1","0","0","0","1","0","0","0","","","0","","2","","40 27:29.332","7","0","80 01:39.573","0","0","0","0","2301","0","0","0","N","0","0","0","3","02301","0","","1.0","","1","N","N","","0","","0","0","0","0","0","N","","2","0","0","0","0","0","0","2","0","2","","","","N","","","","","","","","","",""
"2018012775","0327","1","0","2","0","0","0","0","0","0","2","0","","02","1","2018","1","40.459144","-80.030552","0327","11","0","0","0","0","0","0","0","0","2","0","0","0","","","2","N","0","","40 27:32.917","2","0","80 01:49.988","2","0","0","0","2301","0","0","0","N","0","0","0","2","02301","0","","1.0","","1","N","N","","0","","0","2","1","0","0","Y","","2","2","0","0","0","0","0","2","0","2","","","","N","","","","","","","","","",""
"2018030287","1245","1","0","0","0","0","0","0","0","0","8","0","","02","3","2018","2","40.437919","-79.99102","1235","11","0","0","0","0","0","1","0","0","1","0","0","0","","","1","","1","","40 26:16.507","6","0","79 59:27.672","8","0","0","0","2301","1","0","0","N","1","0","0","2","02301","0","","1.0","","1","N","N","","0","","0","0","0","3","2","N","","2","1","0","0","0","1","0","2","0","1","","","","N","","","","","","","","","",""
"2018024395","1117","1","0","0","0","0","0","0","0","0","7","0","","02","2","2018","6","40.520512","-80.130795","1100","11","0","0","0","0","0","0","0","0","","0","0","0","","","0","","0","","40 31:13.843","","8","80 07:50.863","0","0","0","0","2434","0","0","0","N","0","0","0","1","68B03","0","","5.0","","1","N","N","","0","","0","0","0","0","0","","","1","0","0","0","0","0","0","2","0","1","","","","N","","","","","","","","","",""
"2018012796","0653","1","0","0","0","0","0","0","0","0","1","0","","02","1","2018","6","40.4104","-79.958172","0643","11","0","0","0","0","0","0","0","0","1","0","0","0","","","1","","0","","40 24:37.440","2","0","79 57:29.420","8","0","0","0","2301","0","0","0","N","0","0","0","5","02301","0","","1.0","","1","N","N","","2","","0","0","2","0","0","N","","5","1","0","0","0","1","1","2","0","5","","","","N","","","","","","","","","",""
"2018004220","1346","2","0","0","0","0","0","0","0","0","2","0","","02","1","2018","7","40.460799","-79.915756","1343","11","0","0","0","0","0","0","0","0","2","0","0","0","","","2","","1","","40 27:38.876","1","0","79 54:56.721","3","0","0","0","2301","0","0","0","N","0","0","0","3","02301","1","","1.0","","1","N","N","","0","","1","0","0","3","2","Y","","2","2","0","0","0","0","0","2","0","2","","","","N","","","","","","","","","",""
"2018012117","0800","1","0","0","0","0","0","0","0","0","1","0","","02","1","2018","4","40.596589","-80.047556","0720","11","0","1","1","0","0","0","0","0","2","0","0","0","","","0","","0","","40 35:47.721","1","0","80 02:51.203","0","0","0","0","2108","0","0","0","N","0","0","0","3","02108","0","","1.0","","9","N","N","","0","","0","0","1","0","0","N","","2","0","0","0","0","0","0","2","0","2","","","","N","","","","","","","","","",""
"2018025015","0601","0","0","0","0","0","0","0","0","0","7","0","","02","2","2018","3","40.575259","-79.954723","0558","11","0","0","0","0","0","0","0","0","","0","0","0","","","1","","0","","40 34:30.931","","0","79 57:17.003","2","0","0","0","2207","0","0","0","N","0","0","0","1","02207","0","","4.0","","2","N","N","","0","","0","1","1","0","0","","","1","1","0","0","0","0","0","2","0","1","","","","N","","","","","","","","","",""
"2018010873","0850","0","0","0","0","0","0","0","0","0","4","0","","02","1","2018","3","40.46339","-79.917517","0848","11","0","0","0","0","0","1","0","0","2","0","0","0","","","0","","1","","40 27:48.203","5","0","79 55:03.061","0","0","0","0","2301","0","0","0","N","0","0","0","3","02301","0","","1.0","","1","N","N","","0","","0","0","2","3","2","Y","","2","0","0","0","0","0","0","2","0","2","","","","N","","","","","","","","","",""
"2018019163","1856","2","0","0","0","0","0","0","0","0","1","0","","02","2","2018","2","40.497986","-80.020688","1817","11","0","0","0","0","0","1","0","0","","0","0","0","","","1","","0","","40 29:52.750","","0","80 01:14.475","8","0","0","0","2116","0","0","0","N","0","0","0","4","68B03","0","","1.0","","1","N","N","","0","","0","0","2","0","0","","","4","1","0","0","0","1","0","2","0","4","","","","N","","","","","","","","","",""
"2018018826","1230","1","0","0","0","0","0","0","0","0","4","0","","02","2","2018","1","40.442397","-80.000034","1230","11","0","0","0","0","0","0","0","0","1","0","0","0","","","0","","1","","40 26:32.630","2","0","80 00:00.123","0","0","0","0","2301","0","0","0","N","0","0","0","4","02301","0","","1.0","","1","N","N","","0","","0","0","1","3","2","N","","2","0","0","0","0","0","0","2","0","2","","","","N","","","","","","","","","",""
"2018012090","1059","2","0","0","0","0","0","0","0","0","4","0","","02","1","2018","3","40.444649","-79.89616","1050","11","0","0","0","0","0","0","0","0","1","0","0","0","","","0","","2","","40 26:40.737","4","0","79 53:46.177","0","0","0","0","2301","0","0","0","N","0","0","0","2","02301","0","","1.0","","1","N","N","","0","","0","0","0","3","3","N","","2","0","0","0","0","0","0","2","0","2","","","","N","","","","","","","","","",""
"2018016695","1741","2","0","0","0","0","0","0","0","0","4","0","","02","2","2018","1","40.34441","-79.88402","1740","11","0","0","0","0","0","0","0","0","2","0","0","0","","","0","","2","","40 20:39.876","5","3","79 53:02.472","0","0","0","0","2433","0","0","0","N","0","0","0","3","02433","0","","1.0","","1","N","N","","0","","0","0","0","3","3","Y","","2","0","0","0","0","0","0","2","0","2","","","","N","","","","","","","","","",""
"2018053945","1757","1","0","0","0","0","0","0","0","0","4","0","","02","5","2018","4","40.466373","-80.178264","1750","11","0","0","0","1","0","0","0","0","","0","0","0","","","1","","2","","40 27:58.943","","0","80 10:41.752","3","0","0","0","2213","0","0","0","N","0","0","0","2","02213","0","","1.0","","9","N","N","","0","","1","0","1","3","3","","","2","1","0","0","0","0","0","2","0","2","","","","N","","","","","","","","","",""
"2018008876","1455","2","0","0","0","0","0","0","0","0","4","0","","02","1","2018","5","40.584694","-79.802973","1447","11","0","1","0","0","0","0","0","1","","0","0","0","","","1","","2","","40 35:04.898","","0","79 48:10.703","4","0","0","0","2206","0","0","0","N","0","0","0","2","02206","1","","1.0","","9","N","N","","0","","0","0","0","0","0","","","2","1","0","0","0","0","0","1","0","2","","","","N","","","","","","","","","",""
"2018016306","1104","2","0","0","0","0","0","0","0","0","1","0","","02","2","2018","3","40.429936","-80.028684","1100","11","0","0","0","0","0","1","0","0","","0","0","0","","","1","","6","","40 25:47.769","","2","80 01:43.261","8","0","0","0","2301","0","0","0","N","0","0","0","2","02301","0","","1.0","","1","N","N","","0","","0","0","0","0","0","","","2","1","0","0","0","1","0","2","0","2","","","","N","","","","","","","","","",""
"2018017942","0443","1","0","0","0","0","0","0","0","0","7","0","","02","2","2018","6","40.424919","-79.989772","0433","11","0","0","0","0","0","0","0","0","","0","0","0","","","0","","0","","40 25:29.710","","0","79 59:23.180","0","0","0","0","2301","0","0","0","N","0","0","0","1","02301","0","","5.0","","2","N","N","","0","","0","0","0","0","0","","","1","0","0","0","0","0","0","2","0","1","","","","N","","","","","","","","","",""
"2018050107","2004","1","0","0","0","0","0","0","0","0","7","0","","02","5","2018","1","40.487034","-79.803654","2000","11","0","0","0","0","0","0","0","0","2","0","0","0","","","1","","0","","40 29:13.321","4","0","79 48:13.153","8","0","0","0","2113","0","0","0","N","0","0","0","1","02113","0","","5.0","","1","N","N","","0","","0","0","0","0","0","N","","1","1","1","0","0","1","0","2","0","1","","","","N","","","","","","","","","",""
"2018048621","0029","1","0","0","0","0","0","0","0","0","7","0","","02","4","2018","4","40.42767","-79.953947","0014","11","0","0","0","0","0","0","0","0","","0","0","0","","","0","","0","","40 25:39.613","","0","79 57:14.210","0","0","0","0","2301","0","0","0","N","0","0","0","1","68B03","0","","2.0","","9","N","N","","0","","0","0","0","0","0","","","1","0","0","0","0","0","0","2","0","1","","","","N","","","","","","","","","",""