"CRN","ARRIVAL_TM","AUTOMOBILE_COUNT","BELTED_DEATH_COUNT","BELTED_SUSP_SERIOUS_INJ_COUNT","BICYCLE_COUNT","BICYCLE_DEATH_COUNT","BICYCLE_SUSP_SERIOUS_INJ_COUNT","BUS_COUNT","CHLDPAS_DEATH_COUNT","CHLDPAS_SUSP_SERIOUS_INJ_COUNT","COLLISION_TYPE","COMM_VEH_COUNT","CONS_ZONE_SPD_LIM","COUNTY","CRASH_MONTH","CRASH_YEAR","DAY_OF_WEEK","DEC_LATITUDE","DEC_LONGITUDE","DISPATCH_TM","DISTRICT","DRIVER_COUNT_16YR","DRIVER_COUNT_17YR","DRIVER_COUNT_18YR","DRIVER_COUNT_19YR","DRIVER_COUNT_20YR","DRIVER_COUNT_50_64YR","DRIVER_COUNT_65_74YR","DRIVER_COUNT_75PLUS","EST_HRS_CLOSED","FATAL_COUNT","HEAVY_TRUCK_COUNT","HORSE_BUGGY_COUNT","HOUR_OF_DAY","ILLUMINATION","INJURY_COUNT","INTERSECTION_RELATED","INTERSECT_TYPE","LANE_CLOSED","LATITUDE","LN_CLOSE_DIR","LOCATION_TYPE","LONGITUDE","MAX_SEVERITY_LEVEL","MCYCLE_DEATH_COUNT","MCYCLE_SUSP_SERIOUS_INJ_COUNT","MOTORCYCLE_COUNT","MUNICIPALITY","NONMOTR_COUNT","NONMOTR_DEATH_COUNT","NONMOTR_SUSP_SERIOUS_INJ_COUNT","NTFY_HIWY_MAINT","PED_COUNT","PED_DEATH_COUNT","PED_SUSP_SERIOUS_INJ_COUNT","PERSON_COUNT","POLICE_AGCY","POSSIBLE_INJ_COUNT","RDWY_SURF_TYPE_CD","RELATION_TO_ROAD","ROADWAY_CLEARED","ROAD_CONDITION","SCH_BUS_IND","SCH_ZONE_IND","SECONDARY_CRASH","SMALL_TRUCK_COUNT","SPEC_JURIS_CD","SUSP_MINOR_INJ_COUNT","SUSP_SERIOUS_INJ_COUNT","SUV_COUNT","TCD_FUNC_CD","TCD_TYPE","TFC_DETOUR_IND","TIME_OF_DAY","TOTAL_UNITS","TOT_INJ_COUNT","UNBELTED_OCC_COUNT","UNB_DEATH_COUNT","UNB_SUSP_SERIOUS_INJ_COUNT","UNK_INJ_DEG_COUNT","UNK_INJ_PER_COUNT","URBAN_RURAL","VAN_COUNT","VEHICLE_COUNT","WEATHER1","WEATHER2","WORKERS_PRES","WORK_ZONE_IND","WORK_ZONE_LOC","WORK_ZONE_TYPE","WZ_CLOSE_DETOUR","WZ_FLAGGER","WZ_LAW_OFFCR_IND","WZ_LN_CLOSURE","WZ_MOVING","WZ_OTHER","WZ_SHLDER_MDN","WZ_WORKERS_INJ_KILLED"
"2018006380","1431","1","0","0","0","0","0","0","0","0","5","0","","02","1","2018","6","40.329614","-80.023509","1420","11","0","0","0","0","0","1","1","0","","0","0","0","","","0","","2","","40 19:46.612","","0","80 01:24.632","0","0","0","0","2407","0","0","0","N","0","0","0","2","02407","0","","1.0","","9","N","N","","0","","0","0","1","0","0","","","2","0","0","0","0","0","0","2","0","2","","","","N","","","","","","","","","",""
"2018024287","0355","2","0","0","0","0","0","0","0","0","1","0","","02","2","2018","2","40.391986","-79.986564","0352","11","0","0","0","0","0","0","0","0","1","0","0","0","","","1","","0","","40 23:31.150","1","0","79 59:11.630","3","0","0","0","2301","0","0","0","N","0","0","0","1","02301","0","","4.0","","1","N","N","","0","","1","0","1","0","0","N","","3","1","1","0","0","0","0","2","0","3","","","","N","","","","","","","","","",""
"2018016266","1158","1","0","0","0","0","0","0","0","0","4","0","","02","2","2018","2","40.45082","-79.713563","1150","11","0","0","0","0","0","1","0","1","2","0","0","0","","","0","","1","","40 27:02.952","1","0","79 42:48.828","0","0","0","0","2466","0","0","0","N","0","0","0","2","02466","0","","1.0","","9","N","N","","0","","0","0","1","3","2","N","","2","0","0","0","0","0","0","2","0","2","","","","N","","","","","","","","","",""
"2018013769","0836","4","0","0","0","0","0","0","0","0","4","0","","02","1","2018","4","40.457848","-79.974203","0808","11","0","0","0","1","0","0","0","0","2","0","0","0","","","0","","1","","40 27:28.252","4","0","79 58:27.130","0","0","0","0","2301","0","0","0","N","0","0","0","2","02301","0","","1.0","","9","N","N","","0","","0","0","0","3","3","Y","","4","0","0","0","0","0","0","2","0","4","","","","N","","","","","","","","","",""
"2018028549","2008","1","0","0","0","0","0","0","0","0","1","0","","02","3","2018","5","40.442711","-79.993141","2008","11","0","0","0","0","0","1","0","0","","0","0","0","","","0","","7","","40 26:33.759","","2","79 59:35.307","0","0","0","0","2301","0","0","0","N","0","0","0","5","02301","0","","1.0","","2","N","N","","0","","0","0","1","0","0","","","2","0","0","0","0","0","0","2","0","2","","","","N","","","","","","","","","",""
"2018040876","0447","1","0","0","0","0","0","0","0","0","7","0","","02","1","2018","1","40.429602","-79.875394","0427","11","0","0","0","0","0","0","0","0","2","0","0","0","","","1","","0","","40 25:46.568","3","0","79 52:31.418","8","0","0","0","2426","0","0","0","N","0","0","0","1","68B03","0","","4.0","","1","N","N","","0","","0","0","0","0","0","N","","1","1","0","0","0","1","0","2","0","1","","","","N","","","","","","","","","",""
"2018018662","0758","1","0","0","0","0","0","0","0","0","7","0","","02","2","2018","6","40.501713","-79.963832","0749","11","0","0","0","0","0","0","0","0","","0","0","0","","","0","","0","","40 30:06.168","","0","79 57:49.794","0","0","0","0","2118","0","0","0","N","0","0","0","1","02118","0","","2.0","","2","N","N","","0","","0","0","0","0","0","","","1","0","0","0","0","0","0","2","0","1","","","","N","","","","","","","","","",""
"2018017127","1738","0","0","0","0","0","0","0","0","0","7","0","","02","2","2018","4","40.495642","-80.027153","1725","11","0","0","0","0","0","1","0","0","1","0","0","0","","","0","","0","","40 29:44.310","4","0","80 01:37.750","0","0","0","0","2301","0","0","0","N","0","0","0","1","02301","0","","5.0","","2","N","N","","0","","0","0","0","0","0","N","","1","0","0","0","0","0","0","2","1","1","","","","N","","","","","","","","","",""
"2018041710","1825","2","0","0","0","0","0","0","0","0","4","0","","02","3","2018","7","40.548621","-80.036975","1820","11","0","0","0","0","0","0","1","0","","0","0","0","","","0","","2","","40 32:55.036","","0","80 02:13.109","0","0","0","0","2116","0","0","0","N","0","0","0","3","02116","0","","1.0","","1","N","N","","0","","0","0","0","3","2","","","2","0","1","0","0","0","0","2","0","2","","","","N","","","","","","","","","",""
"2018056302","1519","2","0","0","0","0","0","0","0","0","4","0","","02","5","2018","5","40.444253","-80.14634","1515","11","0","0","0","0","0","1","1","0","","0","0","0","","","0","","0","","40 26:39.310","","0","80 08:46.823","0","0","0","0","2115","0","0","0","N","0","0","0","2","02115","0","","1.0","","1","N","N","","0","","0","0","0","0","0","","","2","0","0","0","0","0","0","2","0","2","","","","N","","","","","","","","","",""
"2018022989","0723","0","0","0","0","0","0","0","0","0","8","0","","02","2","2018","5","40.441084","-79.996757","0719","11","0","0","0","0","0","1","0","0","2","0","0","0","","","1","","1","","40 26:27.902","3","0","79 59:48.325","8","0","0","0","2301","1","0","0","N","1","0","0","3","02301","0","","1.0","","9","N","N","","0","","0","0","0","3","2","Y","","2","1","0","0","0","1","0","2","1","1","","","","N","","","","","","","","","",""
"2018059408","1633","1","0","0","0","0","0","0","0","0","4","0","","02","6","2018","7","40.43531","-79.946671","1623","11","0","0","0","0","0","0","0","0","2","0","0","0","","","0","","5","","40 26:07.116","3","0","79 56:48.015","0","0","0","0","2301","0","0","0","N","0","0","0","4","02301","0","","1.0","","1","N","N","","0","","0","0","0","0","0","N","","2","0","0","0","0","0","0","2","1","2","","","","N","","","","","","","","","",""
"2018049813","1629","0","0","0","0","0","0","0","0","0","4","1","","02","3","2018","1","40.371083","-79.810472","1624","11","0","0","0","0","0","0","0","0","","0","0","0","","","0","","0","","40 22:15.900","","0","79 48:37.700","0","0","0","0","2111","0","0","0","N","0","0","0","1","02111","0","","1.0","","1","N","N","","1","","0","0","1","0","0","","","2","0","0","0","0","0","0","2","0","2","","","","N","","","","","","","","","",""
"2018011321","1544","0","0","0","0","0","0","0","0","0","7","0","","02","1","2018","4","40.490996","-79.908135","1541","11","0","0","0","0","0","0","0","0","1","0","0","0","","","1","","0","","40 29:27.585","4","0","79 54:29.286","8","0","0","0","2112","0","0","0","N","0","0","0","1","02112","0","","2.0","","9","N","N","","0","","0","0","1","0","0","N","","1","1","0","0","0","1","0","2","0","1","","","","N","","","","","","","","","",""
"2018031084","1345","2","0","0","0","0","0","0","0","0","1","0","","02","3","2018","3","40.378188","-80.096633","1345","11","0","0","0","0","0","0","0","0","1","0","0","0","","","0","","0","","40 22:41.475","3","0","80 05:47.879","0","0","0","0","2102","0","0","0","N","0","0","0","2","02102","0","","1.0","","1","N","N","","0","","0","0","0","0","0","N","","2","0","0","0","0","0","0","2","0","2","","","","N","","","","","","","","","",""
"2018012719","1332","2","0","0","0","0","0","0","0","0","1","0","","02","1","2018","6","40.431202","-80.025535","1316","11","0","0","0","0","0","0","0","0","","0","0","0","","","1","","0","","40 25:52.326","","0","80 01:31.925","8","0","0","0","2301","0","0","0","N","0","0","0","3","68B03","0","","1.0","","1","N","N","","0","","0","0","1","0","0","","","3","1","0","0","0","1","0","2","0","3","","","","N","","","","","","","","","",""
"2018015130","2122","2","0","0","0","0","0","0","0","0","4","0","","02","2","2018","7","40.442122","-79.912392","2119","11","0","0","0","0","0","0","0","0","1","0","0","0","","","1","","2","","40 26:31.639","5","0","79 54:44.611","8","0","0","0","2301","0","0","0","N","0","0","0","2","02301","0","","1.0","","1","N","N","","0","","0","0","0","0","0","Y","","2","1","0","0","0","1","0","2","0","2","","","","N","","","","","","","","","",""
"2018053491","0950","4","0","0","0","0","0","0","0","0","4","0","","02","5","2018","7","40.389267","-79.985446","0950","11","0","0","0","0","0","0","0","0","","0","0","0","","","0","","2","","40 23:21.361","","0","79 59:07.605","0","0","0","0","2301","0","0","0","N","0","0","0","1","02301","0","","1.0","","1","N","N","","0","","0","0","0","0","0","N","","4","0","0","0","0","0","0","2","0","4","","","","N","","","","","","","","","",""
"2018049780","0725","1","0","0","0","0","0","0","0","0","1","1","","02","5","2018","5","40.511553","-80.133431","0705","11","0","0","0","0","0","1","0","0","","0","1","0","","","0","","0","","40 30:41.592","","2","80 08:00.352","0","0","0","0","2110","0","0","0","N","0","0","0","3","68B03","0","","1.0","","1","N","N","","0","","0","0","1","0","0","","","3","0","0","0","0","0","0","2","0","3","","","","N","","","","","","","","","",""
"2018053716","1549","2","0","0","0","0","0","0","0","0","4","0","","02","5","2018","5","40.240878","-79.86012","1543","11","0","0","0","0","0","1","0","1","2","0","0","0","","","1","","1","","40 14:27.160","7","0","79 51:36.431","3","0","0","0","2105","0","0","0","N","0","0","0","2","02105","0","","1.0","","1","N","N","","0","","1","0","0","3","3","N","","2","1","0","0","0","0","0","1","0","2","","","","N","","","","","","","","","",""
"2018018502","2353","2","0","1","0","0","0","0","0","0","4","0","","02","2","2018","7","40.470075","-79.920914","2351","11","0","0","0","0","0","0","0","0","","0","0","0","","","1","","0","","40 28:12.270","","0","79 55:15.290","2","0","0","0","2301","0","0","0","N","0","0","0","1","02301","0","","4.0","","9","N","N","","0","","0","1","0","0","0","","","2","1","0","0","0","0","0","2","0","2","","","","N","","","","","","","","","",""
"2018015396","1921","1","0","0","0","0","0","0","0","0","99","0","","02","1","2018","4","40.663742","-79.934272","1914","11","0","0","0","0","0","0","0","0","1","0","0","0","","","0","","0","","40 39:49.472","1","0","79 56:03.379","0","0","0","0","2217","0","0","0","N","0","0","0","1","02505","0","","1.0","","1","N","N","","0","","0","0","0","0","0","N","","1","0","0","0","0","0","0","2","0","1","","","","N","","","","","","","","","",""
"2018039611","1205","2","0","0","0","0","0","0","0","0","1","0","","02","3","2018","2","40.551652","-80.10218","1205","11","0","0","0","0","0","1","0","0","1","0","0","0","","","0","","1","","40 33:05.948","4","0","80 06:07.847","0","0","0","0","2215","0","0","0","N","0","0","0","2","02215","0","","1.0","","1","N","N","","0","","0","0","0","3","2","N","","2","0","0","0","0","0","0","2","0","2","","","","N","","","","","","","","","",""
"2018047909","1854","2","0","0","0","0","0","0","0","0","1","0","","02","4","2018","6","40.425846","-79.901668","1816","11","0","0","0","0","0","0","0","0","","0","0","0","","","0","","0","","40 25:33.046","","0","79 54:06.004","0","0","0","0","2301","0","0","0","N","0","0","0","5","68B03","0","","1.0","","1","N","N","","0","","0","0","0","0","0","","","2","0","0","0","0","0","0","2","0","2","","","","N","","","","","","","","","",""
"2018043666","1150","2","0","0","0","0","0","0","0","0","4","0","","02","4","2018","6","40.403472","-80.058056","1147","11","0","0","0","0","0","1","1","0","","0","0","0","","","0","","2","","40 24:12.500","","0","80 03:29.000","0","0","0","0","2117","0","0","0","N","0","0","0","2","02117","0","","1.0","","1","N","N","","0","","0","0","0","3","2","","","2","0","0","0","0","0","0","2","0","2","","","","N","","","","","","","","","",""
"2018061206","0845","3","0","0","0","0","0","0","0","0","1","0","","02","6","2018","5","40.359856","-80.048339","0838","11","0","0","1","0","0","0","1","0","1","0","0","0","","","0","","0","","40 21:35.482","2","0","80 02:54.020","0","0","0","0","2109","0","0","0","N","0","0","0","3","02109","0","","1.0","","1","N","N","","0","","0","0","0","0","0","N","","3","0","0","0","0","0","0","2","0","3","","","","N","","","","","","","","","",""
"2018060613","0741","0","0","0","0","0","0","0","0","0","5","0","","02","6","2018","4","40.524998","-79.838468","0741","11","0","0","0","0","0","0","0","0","1","0","0","0","","","1","","1","","40 31:29.992","2","0","79 50:18.484","3","0","0","0","2451","0","0","0","N","0","0","0","2","02451","0","","1.0","","1","N","N","","1","","1","0","1","3","3","N","","2","1","0","0","0","0","0","2","0","2","","","","N","","","","","","","","","",""
"2018023259","2105","2","0","0","0","0","0","0","0","0","4","0","","02","2","2018","5","40.437074","-80.002605","2100","11","0","0","0","0","0","2","0","0","1","0","0","0","","","0","","2","","40 26:13.468","3","0","80 00:09.377","0","0","0","0","2301","0","0","0","N","0","0","0","2","02301","0","","1.0","","9","N","N","","0","","0","0","0","3","2","N","","2","0","0","0","0","0","0","2","0","2","","","","N","","","","","","","","","",""
"2018021785","1612","4","0","0","0","0","0","0","0","0","1","0","","02","2","2018","2","40.443621","-80.028642","1607","11","0","0","0","0","0","1","1","0","1","0","0","0","","","2","","0","","40 26:37.037","1","0","80 01:43.112","3","0","0","0","2301","0","0","0","N","0","0","0","7","02301","0","","1.0","","9","N","N","","0","","1","0","0","3","2","N","","4","2","1","0","0","1","0","2","0","4","","","","N","","","","","","","","","",""
"2018046643","0909","0","0","0","0","0","0","0","0","0","5","0","","02","4","2018","5","40.412903","-80.010035","0909","11","0","0","0","0","1","0","0","0","","0","0","0","","","0","","1","","40 24:46.450","","0","80 00:36.125","0","0","0","0","2301","0","0","0","N","0","0","0","3","02301","0","","1.0","","1","N","N","","1","","0","0","1","3","2","","","2","0","0","0","0","0","0","2","0","2","","","","N","","","","","","","","","",""
"2018059882","1224","0","0","0","0","0","0","0","0","0","1","0","","02","5","2018","5","40.437042","-79.959551","1215","11","0","0","0","0","0","0","0","0","1","0","0","0","","","3","","0","","40 26:13.351","1","7","79 57:34.384","4","0","0","0","2301","0","0","0","N","0","0","0","3","02301","1","","1.0","","1","N","N","","0","","0","0","2","0","0","N","","2","3","0","0","0","2","0","2","0","2","","","","N","","","","","","","","","",""
"2018029505","2350","0","0","0","0","0","0","0","0","0","7","0","","02","3","2018","7","40.358084","-79.851938","2345","11","0","0","0","0","0","0","0","0","2","0","0","0","","","0","","0","","40 21:29.104","2","0","79 51:06.976","0","0","0","0","2473","0","0","0","N","0","0","0","2","02473","0","","2.0","","1","N","N","","0","","0","0","1","0","0","N","","1","0","0","0","0","0","0","2","0","1","","","","N","","","","","","","","","",""
"2018060528","1738","1","0","0","0","0","0","0","0","0","4","1","","02","5","2018","3","40.403326","-80.106938","1725","11","0","0","0","0","0","1","1","0","1","0","1","0","","","1","","0","","40 24:11.975","2","0","80 06:24.978","3","0","0","0","2102","0","0","0","N","0","0","0","2","68B03","0","","1.0","","1","N","N","","0","","1","0","0","0","0","Y","","2","1","0","0","0","0","0","2","0","2","","","","N","","","","","","","","","",""
"2018006902","1917","2","0","0","0","0","0","0","0","0","4","0","","02","1","2018","1","40.419092","-79.922714","1913","11","0","0","0","0","0","0","0","0","2","0","0","0","","","1","","0","","40 25:08.730","2","0","79 55:21.770","4","0","0","0","2301","0","0","0","N","0","0","0","1","02301","1","","4.0","","2","N","N","","0","","0","0","0","0","0","N","","2","1","0","0","0","0","0","2","0","2","","","","N","","","","","","","","","",""
"2018059522","0941","1","0","0","0","0","0","0","0","0","1","0","","02","5","2018","6","40.438394","-79.744292","0933","11","0","0","0","0","0","1","0","0","","0","0","0","","","0","","0","","40 26:18.220","","0","79 44:39.450","0","0","0","0","2446","0","0","0","N","0","0","0","3","02446","0","","1.0","","1","N","N","","0","","0","0","2","0","0","N","","3","0","0","0","0","0","0","2","0","3","","","","N","","","","","","","","","",""
"2018026903","1840","1","0","0","0","0","0","0","0","0","4","0","","02","3","2018","7","40.293559","-79.888708","1840","11","0","0","1","0","0","0","1","0","2","0","0","0","","","2","","2","","40 17:36.813","6","0","79 53:19.350","3","0","0","0","2302","0","0","0","N","0","0","0","3","02302","0","","1.0","","1","N","N","","0","","2","0","1","3","2","N","","2","2","0","0","0","0","0","2","0","2","","","","N","","","","","","","","","",""
"2018014958","1513","0","0","0","0","0","0","0","0","0","1","0","","02","2","2018","6","40.535675","-79.970901","1508","11","0","0","0","1","0","0","0","0","1","0","0","0","","","1","","0","","40 32:08.431","6","0","79 58:15.243","8","0","0","0","2118","0","0","0","N","0","0","0","2","02118","0","","1.0","","1","N","N","","0","","0","0","1","0","0","Y","","2","1","0","0","0","1","0","2","1","2","","","","N","","","","","","","","","",""
"2018025815","1325","0","0","0","0","0","0","0","0","0","4","0","","02","2","2018","7","40.408897","-79.905356","1322","11","0","0","0","0","0","0","0","0","","0","0","0","","","0","","1","","40 24:32.028","","0","79 54:19.280","0","0","0","0","2448","0","0","0","N","0","0","0","5","02448","0","","1.0","","9","N","N","","1","","0","0","1","3","2","","","2","0","0","0","0","0","0","2","0","2","","","","N","","","","","","","","","",""
"2018009285","1636","1","0","0","0","0","0","0","0","0","1","0","","02","1","2018","3","40.448828","-79.974311","1632","11","0","0","0","0","0","0","0","0","","0","0","0","","","0","","0","","40 26:55.780","","0","79 58:27.520","9","0","0","0","2301","0","0","0","N","0","0","0","1","02301","0","","1.0","","7","N","N","","0","","0","0","1","0","0","","","2","0","0","0","0","0","1","2","0","2","","","","N","","","","","","","","","",""
"2018029089","0535","1","0","0","0","0","0","0","0","0","7","0","","02","2","2018","3","40.279648","-79.836214","","11","0","0","0","0","0","0","0","0","2","0","0","0","","","0","","0","","40 16:46.734","1","0","79 50:10.369","0","0","0","0","2105","0","0","0","N","0","0","0","1","02105","0","","5.0","","2","N","N","","0","","0","0","0","0","0","Y","","1","0","0","0","0","0","0","2","0","1","","","","N","","","","","","","","","",""
"2018021380","1046","0","0","0","0","0","0","0","0","0","4","0","","02","2","2018","1","40.653174","-80.079581","1045","11","0","0","0","0","0","0","0","0","1","0","0","0","","","0","","1","","40 39:11.428","4","0","80 04:46.492","0","0","0","0","2212","0","0","0","Y","0","0","0","4","02505","0","","1.0","","1","N","N","","1","","0","0","1","3","3","N","","2","0","0","0","0","0","0","2","0","2","","","","N","","","","","","","","","",""
"2018023159","1645","2","0","0","0","0","0","0","0","0","4","0","","02","2","2018","5","40.545763","-80.06515","1632","11","0","0","0","1","0","0","0","0","","0","0","0","","","0","","2","","40 32:44.746","","0","80 03:54.540","0","0","0","0","2481","0","0","0","N","0","0","0","3","02481","0","","1.0","","9","N","N","","0","","0","0","0","3","3","","","2","0","0","0","0","0","0","2","0","2","","","","N","","","","","","","","","",""
"2018052751","0647","1","0","0","1","1","0","0","0","0","8","0","","02","5","2018","2","40.582047","-80.038076","0644","11","0","0","0","0","0","0","1","0","1","1","0","0","","","0","","1","","40 34:55.369","1","0","80 02:17.073","1","0","0","0","2108","1","1","0","N","0","0","0","2","02108","0","2","1.0","","1","N","N","","0","0","0","0","0","3","2","Y","","2","0","0","0","0","0","0","2","0","1","","","","N","","","","","","","","","",""
"2018022471","0240","1","0","0","0","0","0","0","0","0","7","0","","02","2","2018","2","40.359645","-79.883509","0237","11","0","0","0","0","0","0","0","0","1","0","0","0","","","0","","0","","40 21:34.722","6","0","79 53:00.632","0","0","0","0","2473","0","0","0","Y","0","0","0","2","02473","0","","5.0","","2","N","N","","0","","0","0","0","0","0","Y","","1","0","0","0","0","0","0","2","0","1","","","","N","","","","","","","","","",""
"2018028150","1641","1","0","0","0","0","0","0","0","0","7","0","","02","3","2018","4","40.641922","-79.897194","1634","11","1","0","0","0","0","0","0","0","","0","0","0","","","1","","0","","40 38:30.920","","0","79 53:49.900","3","0","0","0","2220","0","0","0","N","0","0","0","1","02220","0","","5.0","","9","N","N","","0","","1","0","0","0","0","","","1","1","0","0","0","0","0","1","0","1","","","","N","","","","","","","","","",""
"2018040252","0429","2","0","0","0","0","0","0","0","0","4","0","","02","4","2018","5","40.586853","-80.041629","0426","11","0","0","0","0","0","1","0","1","3","0","0","0","","","0","","5","","40 35:12.669","1","0","80 02:29.866","0","0","0","0","2108","0","0","0","","0","0","0","2","02108","0","","1.0","","1","N","N","","0","","0","0","0","3","2","Y","","2","0","0","0","0","0","0","2","0","2","","","","N","","","","","","","","","",""
"2018041086","1147","0","0","0","0","0","0","1","0","0","4","1","","02","4","2018","2","40.454351","-79.94777","1147","11","0","0","0","0","0","1","0","0","","0","0","0","","","2","","1","","40 27:15.663","","0","79 56:51.973","3","0","0","0","2301","0","0","0","N","0","0","0","3","02503","0","","1.0","","1","N","N","","1","","2","0","0","3","2","","","2","2","0","0","0","0","0","2","0","2","","","","N","","","","","","","","","",""
"2018021377","0955","0","0","0","0","0","0","0","0","0","1","0","","02","2","2018","1","40.425094","-80.019032","0950","11","0","0","0","0","0","1","0","0","1","0","0","0","","","2","","0","","40 25:30.340","1","0","80 01:08.516","4","0","0","0","2301","0","0","0","N","0","0","0","3","02301","1","","1.0","","1","N","N","","0","","0","0","2","3","2","N","","2","2","0","0","0","1","0","2","0","2","","","","N","","","","","","","","","",""
"2018024047","1100","1","0","0","0","0","0","0","0","0","1","0","","02","2","2018","1","40.431831","-79.730159","1058","11","0","0","0","0","0","1","0","0","","0","0","0","","","0","","0","","40 25:54.591","","0","79 43:48.573","0","0","0","0","2446","0","0","0","N","0","0","0","2","02446","0","","1.0","","9","N","N","","0","","0","0","1","0","0","","","2","0","0","0","0","0","0","2","0","2","","","","N","","","","","","","","","",""
"2018029054","1609","2","0","0","0","0","0","0","0","0","4","0","","02","3","2018","6","40.455463","-79.892272","1603","11","0","0","0","1","0","1","0","0","","0","0","0","","","1","","1","","40 27:19.668","","0","79 53:32.179","3","0","0","0","2301","0","0","0","N","0","0","0","2","02301","0","","1.0","","1","N","N","","0","","1","0","0","3","3","","","2","1","0","0","0","0","0","2","0","2","","","","N","","","","","","","","","",""
"2018022165","0758","2","0","0","0","0","0","0","0","0","1","0","","02","2","2018","3","40.49784","-80.01286","0755","11","0","0","0","0","0","0","0","0","","0","0","0","","","0","","0","","40 29:52.223","","0","80 00:46.295","0","0","0","0","2301","0","0","0","N","0","0","0","3","02301","0","","1.0","","9","N","N","","0","","0","0","1","0","0","","","3","0","0","0","0","0","0","2","0","3","","","","N","","","","","","","","","",""
"2018030459","1723","0","0","0","0","0","0","0","0","0","1","0","","02","3","2018","2","40.447403","-79.942697","1700","11","0","0","0","0","0","1","0","0","2","0","0","0","","","0","","0","","40 26:50.650","3","0","79 56:33.710","0","0","0","0","2301","0","0","0","N","0","0","0","2","02301","0","","1.0","","1","N","N","","0","","0","0","2","3","2","N","","2","0","0","0","0","0","0","2","0","2","","","","N","","","","","","","","","",""
"2018009083","1845","0","0","0","0","0","0","0","0","0","8","0","","02","1","2018","5","40.450378","-79.9499","1837","11","0","0","0","0","0","0","0","0","","0","0","0","","","1","","0","","40 27:01.360","","0","79 56:59.640","8","0","0","0","2301","1","0","0","N","1","0","0","2","02301","0","","1.0","","1","N","N","","0","","0","0","1","0","0","","","2","1","0","0","0","1","0","2","0","1","","","","N","","","","","","","","","",""
"2018052885","1536","2","0","0","0","0","0","0","0","0","4","0","","02","5","2018","3","40.352088","-79.859677","1536","11","0","0","0","0","0","0","1","1","","0","0","0","","","0","","1","","40 21:07.516","","0","79 51:34.838","0","0","0","0","2304","0","0","0","N","0","0","0","2","02304","0","","1.0","","1","N","N","","0","","0","0","0","3","2","","","2","0","0","0","0","0","0","2","0","2","","","","N","","","","","","","","","",""
"2018025176","0903","2","0","0","0","0","0","0","0","0","4","0","","02","2","2018","6","40.56796","-80.049493","0900","11","0","0","0","0","0","2","0","0","1","0","0","0","","","0","","1","","40 34:04.655","5","0","80 02:58.174","0","0","0","0","2108","0","0","0","N","0","0","0","2","02108","0","","1.0","","9","N","N","","0","","0","0","0","3","3","N","","2","0","0","0","0","0","0","2","0","2","","","","N","","","","","","","","","",""
"2018007375","0615","1","0","0","0","0","0","0","0","0","5","1","","02","1","2018","2","40.497583","-79.869748","0611","11","0","0","0","0","0","0","0","0","1","0","1","0","","","1","","0","","40 29:51.297","1","0","79 52:11.093","4","0","0","0","2112","0","0","0","N","0","0","0","2","02112","1","","1.0","","7","N","N","","0","","0","0","0","0","0","N","","2","1","0","0","0","0","0","2","0","2","","","","N","","","","","","","","","",""
"2018006400","0637","2","0","0","0","0","0","0","0","0","4","0","","02","1","2018","7","40.394529","-79.996306","0619","11","0","0","0","0","0","0","0","0","","0","0","0","","","0","","2","","40 23:40.304","","0","79 59:46.701","0","0","0","0","2301","0","0","0","N","0","0","0","1","02301","0","","1.0","","2","N","N","","0","","0","0","0","0","0","","","2","0","0","0","0","0","0","2","0","2","","","","N","","","","","","","","","",""
"2018021969","1839","1","0","0","0","0","0","0","0","0","5","0","","02","2","2018","2","40.441931","-79.997386","1836","11","0","0","0","0","0","1","0","0","","0","0","0","","","0","","0","","40 26:30.950","","0","79 59:50.590","0","0","0","0","2301","0","0","0","N","0","0","0","2","02301","0","","6.0","","1","N","N","","0","","0","0","1","0","0","","","2","0","0","0","0","0","0","2","0","2","","","","N","","","","","","","","","",""
"2018052390","0330","0","0","0","0","0","0","0","0","0","7","0","","02","5","2018","4","40.38237","-80.096655","0320","11","0","0","0","0","0","0","0","0","1","0","0","0","","","0","","0","","40 22:56.533","2","0","80 05:47.959","0","0","0","0","2102","0","0","0","N","0","0","0","1","68B03","0","","4.0","","1","N","N","","0","","0","0","1","0","0","N","","1","0","0","0","0","0","0","2","0","1","","","","N","","","","","","","","","",""
"2018025549","1109","1","0","0","0","0","0","0","0","0","7","0","","02","2","2018","4","40.2977","-79.829655","1109","11","0","0","0","0","0","0","0","0","2","0","0","0","","","0","","0","","40 17:51.719","1","0","79 49:46.759","0","0","0","0","2105","0","0","0","N","0","0","0","1","02105","0","","2.0","","1","N","N","","0","","0","0","0","0","0","N","","1","0","0","0","0","0","0","2","0","1","","","","N","","","","","","","","","",""
"2018057146","1102","2","0","0","0","0","0","0","0","0","2","0","","02","5","2018","2","40.438231","-79.99604","1058","11","0","0","0","0","0","0","0","0","2","0","0","0","","","4","","1","","40 26:17.633","4","0","79 59:45.745","4","0","0","0","2301","0","0","0","N","0","0","0","4","02301","1","","1.0","","1","N","N","","0","","0","0","0","3","2","N","","2","4","0","0","0","3","0","2","0","2","","","","N","","","","","","","","","",""