"CRN","ARRIVAL_TM","AUTOMOBILE_COUNT","BELTED_DEATH_COUNT","BELTED_SUSP_SERIOUS_INJ_COUNT","BICYCLE_COUNT","BICYCLE_DEATH_COUNT","BICYCLE_SUSP_SERIOUS_INJ_COUNT","BUS_COUNT","CHLDPAS_DEATH_COUNT","CHLDPAS_SUSP_SERIOUS_INJ_COUNT","COLLISION_TYPE","COMM_VEH_COUNT","CONS_ZONE_SPD_LIM","COUNTY","CRASH_MONTH","CRASH_YEAR","DAY_OF_WEEK","DEC_LATITUDE","DEC_LONGITUDE","DISPATCH_TM","DISTRICT","DRIVER_COUNT_16YR","DRIVER_COUNT_17YR","DRIVER_COUNT_18YR","DRIVER_COUNT_19YR","DRIVER_COUNT_20YR","DRIVER_COUNT_50_64YR","DRIVER_COUNT_65_74YR","DRIVER_COUNT_75PLUS","EST_HRS_CLOSED","FATAL_COUNT","HEAVY_TRUCK_COUNT","HORSE_BUGGY_COUNT","HOUR_OF_DAY","ILLUMINATION","INJURY_COUNT","INTERSECTION_RELATED","INTERSECT_TYPE","LANE_CLOSED","LATITUDE","LN_CLOSE_DIR","LOCATION_TYPE","LONGITUDE","MAX_SEVERITY_LEVEL","MCYCLE_DEATH_COUNT","MCYCLE_SUSP_SERIOUS_INJ_COUNT","MOTORCYCLE_COUNT","MUNICIPALITY","NONMOTR_COUNT","NONMOTR_DEATH_COUNT","NONMOTR_SUSP_SERIOUS_INJ_COUNT","NTFY_HIWY_MAINT","PED_COUNT","PED_DEATH_COUNT","PED_SUSP_SERIOUS_INJ_COUNT","PERSON_COUNT","POLICE_AGCY","POSSIBLE_INJ_COUNT","RDWY_SURF_TYPE_CD","RELATION_TO_ROAD","ROADWAY_CLEARED","ROAD_CONDITION","SCH_BUS_IND","SCH_ZONE_IND","SECONDARY_CRASH","SMALL_TRUCK_COUNT","SPEC_JURIS_CD","SUSP_MINOR_INJ_COUNT","SUSP_SERIOUS_INJ_COUNT","SUV_COUNT","TCD_FUNC_CD","TCD_TYPE","TFC_DETOUR_IND","TIME_OF_DAY","TOTAL_UNITS","TOT_INJ_COUNT","UNBELTED_OCC_COUNT","UNB_DEATH_COUNT","UNB_SUSP_SERIOUS_INJ_COUNT","UNK_INJ_DEG_COUNT","UNK_INJ_PER_COUNT","URBAN_RURAL","VAN_COUNT","VEHICLE_COUNT","WEATHER1","WEATHER2","WORKERS_PRES","WORK_ZONE_IND","WORK_ZONE_LOC","WORK_ZONE_TYPE","WZ_CLOSE_DETOUR","WZ_FLAGGER","WZ_LAW_OFFCR_IND","WZ_LN_CLOSURE","WZ_MOVING","WZ_OTHER","WZ_SHLDER_MDN","WZ_WORKERS_INJ_KILLED"
"2018017661","1535","1","0","0","0","0","0","0","0","0","7","0","","02","1","2018","3","40.340991","-80.042141","1519","11","0","0","0","0","0","0","0","0","","0","0","0","","","0","","3","","40 20:27.567","","0","80 02:31.707","0","0","0","0","2407","0","0","0","N","0","0","0","1","02407","0","","4.0","","7","N","N","","0","","0","0","0","0","0","","","1","0","0","0","0","0","0","2","0","1","","","","N","","","","","","","","","",""
"2018058929","1524","1","0","0","0","0","0","0","0","0","2","0","","02","1","2018","5","40.360083","","1520","11","0","0","1","0","0","0","0","0","","0","0","0","","","0","","11","","40 21:36.299","","0","80 6:49.756","0","0","0","0","2414","0","0","0","N","0","0","0","4","02414","0","","1.0","","1","N","N","","1","","0","0","0","0","0","","","2","0","0","0","0","0","0","1","0","2","","","","N","","","","","","","","","",""
"2018022598","1640","2","0","0","0","0","0","0","0","0","4","0","","02","2","2018","3","40.445755","-79.998334","1629","11","0","0","0","0","0","0","0","0","","0","0","0","","","0","","2","","40 26:44.717","","0","79 59:54.002","0","0","0","0","2301","0","0","0","N","0","0","0","3","02301","0","","1.0","","1","N","N","","0","","0","0","0","3","2","","","2","0","0","0","0","0","0","2","0","2","","","","N","","","","","","","","","",""
"2018028914","2219","0","0","0","0","0","0","0","0","0","7","0","","02","3","2018","5","40.35376","-80.005916","2219","11","0","0","0","0","0","0","0","0","2","0","0","0","","","0","","0","","40 21:13.535","4","0","80 00:21.296","0","0","0","0","2476","0","0","0","N","0","0","0","1","02476","0","","2.0","","7","N","N","","1","","0","0","0","0","0","N","","1","0","0","0","0","0","0","2","0","1","","","","N","","","","","","","","","",""
"2018006180","1755","2","0","0","0","0","0","0","0","0","99","0","","02","1","2018","6","40.430476","-79.978954","","11","0","0","0","0","0","0","0","0","1","0","0","0","","","0","","1","","40 25:49.713","2","0","79 58:44.234","0","0","0","0","2301","0","0","0","N","0","0","0","3","02301","0","","1.0","","9","N","N","","0","","0","0","0","3","3","Y","","2","0","0","0","0","0","0","2","0","2","","","","N","","","","","","","","","",""
"2018023504","1249","1","0","0","0","0","0","0","0","0","7","0","","02","2","2018","6","40.483816","-79.863414","1240","11","0","0","0","0","0","0","0","0","","0","0","0","","","0","","0","","40 29:01.738","","0","79 51:48.289","0","0","0","0","2113","0","0","0","N","0","0","0","1","02113","0","","5.0","","9","N","N","","0","","0","0","0","0","0","","","1","0","0","0","0","0","0","2","0","1","","","","N","","","","","","","","","",""
"2018007125","1305","2","0","0","0","0","0","0","0","0","1","0","","02","1","2018","1","40.445295","-79.97624","1300","11","0","0","0","0","0","0","0","0","1","0","0","0","","","0","","5","","40 26:43.061","3","0","79 58:34.463","0","0","0","0","2301","0","0","0","N","0","0","0","2","02301","0","","1.0","","2","N","N","","0","","0","0","0","0","0","N","","2","0","0","0","0","0","0","2","0","2","","","","N","","","","","","","","","",""
"2018012030","0756","1","0","0","0","0","0","0","0","0","4","0","","02","1","2018","6","40.358241","-79.831798","0756","11","0","0","0","0","0","1","0","0","","0","0","0","","","2","","2","","40 21:29.668","","0","79 49:54.472","4","0","0","0","2477","0","0","0","N","0","0","0","5","02477","2","","1.0","","1","N","N","","0","","0","0","2","3","3","","","3","2","0","0","0","0","0","2","0","3","","","","N","","","","","","","","","",""
"2018032990","1259","1","0","0","0","0","0","0","0","0","1","0","","02","2","2018","7","40.484718","-80.008087","1211","11","0","0","0","0","0","0","0","0","","0","0","0","","","0","","0","","40 29:04.985","","0","80 00:29.114","0","0","0","0","2301","0","0","0","N","0","0","0","5","68B03","0","","1.0","","1","N","N","","0","","0","0","1","0","0","","","3","0","1","0","0","0","0","2","0","3","","","","N","","","","","","","","","",""
"2018007073","0700","3","0","0","0","0","0","0","0","0","1","0","","02","1","2018","2","40.350843","-79.895974","0656","11","0","0","0","0","0","0","0","0","1","0","0","0","","","0","","0","","40 21:03.033","1","0","79 53:45.508","0","0","0","0","2423","0","0","0","N","0","0","0","3","02304","0","","1.0","","2","N","N","","0","","0","0","0","3","2","Y","","3","0","0","0","0","0","0","2","0","3","","","","N","","","","","","","","","",""
"2018010091","1743","2","0","0","0","0","0","0","0","0","4","0","","02","1","2018","4","40.435347","-79.755554","1739","11","0","0","0","0","0","1","0","0","1","0","0","0","","","2","","0","","40 26:07.250","2","7","79 45:19.993","8","0","0","0","2446","0","0","0","N","0","0","0","2","02446","0","","1.0","","1","N","N","","0","","0","0","0","0","0","Y","","2","2","0","0","0","2","0","2","0","2","","","","N","","","","","","","","","",""
"2018010653","0900","1","0","0","0","0","0","0","0","0","5","0","","02","1","2018","5","40.459908","-80.109144","0857","11","0","0","0","0","0","0","0","0","1","0","0","0","","","1","","0","","40 27:35.670","5","0","80 06:32.920","8","0","0","0","2126","0","0","0","N","0","0","0","4","02126","0","","1.0","","1","N","N","","1","","0","0","1","0","0","N","","3","1","0","0","0","1","0","2","0","3","","","","N","","","","","","","","","",""
"2018007377","0030","2","0","0","0","0","0","0","0","0","4","0","","02","1","2018","3","40.435586","-79.895808","0018","11","0","0","0","0","0","0","0","0","1","0","0","0","","","2","","0","","40 26:08.110","5","0","79 53:44.910","8","0","0","0","2301","0","0","0","N","0","0","0","2","02301","0","","4.0","","7","N","N","","0","","0","0","0","0","0","Y","","2","2","1","0","0","2","0","2","0","2","","","","N","","","","","","","","","",""
"2018027235","0800","1","0","0","0","0","0","0","0","0","4","0","","02","3","2018","3","40.599297","-79.755552","0758","11","0","0","0","0","1","1","0","0","1","0","0","0","","","0","","2","","40 35:57.469","4","0","79 45:19.987","0","0","0","0","2464","0","0","0","N","0","0","0","2","02464","0","","1.0","","1","N","N","","1","","0","0","0","0","0","Y","","2","0","0","0","0","0","0","2","0","2","","","","N","","","","","","","","","",""
"2018019065","0636","1","0","0","0","0","0","0","0","0","7","0","","02","2","2018","2","40.501451","-80.074996","0633","11","0","0","0","0","0","1","0","0","","0","0","0","","","0","","2","","40 30:05.225","","0","80 04:29.985","0","0","0","0","2402","0","0","0","N","0","0","0","1","02402","0","","2.0","","7","N","N","","0","","0","0","0","3","2","","","1","0","0","0","0","0","0","2","0","1","","","","N","","","","","","","","","",""
"2018027868","0144","1","0","0","0","0","0","0","0","0","4","0","","02","3","2018","4","40.460066","-79.84346","0144","11","0","0","0","1","0","0","0","0","1","0","0","0","","","0","","0","","40 27:36.239","3","7","79 50:36.457","0","0","0","0","2113","0","0","0","N","0","0","0","3","02113","0","","1.0","","1","N","N","","0","","0","0","1","0","0","N","","2","0","0","0","0","0","0","2","0","2","","","","N","","","","","","","","","",""
"2018022831","1835","1","0","0","0","0","0","0","0","0","7","0","","02","2","2018","4","40.456035","-80.160976","1830","11","0","0","0","0","0","0","0","1","","0","0","0","","","1","","2","","40 27:21.725","","0","80 09:39.513","8","0","0","0","2115","0","0","0","N","0","0","0","1","02115","0","","4.0","","1","N","N","","0","","0","0","0","3","2","","","1","1","0","0","0","1","0","2","0","1","","","","N","","","","","","","","","",""
"2018023237","1635","2","0","0","0","0","0","0","0","0","4","0","","02","2","2018","5","40.491253","-79.908502","1630","11","0","0","0","1","0","0","0","0","1","0","0","0","","","2","","7","","40 29:28.510","1","2","79 54:30.606","3","0","0","0","2112","0","0","0","N","0","0","0","3","02112","0","","1.0","","9","N","N","","0","","2","0","0","3","4","N","","2","2","0","0","0","0","0","2","0","2","","","","N","","","","","","","","","",""
"2018014030","1921","1","0","0","0","0","0","0","0","0","7","0","","02","1","2018","4","40.337805","-79.835765","1917","11","0","0","0","0","0","0","0","0","1","0","0","0","","","0","","1","","40 20:16.097","2","0","79 50:08.754","0","0","0","0","2304","0","0","0","N","0","0","0","1","02304","0","","1.0","","1","N","N","","0","","0","0","0","0","0","N","","1","0","0","0","0","0","0","2","0","1","","","","N","","","","","","","","","",""
"2018025632","1936","0","0","0","0","0","0","0","0","0","1","0","","02","2","2018","1","40.339822","-79.814142","1933","11","1","0","0","0","0","0","0","0","","0","0","0","","","0","","0","","40 20:23.360","","0","79 48:50.910","0","0","0","0","2477","0","0","0","N","0","0","0","1","02477","0","","2.0","","1","","","","0","","0","0","2","0","0","","","2","0","0","0","0","0","0","2","0","2","","","","N","","","","","","","","","",""
"2018024992","0536","0","0","0","0","0","0","0","0","0","7","0","","02","2","2018","3","40.408238","-79.954451","0525","11","0","0","0","0","0","1","0","0","3","0","0","0","","","0","","0","","40 24:29.657","2","0","79 57:16.023","0","0","0","0","2403","0","0","0","N","0","0","0","1","02403","0","","4.0","","2","N","N","","1","","0","0","0","0","0","N","","1","0","0","0","0","0","0","2","0","1","","","","N","","","","","","","","","",""
"2018022688","1612","1","0","0","0","0","0","0","0","0","8","0","","02","2","2018","4","40.462685","-79.945574","1609","11","0","0","0","0","0","0","1","0","","0","0","0","","","1","","2","","40 27:45.665","","0","79 56:44.066","3","0","0","0","2301","1","0","0","N","1","0","0","2","02301","0","","1.0","","1","N","N","","0","","1","0","0","0","0","","","2","1","0","0","0","0","0","2","0","1","","","","N","","","","","","","","","",""
"2018009287","0638","0","0","0","0","0","0","0","0","0","99","0","","02","1","2018","5","40.581462","-79.867552","0630","11","0","0","0","0","0","0","0","0","1","0","0","0","","","1","","0","","40 34:53.262","6","0","79 52:03.187","3","0","0","0","2209","0","0","0","N","0","0","0","2","02209","0","","4.0","","1","N","N","","0","","1","0","1","0","0","N","","1","1","0","0","0","0","0","1","0","1","","","","N","","","","","","","","","",""
"2018006752","1310","1","0","0","0","0","0","0","0","0","1","0","","02","1","2018","1","40.622494","-79.925239","1310","11","0","0","0","0","0","0","0","0","1","0","0","0","","","0","","0","","40 37:20.980","1","0","79 55:30.860","0","0","0","0","2217","0","0","0","N","0","0","0","4","02505","0","","1.0","","2","N","N","","0","","0","0","1","0","0","N","","2","0","0","0","0","0","0","2","0","2","","","","N","","","","","","","","","",""
"2018008225","1431","0","0","0","0","0","0","0","0","0","7","0","","02","1","2018","4","40.466019","-79.875642","1424","11","0","0","0","0","0","0","0","0","2","0","0","0","","","1","","0","","40 27:57.670","4","0","79 52:32.310","4","0","0","0","2113","0","0","0","N","0","0","0","2","02113","1","","5.0","","9","N","N","","0","","0","0","1","0","0","Y","","1","1","0","0","0","0","0","2","0","1","","","","N","","","","","","","","","",""
"2018010664","0421","2","0","0","0","0","0","0","0","0","4","0","","02","1","2018","4","40.364542","-79.983489","0420","11","0","1","0","0","0","0","0","0","1","0","0","0","","","0","","0","","40 21:52.350","2","7","79 59:00.560","0","0","0","0","2413","0","0","0","N","0","0","0","2","02413","0","","1.0","","1","N","N","","0","","0","0","0","0","0","N","","2","0","0","0","0","0","0","2","0","2","","","","N","","","","","","","","","",""
"2018041068","1220","1","0","0","0","0","0","0","0","0","1","0","","02","3","2018","7","40.419176","-80.052514","1215","11","0","0","0","0","0","1","0","0","1","0","0","0","","","0","","0","","40 25:09.034","3","0","80 03:09.050","9","0","0","0","2435","0","0","0","","0","0","0","6","68B03","0","","1.0","","1","N","N","","0","","0","0","1","0","0","N","","3","0","0","0","0","0","3","2","1","3","","","","N","","","","","","","","","",""
"2018024177","2141","2","0","0","0","0","0","0","0","0","5","0","","02","2","2018","1","40.405689","-79.942865","2131","11","0","0","0","0","0","0","0","0","2","0","0","0","","","0","","0","","40 24:20.480","2","0","79 56:34.314","0","0","0","0","2301","0","0","0","N","0","0","0","1","02301","0","","1.0","","1","N","N","","0","","0","0","0","0","0","N","","2","0","0","0","0","0","0","2","0","2","","","","N","","","","","","","","","",""
"2018023775","1435","2","0","0","0","0","0","0","0","0","4","0","","02","2","2018","5","40.476107","-80.031548","1430","11","0","0","0","1","0","0","0","0","","0","0","0","","","1","","1","","40 28:33.985","","0","80 01:53.572","8","0","0","0","2301","0","0","0","N","0","0","0","5","02301","0","","1.0","","9","N","N","","0","","0","0","0","0","0","","","2","1","0","0","0","1","0","2","0","2","","","","N","","","","","","","","","",""
"2018031120","0834","1","0","0","0","0","0","0","0","0","99","0","","02","2","2018","5","40.575274","-79.954646","0832","11","0","0","0","0","0","0","0","0","2","0","0","0","","","1","","0","","40 34:30.987","1","0","79 57:16.726","8","0","0","0","2207","0","0","0","N","0","0","0","1","02207","0","","1.0","","1","N","N","","0","","0","0","0","0","0","N","","1","1","0","0","0","1","0","2","0","1","","","","N","","","","","","","","","",""
"2018026942","1701","2","0","0","0","0","0","0","0","0","1","0","","02","3","2018","2","40.428289","-79.933753","1651","11","0","0","0","0","0","0","0","0","","0","0","0","","","0","","0","","40 25:41.840","","0","79 56:01.510","0","0","0","0","2301","0","0","0","N","0","0","0","4","02301","0","","1.0","","1","N","N","","0","","0","0","1","0","0","","","3","0","0","0","0","0","0","2","0","3","","","","N","","","","","","","","","",""
"2018064106","0125","1","0","0","0","0","0","0","0","0","2","0","","02","6","2018","7","40.382237","-79.99589","0121","11","0","0","0","0","0","0","1","0","1","0","0","0","","","0","","5","","40 22:56.052","7","0","79 59:45.205","0","0","0","0","2301","0","0","0","N","0","0","0","3","02301","0","","1.0","","1","N","N","","0","","0","0","0","3","2","N","","2","0","0","0","0","0","0","2","1","2","","","","N","","","","","","","","","",""
"2018022865","0911","1","0","0","0","0","0","0","0","0","7","0","","02","2","2018","4","40.410375","-80.010992","0900","11","0","0","0","0","0","0","0","0","","0","0","0","","","0","","0","","40 24:37.350","","0","80 00:39.570","0","0","0","0","2301","0","0","0","N","0","0","0","1","02301","0","","2.0","","1","N","N","","0","","0","0","0","0","0","","","1","0","0","0","0","0","0","2","0","1","","","","N","","","","","","","","","",""
"2018031531","1542","2","0","0","0","0","0","0","0","0","2","0","","02","2","2018","5","40.378189","-79.988689","1538","11","0","0","1","0","0","0","0","0","1","0","0","0","","","1","","0","","40 22:41.481","2","0","79 59:19.281","4","0","0","0","2476","0","0","0","N","0","0","0","2","02476","1","","1.0","","8","N","N","","0","","0","0","0","0","0","Y","","2","1","0","0","0","0","0","2","0","2","","","","N","","","","","","","","","",""
"2018011206","1901","1","0","0","0","0","0","0","0","0","7","0","","02","1","2018","6","40.308433","-79.917225","1857","11","0","0","0","0","0","0","0","0","2","0","0","0","","","0","","0","","40 18:30.357","5","0","79 55:02.009","0","0","0","0","2440","0","0","0","N","0","0","0","1","02440","0","","5.0","","1","N","N","","0","","0","0","0","0","0","N","","1","0","0","0","0","0","0","2","0","1","","","","N","","","","","","","","","",""
"2018033071","0902","1","0","0","0","0","0","0","0","0","1","0","","02","2","2018","4","40.424205","-80.110335","0852","11","0","0","0","0","0","2","0","0","1","0","0","0","","","1","","0","","40 25:27.138","4","0","80 06:37.205","3","0","0","0","2115","0","0","0","N","0","0","0","3","68B03","0","","1.0","","1","N","N","","0","","1","0","2","0","0","Y","","3","1","0","0","0","0","0","2","0","3","","","","N","","","","","","","","","",""
"2018006757","1345","2","0","0","0","0","0","0","0","0","4","0","","02","1","2018","1","40.42836","-79.926243","1330","11","0","0","0","0","0","2","0","0","1","0","0","0","","","0","","0","","40 25:42.096","1","0","79 55:34.475","0","0","0","0","2301","0","0","0","N","0","0","0","2","02301","0","","3.0","","7","N","N","","0","","0","0","0","0","0","N","","2","0","0","0","0","0","0","2","0","2","","","","N","","","","","","","","","",""
"2018009548","1800","0","0","0","0","0","0","0","0","0","7","0","","02","1","2018","6","40.428817","-80.004564","1744","11","0","0","1","0","0","0","0","0","","0","0","0","","","0","","0","","40 25:43.740","","0","80 00:16.430","0","0","0","0","2301","0","0","0","N","0","0","0","1","02301","0","","2.0","","6","N","N","","0","","0","0","1","0","0","","","1","0","0","0","0","0","0","2","0","1","","","","N","","","","","","","","","",""
"2018024155","1938","0","0","0","0","0","0","0","0","0","4","0","","02","2","2018","1","40.409509","-80.080223","1934","11","0","1","0","0","0","1","0","0","1","0","0","0","","","0","","2","","40 24:34.231","4","2","80 04:48.802","0","0","0","0","2415","0","0","0","N","0","0","0","2","02415","0","","1.0","","1","N","N","","1","","0","0","1","0","0","N","","2","0","0","0","0","0","0","2","0","2","","","","N","","","","","","","","","",""
"2018008851","1748","1","0","0","0","0","0","0","0","0","7","0","","02","1","2018","2","40.523463","-80.134688","1748","11","0","0","0","0","0","0","0","0","1","0","0","0","","","0","","0","","40 31:24.467","7","0","80 08:04.876","0","0","0","0","2434","0","0","0","N","0","0","0","1","02215","0","","5.0","","7","N","N","","0","","0","0","0","0","0","N","","1","0","0","0","0","0","0","1","0","1","","","","N","","","","","","","","","",""
"2018028315","0708","0","0","0","0","0","0","0","0","0","7","0","","02","2","2018","3","40.48406","-79.715637","0705","11","0","0","0","0","0","0","0","0","","0","0","0","","","0","","0","","40 29:02.616","","0","79 42:56.293","0","0","0","0","2466","0","0","0","N","0","0","0","1","02466","0","","4.0","","2","N","N","","1","","0","0","0","0","0","","","1","0","0","0","0","0","0","2","0","1","","","","N","","","","","","","","","",""
"2018007348","1852","1","0","0","0","0","0","0","0","0","7","0","","02","1","2018","2","40.313731","-79.793406","1843","11","0","0","0","0","0","0","0","0","1","0","0","0","","","0","","0","","40 18:49.430","4","0","79 47:36.260","0","0","0","0","2105","0","0","0","N","0","0","0","1","02105","0","","5.0","","7","N","N","","0","","0","0","0","0","0","Y","","1","0","0","0","0","0","0","2","0","1","","","","N","","","","","","","","","",""
"2018033360","0713","2","0","0","0","0","0","0","0","0","4","0","","02","3","2018","5","40.58223","-80.062886","0703","11","0","0","0","0","1","0","0","0","1","0","0","0","","","0","","1","","40 34:56.028","3","0","80 03:46.388","0","0","0","0","2108","0","0","0","N","0","0","0","2","02108","0","","1.0","","1","N","N","","0","","0","0","0","3","3","N","","2","0","0","0","0","0","0","2","0","2","","","","N","","","","","","","","","",""
"2018007890","1955","0","0","0","0","0","0","0","0","0","7","0","","02","1","2018","3","40.384409","-79.978537","1953","11","0","0","0","0","0","0","0","0","2","0","0","0","","","0","","2","","40 23:03.872","4","0","79 58:42.733","0","0","0","0","2301","0","0","0","N","0","0","0","2","02301","0","","5.0","","6","N","N","","0","","0","0","0","0","0","N","","1","0","0","0","0","0","0","2","1","1","","","","N","","","","","","","","","",""
"2018028535","1634","1","0","0","0","0","0","0","0","0","7","0","","02","3","2018","4","40.393383","-79.894706","1627","11","0","0","0","0","0","0","0","0","1","0","0","0","","","0","","0","","40 23:36.180","7","0","79 53:40.940","0","0","0","0","2448","0","0","0","N","0","0","0","4","02448","0","","5.0","","1","N","N","","0","","0","0","0","0","0","Y","","1","0","1","0","0","0","0","2","0","1","","","","N","","","","","","","","","",""
"2018017516","0840","0","0","0","0","0","0","0","0","0","2","0","","02","2","2018","4","40.515075","-79.944301","0837","11","0","0","0","0","0","1","0","0","1","0","0","0","","","2","","0","","40 30:54.270","5","0","79 56:39.482","8","0","0","0","2118","0","0","0","N","0","0","0","2","02118","0","","1.0","","7","N","N","","0","","0","0","2","0","0","Y","","2","2","0","0","0","2","0","2","0","2","","","","N","","","","","","","","","",""
"2018008147","0931","1","0","0","0","0","0","0","0","0","1","1","","02","1","2018","4","40.459581","-79.855808","0920","11","0","0","1","0","0","0","0","0","2","0","1","0","","","0","","0","","40 27:34.490","2","0","79 51:20.910","0","0","0","0","2113","0","0","0","N","0","0","0","3","02113","0","","1.0","","7","N","N","","0","","0","0","0","0","0","Y","","2","0","0","0","0","0","0","2","0","2","","","","N","","","","","","","","","",""
"2018064065","2228","2","0","0","0","0","0","0","0","0","2","0","","02","6","2018","6","40.377186","-79.926644","2217","11","0","0","0","0","0","0","0","0","2","0","0","0","","","3","","0","","40 22:37.871","2","0","79 55:35.917","8","0","0","0","2301","0","0","0","N","0","0","0","3","02301","0","","1.0","","1","N","N","","0","","0","0","0","0","0","Y","","2","3","0","0","0","3","0","2","0","2","","","","N","","","","","","","","","",""
"2018008759","0925","0","0","0","0","0","0","0","0","0","1","0","","02","1","2018","5","40.411249","-80.006309","0905","11","0","0","0","0","0","1","0","0","","0","0","0","","","0","","0","","40 24:40.497","","0","80 00:22.711","0","0","0","0","2301","0","0","0","N","0","0","0","2","02301","0","","1.0","","9","N","N","","0","","0","0","2","3","2","","","2","0","0","0","0","0","0","2","0","2","","","","N","","","","","","","","","",""
"2018026319","2333","2","0","0","0","0","0","0","0","0","4","0","","02","3","2018","5","40.487216","-80.076789","2331","11","0","0","0","0","0","0","0","0","1","0","0","0","","","2","","2","","40 29:13.979","1","0","80 04:36.441","3","0","0","0","2122","0","0","0","N","0","0","0","2","02444","0","","1.0","","9","N","N","","0","","2","0","0","0","0","N","","2","2","1","0","0","0","0","2","0","2","","","","N","","","","","","","","","",""
"2018012958","0805","1","0","0","0","0","0","0","0","0","4","0","","02","1","2018","2","40.443981","-79.792172","0759","11","0","0","0","0","0","0","0","0","1","0","0","0","","","2","","0","","40 26:38.330","4","0","79 47:31.820","8","0","0","0","2446","0","0","0","N","0","0","0","3","02446","0","","1.0","","2","N","N","","0","","0","0","1","0","0","Y","","2","2","0","0","0","2","0","2","0","2","","","","N","","","","","","","","","",""
"2018061493","0411","1","0","0","0","0","0","0","0","0","7","0","","02","6","2018","5","40.462476","-79.718571","0400","11","0","0","0","0","0","0","0","0","","0","0","0","","","0","N","0","","40 27:44.915","","0","79 43:06.856","0","0","0","0","2466","0","0","0","N","0","0","0","1","02466","0","","5.0","","1","N","N","","0","","0","0","0","0","0","","","1","0","0","0","0","0","0","2","0","1","","","","N","","","","","","","","","",""
"2018010018","0657","0","0","0","0","0","0","0","0","0","4","0","","02","1","2018","2","40.653683","-80.072049","0647","11","0","0","0","0","0","0","0","0","","0","0","0","","","0","","0","","40 39:13.260","","7","80 04:19.378","0","0","0","0","2212","0","0","0","N","0","0","0","2","02505","0","","1.0","","9","N","N","","1","","0","0","0","0","0","","","2","0","0","0","0","0","0","2","1","2","","","","N","","","","","","","","","",""
"2018023016","1011","2","0","0","0","0","0","0","0","0","1","0","","02","2","2018","5","40.533064","-80.187749","1005","11","0","0","0","0","0","1","0","0","1","0","0","0","","","0","","0","","40 31:59.029","3","3","80 11:15.895","0","0","0","0","2458","0","0","0","N","0","0","0","2","02458","0","","1.0","","9","N","N","","0","","0","0","0","0","0","N","","2","0","0","0","0","0","0","2","0","2","","","","N","","","","","","","","","",""
"2018008457","1705","0","0","0","0","0","0","0","0","0","8","0","","02","1","2018","3","40.407461","-79.911293","1703","11","0","0","0","0","0","0","0","0","","0","0","0","","","1","","1","","40 24:26.859","","0","79 54:40.654","8","0","0","0","2438","1","0","0","N","1","0","0","2","02438","0","","1.0","","6","N","N","","1","","0","0","0","3","3","","","2","1","0","0","0","1","0","2","0","1","","","","N","","","","","","","","","",""
"2018023472","0742","2","0","0","0","0","0","0","0","0","4","0","","02","2","2018","6","40.45588","-79.977036","0738","11","0","0","0","0","0","0","0","0","1","0","0","0","","","1","","1","","40 27:21.169","4","0","79 58:37.329","4","0","0","0","2301","0","0","0","N","0","0","0","2","02301","1","","1.0","","9","N","N","","0","","0","0","0","3","3","N","","2","1","0","0","0","0","0","2","0","2","","","","N","","","","","","","","","",""
"2018022873","0639","2","0","0","0","0","0","0","0","0","4","0","","02","2","2018","3","40.317891","-80.047638","0635","11","0","0","0","0","0","2","0","0","2","0","0","0","","","1","","2","","40 19:04.406","1","0","80 02:51.496","4","0","0","0","2407","0","0","0","N","0","0","0","2","02407","1","","1.0","","1","N","N","","0","","0","0","0","3","3","Y","","2","1","0","0","0","0","0","2","0","2","","","","N","","","","","","","","","",""
"2018022180","0824","1","0","0","0","0","0","0","0","0","1","0","","02","2","2018","3","40.670032","-80.107625","0817","11","0","0","0","0","0","0","1","0","1","0","0","0","","","1","","2","","40 40:12.115","2","0","80 06:27.450","4","0","0","0","2212","0","0","0","N","0","0","0","2","02505","1","","1.0","","9","N","Y","","0","","0","0","1","3","3","N","","2","1","0","0","0","0","0","2","0","2","","","","N","","","","","","","","","",""
"2018059221","0205","1","0","0","0","0","0","0","0","0","7","0","","02","6","2018","7","40.411045","-80.022909","0155","11","0","0","1","0","0","0","0","0","2","0","0","0","","","0","","0","","40 24:39.762","6","0","80 01:22.471","0","0","0","0","2301","0","0","0","N","0","0","0","3","02301","0","","5.0","","1","N","N","","0","","0","0","0","0","0","Y","","1","0","0","0","0","0","0","2","0","1","","","","N","","","","","","","","","",""
"2018059373","1407","1","0","0","0","0","0","0","0","0","1","0","","02","5","2018","4","40.538939","-80.036338","1405","11","0","0","0","0","0","0","0","0","1","0","0","0","","","0","","0","","40 32:20.180","7","0","80 02:10.817","0","0","0","0","2116","0","0","0","N","0","0","0","1","02116","0","","1.0","","1","N","N","","0","","0","0","0","0","0","Y","","2","0","0","0","0","0","0","2","1","2","","","","N","","","","","","","","","",""
"2018007122","1047","1","0","0","0","0","0","0","0","0","7","0","","02","1","2018","2","40.316674","-79.816841","1038","11","0","0","0","0","0","0","0","0","2","0","0","0","","","0","","2","","40 19:00.026","1","0","79 49:00.628","0","0","0","0","2105","0","0","0","N","0","0","0","1","02105","0","","2.0","","6","N","N","","0","","0","0","0","0","0","N","","1","0","0","0","0","0","0","2","0","1","","","","N","","","","","","","","","",""
"2018038564","2006","0","0","0","0","0","0","0","0","0","7","0","","02","3","2018","5","40.440411","-80.187101","2000","11","0","0","0","0","0","0","0","0","","0","0","0","","","1","","0","","40 26:25.478","","0","80 11:13.565","8","0","0","0","2214","0","0","0","N","0","0","0","1","68B03","0","","4.0","","9","N","N","","0","","0","0","1","0","0","","","1","1","0","0","0","1","0","1","0","1","","","","N","","","","","","","","","",""