"CRN","ARRIVAL_TM","AUTOMOBILE_COUNT","BELTED_DEATH_COUNT","BELTED_SUSP_SERIOUS_INJ_COUNT","BICYCLE_COUNT","BICYCLE_DEATH_COUNT","BICYCLE_SUSP_SERIOUS_INJ_COUNT","BUS_COUNT","CHLDPAS_DEATH_COUNT","CHLDPAS_SUSP_SERIOUS_INJ_COUNT","COLLISION_TYPE","COMM_VEH_COUNT","CONS_ZONE_SPD_LIM","COUNTY","CRASH_MONTH","CRASH_YEAR","DAY_OF_WEEK","DEC_LATITUDE","DEC_LONGITUDE","DISPATCH_TM","DISTRICT","DRIVER_COUNT_16YR","DRIVER_COUNT_17YR","DRIVER_COUNT_18YR","DRIVER_COUNT_19YR","DRIVER_COUNT_20YR","DRIVER_COUNT_50_64YR","DRIVER_COUNT_65_74YR","DRIVER_COUNT_75PLUS","EST_HRS_CLOSED","FATAL_COUNT","HEAVY_TRUCK_COUNT","HORSE_BUGGY_COUNT","HOUR_OF_DAY","ILLUMINATION","INJURY_COUNT","INTERSECTION_RELATED","INTERSECT_TYPE","LANE_CLOSED","LATITUDE","LN_CLOSE_DIR","LOCATION_TYPE","LONGITUDE","MAX_SEVERITY_LEVEL","MCYCLE_DEATH_COUNT","MCYCLE_SUSP_SERIOUS_INJ_COUNT","MOTORCYCLE_COUNT","MUNICIPALITY","NONMOTR_COUNT","NONMOTR_DEATH_COUNT","NONMOTR_SUSP_SERIOUS_INJ_COUNT","NTFY_HIWY_MAINT","PED_COUNT","PED_DEATH_COUNT","PED_SUSP_SERIOUS_INJ_COUNT","PERSON_COUNT","POLICE_AGCY","POSSIBLE_INJ_COUNT","RDWY_SURF_TYPE_CD","RELATION_TO_ROAD","ROADWAY_CLEARED","ROAD_CONDITION","SCH_BUS_IND","SCH_ZONE_IND","SECONDARY_CRASH","SMALL_TRUCK_COUNT","SPEC_JURIS_CD","SUSP_MINOR_INJ_COUNT","SUSP_SERIOUS_INJ_COUNT","SUV_COUNT","TCD_FUNC_CD","TCD_TYPE","TFC_DETOUR_IND","TIME_OF_DAY","TOTAL_UNITS","TOT_INJ_COUNT","UNBELTED_OCC_COUNT","UNB_DEATH_COUNT","UNB_SUSP_SERIOUS_INJ_COUNT","UNK_INJ_DEG_COUNT","UNK_INJ_PER_COUNT","URBAN_RURAL","VAN_COUNT","VEHICLE_COUNT","WEATHER1","WEATHER2","WORKERS_PRES","WORK_ZONE_IND","WORK_ZONE_LOC","WORK_ZONE_TYPE","WZ_CLOSE_DETOUR","WZ_FLAGGER","WZ_LAW_OFFCR_IND","WZ_LN_CLOSURE","WZ_MOVING","WZ_OTHER","WZ_SHLDER_MDN","WZ_WORKERS_INJ_KILLED"
"2018026334","0629","2","0","0","0","0","0","0","0","0","1","0","","02","3","2018","5","40.472732","-79.972788","0622","11","0","0","0","1","0","0","0","0","","0","0","0","","","0","","6","","40 28:21.836","","2","79 58:22.037","0","0","0","0","2445","0","0","0","N","0","0","0","2","02445","0","","1.0","","1","N","N","","0","","0","0","0","","4","","","2","0","0","0","0","0","0","2","0","2","","","","N","","","","","","","","","",""
"2018025139","0659","0","0","0","0","0","0","0","0","0","1","0","","02","2","2018","4","40.624408","-80.05389","0649","11","1","0","0","0","0","0","0","0","","0","0","0","","","1","","0","","40 37:27.868","","0","80 03:14.005","4","0","0","0","2216","0","0","0","N","0","0","0","2","02505","1","","1.0","","1","N","N","","0","","0","0","2","","0","N","","2","1","0","0","0","0","0","2","0","2","","","","N","","","","","","","","","",""
"2018019492","0718","2","0","0","0","0","0","0","0","0","4","0","","02","2","2018","3","40.440946","-80.034731","0705","11","0","0","0","0","0","0","0","0","3","0","0","0","","","1","","1","","40 26:27.405","6","0","80 02:05.032","8","0","0","0","2301","0","0","0","N","0","0","0","2","02301","0","","1.0","","1","N","N","","0","","0","0","0","","2","N","","2","1","0","0","0","1","0","2","0","2","","","","N","","","","","","","","","",""
"2018023928","2150","1","0","0","0","0","0","0","0","0","7","0","","02","2","2018","7","40.435792","-79.9844","2143","11","0","0","0","0","0","1","0","0","1","0","0","0","","","0","","0","","40 26:08.850","1","0","79 59:03.840","0","0","0","0","2301","0","0","0","N","0","0","0","3","02301","0","","1.0","","9","N","N","","0","","0","0","0","","0","N","","1","0","0","0","0","0","0","2","0","1","","","","N","","","","","","","","","",""
"2018061033","1527","0","0","0","0","0","0","0","0","0","4","0","","02","5","2018","6","40.56796","-80.049493","1518","11","1","0","0","1","0","1","0","0","2","0","0","0","","","0","","1","","40 34:04.655","3","0","80 02:58.174","0","0","0","0","2108","0","0","0","N","0","0","0","3","02108","0","","1.0","","1","N","N","","1","","0","0","2","","3","N","","3","0","0","0","0","0","0","2","0","3","","","","N","","","","","","","","","",""
"2018006883","1847","1","0","0","0","0","0","0","0","0","7","0","","02","1","2018","1","40.439605","-79.898704","1835","11","0","0","0","0","0","0","0","0","","0","0","0","","","0","","0","","40 26:22.579","","0","79 53:55.333","0","0","0","0","2301","0","0","0","N","0","0","0","1","02301","0","","5.0","","7","N","N","","0","","0","0","0","","1","","","1","0","0","0","0","0","0","2","0","1","","","","N","","","","","","","","","",""
"2018048674","0304","0","0","0","0","0","0","0","0","0","1","2","","02","4","2018","6","40.506047","-79.858448","0245","11","0","0","0","0","0","0","0","0","3","0","2","0","","","0","","0","","40 30:21.770","2","0","79 51:30.414","0","0","0","0","2112","0","0","0","Y","0","0","0","2","68D02","0","","1.0","","1","N","N","","0","","0","0","0","","0","Y","","2","0","0","0","0","0","0","2","0","2","","","","N","","","","","","","","","",""
"2018062195","1546","0","0","0","0","0","0","0","0","0","7","0","","02","6","2018","7","40.518369","-79.802043","1527","11","0","0","0","0","0","0","0","0","2","0","0","0","","","1","","0","","40 31:06.130","4","0","79 48:07.355","3","0","0","0","2466","0","0","0","N","0","0","0","2","68T02","0","","4.0","","9","N","N","","0","","1","0","1","","0","N","","1","1","0","0","0","0","0","2","0","1","","","","N","","","","","","","","","",""
"2018042479","0915","1","0","0","0","0","0","0","0","0","4","0","","02","4","2018","5","40.625458","-79.860636","0910","11","0","0","1","0","0","1","0","0","","0","0","0","","","0","","0","","40 37:31.647","","0","79 51:38.291","0","0","0","0","2220","0","0","0","N","0","0","0","2","02220","0","","1.0","","1","N","N","","1","","0","0","0","","0","","","2","0","1","0","0","0","0","2","0","2","","","","N","","","","","","","","","",""
"2018021118","1610","1","0","0","0","0","0","0","0","0","7","0","","02","2","2018","7","40.424728","-80.288175","1604","11","0","1","0","0","0","0","0","0","2","0","0","0","","","0","","0","","40 25:29.020","3","0","80 17:17.430","0","0","0","0","2214","0","0","0","N","0","0","0","2","02214","0","","5.0","","7","N","N","","0","","0","0","0","","0","N","","1","0","0","0","0","0","0","1","0","1","","","","N","","","","","","","","","",""
"2018058432","1339","0","0","0","0","0","0","0","0","0","4","1","","02","5","2018","4","40.650289","-80.078808","1338","11","0","0","0","0","0","1","0","0","2","0","1","0","","","1","","1","","40 39:01.042","2","0","80 04:43.708","8","0","0","0","2212","0","0","0","N","0","0","0","3","02505","0","","1.0","","1","N","N","","0","","0","0","2","","2","Y","","3","1","0","0","0","1","0","2","0","3","","","","N","","","","","","","","","",""
"2018020625","1011","2","0","0","0","0","0","0","0","0","4","0","","02","2","2018","6","40.346725","-79.855876","1008","11","0","0","0","0","0","0","0","1","","0","0","0","","","0","","1","","40 20:48.210","","0","79 51:21.155","0","0","0","0","2304","0","0","0","N","0","0","0","3","02304","0","","1.0","","9","N","N","","0","","0","0","0","","3","","","2","0","0","0","0","0","0","2","0","2","","","","N","","","","","","","","","",""
"2018053486","0816","1","0","0","0","0","0","0","0","0","7","0","","02","5","2018","5","40.471279","-79.810446","0806","11","0","0","0","0","0","0","0","0","3","0","0","0","","","0","","0","","40 28:16.604","7","0","79 48:37.606","9","0","0","0","2113","0","0","0","N","0","0","0","1","02113","0","","2.0","","9","N","N","","0","","0","0","0","","0","Y","","1","0","0","0","0","0","1","2","0","1","","","","N","","","","","","","","","",""
"2018021602","2210","1","0","0","0","0","0","0","0","0","7","0","","02","2","2018","1","40.296668","-79.874654","2204","11","0","0","0","0","0","0","0","0","1","0","0","0","","","0","","2","","40 17:48.003","5","0","79 52:28.753","0","0","0","0","2302","0","0","0","N","0","0","0","1","02302","0","","5.0","","1","N","N","","0","","0","0","0","","0","N","","1","0","0","0","0","0","0","2","0","1","","","","N","","","","","","","","","",""
"2018028048","1425","2","0","0","0","0","0","0","0","0","1","0","","02","3","2018","4","40.393733","-80.01997","1420","11","0","1","0","0","0","0","0","0","","0","0","0","","","0","","2","","40 23:37.438","","0","80 01:11.892","0","0","0","0","2301","0","0","0","N","0","0","0","4","02301","0","","1.0","","1","N","N","","0","","0","0","0","","0","","","2","0","0","0","0","0","0","2","0","2","","","","N","","","","","","","","","",""
"2018022462","1226","1","0","0","0","0","0","0","0","0","1","0","","02","2","2018","1","40.407598","-79.914379","1224","11","0","0","0","0","0","1","0","0","","0","0","0","","","0","","0","","40 24:27.354","","3","79 54:51.763","0","0","0","0","2438","0","0","0","N","0","0","0","2","02438","0","","1.0","","1","N","N","","0","","0","0","1","","0","","","2","0","0","0","0","0","0","2","0","2","","","","N","","","","","","","","","",""
"2018021546","1940","1","0","0","0","0","0","0","0","0","8","0","","02","2","2018","1","40.410356","-79.990425","1938","11","0","0","0","0","0","1","0","0","1","0","0","0","","","1","","0","","40 24:37.280","2","0","79 59:25.530","8","0","0","0","2301","1","0","0","N","1","0","0","2","02301","0","","1.0","","1","N","N","","0","","0","0","0","","0","N","","2","1","0","0","0","1","0","2","0","1","","","","N","","","","","","","","","",""
"2018031298","0229","1","0","0","0","0","0","0","0","0","7","0","","02","2","2018","1","40.468178","-80.242231","0216","11","0","0","0","0","0","0","0","0","","0","0","0","","","0","","0","","40 28:05.439","","3","80 14:32.033","0","0","0","0","2203","0","0","0","N","0","0","0","1","68B03","0","","2.0","","9","N","N","","0","","0","0","0","","0","","","1","0","0","0","0","0","0","2","0","1","","","","N","","","","","","","","","",""
"2018026038","0647","0","0","0","0","0","0","0","0","0","7","0","","02","2","2018","3","40.355919","-80.131978","0644","11","0","0","0","0","0","0","0","0","","0","0","0","","","0","","0","","40 21:21.309","","0","80 07:55.119","0","0","0","0","2119","0","0","0","N","0","0","0","1","02119","0","","2.0","","2","N","N","","0","","0","0","1","","0","","","1","0","0","0","0","0","0","2","0","1","","","","N","","","","","","","","","",""
"2018024776","1716","2","0","0","0","0","0","0","0","0","4","0","","02","2","2018","4","40.637433","-79.811894","1716","11","0","0","0","0","0","1","1","0","","0","0","0","","","1","","1","","40 38:14.757","","0","79 48:42.818","3","0","0","0","2206","0","0","0","N","0","0","0","2","02206","0","","1.0","","1","N","N","","0","","1","0","0","","0","","","2","1","0","0","0","0","0","1","0","2","","","","N","","","","","","","","","",""
"2018047943","1935","1","0","0","0","0","0","0","0","0","7","0","","02","4","2018","7","40.374701","-79.926478","1930","11","0","1","0","0","0","0","0","0","1","0","0","0","","","0","","0","","40 22:28.925","1","0","79 55:35.320","0","0","0","0","2473","0","0","0","Y","0","0","0","2","02473","0","","2.0","","1","N","N","","0","","0","0","0","","0","N","","1","0","1","0","0","0","0","2","0","1","","","","N","","","","","","","","","",""
"2018062304","0222","1","0","0","0","0","0","0","0","0","4","0","","02","6","2018","1","40.350639","-79.924553","0218","11","0","0","0","0","0","0","0","0","2","0","0","0","","","1","","2","","40 21:02.301","6","0","79 55:28.392","3","0","0","0","2473","0","0","0","N","0","0","0","2","02473","0","","1.0","","1","N","N","","0","","1","0","1","","0","N","","2","1","0","0","0","0","0","2","0","2","","","","N","","","","","","","","","",""
"2018025535","1343","1","0","0","0","0","0","0","0","0","1","0","","02","2","2018","4","40.42338","-79.856682","1338","11","0","0","0","0","0","0","0","0","1","0","0","0","","","0","","0","","40 25:24.168","4","0","79 51:24.054","0","0","0","0","2431","0","0","0","N","0","0","0","2","02431","0","","1.0","","1","N","N","","0","","0","0","1","","0","N","","2","0","0","0","0","0","0","2","0","2","","","","N","","","","","","","","","",""
"2018060675","1555","0","0","0","0","0","0","0","0","0","1","0","","02","6","2018","2","40.426609","-79.892441","1527","11","0","0","0","0","0","0","0","0","","0","0","0","","","0","","0","","40 25:35.791","","0","79 53:32.786","0","0","0","0","2301","0","0","0","","0","0","0","2","68B03","0","","1.0","","1","N","N","","2","","0","0","0","","0","","","2","0","0","0","0","0","0","2","0","2","","","","N","","","","","","","","","",""
"2018048005","1228","2","0","0","0","0","0","0","0","0","1","0","","02","4","2018","4","40.431594","-79.958488","1207","11","0","0","0","0","0","0","0","0","","0","0","0","","","0","","0","","40 25:53.737","","2","79 57:30.558","0","0","0","0","2301","0","0","0","","0","0","0","2","68B03","0","","1.0","","1","N","N","","0","","0","0","0","","0","","","2","0","0","0","0","0","0","2","0","2","","","","N","","","","","","","","","",""
"2018048009","1007","2","0","0","0","0","0","0","0","0","2","0","","02","4","2018","5","40.522773","-80.069541","1007","11","0","0","0","0","0","1","1","0","","0","0","0","","","1","","2","","40 31:21.984","","0","80 04:10.346","3","0","0","0","2215","0","0","0","N","0","0","0","4","02215","0","","1.0","","1","N","N","","0","","1","0","0","","2","","","2","1","0","0","0","0","0","2","0","2","","","","N","","","","","","","","","",""
"2018028973","1712","1","0","0","0","0","0","0","0","0","4","0","","02","3","2018","6","40.369429","-80.0314","1707","11","0","0","0","0","0","0","1","0","1","0","0","0","","","0","","0","","40 22:09.946","1","7","80 01:53.039","0","0","0","0","2416","0","0","0","N","0","0","0","3","02416","0","","1.0","","1","N","N","","0","","0","0","1","","0","N","","2","0","1","0","0","0","0","2","0","2","","","","N","","","","","","","","","",""
"2018060807","1648","2","0","0","0","0","0","0","0","0","4","0","","02","6","2018","4","40.427136","-79.788261","1643","11","0","0","0","1","0","0","0","0","1","0","0","0","","","0","","0","","40 25:37.690","4","0","79 47:17.740","0","0","0","0","2446","0","0","0","N","0","0","0","2","02446","0","","1.0","","1","N","N","","0","","0","0","0","","0","N","","2","0","0","0","0","0","0","2","0","2","","","","N","","","","","","","","","",""
"2018059515","1354","1","0","0","0","0","0","0","0","0","0","0","","02","6","2018","7","40.546434","-79.972371","1353","11","0","0","0","0","0","0","1","0","1","0","0","0","","","1","","0","","40 32:47.163","1","0","79 58:20.535","8","0","0","0","2118","0","0","0","N","0","0","0","2","02118","0","","1.0","","1","N","N","","0","","0","0","0","","0","Y","","1","1","1","0","0","1","0","2","0","1","","","","N","","","","","","","","","",""
"2018053465","0740","1","0","0","0","0","0","0","0","0","7","0","","02","5","2018","5","40.489353","-80.021551","0730","11","0","0","0","0","0","0","1","0","1","0","0","0","","","1","","0","","40 29:21.671","3","0","80 01:17.584","3","0","0","0","2301","0","0","0","N","0","0","0","1","02301","0","","5.0","","9","N","N","","0","","1","0","0","","0","Y","","1","1","0","0","0","0","0","2","0","1","","","","N","","","","","","","","","",""
"2018022175","0802","2","0","0","0","0","0","0","0","0","4","0","","02","2","2018","3","40.349442","-79.995931","0800","11","0","0","0","0","0","0","1","0","","0","0","0","","","1","","2","","40 20:57.991","","0","79 59:45.351","8","0","0","0","2403","0","0","0","N","0","0","0","4","02403","0","","1.0","","1","N","N","","0","","0","0","0","","3","","","2","1","0","0","0","1","0","2","0","2","","","","N","","","","","","","","","",""
"2018022674","1444","2","0","0","0","0","0","0","0","0","4","0","","02","2","2018","4","40.472015","-79.930498","1440","11","0","0","0","1","0","0","0","0","2","0","0","0","","","1","","2","","40 28:19.253","6","0","79 55:49.792","8","0","0","0","2301","0","0","0","N","0","0","0","2","02301","0","","1.0","","9","N","N","","0","","0","0","1","","3","Y","","3","1","0","0","0","1","0","2","0","3","","","","N","","","","","","","","","",""
"2018046718","0650","1","0","0","0","0","0","0","0","0","1","0","","02","4","2018","4","40.492104","-79.893779","0629","11","0","0","0","0","0","2","0","0","","0","0","0","","","0","","0","","40 29:31.576","","0","79 53:37.603","0","0","0","0","2432","0","0","0","N","0","0","0","3","68D02","0","","1.0","","1","N","N","","0","","0","0","1","","0","","","3","0","0","0","0","0","0","2","1","3","","","","N","","","","","","","","","",""
"2018023675","0241","0","0","0","0","0","0","0","0","0","7","0","","02","2","2018","7","40.422003","-79.927831","0233","11","0","0","0","0","0","0","0","0","2","0","0","0","","","1","","0","","40 25:19.210","5","0","79 55:40.190","8","0","0","0","2301","0","0","0","Y","0","0","0","1","02301","0","","4.0","","1","N","N","","1","","0","0","0","","0","Y","","1","1","0","0","0","1","0","2","0","1","","","","N","","","","","","","","","",""
"2018045960","1558","1","0","0","0","0","0","1","0","0","1","1","","02","4","2018","3","40.443828","-79.993861","1556","11","0","0","0","1","0","0","0","0","2","0","0","0","","","3","","1","","40 26:37.781","3","0","79 59:37.901","4","0","0","0","2301","0","0","0","N","0","0","0","6","02503","3","","1.0","","9","N","N","","0","","0","0","0","","2","N","","2","3","1","0","0","0","0","2","0","2","","","","N","","","","","","","","","",""
"2018059684","1734","2","0","0","0","0","0","0","0","0","4","0","","02","6","2018","1","40.535908","-80.183014","1727","11","0","0","0","0","0","0","0","0","1","0","0","0","","","0","","1","","40 32:09.267","1","0","80 10:58.852","0","0","0","0","2458","0","0","0","N","0","0","0","2","02458","0","","1.0","","1","N","N","","0","","0","0","0","","2","N","","2","0","0","0","0","0","0","2","0","2","","","","N","","","","","","","","","",""
"2018025690","0208","1","0","0","0","0","0","0","0","0","7","0","","02","3","2018","6","40.444456","-79.947619","0205","11","0","0","0","0","1","0","0","0","","0","0","0","","","0","","0","","40 26:40.043","","0","79 56:51.429","0","0","0","0","2301","0","0","0","N","0","0","0","1","02301","0","","2.0","","1","N","N","","0","","0","0","0","","0","","","1","0","0","0","0","0","0","2","0","1","","","","N","","","","","","","","","",""
"2018019126","0916","1","0","0","0","0","0","0","0","0","4","0","","02","2","2018","2","40.58223","-80.062886","0909","11","1","0","0","0","0","1","0","0","","0","0","0","","","1","","1","","40 34:56.028","","0","80 03:46.388","8","0","0","0","2108","0","0","0","N","0","0","0","2","02108","0","","1.0","","9","N","N","","0","","0","0","1","","3","","","2","1","0","0","0","1","0","2","0","2","","","","N","","","","","","","","","",""
"2018028076","1610","2","0","0","0","0","0","0","0","0","1","0","","02","3","2018","4","40.38295","-80.010411","1539","11","0","0","0","0","0","1","0","0","","0","0","0","","","1","","0","","40 22:58.620","","0","80 00:37.480","3","0","0","0","2301","0","0","0","N","0","0","0","3","02301","0","","1.0","","9","N","N","","0","","1","0","0","","0","","","2","1","0","0","0","0","0","2","0","2","","","","N","","","","","","","","","",""
"2018046809","0931","1","0","0","0","0","0","0","0","0","4","0","","02","4","2018","4","40.348848","-79.833451","0926","11","0","0","0","0","0","0","0","0","2","0","0","0","","","0","","0","","40 20:55.851","1","0","79 50:00.424","0","0","0","0","2304","0","0","0","N","0","0","0","2","02304","0","","1.0","","1","N","N","","0","","0","0","0","","0","N","","2","0","0","0","0","0","0","2","1","2","","","","N","","","","","","","","","",""
"2018060057","1740","0","0","0","0","0","0","0","0","0","1","1","","02","6","2018","2","40.44602","-80.151804","1736","11","0","0","0","0","0","1","0","0","","0","0","0","","","1","","0","","40 26:45.671","","0","80 09:06.493","8","0","0","0","2115","0","0","0","N","0","0","0","2","02115","0","","1.0","","1","N","N","","1","","0","0","1","","0","","","2","1","0","0","0","1","0","2","0","2","","","","N","","","","","","","","","",""
"2018021576","2238","1","0","0","0","0","0","0","0","0","7","0","","02","2","2018","1","40.401964","-80.000683","2230","11","0","1","0","0","0","0","0","0","","0","0","0","","","5","","1","","40 24:07.069","","0","80 00:02.460","8","0","0","0","2301","0","0","0","N","0","0","0","5","02301","0","","2.0","","1","N","N","","0","","0","0","0","","0","","","1","5","0","0","0","5","0","2","0","1","","","","N","","","","","","","","","",""
"2018006919","0359","3","0","0","0","0","0","0","0","0","2","0","","02","1","2018","1","40.457931","-79.894778","0354","11","0","0","0","0","0","0","0","0","","0","0","0","","","0","","0","","40 27:28.550","","0","79 53:41.200","0","0","0","0","2301","0","0","0","N","0","0","0","1","02301","0","","4.0","","6","N","N","","0","","0","0","0","","0","","","3","0","0","0","0","0","0","2","0","3","","","","N","","","","","","","","","",""
"2018022177","1240","0","0","0","0","0","0","0","0","0","7","0","","02","2","2018","1","40.426034","-79.997569","1233","11","0","0","0","0","0","0","0","0","","0","0","0","","","0","","11","","40 25:33.724","","0","79 59:51.249","0","0","0","0","2301","0","0","0","N","0","0","0","1","02301","0","","4.0","","9","N","N","","0","","0","0","1","","0","","","1","0","0","0","0","0","0","2","0","1","","","","N","","","","","","","","","",""
"2018022516","1920","3","0","0","0","0","0","0","0","0","1","0","","02","2","2018","6","40.43293","-79.961504","1906","11","0","0","0","0","0","2","0","0","","0","0","0","","","0","","0","","40 25:58.548","","0","79 57:41.414","0","0","0","0","2301","0","0","0","N","0","0","0","5","68B03","0","","1.0","","1","N","N","","0","","0","0","2","","0","","","5","0","0","0","0","0","0","2","0","5","","","","N","","","","","","","","","",""
"2018019020","1044","0","0","0","0","0","0","0","0","0","7","0","","02","2","2018","2","40.509976","-79.797466","1034","11","0","0","0","0","0","0","1","0","","0","0","0","","","0","","0","","40 30:35.912","","0","79 47:50.879","0","0","0","0","2113","0","0","0","N","0","0","0","1","02113","0","","5.0","","2","N","N","","0","","0","0","1","","0","","","1","0","0","0","0","0","0","2","0","1","","","","N","","","","","","","","","",""
"2018007701","1637","1","0","0","0","0","0","0","0","0","2","0","","02","1","2018","3","40.459608","-80.008519","1606","11","0","0","0","0","0","0","0","0","","0","0","0","","","0","","0","","40 27:34.590","","0","80 00:30.670","0","0","0","0","2301","0","0","0","N","0","0","0","1","02301","0","","4.0","","6","N","N","","0","","0","0","1","","0","","","2","0","0","0","0","0","0","2","0","2","","","","N","","","","","","","","","",""
"2018032515","1334","1","0","0","0","0","0","0","0","0","7","0","","02","2","2018","7","40.559491","-79.802274","1307","11","0","0","0","0","0","0","0","0","1","0","0","0","","","0","","0","","40 33:34.166","2","0","79 48:08.185","0","0","0","0","2121","0","0","0","N","0","0","0","1","68D02","0","","3.0","","9","N","N","","0","","0","0","0","","0","N","","1","0","1","0","0","0","0","2","0","1","","","","N","","","","","","","","","",""
"2018019494","0844","2","0","0","0","0","0","0","0","0","5","0","","02","2","2018","3","40.428283","-80.006353","0838","11","0","0","0","0","0","0","0","0","","0","0","0","","","0","","0","","40 25:41.820","","0","80 00:22.870","0","0","0","0","2301","0","0","0","N","0","0","0","2","02301","0","","1.0","","1","N","N","","0","","0","0","0","","0","","","2","0","0","0","0","0","0","2","0","2","","","","N","","","","","","","","","",""
"2018017351","1301","0","0","0","0","0","0","0","0","0","7","0","","02","2","2018","4","40.4243","-79.986131","1259","11","0","0","0","0","0","0","0","0","","0","0","0","","","0","","0","","40 25:27.480","","0","79 59:10.070","0","0","0","0","2301","0","0","0","Y","0","0","0","1","02301","0","","4.0","","7","N","N","","0","","0","0","2","","0","","","2","0","1","0","0","0","0","2","0","2","","","","N","","","","","","","","","",""
"2018060671","1118","1","0","0","0","0","0","0","0","0","4","0","","02","5","2018","5","40.611701","-80.036292","1115","11","0","0","0","0","0","0","1","1","1","0","0","0","","","0","","1","","40 36:42.123","6","0","80 02:10.651","0","0","0","0","2108","0","0","0","N","0","0","0","2","02108","0","","1.0","","1","N","N","","0","","0","0","1","","3","N","","2","0","0","0","0","0","0","2","0","2","","","","N","","","","","","","","","",""
"2018059756","1632","1","0","0","0","0","0","0","0","0","7","0","","02","5","2018","4","40.529018","-80.272206","1624","11","0","0","0","0","0","0","2","0","1","0","0","0","","","3","","0","","40 31:44.465","4","0","80 16:19.943","8","0","0","0","2203","0","0","0","Y","0","0","0","3","68B03","0","","2.0","","9","N","N","","2","","0","0","0","","0","N","","3","3","0","0","0","3","0","2","0","3","","","","N","","","","","","","","","",""
"2018006742","1116","1","0","0","0","0","0","0","0","0","7","0","","02","1","2018","1","40.438314","-79.897053","1100","11","0","0","0","0","0","0","0","0","","0","0","0","","","0","","2","","40 26:17.930","","0","79 53:49.390","0","0","0","0","2301","0","0","0","N","0","0","0","1","02301","0","","4.0","","2","N","N","","0","","0","0","0","","0","","","1","0","0","0","0","0","0","2","0","1","","","","N","","","","","","","","","",""
"2018024053","1130","1","0","0","0","0","0","0","0","0","1","0","","02","2","2018","1","40.469752","-79.823293","1124","11","0","0","0","0","0","1","1","0","1","0","0","0","","","0","","0","","40 28:11.107","1","0","79 49:23.854","9","0","0","0","2113","0","0","0","N","0","0","0","3","02113","0","","1.0","","9","N","N","","1","","0","0","1","","0","N","","3","0","0","0","0","0","1","2","0","3","","","","N","","","","","","","","","",""
"2018029320","1911","1","0","0","0","0","0","0","0","0","7","0","","02","3","2018","7","40.341269","-79.962756","1908","11","0","0","0","0","1","0","0","0","2","0","0","0","","","0","","0","","40 20:28.570","6","0","79 57:45.920","0","0","0","0","2454","0","0","0","N","0","0","0","1","02454","0","","5.0","","1","N","N","","0","","0","0","0","","0","Y","","1","0","0","0","0","0","0","2","0","1","","","","N","","","","","","","","","",""
"2018027108","1316","2","0","0","0","0","0","0","0","0","1","0","","02","2","2018","7","40.438846","-79.831632","1305","11","0","0","0","0","0","1","0","0","1","0","0","0","","","0","","0","","40 26:19.844","4","0","79 49:53.874","0","0","0","0","2419","0","0","0","N","0","0","0","4","02419","0","","1.0","","9","N","N","","0","","0","0","0","","0","N","","2","0","0","0","0","0","0","2","0","2","","","","N","","","","","","","","","",""
"2018047532","1605","3","0","0","0","0","0","0","0","0","6","0","","02","4","2018","7","40.353947","-79.914901","1601","11","0","0","0","0","0","2","0","0","2","0","0","0","","","0","","2","","40 21:14.208","6","0","79 54:53.644","0","0","0","0","2473","0","0","0","N","0","0","0","3","02473","0","","1.0","","1","N","N","","0","","0","0","0","","2","N","","3","0","0","0","0","0","0","2","0","3","","","","N","","","","","","","","","",""
"2018015654","0815","1","0","0","0","0","0","0","0","0","7","0","","02","2","2018","2","40.391534","-79.93372","0815","11","0","0","0","0","0","0","0","0","","0","0","0","","","0","","0","","40 23:29.524","","2","79 56:01.392","0","0","0","0","2301","0","0","0","N","0","0","0","1","02301","0","","4.0","","2","N","N","","0","","0","0","0","","0","N","","1","0","0","0","0","0","0","2","0","1","","","","N","","","","","","","","","",""
"2018036959","0407","1","0","0","0","0","0","0","0","0","7","0","","02","2","2018","2","40.522898","-80.005464","0403","11","0","0","0","0","0","0","0","0","1","0","0","0","","","0","","0","","40 31:22.432","2","0","80 00:19.670","0","0","0","0","2116","0","0","0","N","0","0","0","1","02116","0","","2.0","","7","N","N","","0","","0","0","0","","0","N","","1","0","0","0","0","0","0","2","0","1","","","","N","","","","","","","","","",""
"2018020660","1302","1","0","0","0","0","0","0","0","0","7","0","","02","2","2018","6","40.48018","-79.965531","1256","11","0","0","0","0","0","0","0","0","1","0","0","0","","","2","","0","","40 28:48.647","2","0","79 57:55.910","8","0","0","0","2118","0","0","0","N","0","0","0","2","02118","0","","4.0","","1","N","N","","0","","0","0","0","","0","N","","1","2","0","0","0","2","0","2","0","1","","","","N","","","","","","","","","",""
"2018019277","1614","2","0","0","0","0","0","0","0","0","4","0","","02","2","2018","2","40.345606","-79.830997","1612","11","0","0","0","0","0","0","0","0","","0","0","0","","","0","","0","","40 20:44.180","","0","79 49:51.590","0","0","0","0","2304","0","0","0","N","0","0","0","2","02304","0","","1.0","","98","N","N","","0","","0","0","0","","0","","","2","0","0","0","0","0","0","2","0","2","","","","N","","","","","","","","","",""
"2018022652","0850","1","0","0","1","0","1","0","0","0","4","0","","02","2","2018","4","40.448876","-79.893901","0835","11","0","0","0","0","0","0","0","0","1","0","0","0","","","1","","1","","40 26:55.954","1","0","79 53:38.042","2","0","0","0","2301","1","0","1","N","0","0","0","2","02301","0","","1.0","","1","N","N","","0","","0","1","0","","0","N","","2","1","0","0","0","0","0","2","0","1","","","","N","","","","","","","","","",""