"CRN","ARRIVAL_TM","AUTOMOBILE_COUNT","BELTED_DEATH_COUNT","BELTED_SUSP_SERIOUS_INJ_COUNT","BICYCLE_COUNT","BICYCLE_DEATH_COUNT","BICYCLE_SUSP_SERIOUS_INJ_COUNT","BUS_COUNT","CHLDPAS_DEATH_COUNT","CHLDPAS_SUSP_SERIOUS_INJ_COUNT","COLLISION_TYPE","COMM_VEH_COUNT","CONS_ZONE_SPD_LIM","COUNTY","CRASH_MONTH","CRASH_YEAR","DAY_OF_WEEK","DEC_LATITUDE","DEC_LONGITUDE","DISPATCH_TM","DISTRICT","DRIVER_COUNT_16YR","DRIVER_COUNT_17YR","DRIVER_COUNT_18YR","DRIVER_COUNT_19YR","DRIVER_COUNT_20YR","DRIVER_COUNT_50_64YR","DRIVER_COUNT_65_74YR","DRIVER_COUNT_75PLUS","EST_HRS_CLOSED","FATAL_COUNT","HEAVY_TRUCK_COUNT","HORSE_BUGGY_COUNT","HOUR_OF_DAY","ILLUMINATION","INJURY_COUNT","INTERSECTION_RELATED","INTERSECT_TYPE","LANE_CLOSED","LATITUDE","LN_CLOSE_DIR","LOCATION_TYPE","LONGITUDE","MAX_SEVERITY_LEVEL","MCYCLE_DEATH_COUNT","MCYCLE_SUSP_SERIOUS_INJ_COUNT","MOTORCYCLE_COUNT","MUNICIPALITY","NONMOTR_COUNT","NONMOTR_DEATH_COUNT","NONMOTR_SUSP_SERIOUS_INJ_COUNT","NTFY_HIWY_MAINT","PED_COUNT","PED_DEATH_COUNT","PED_SUSP_SERIOUS_INJ_COUNT","PERSON_COUNT","POLICE_AGCY","POSSIBLE_INJ_COUNT","RDWY_SURF_TYPE_CD","RELATION_TO_ROAD","ROADWAY_CLEARED","ROAD_CONDITION","SCH_BUS_IND","SCH_ZONE_IND","SECONDARY_CRASH","SMALL_TRUCK_COUNT","SPEC_JURIS_CD","SUSP_MINOR_INJ_COUNT","SUSP_SERIOUS_INJ_COUNT","SUV_COUNT","TCD_FUNC_CD","TCD_TYPE","TFC_DETOUR_IND","TIME_OF_DAY","TOTAL_UNITS","TOT_INJ_COUNT","UNBELTED_OCC_COUNT","UNB_DEATH_COUNT","UNB_SUSP_SERIOUS_INJ_COUNT","UNK_INJ_DEG_COUNT","UNK_INJ_PER_COUNT","URBAN_RURAL","VAN_COUNT","VEHICLE_COUNT","WEATHER1","WEATHER2","WORKERS_PRES","WORK_ZONE_IND","WORK_ZONE_LOC","WORK_ZONE_TYPE","WZ_CLOSE_DETOUR","WZ_FLAGGER","WZ_LAW_OFFCR_IND","WZ_LN_CLOSURE","WZ_MOVING","WZ_OTHER","WZ_SHLDER_MDN","WZ_WORKERS_INJ_KILLED"
"2018052780","1122","3","0","0","0","0","0","0","0","0","1","1","","02","5","2018","3","40.377251","-80.004201","1103","11","0","0","0","0","0","1","0","0","","0","1","0","","","0","","2","","40 22:38.103","","0","80 00:15.124","0","0","0","0","2301","0","0","0","N","0","0","0","8","02301","0","","1.0","","1","N","N","","0","","0","0","0","","0","","","4","0","8","0","0","0","0","2","0","4","","","","Y","","","","","","","","","",""
"2018009709","1302","1","0","0","0","0","0","0","0","0","8","0","","02","1","2018","6","40.419778","-79.850224","1259","11","0","0","0","0","0","1","0","0","1","0","0","0","","","1","","1","","40 25:11.199","3","0","79 51:00.807","8","0","0","0","2431","1","0","0","N","1","0","0","2","02431","0","","1.0","","1","N","N","","0","","0","0","0","","2","N","","2","1","1","0","0","1","0","2","0","1","","","","N","","","","","","","","","",""
"2018031393","1543","4","0","0","0","0","0","0","0","0","1","0","","02","3","2018","3","40.529834","-80.001659","1541","11","0","0","0","0","0","1","1","0","1","0","0","0","","","0","","0","","40 31:47.401","6","0","80 00:05.972","0","0","0","0","2116","0","0","0","N","0","0","0","4","02116","0","","1.0","","9","N","N","","0","","0","0","0","","0","N","","4","0","0","0","0","0","0","2","0","4","","","","N","","","","","","","","","",""
"2018056018","2110","2","0","0","0","0","0","0","0","0","4","0","","02","5","2018","4","40.550328","-80.019148","2100","11","0","0","0","0","0","0","0","0","","0","0","0","","","1","","2","","40 33:01.180","","0","80 01:08.931","8","0","0","0","2116","0","0","0","N","0","0","0","3","02116","0","","1.0","","9","N","N","","0","","0","0","0","","1","","","2","1","0","0","0","1","0","2","0","2","","","","N","","","","","","","","","",""
"2018029621","0205","1","0","0","0","0","0","0","0","0","7","0","","02","3","2018","6","40.574091","-79.960614","0156","11","0","0","0","0","0","0","0","0","1","0","0","0","","","0","","0","","40 34:26.729","1","0","79 57:38.210","9","0","0","0","2207","0","0","0","N","0","0","0","2","02207","0","","4.0","","1","N","N","","0","","0","0","0","","0","N","","1","0","0","0","0","0","1","2","0","1","","","","N","","","","","","","","","",""
"2018062876","0144","0","0","0","0","0","0","0","0","0","99","0","","02","6","2018","4","40.653013","-80.083275","0134","11","0","0","0","0","0","1","0","0","","0","0","0","","","1","","0","","40 39:10.847","","0","80 04:59.791","3","0","0","0","2212","0","0","0","N","0","0","0","1","02505","0","","1.0","","1","N","N","","0","","1","0","1","","0","","","1","1","0","0","0","0","0","2","0","1","","","","N","","","","","","","","","",""
"2018029588","2152","2","0","0","0","0","0","0","0","0","4","0","","02","3","2018","3","40.347503","-79.944825","2148","11","0","0","0","0","0","0","0","0","2","0","0","0","","","2","","5","","40 20:51.011","3","0","79 56:41.369","8","0","0","0","2473","0","0","0","N","0","0","0","4","02473","0","","1.0","","1","N","N","","0","","0","0","0","","3","N","","2","2","1","0","0","2","0","2","0","2","","","","N","","","","","","","","","",""
"2018050106","1602","1","0","0","0","0","0","0","0","0","6","0","","02","5","2018","2","40.466237","-79.826111","1553","11","0","0","0","0","0","1","0","0","","0","0","0","","","2","","0","","40 27:58.452","","0","79 49:33.998","4","0","0","0","2113","0","0","0","N","0","0","0","5","02113","2","","1.0","","1","N","N","","0","","0","0","1","","0","N","","2","2","0","0","0","0","0","2","0","2","","","","N","","","","","","","","","",""
"2018025005","0558","1","0","0","0","0","0","0","0","0","1","0","","02","2","2018","3","40.456876","-79.823172","0552","11","0","0","0","0","0","1","0","0","2","0","0","0","","","0","","0","","40 27:24.754","5","0","79 49:23.419","0","0","0","0","2113","0","0","0","N","0","0","0","2","02113","0","","1.0","","2","N","N","","0","","0","0","1","","0","Y","","2","0","0","0","0","0","0","2","0","2","","","","N","","","","","","","","","",""
"2018045305","0102","1","0","0","0","0","0","0","0","0","4","0","","02","2","2018","4","40.381372","-79.816947","0102","11","0","0","0","0","0","1","0","1","","0","0","0","","","0","","0","","40 22:52.938","","7","79 49:01.010","0","0","0","0","2111","0","0","0","N","0","0","0","2","02111","0","","1.0","","1","N","N","","0","","0","0","1","","0","","","2","0","0","0","0","0","0","2","0","2","","","","N","","","","","","","","","",""
"2018058507","1400","2","0","0","0","0","0","0","0","0","4","0","","02","5","2018","5","40.442397","-80.000034","1400","11","0","0","1","0","0","0","0","0","1","0","0","0","","","0","","1","","40 26:32.630","3","0","80 00:00.123","0","0","0","0","2301","0","0","0","N","0","0","0","5","02301","0","","1.0","","1","N","N","","0","","0","0","0","","0","N","","2","0","0","0","0","0","0","2","0","2","","","","N","","","","","","","","","",""
"2018007583","1245","0","0","0","0","0","0","0","0","0","7","0","","02","1","2018","2","40.657578","-79.957937","1240","11","0","0","0","0","0","0","1","0","","0","0","0","","","1","","0","","40 39:27.282","","0","79 57:28.572","3","0","0","0","2217","0","0","0","N","0","0","0","1","02505","0","","5.0","","1","N","N","","0","","1","0","1","","0","","","1","1","0","0","0","0","0","1","0","1","","","","N","","","","","","","","","",""
"2018055198","0115","0","0","0","0","0","0","0","0","0","7","0","","02","5","2018","6","40.385173","-79.972749","0110","11","0","0","0","0","0","0","0","0","1","0","0","0","","","0","","0","","40 23:06.622","6","0","79 58:21.896","0","0","0","0","2403","0","0","0","N","0","0","0","1","02403","0","","5.0","","1","N","N","","0","","0","0","1","","0","N","","1","0","0","0","0","0","0","2","0","1","","","","N","","","","","","","","","",""
"2018058327","2109","0","0","0","0","0","0","0","0","0","7","0","","02","5","2018","2","40.479377","-80.007606","2049","11","0","0","0","0","1","0","0","0","","0","0","0","","","1","","0","","40 28:45.758","","0","80 00:27.382","8","0","0","0","2301","0","0","0","N","0","0","0","1","68B03","0","","4.0","","9","N","N","","0","","0","0","1","","0","","","1","1","0","0","0","1","0","2","0","1","","","","N","","","","","","","","","",""
"2018026995","2102","2","0","0","0","0","0","0","0","0","4","0","","02","3","2018","7","40.296823","-79.919633","2059","11","0","0","0","0","0","0","0","0","","0","0","0","","","0","","2","","40 17:48.561","","0","79 55:10.677","0","0","0","0","2440","0","0","0","N","0","0","0","4","02440","0","","1.0","","1","N","N","","0","","0","0","0","","2","","","2","0","0","0","0","0","0","2","0","2","","","","N","","","","","","","","","",""
"2018007344","1730","1","0","0","0","0","0","0","0","0","7","0","","02","1","2018","2","40.447978","-79.959008","1720","11","0","0","1","0","0","0","0","0","2","0","0","0","","","0","","0","","40 26:52.720","7","0","79 57:32.430","0","0","0","0","2301","0","0","0","N","0","0","0","2","02301","0","","5.0","","7","N","N","","0","","0","0","0","","2","N","","1","0","0","0","0","0","0","2","0","1","","","","N","","","","","","","","","",""
"2018026757","0947","3","0","0","0","0","0","0","0","0","5","0","","02","3","2018","2","40.446891","-79.894327","0913","11","0","0","0","0","0","1","1","0","","0","0","0","","","1","","0","","40 26:48.809","","0","79 53:39.577","4","0","0","0","2301","0","0","0","N","0","0","0","4","02301","1","","1.0","","1","N","N","","0","","0","0","0","","2","","","3","1","0","0","0","0","0","2","0","3","","","","N","","","","","","","","","",""
"2018024552","1558","0","0","0","0","0","0","0","0","0","7","0","","02","2","2018","7","40.604503","-80.1594","1550","11","0","0","0","0","0","1","0","0","3","0","0","0","","","1","","0","","40 36:16.210","6","0","80 09:33.840","3","0","0","0","2480","0","0","0","N","0","0","0","2","02480","0","","5.0","","7","N","N","","0","","1","0","1","","0","Y","","1","1","0","0","0","0","0","1","0","1","","","","N","","","","","","","","","",""
"2018007711","1457","0","0","0","0","0","0","0","0","0","7","0","","02","1","2018","3","40.661937","-80.014604","1455","11","0","0","1","0","0","0","0","0","3","0","0","0","","","0","","0","","40 39:42.972","4","0","80 00:52.573","0","0","0","0","2216","0","0","0","N","0","0","0","1","02505","0","","5.0","","7","N","N","","0","","0","0","1","","0","N","","1","0","0","0","0","0","0","2","0","1","","","","N","","","","","","","","","",""
"2018021937","2113","1","0","0","0","0","0","0","0","0","0","0","","02","2","2018","7","40.296114","-79.912228","2105","11","0","0","0","0","1","0","0","0","","0","0","0","","","1","","0","","40 17:46.010","","0","79 54:44.020","3","0","0","0","2440","0","0","0","N","0","0","0","1","68T09","0","","4.0","","9","N","N","","0","","1","0","0","","8","","","1","1","0","0","0","0","0","2","0","1","","","","N","","","","","","","","","",""
"2018031587","1845","1","0","0","0","0","0","0","0","0","8","0","","02","3","2018","4","40.436214","-79.954261","1843","11","0","0","0","0","0","0","0","0","","0","0","0","","","1","","0","","40 26:10.370","","0","79 57:15.340","8","0","0","0","2301","1","0","0","N","1","0","0","3","02301","0","","1.0","","1","N","N","","0","","0","0","0","","0","","","2","1","0","0","0","1","0","2","0","1","","","","N","","","","","","","","","",""
"2018063586","1843","1","0","0","0","0","0","1","0","0","5","1","","02","6","2018","5","40.441622","-79.993771","1840","11","0","0","0","0","0","2","0","0","","0","0","0","","","1","","0","","40 26:29.840","","2","79 59:37.574","3","0","0","0","2301","0","0","0","N","0","0","0","2","02503","0","","1.0","","1","N","N","","0","","1","0","0","","0","","","2","1","0","0","0","0","0","2","0","2","","","","N","","","","","","","","","",""
"2018019567","0805","0","0","0","0","0","0","0","0","0","4","0","","02","2","2018","3","40.343839","-79.997116","0802","11","0","0","0","0","0","0","1","0","2","0","0","0","","","1","","1","","40 20:37.820","4","0","79 59:49.617","8","0","0","0","2403","0","0","0","N","0","0","0","2","02403","0","","1.0","","1","N","N","","0","","0","0","2","","3","N","","2","1","0","0","0","1","0","2","0","2","","","","N","","","","","","","","","",""
"2018020604","0810","2","0","0","0","0","0","0","0","0","4","0","","02","2","2018","6","40.478285","-80.031229","0806","11","0","0","0","0","0","0","0","0","","0","0","0","","","1","","1","","40 28:41.826","","0","80 01:52.424","4","0","0","0","2301","0","0","0","N","0","0","0","4","02301","1","","1.0","","9","N","N","","0","","0","0","0","","0","","","2","1","0","0","0","0","0","2","0","2","","","","N","","","","","","","","","",""
"2018020657","1249","1","0","0","0","0","0","0","0","0","1","0","","02","2","2018","6","40.470633","-79.926619","1249","11","0","0","0","0","0","1","0","0","1","0","0","0","","","0","","0","","40 28:14.280","1","0","79 55:35.830","0","0","0","0","2301","0","0","0","N","0","0","0","1","02301","0","","6.0","","1","N","N","","1","","0","0","0","","0","N","","2","0","0","0","0","0","0","2","0","2","","","","N","","","","","","","","","",""
"2018019519","1415","2","0","0","0","0","0","0","0","0","4","0","","02","2","2018","2","40.499491","-80.066348","1411","11","0","0","0","0","0","1","0","1","2","0","0","0","","","1","","1","","40 29:58.167","5","0","80 03:58.852","8","0","0","0","2402","0","0","0","N","0","0","0","2","02402","0","","1.0","","9","N","N","","0","","0","0","0","","3","N","","2","1","0","0","0","1","0","2","0","2","","","","N","","","","","","","","","",""
"2018034871","0906","2","0","0","0","0","0","0","0","0","1","0","","02","1","2018","5","40.473639","-80.003003","0856","11","0","0","0","0","0","2","0","0","","0","0","0","","","2","","0","","40 28:25.100","","0","80 00:10.810","8","0","0","0","2301","0","0","0","N","0","0","0","5","02301","0","","1.0","","6","N","N","","0","","0","0","0","","8","","","2","2","0","0","0","2","0","2","0","2","","","","N","","","","","","","","","",""
"2018028769","1107","2","0","0","0","0","0","0","0","0","5","0","","02","3","2018","5","40.435757","-79.825182","1104","11","0","0","0","0","0","1","0","1","2","0","0","0","","","0","","0","","40 26:08.724","4","0","79 49:30.655","0","0","0","0","2419","0","0","0","N","0","0","0","3","02419","0","","1.0","","1","N","N","","0","","0","0","0","","0","N","","2","0","0","0","0","0","0","2","0","2","","","","N","","","","","","","","","",""
"2018007141","1143","2","0","0","0","0","0","0","0","0","4","0","","02","1","2018","2","40.338833","-80.065858","1143","11","0","0","0","0","0","1","0","0","1","0","0","0","","","1","","1","","40 20:19.797","2","0","80 03:57.088","3","0","0","0","2123","0","0","0","N","0","0","0","2","02123","0","","1.0","","1","N","N","","0","","1","0","0","","2","N","","2","1","0","0","0","0","0","2","0","2","","","","N","","","","","","","","","",""
"2018061244","1958","1","0","0","0","0","0","0","0","0","4","0","","02","6","2018","2","40.340344","-79.938195","1954","11","0","0","0","0","0","0","1","0","1","0","0","0","","","1","","1","","40 20:25.240","1","0","79 56:17.503","8","0","0","0","2473","0","0","0","N","0","0","0","4","02473","0","","1.0","","1","N","N","","0","","0","0","1","","2","N","","2","1","0","0","0","1","0","2","0","2","","","","N","","","","","","","","","",""
"2018055674","1208","2","0","0","0","0","0","0","0","0","4","0","","02","5","2018","3","40.530573","-80.010031","1203","11","0","0","0","0","0","0","0","0","1","0","0","0","","","1","","0","","40 31:50.063","6","0","80 00:36.112","8","0","0","0","2116","0","0","0","N","0","0","0","2","02116","0","","1.0","","1","N","N","","0","","0","0","0","","3","N","","2","1","0","0","0","1","0","2","0","2","","","","N","","","","","","","","","",""
"2018056706","1652","1","0","0","0","0","0","0","0","0","7","0","","02","5","2018","5","40.428857","-80.144429","1646","11","0","0","0","0","0","0","1","0","1","0","0","0","","","1","","0","","40 25:43.885","1","0","80 08:39.943","3","0","0","0","2102","0","0","0","N","0","0","0","1","02102","0","","5.0","","1","N","N","","0","","1","0","0","","0","N","","1","1","0","0","0","0","0","1","0","1","","","","N","","","","","","","","","",""
"2018061256","1457","1","0","0","0","0","0","0","0","0","1","1","","02","6","2018","3","40.623674","-79.870971","1451","11","0","1","0","0","0","0","0","0","1","0","1","0","","","0","","0","","40 37:25.226","2","0","79 52:15.494","0","0","0","0","2220","0","0","0","N","0","0","0","5","02220","0","","1.0","","1","N","N","","0","","0","0","0","","0","Y","","2","0","0","0","0","0","0","2","0","2","","","","N","","","","","","","","","",""
"2018044827","1934","1","0","0","0","0","0","0","0","0","7","0","","02","2","2018","4","40.587217","-80.099845","1923","11","0","0","0","0","0","0","0","0","2","0","0","0","","","0","","0","","40 35:13.980","2","0","80 05:59.443","0","0","0","0","2481","0","0","0","N","0","0","0","2","68B03","0","","4.0","","9","N","N","","0","","0","0","0","","0","N","","1","0","0","0","0","0","0","2","0","1","","","","N","","","","","","","","","",""
"2018059013","2334","1","0","0","0","0","0","0","0","0","7","0","","02","5","2018","4","40.516907","-80.133461","2323","11","0","0","0","0","0","0","0","0","2","0","0","0","","","0","","0","","40 31:00.865","2","0","80 08:00.459","0","0","0","0","2434","0","0","0","N","0","0","0","1","68B03","0","","2.0","","1","N","N","","0","","0","0","0","","0","N","","1","0","0","0","0","0","0","2","0","1","","","","N","","","","","","","","","",""
"2018026612","2031","2","0","0","0","0","0","0","0","0","5","0","","02","3","2018","1","40.474131","-80.013833","2014","11","0","0","0","0","0","0","0","0","","0","0","0","","","0","","0","","40 28:26.870","","0","80 00:49.800","0","0","0","0","2301","0","0","0","N","0","0","0","2","02301","0","","1.0","","1","N","N","","0","","0","0","0","","0","","","2","0","0","0","0","0","0","2","0","2","","","","N","","","","","","","","","",""
"2018019912","0746","1","0","0","0","0","0","0","0","0","7","0","","02","2","2018","4","40.410455","-79.83093","0736","11","0","0","0","0","0","1","0","0","","0","0","0","","","0","","0","","40 24:37.638","","0","79 49:51.347","0","0","0","0","2467","0","0","0","N","0","0","0","1","02467","0","","2.0","","9","Y","N","","0","","0","0","0","","0","","","1","0","0","0","0","0","0","2","0","1","","","","N","","","","","","","","","",""
"2018029637","0405","0","0","0","0","0","0","0","0","0","7","0","","02","2","2018","6","40.466621","-80.060435","0403","11","0","0","0","0","0","0","0","0","2","0","0","0","","","0","","0","","40 27:59.834","1","0","80 03:37.567","9","0","0","0","2444","0","0","0","N","0","0","0","1","02444","0","","5.0","","1","N","N","","0","","0","0","1","","0","N","","1","0","0","0","0","0","1","2","0","1","","","","N","","","","","","","","","",""
"2018051589","1845","2","0","0","0","0","0","0","0","0","4","0","","02","5","2018","6","40.526013","-79.842705","1845","11","0","0","0","0","0","1","0","0","1","0","0","0","","","0","","1","","40 31:33.647","3","0","79 50:33.739","0","0","0","0","2451","0","0","0","N","0","0","0","5","02451","0","","1.0","","1","N","N","","0","","0","0","0","","0","N","","2","0","1","0","0","0","0","2","0","2","","","","N","","","","","","","","","",""
"2018009525","0715","1","0","0","0","0","0","0","0","0","2","0","","02","1","2018","5","40.620708","-80.073851","0713","11","0","0","0","0","0","0","1","0","2","0","0","0","","","1","","0","","40 37:14.549","3","0","80 04:25.865","4","0","0","0","2212","0","0","0","N","0","0","0","2","02505","1","","1.0","","9","N","N","","1","","0","0","0","","0","N","","2","1","0","0","0","0","0","2","0","2","","","","N","","","","","","","","","",""
"2018060464","1521","0","0","0","0","0","0","0","0","0","5","2","","02","5","2018","5","40.463779","-80.032336","1510","11","0","0","0","0","0","1","0","0","3","0","2","0","","","0","","0","","40 27:49.605","5","0","80 01:56.409","0","0","0","0","2458","0","0","0","N","0","0","0","2","02458","0","","1.0","","1","N","N","","0","","0","0","0","","2","N","","2","0","0","0","0","0","0","2","0","2","","","","N","","","","","","","","","",""
"2018031813","1051","0","0","0","0","0","0","0","0","0","4","0","","02","3","2018","7","40.340839","-80.022778","1048","11","0","0","0","0","0","1","0","0","","0","0","0","","","0","","0","","40 20:27.020","","7","80 01:22.000","0","0","0","0","2407","0","0","0","N","0","0","0","4","02407","0","","1.0","","1","N","N","","0","","0","0","2","","3","","","2","0","0","0","0","0","0","2","0","2","","","","N","","","","","","","","","",""
"2018057234","1910","2","0","0","0","0","0","0","0","0","4","0","","02","5","2018","2","40.409342","-80.192458","1908","11","0","0","0","0","0","1","0","0","2","0","0","0","","","1","","2","","40 24:33.632","1","0","80 11:32.849","3","0","0","0","2214","0","0","0","N","0","0","0","4","02214","0","","1.0","","1","N","N","","0","","1","0","0","","3","N","","2","1","0","0","0","0","0","1","0","2","","","","N","","","","","","","","","",""
"2018026459","1839","2","0","0","0","0","0","0","0","0","4","0","","02","2","2018","4","40.448519","-80.012793","1839","11","0","0","0","0","0","0","0","0","","0","0","0","","","0","","7","","40 26:54.668","","2","80 00:46.054","0","0","0","0","2301","0","0","0","N","0","0","0","2","02301","0","","1.0","","1","N","N","","0","","0","0","0","","0","","","2","0","0","0","0","0","0","2","0","2","","","","N","","","","","","","","","",""
"2018032484","2225","4","0","0","0","0","0","0","0","0","1","0","","02","3","2018","7","40.468203","-80.069094","2220","11","0","0","0","0","0","0","0","0","3","0","0","0","","","1","","0","","40 28:05.530","5","0","80 04:08.740","3","0","0","0","2444","0","0","0","N","0","0","0","1","02444","0","","6.0","","1","N","N","","0","","1","0","0","","0","Y","","4","1","0","0","0","0","0","2","0","4","","","","N","","","","","","","","","",""
"2018008935","1450","1","0","0","0","0","0","0","0","0","7","0","","02","1","2018","3","40.631561","-80.003051","1455","11","0","0","0","0","0","0","0","0","1","0","0","0","","","0","","0","","40 37:53.620","1","0","80 00:10.983","0","0","0","0","2216","0","0","0","Y","0","0","0","1","02505","0","","4.0","","7","N","N","","0","","0","0","0","","0","N","","1","0","0","0","0","0","0","2","0","1","","","","N","","","","","","","","","",""
"2018056958","1005","0","0","0","0","0","0","0","0","0","7","0","","02","5","2018","1","40.46119","-79.870168","0958","11","0","0","0","0","0","1","0","0","3","0","0","0","","","1","","1","","40 27:40.284","6","0","79 52:12.604","3","0","0","0","2113","0","0","0","N","0","0","0","1","02113","0","","5.0","","1","N","N","","0","","1","0","1","","2","Y","","2","1","0","0","0","0","0","2","0","1","","","","N","","","","","","","","","",""
"2018019294","1911","1","0","0","0","0","0","0","0","0","7","0","","02","2","2018","2","40.450639","-79.882092","1900","11","0","0","0","0","0","0","0","0","1","0","0","0","","","0","","0","","40 27:02.300","5","0","79 52:55.530","0","0","0","0","2301","0","0","0","N","0","0","0","3","02301","0","","5.0","","1","N","N","","0","","0","0","0","","0","N","","1","0","0","0","0","0","0","2","0","1","","","","N","","","","","","","","","",""
"2018057273","1737","1","0","0","0","0","0","0","0","0","1","0","","02","4","2018","6","40.438065","-80.012716","1737","11","0","0","0","1","0","0","0","0","","0","0","0","","","0","","0","","40 26:17.035","","3","80 00:45.776","0","0","0","0","2301","0","0","0","N","0","0","0","3","68B03","0","","1.0","","1","N","N","","0","","0","0","1","","0","","","2","0","0","0","0","0","0","2","0","2","","","","N","","","","","","","","","",""
"2018065105","1430","2","0","0","0","0","0","0","0","0","1","0","","02","6","2018","2","40.446306","-79.827893","1424","11","0","0","0","1","0","0","1","0","1","0","0","0","","","0","","1","","40 26:46.702","2","0","79 49:40.415","0","0","0","0","2113","0","0","0","N","0","0","0","2","02113","0","","1.0","","1","N","N","","0","","0","0","0","","2","Y","","2","0","0","0","0","0","0","2","0","2","","","","N","","","","","","","","","",""
"2018028469","1645","1","0","0","0","0","0","0","0","0","1","0","","02","3","2018","3","40.436129","-79.970043","1634","11","0","0","0","0","0","0","0","0","1","0","0","0","","","0","","0","","40 26:10.063","4","2","79 58:12.153","0","0","0","0","2301","0","0","0","N","0","0","0","3","68B03","0","","1.0","","1","N","N","","0","","0","0","1","","0","Y","","2","0","0","0","0","0","0","2","0","2","","","","N","","","","","","","","","",""
"2018047709","2005","0","0","0","0","0","0","0","0","0","7","0","","02","4","2018","1","40.475911","-79.864891","2003","11","0","0","0","0","0","0","0","0","1","0","0","0","","","1","","0","","40 28:33.279","1","0","79 51:53.608","3","0","0","0","2113","0","0","0","N","0","0","0","2","02113","0","","5.0","","1","N","N","","0","","1","0","2","","0","N","","2","1","0","0","0","0","0","2","0","2","","","","N","","","","","","","","","",""
"2018057987","1309","1","0","0","0","0","0","0","0","0","5","1","","02","5","2018","4","40.437508","-79.994268","1305","11","0","0","0","0","0","0","2","0","","0","1","0","","","0","","0","","40 26:15.028","","0","79 59:39.363","0","0","0","0","2301","0","0","0","N","0","0","0","2","02301","0","","1.0","","1","N","N","","0","","0","0","0","","0","","","2","0","0","0","0","0","0","2","0","2","","","","N","","","","","","","","","",""
"2018023809","1403","2","0","0","0","0","0","0","0","0","4","0","","02","2","2018","7","40.331086","-80.021762","1403","11","0","0","0","0","0","0","0","0","","0","0","0","","","1","","0","","40 19:51.909","","7","80 01:18.344","4","0","0","0","2407","0","0","0","N","0","0","0","2","02407","1","","1.0","","1","N","N","","0","","0","0","0","","0","","","2","1","0","0","0","0","0","2","0","2","","","","N","","","","","","","","","",""
"2018019015","0835","1","0","0","0","0","0","0","0","0","4","0","","02","2","2018","2","40.41005","-80.026467","0737","11","0","0","0","0","0","0","0","0","3","0","0","0","","","0","","0","","40 24:36.180","5","0","80 01:35.280","0","0","0","0","2301","0","0","0","N","0","0","0","1","02301","0","","4.0","","7","N","N","","0","","0","0","1","","0","Y","","2","0","1","0","0","0","0","2","0","2","","","","N","","","","","","","","","",""
"2018057022","2321","1","0","0","0","0","0","0","0","0","4","0","","02","5","2018","1","40.427071","-79.938664","2317","11","1","0","0","0","0","0","0","0","2","0","0","0","","","0","","3","","40 25:37.455","7","0","79 56:19.190","0","0","0","0","2301","0","0","0","N","0","0","0","3","02301","0","","1.0","","1","N","N","","0","","0","0","1","","3","Y","","2","0","0","0","0","0","0","2","0","2","","","","N","","","","","","","","","",""
"2018058429","0816","3","0","0","0","0","0","0","0","0","1","0","","02","5","2018","4","40.425711","-79.910218","0751","11","0","0","0","0","0","0","1","0","","0","0","0","","","0","","0","","40 25:32.560","","0","79 54:36.783","0","0","0","0","2301","0","0","0","","0","0","0","3","68B03","0","","1.0","","1","N","N","","0","","0","0","0","","0","","","3","0","0","0","0","0","0","2","0","3","","","","N","","","","","","","","","",""
"2018003692","1511","0","0","0","0","0","0","0","0","0","7","0","","02","1","2018","2","40.367258","-79.953642","1459","11","0","0","0","0","0","0","0","0","1","0","0","0","","","0","","0","","40 22:02.130","4","0","79 57:13.110","0","0","0","0","2403","0","0","0","N","0","0","0","1","02403","0","","2.0","","2","N","N","","0","","0","0","1","","0","N","","1","0","0","0","0","0","0","2","0","1","","","","N","","","","","","","","","",""
"2018023056","0139","1","0","0","0","0","0","0","0","0","7","0","","02","2","2018","7","40.609497","-79.920976","0134","11","0","0","1","0","0","0","0","0","1","0","0","0","","","0","","2","","40 36:34.189","1","0","79 55:15.513","0","0","0","0","2207","0","0","0","N","0","0","0","1","02207","0","","5.0","","2","N","N","","0","","0","0","0","","0","N","","1","0","0","0","0","0","0","2","0","1","","","","N","","","","","","","","","",""
"2018058927","0939","2","0","0","0","0","0","0","0","0","4","0","","02","1","2018","5","40.362147","-80.097705","0936","11","0","0","0","0","0","0","0","2","","0","0","0","","","0","","1","","40 21:43.729","","0","80 05:51.738","0","0","0","0","2414","0","0","0","N","0","0","0","2","02414","0","","1.0","","1","N","N","","0","","0","0","0","","3","","","2","0","0","0","0","0","0","2","0","2","","","","N","","","","","","","","","",""
"2018056825","0350","0","0","0","0","0","0","0","0","0","7","0","","02","5","2018","3","40.405335","-79.818489","0347","11","0","0","0","0","0","0","0","0","3","0","0","0","","","0","","0","","40 24:19.206","5","0","79 49:06.560","0","0","0","0","2467","0","0","0","N","0","0","0","1","02467","0","","5.0","","9","N","N","","1","","0","0","0","","0","Y","","1","0","0","0","0","0","0","2","0","1","","","","N","","","","","","","","","",""