"CRN","ARRIVAL_TM","AUTOMOBILE_COUNT","BELTED_DEATH_COUNT","BELTED_SUSP_SERIOUS_INJ_COUNT","BICYCLE_COUNT","BICYCLE_DEATH_COUNT","BICYCLE_SUSP_SERIOUS_INJ_COUNT","BUS_COUNT","CHLDPAS_DEATH_COUNT","CHLDPAS_SUSP_SERIOUS_INJ_COUNT","COLLISION_TYPE","COMM_VEH_COUNT","CONS_ZONE_SPD_LIM","COUNTY","CRASH_MONTH","CRASH_YEAR","DAY_OF_WEEK","DEC_LATITUDE","DEC_LONGITUDE","DISPATCH_TM","DISTRICT","DRIVER_COUNT_16YR","DRIVER_COUNT_17YR","DRIVER_COUNT_18YR","DRIVER_COUNT_19YR","DRIVER_COUNT_20YR","DRIVER_COUNT_50_64YR","DRIVER_COUNT_65_74YR","DRIVER_COUNT_75PLUS","EST_HRS_CLOSED","FATAL_COUNT","HEAVY_TRUCK_COUNT","HORSE_BUGGY_COUNT","HOUR_OF_DAY","ILLUMINATION","INJURY_COUNT","INTERSECTION_RELATED","INTERSECT_TYPE","LANE_CLOSED","LATITUDE","LN_CLOSE_DIR","LOCATION_TYPE","LONGITUDE","MAX_SEVERITY_LEVEL","MCYCLE_DEATH_COUNT","MCYCLE_SUSP_SERIOUS_INJ_COUNT","MOTORCYCLE_COUNT","MUNICIPALITY","NONMOTR_COUNT","NONMOTR_DEATH_COUNT","NONMOTR_SUSP_SERIOUS_INJ_COUNT","NTFY_HIWY_MAINT","PED_COUNT","PED_DEATH_COUNT","PED_SUSP_SERIOUS_INJ_COUNT","PERSON_COUNT","POLICE_AGCY","POSSIBLE_INJ_COUNT","RDWY_SURF_TYPE_CD","RELATION_TO_ROAD","ROADWAY_CLEARED","ROAD_CONDITION","SCH_BUS_IND","SCH_ZONE_IND","SECONDARY_CRASH","SMALL_TRUCK_COUNT","SPEC_JURIS_CD","SUSP_MINOR_INJ_COUNT","SUSP_SERIOUS_INJ_COUNT","SUV_COUNT","TCD_FUNC_CD","TCD_TYPE","TFC_DETOUR_IND","TIME_OF_DAY","TOTAL_UNITS","TOT_INJ_COUNT","UNBELTED_OCC_COUNT","UNB_DEATH_COUNT","UNB_SUSP_SERIOUS_INJ_COUNT","UNK_INJ_DEG_COUNT","UNK_INJ_PER_COUNT","URBAN_RURAL","VAN_COUNT","VEHICLE_COUNT","WEATHER1","WEATHER2","WORKERS_PRES","WORK_ZONE_IND","WORK_ZONE_LOC","WORK_ZONE_TYPE","WZ_CLOSE_DETOUR","WZ_FLAGGER","WZ_LAW_OFFCR_IND","WZ_LN_CLOSURE","WZ_MOVING","WZ_OTHER","WZ_SHLDER_MDN","WZ_WORKERS_INJ_KILLED"
"2018022558","1812","2","0","0","0","0","0","0","0","0","1","0","","02","2","2018","3","40.448891","-80.006584","1740","11","0","0","0","0","0","0","0","0","","0","0","0","","","0","","0","","40 26:56.006","","0","80 00:23.703","0","0","0","0","2301","0","0","0","N","0","0","0","2","68B03","0","","1.0","","1","N","N","","0","","0","0","0","","0","","","2","0","0","0","0","0","0","2","0","2","","","","N","","","","","","","","","",""
"2018047832","0937","0","0","0","0","0","0","0","0","0","7","0","","02","4","2018","6","40.468853","-79.930766","0933","11","0","0","0","0","0","0","0","0","3","0","0","0","","","0","","0","","40 28:07.870","4","0","79 55:50.756","9","0","0","0","2301","0","0","0","N","0","0","0","1","02301","0","","4.0","","1","N","N","","1","","0","0","0","","0","Y","","1","0","0","0","0","0","1","2","0","1","","","","N","","","","","","","","","",""
"2018021799","2008","1","0","0","0","0","0","0","0","0","4","0","","02","2","2018","7","40.650984","-79.934234","2004","11","0","0","1","1","0","0","0","0","2","0","0","0","","","1","","1","","40 39:03.544","1","0","79 56:03.242","3","0","0","0","2217","0","0","0","N","0","0","0","4","02505","0","","1.0","","9","N","N","","1","","1","0","0","","3","N","","2","1","1","0","0","0","0","2","0","2","","","","N","","","","","","","","","",""
"2018032352","1605","2","0","0","0","0","0","0","0","0","1","0","","02","3","2018","4","40.541093","-79.782125","1600","11","0","0","0","0","0","1","0","0","","0","0","0","","","1","","2","","40 32:27.933","","0","79 46:55.649","4","0","0","0","2462","0","0","0","N","0","0","0","3","02462","1","","1.0","","1","N","N","","0","","0","0","0","","0","","","2","1","0","0","0","0","0","2","0","2","","","","N","","","","","","","","","",""
"2018057469","1154","1","0","0","0","0","0","0","0","0","99","0","","02","5","2018","1","40.629579","-79.985151","1150","11","0","0","0","0","0","0","0","0","1","0","0","0","","","0","","0","","40 37:46.486","4","0","79 59:06.542","0","0","0","0","2217","0","0","0","N","0","0","0","1","68T02","0","","1.0","","1","N","N","","0","","0","0","0","","0","N","","1","0","0","0","0","0","0","1","0","1","","","","N","","","","","","","","","",""
"2018058693","0941","0","0","0","0","0","0","0","0","0","7","1","","02","5","2018","2","40.33836","-79.897542","0936","11","0","0","0","0","0","1","0","0","3","0","1","0","","","0","","2","","40 20:18.095","6","0","79 53:51.152","0","0","0","0","2473","0","0","0","Y","0","0","0","1","02473","0","","2.0","","1","N","N","","0","","0","0","0","","8","Y","","1","0","0","0","0","0","0","2","0","1","","","","N","","","","","","","","","",""
"2018065419","2211","3","0","0","0","0","0","0","0","0","1","0","","02","6","2018","6","40.425935","-79.911725","2141","11","0","0","0","2","0","0","0","0","","0","0","0","","","0","","0","","40 25:33.366","","4","79 54:42.210","0","0","0","0","2301","0","0","0","N","0","0","0","5","68B03","0","","1.0","","1","N","N","","0","","0","0","0","","0","","","3","0","0","0","0","0","0","2","0","3","","","","N","","","","","","","","","",""
"2018020651","1153","1","0","0","0","0","0","0","0","0","8","0","","02","2","2018","6","40.451997","-79.951437","1149","11","0","0","0","0","0","0","0","0","1","0","0","0","","","1","","0","","40 27:07.189","3","7","79 57:05.173","4","0","0","0","2301","1","0","0","N","1","0","0","2","02301","1","","9.0","","9","N","N","","0","","0","0","0","","0","N","","2","1","0","0","0","0","0","2","0","1","","","","N","","","","","","","","","",""
"2018008729","0725","1","0","0","0","0","0","0","0","0","7","0","","02","1","2018","5","40.424425","-80.029598","0705","11","0","0","0","0","0","0","0","0","","0","0","0","","","0","","0","","40 25:27.931","","0","80 01:46.551","0","0","0","0","2301","0","0","0","N","0","0","0","1","02301","0","","5.0","","2","N","N","","0","","0","0","0","","0","N","","1","0","0","0","0","0","0","2","0","1","","","","N","","","","","","","","","",""
"2018026412","1340","2","0","0","0","0","0","0","0","0","4","0","","02","3","2018","7","40.461313","-79.934164","1334","11","0","0","0","0","0","0","2","0","1","0","0","0","","","0","","1","","40 27:40.726","3","0","79 56:02.990","0","0","0","0","2301","0","0","0","N","0","0","0","2","02301","0","","1.0","","1","N","N","","0","","0","0","0","","0","N","","2","0","1","0","0","0","0","2","0","2","","","","N","","","","","","","","","",""
"2018035648","0904","0","0","0","0","0","0","0","0","0","7","0","","02","3","2018","4","40.616888","-79.761877","0902","11","0","0","0","0","0","0","0","0","","0","0","0","","","1","","0","","40 37:00.795","","0","79 45:42.758","8","0","0","0","2202","0","0","0","Y","0","0","0","1","02202","0","","4.0","","7","N","N","","0","","0","0","0","","0","","","1","1","0","0","0","1","0","1","1","1","","","","N","","","","","","","","","",""
"2018062146","1730","1","0","0","0","0","0","0","0","0","1","0","","02","6","2018","4","40.471452","-80.115692","1718","11","0","0","0","0","0","1","0","0","","0","0","0","","","0","","0","","40 28:17.226","","0","80 06:56.490","0","0","0","0","2126","0","0","0","N","0","0","0","4","68B03","0","","1.0","","1","N","N","","1","","0","0","1","","0","","","3","0","0","0","0","0","0","2","0","3","","","","N","","","","","","","","","",""
"2018020333","0905","0","0","0","0","0","0","0","0","0","8","0","","02","2","2018","5","40.438858","-79.999817","0900","11","0","0","0","0","0","1","0","0","","0","0","0","","","1","","0","","40 26:19.890","","0","79 59:59.340","3","0","0","0","2301","1","0","0","N","1","0","0","2","02301","0","","6.0","","1","N","N","","0","","1","0","1","","0","","","2","1","0","0","0","0","0","2","0","1","","","","N","","","","","","","","","",""
"2018032458","2058","1","0","0","0","0","0","0","0","0","4","0","","02","2","2018","6","40.490536","-79.878086","2037","11","1","0","0","0","0","0","0","0","1","0","0","0","","","0","","7","","40 29:25.930","1","2","79 52:41.111","0","0","0","0","2112","0","0","0","N","0","0","0","3","68D02","0","","1.0","","1","N","N","","1","","0","0","0","","0","N","","2","0","0","0","0","0","0","2","0","2","","","","N","","","","","","","","","",""
"2018020306","0925","1","0","0","0","0","0","0","0","0","2","0","","02","2","2018","5","40.446039","-80.060361","0924","11","0","0","0","0","0","0","1","0","2","0","0","0","","","2","","0","","40 26:45.740","5","0","80 03:37.300","8","0","0","0","2301","0","0","0","N","0","0","0","3","02301","0","","1.0","","1","N","N","","0","","0","0","2","","0","Y","","3","2","0","0","0","2","1","2","0","3","","","","N","","","","","","","","","",""
"2018007207","2137","1","0","0","0","0","0","0","0","0","7","0","","02","1","2018","1","40.510972","-79.937967","2133","11","0","0","0","0","0","0","0","0","1","0","0","0","","","0","","0","","40 30:39.499","6","0","79 56:16.682","0","0","0","0","2118","0","0","0","N","0","0","0","1","02118","0","","5.0","","1","N","N","","0","","0","0","0","","0","Y","","1","0","0","0","0","0","0","2","0","1","","","","N","","","","","","","","","",""
"2018044732","0238","1","0","0","0","0","0","0","0","0","7","0","","02","3","2018","2","40.531117","-80.079239","0231","11","0","0","0","0","0","0","0","0","1","0","0","0","","","0","","0","","40 31:52.020","1","0","80 04:45.260","0","0","0","0","2215","0","0","0","N","0","0","0","1","02215","0","","5.0","","1","N","N","","0","","0","0","0","","0","N","","1","0","0","0","0","0","0","2","0","1","","","","N","","","","","","","","","",""
"2018048352","1349","1","0","0","0","0","0","0","0","0","0","0","","02","5","2018","3","40.466804","-79.994185","1344","11","0","0","0","0","0","0","0","0","1","0","0","0","","","0","","2","","40 28:00.494","2","0","79 59:39.065","0","0","0","0","2301","0","0","0","N","0","0","0","1","02301","0","","1.0","","1","N","N","","0","","0","0","0","","3","N","","1","0","0","0","0","0","0","2","0","1","","","","N","","","","","","","","","",""
"2018029189","0826","2","0","0","0","0","0","0","0","0","2","0","","02","3","2018","7","40.347097","-79.859144","0825","11","0","0","0","0","0","0","0","0","","0","0","0","","","0","","0","","40 20:49.550","","0","79 51:32.920","0","0","0","0","2304","0","0","0","N","0","0","0","1","02304","0","","4.0","","1","N","N","","0","","0","0","0","","0","","","2","0","0","0","0","0","0","2","0","2","","","","N","","","","","","","","","",""
"2018020612","0714","0","0","0","0","0","0","0","0","0","7","0","","02","2","2018","5","40.388464","-79.894678","0711","11","0","0","0","0","0","0","0","0","5","0","0","0","","","1","","0","","40 23:18.470","5","0","79 53:40.840","3","0","0","0","2448","0","0","0","N","0","0","0","1","02448","0","","2.0","","9","N","N","","1","","1","0","0","","0","Y","","1","1","0","0","0","0","0","2","0","1","","","","N","","","","","","","","","",""
"2018033924","1742","1","0","0","0","0","0","0","0","0","4","0","","02","3","2018","1","40.513762","-80.156181","1738","11","0","0","0","0","0","0","0","0","2","0","0","0","","","0","","1","","40 30:49.543","2","0","80 09:22.252","0","0","0","0","2420","0","0","0","N","0","0","0","2","02420","0","","1.0","","1","N","N","","0","","0","0","1","","2","N","","2","0","0","0","0","0","0","2","0","2","","","","N","","","","","","","","","",""
"2018048957","0854","0","0","0","0","0","0","0","0","0","0","1","","02","5","2018","3","40.52138","-80.075926","0849","11","0","0","0","0","0","0","0","0","4","0","1","0","","","0","","0","","40 31:16.968","5","0","80 04:33.332","0","0","0","0","2215","0","0","0","N","0","0","0","1","02215","0","","1.0","","1","N","N","","0","","0","0","0","","0","Y","","1","0","0","0","0","0","0","2","0","1","","","","N","","","","","","","","","",""
"2018028457","1120","1","0","0","0","0","0","0","0","0","1","0","","02","3","2018","7","40.428266","-79.927245","1109","11","0","0","0","0","0","1","0","0","","0","0","0","","","1","","0","","40 25:41.758","","4","79 55:38.081","8","0","0","0","2301","0","0","0","N","0","0","0","6","68B03","0","","1.0","","1","N","N","","0","","0","0","1","","0","","","2","1","0","0","0","1","0","2","0","2","","","","N","","","","","","","","","",""
"2018062749","1502","2","0","0","0","0","0","0","0","0","4","0","","02","6","2018","5","40.438852","-79.764448","1455","11","0","0","0","0","0","1","0","0","1","0","0","0","","","0","","0","","40 26:19.867","3","0","79 45:52.012","0","0","0","0","2446","0","0","0","N","0","0","0","2","02446","0","","1.0","","1","N","N","","0","","0","0","0","","3","N","","2","0","0","0","0","0","0","2","0","2","","","","N","","","","","","","","","",""
"2018020958","0235","1","0","0","0","0","0","0","0","0","7","0","","02","2","2018","7","40.458481","-79.984397","0230","11","0","0","0","0","0","0","0","0","","0","0","0","","","0","","0","","40 27:30.530","","0","79 59:03.830","9","0","0","0","2301","0","0","0","N","0","0","0","3","02301","0","","2.0","","8","N","N","","0","","0","0","0","","0","","","1","0","0","0","0","0","1","2","0","1","","","","N","","","","","","","","","",""
"2018057955","1345","1","0","0","0","0","0","0","0","0","7","0","","02","5","2018","5","40.343725","-80.009962","1340","11","0","0","0","0","0","0","1","0","","0","0","0","","","0","","0","","40 20:37.410","","0","80 00:35.864","0","0","0","0","2407","0","0","0","N","0","0","0","1","02407","0","","5.0","","1","N","N","","0","","0","0","0","","0","","","1","0","0","0","0","0","0","2","0","1","","","","N","","","","","","","","","",""
"2018031618","1743","2","0","0","0","0","0","0","0","0","1","0","","02","3","2018","3","40.340118","-80.129411","1710","11","0","0","1","0","0","3","0","0","3","0","0","0","","","1","","0","","40 20:24.424","1","0","80 07:45.880","3","0","0","0","2119","0","0","0","N","0","0","0","5","68B03","0","","1.0","","9","N","N","","2","","1","0","0","","0","N","","4","1","0","0","0","0","0","2","0","4","","","","N","","","","","","","","","",""
"2018034286","0932","1","0","0","0","0","0","0","0","0","4","0","","02","3","2018","3","40.331106","-80.030639","0930","11","0","0","0","0","0","0","0","0","1","0","0","0","","","1","","1","","40 19:51.981","5","0","80 01:50.300","4","0","0","0","2407","0","0","0","N","0","0","0","2","02407","1","","1.0","","1","N","N","","0","","0","0","1","","6","N","","2","1","0","0","0","0","0","2","0","2","","","","N","","","","","","","","","",""
"2018057297","1912","0","0","0","0","0","0","0","0","0","1","0","","02","5","2018","7","40.447188","-80.166309","1902","11","0","0","0","0","0","1","0","0","","0","0","0","","","2","","7","","40 26:49.878","","2","80 09:58.712","4","0","0","0","2115","0","0","0","N","0","0","0","3","68B03","2","","1.0","","1","N","N","","0","","0","0","2","","4","","","2","2","0","0","0","0","0","2","0","2","","","","N","","","","","","","","","",""
"2018053016","0124","1","0","0","0","0","0","0","0","0","7","0","","02","5","2018","4","40.424456","-80.002762","0118","11","0","0","0","0","0","0","0","0","","0","0","0","","","0","","0","","40 25:28.041","","0","80 00:09.944","9","0","0","0","2301","0","0","0","N","0","0","0","1","02301","0","","4.0","","1","N","N","","0","","0","0","0","","0","","","1","0","0","0","0","0","1","2","0","1","","","","N","","","","","","","","","",""
"2018026904","1517","2","0","0","0","0","0","0","0","0","1","0","","02","3","2018","2","40.443672","-80.054328","1517","11","0","0","0","0","0","0","0","0","","0","0","0","","","0","","0","","40 26:37.220","","0","80 03:15.580","0","0","0","0","2301","0","0","0","N","0","0","0","2","02301","0","","1.0","","1","N","N","","0","","0","0","0","","0","","","2","0","0","0","0","0","0","2","0","2","","","","N","","","","","","","","","",""
"2018029347","0103","1","0","0","0","0","0","0","0","0","7","0","","02","3","2018","1","40.482275","-80.035069","0052","11","0","0","0","0","0","0","0","0","3","0","0","0","","","0","N","0","","40 28:56.190","2","0","80 02:06.250","0","0","0","0","2301","0","0","0","N","0","0","0","0","02301","0","","5.0","","1","N","N","","0","","0","0","0","","0","Y","","1","0","0","0","0","0","0","2","0","1","","","","N","","","","","","","","","",""
"2018027944","0816","0","0","0","0","0","0","0","0","0","0","0","","02","3","2018","2","40.419778","-79.850224","0815","11","0","0","0","0","0","1","0","0","","0","0","0","","","1","","1","","40 25:11.199","","0","79 51:00.807","2","0","0","0","2431","0","0","0","N","0","0","0","2","02431","0","","1.0","","1","N","N","","1","","0","1","0","","2","","","1","1","0","0","0","0","0","2","0","1","","","","N","","","","","","","","","",""
"2018056476","1644","1","0","0","0","0","0","0","0","0","1","0","","02","5","2018","5","40.318727","-80.087918","1640","11","0","0","0","0","0","0","0","0","2","0","0","0","","","0","","0","","40 19:07.418","2","0","80 05:16.505","0","0","0","0","2123","0","0","0","N","0","0","0","2","02123","0","","1.0","","1","N","N","","0","","0","0","1","","0","N","","2","0","0","0","0","0","0","2","0","2","","","","N","","","","","","","","","",""
"2018026216","1347","1","0","0","0","0","0","0","0","0","4","0","","02","3","2018","7","40.415032","-80.011267","1347","11","0","0","0","0","0","2","0","0","1","0","0","0","","","0","","2","","40 24:54.116","3","0","80 00:40.560","0","0","0","0","2301","0","0","0","N","0","0","0","2","02301","0","","1.0","","1","N","N","","1","","0","0","0","","2","N","","2","0","0","0","0","0","0","2","0","2","","","","N","","","","","","","","","",""
"2018028756","0920","1","0","0","0","0","0","0","0","0","1","0","","02","3","2018","6","40.453578","-79.946407","0910","11","0","0","0","0","0","0","0","0","","0","0","0","","","0","","2","","40 27:12.880","","0","79 56:47.065","0","0","0","0","2301","0","0","0","N","0","0","0","2","02301","0","","1.0","","1","N","N","","0","","0","0","1","","0","","","2","0","0","0","0","0","0","2","0","2","","","","N","","","","","","","","","",""
"2018057933","1210","1","0","0","0","0","0","0","0","0","1","0","","02","5","2018","3","40.450199","-80.140093","1208","11","0","0","0","0","0","0","0","0","2","0","0","0","","","0","","2","","40 27:00.716","4","0","80 08:24.333","0","0","0","0","2115","0","0","0","N","0","0","0","2","02115","0","","1.0","","1","N","N","","0","","0","0","1","","2","N","","2","0","0","0","0","0","0","2","0","2","","","","N","","","","","","","","","",""
"2018031472","1541","2","0","0","0","0","0","0","0","0","1","0","","02","3","2018","2","40.573162","-79.99433","1530","11","0","0","0","0","0","0","0","0","2","0","0","0","","","0","","2","","40 34:23.382","4","0","79 59:39.587","0","0","0","0","2108","0","0","0","N","0","0","0","2","02108","0","","1.0","","1","N","N","","0","","0","0","0","","0","N","","2","0","0","0","0","0","0","2","0","2","","","","N","","","","","","","","","",""
"2018026485","1717","1","0","0","0","0","0","0","0","0","1","0","","02","3","2018","6","40.350081","-79.871483","1717","11","0","0","0","0","0","1","0","0","","0","0","0","","","0","","1","","40 21:00.291","","3","79 52:17.337","0","0","0","0","2304","0","0","0","N","0","0","0","2","02304","0","","1.0","","1","N","N","","1","","0","0","0","","2","","","2","0","0","0","0","0","0","2","0","2","","","","N","","","","","","","","","",""
"2018022086","0845","2","0","0","0","0","0","0","0","0","4","0","","02","2","2018","4","40.310528","-79.949797","0840","11","0","0","1","0","0","0","0","0","2","0","0","0","","","1","","1","","40 18:37.901","2","0","79 56:59.269","4","0","0","0","2440","0","0","0","N","0","0","0","2","02440","1","","1.0","","1","N","N","","0","","0","0","0","","3","N","","2","1","0","0","0","0","0","2","0","2","","","","N","","","","","","","","","",""
"2018021087","0909","1","0","0","0","0","0","0","0","0","7","0","","02","2","2018","7","40.466009","-79.865285","0903","11","0","0","0","0","0","0","0","0","3","0","0","0","","","0","","0","","40 27:57.633","7","0","79 51:55.025","0","0","0","0","2113","0","0","0","N","0","0","0","1","02113","0","","4.0","","2","N","N","","0","","0","0","0","","0","Y","","1","0","0","0","0","0","0","2","0","1","","","","N","","","","","","","","","",""
"2018017659","0140","1","0","0","0","0","0","0","0","0","7","0","","02","1","2018","3","40.316314","-79.832984","0140","11","0","0","0","0","0","0","0","0","","0","0","0","","","0","","0","","40 18:58.732","","0","79 49:58.743","0","0","0","0","2469","0","0","0","N","0","0","0","1","02469","0","","5.0","","7","N","N","","0","","0","0","0","","0","","","1","0","0","0","0","0","0","2","0","1","","","","N","","","","","","","","","",""
"2018022505","1933","1","0","0","0","0","0","0","0","0","4","0","","02","2","2018","3","40.489097","-80.009206","1924","11","0","0","0","0","0","0","0","0","","0","0","0","","","0","","0","","40 29:20.749","","2","80 00:33.143","0","0","0","0","2301","0","0","0","N","0","0","0","1","68B03","0","","4.0","","1","N","N","","0","","0","0","1","","0","","","2","0","0","0","0","0","0","2","0","2","","","","N","","","","","","","","","",""
"2018064949","1602","0","0","0","0","0","0","0","0","0","3","1","","02","6","2018","2","40.443556","-79.960633","1555","11","0","0","0","0","0","1","0","0","2","0","1","0","","","0","","0","","40 26:36.800","3","0","79 57:38.280","0","0","0","0","2301","0","0","0","N","0","0","0","4","02301","0","","1.0","","1","N","N","","1","","0","0","0","","0","N","","2","0","0","0","0","0","0","2","0","2","","","","N","","","","","","","","","",""
"2018020012","1530","0","0","0","0","0","0","0","0","0","4","0","","02","2","2018","4","40.364206","-79.98335","1529","11","0","0","0","0","0","4","0","0","1","0","0","0","","","2","","0","","40 21:51.140","2","7","79 59:00.060","8","0","0","0","2413","0","0","0","N","0","0","0","6","02413","0","","1.0","","9","N","N","","0","","0","0","4","","0","Y","","5","2","0","0","0","2","0","2","1","5","","","","N","","","","","","","","","",""
"2018019493","0827","1","0","0","0","0","0","0","0","0","1","0","","02","2","2018","3","40.332718","-79.999599","0820","11","0","0","0","0","0","0","0","0","","0","0","0","","","0","","0","","40 19:57.783","","0","79 59:58.555","0","0","0","0","2219","0","0","0","N","0","0","0","2","02219","0","","1.0","","1","N","N","","1","","0","0","0","","0","","","2","0","0","0","0","0","0","2","0","2","","","","N","","","","","","","","","",""
"2018023849","1505","2","0","0","0","0","0","0","0","0","4","0","","02","2","2018","4","40.443919","-79.713565","1457","11","0","0","0","0","0","0","0","0","","0","0","0","","","0","","0","","40 26:38.110","","7","79 42:48.835","0","0","0","0","2446","0","0","0","N","0","0","0","2","02446","0","","1.0","","9","N","N","","0","","0","0","0","","0","","","2","0","0","0","0","0","0","2","0","2","","","","N","","","","","","","","","",""
"2018057359","1611","1","0","0","0","0","0","0","0","0","4","0","","02","5","2018","2","40.46356","-80.056853","1602","11","0","0","0","0","0","0","0","0","","0","0","0","","","0","","2","","40 27:48.817","","0","80 03:24.671","0","0","0","0","2301","0","0","0","N","0","0","0","2","02301","0","","1.0","","1","N","N","","1","","0","0","0","","0","","","2","0","0","0","0","0","0","2","0","2","","","","N","","","","","","","","","",""
"2018025867","1407","1","0","0","0","0","0","0","0","0","4","0","","02","3","2018","6","40.438217","-79.853486","1405","11","0","0","0","0","0","0","0","0","1","0","0","0","","","0","","0","","40 26:17.580","2","7","79 51:12.550","0","0","0","0","2419","0","0","0","N","0","0","0","2","02419","0","","1.0","","1","N","Y","","0","","0","0","1","","3","N","","2","0","0","0","0","0","0","2","0","2","","","","N","","","","","","","","","",""
"2018057510","1929","2","0","0","0","0","0","0","0","0","4","0","","02","5","2018","6","40.324922","-79.985536","1928","11","0","0","0","0","0","0","0","0","","0","0","0","","","0","N","0","","40 19:29.720","","7","79 59:07.930","0","0","0","0","2219","0","0","0","N","0","0","0","2","02219","0","","1.0","","1","N","N","","0","","0","0","0","","0","","","2","0","0","0","0","0","0","2","0","2","","","","N","","","","","","","","","",""
"2018028580","0120","1","0","0","0","0","0","0","0","0","7","0","","02","3","2018","6","40.49061","-79.868715","0112","11","0","0","1","0","0","0","0","0","1","0","0","0","","","1","","0","","40 29:26.195","1","0","79 52:07.373","3","0","0","0","2112","0","0","0","N","0","0","0","1","02112","0","","5.0","","7","N","N","","0","","1","0","0","","0","Y","","1","1","0","0","0","0","0","2","0","1","","","","N","","","","","","","","","",""
"2018028527","1640","2","0","0","0","0","0","0","0","0","4","0","","02","3","2018","5","40.464516","-79.967613","1610","11","0","0","0","0","0","0","1","0","","0","0","0","","","0","","1","","40 27:52.257","","0","79 58:03.406","0","0","0","0","2301","0","0","0","N","0","0","0","2","02301","0","","1.0","","1","N","N","","0","","0","0","0","","0","","","2","0","0","0","0","0","0","2","0","2","","","","N","","","","","","","","","",""
"2018063480","0420","0","0","0","0","0","0","0","0","0","7","0","","02","6","2018","1","40.428184","-79.947613","0401","11","0","0","0","0","0","0","0","0","","0","0","0","","","0","","0","","40 25:41.463","","0","79 56:51.406","0","0","0","0","2301","0","0","0","N","0","0","0","1","68B03","0","","3.0","","9","N","N","","0","","0","0","1","","0","","","1","0","1","0","0","0","0","2","0","1","","","","N","","","","","","","","","",""
"2018019488","1416","1","0","0","0","0","0","0","0","0","1","0","","02","2","2018","2","40.546472","-80.218932","1413","11","0","0","0","0","0","0","0","0","1","0","0","0","","","0","","2","","40 32:47.300","5","0","80 13:08.155","0","0","0","0","2103","0","0","0","N","0","0","0","2","02103","0","","1.0","","1","N","N","","0","","0","0","0","","0","N","","2","0","0","0","0","0","0","2","1","2","","","","N","","","","","","","","","",""
"2018024784","0740","1","0","0","0","0","0","0","0","0","7","0","","02","2","2018","3","40.390558","-79.949089","0735","11","0","0","0","0","0","0","0","0","","0","0","0","","","0","","0","","40 23:26.009","","0","79 56:56.722","0","0","0","0","2403","0","0","0","Y","0","0","0","1","02403","0","","2.0","","2","N","N","","0","","0","0","0","","0","","","1","0","0","0","0","0","0","2","0","1","","","","N","","","","","","","","","",""
"2018028685","0435","0","0","0","0","0","0","0","0","0","5","0","","02","3","2018","6","40.538054","-79.83972","0434","11","0","0","0","0","0","1","0","0","","0","0","0","","","0","","1","","40 32:16.995","","0","79 50:22.993","0","0","0","0","2208","0","0","0","N","0","0","0","2","02208","0","","1.0","","9","N","N","","0","","0","0","1","","2","","","2","0","0","0","0","0","0","2","1","2","","","","N","","","","","","","","","",""
"2018057283","1735","0","0","0","0","0","0","0","0","0","1","1","","02","5","2018","7","40.339737","-80.130616","1716","11","0","0","0","0","0","0","0","0","","0","1","0","","","0","","0","","40 20:23.052","","0","80 07:50.216","0","0","0","0","2119","0","0","0","N","0","0","0","2","68B03","0","","1.0","","9","N","N","","1","","0","0","0","","0","","","2","0","0","0","0","0","0","2","0","2","","","","N","","","","","","","","","",""
"2018021693","1410","3","0","0","0","0","0","0","0","0","6","0","","02","2","2018","3","40.452936","-79.890242","1410","11","0","0","0","0","0","1","0","0","","0","0","0","","","0","","0","","40 27:10.570","","0","79 53:24.870","0","0","0","0","2301","0","0","0","N","0","0","0","1","02301","0","","6.0","","1","N","N","","0","","0","0","0","","0","","","3","0","0","0","0","0","0","2","0","3","","","","N","","","","","","","","","",""
"2018047455","1046","0","0","0","0","0","0","0","0","0","7","0","","02","4","2018","1","40.391665","-79.990481","1038","11","0","0","0","0","0","0","0","0","1","0","0","0","","","0","","0","","40 23:29.994","7","0","79 59:25.733","0","0","0","0","2301","0","0","0","N","0","0","0","1","02301","0","","5.0","","1","N","N","","0","","0","0","1","","0","Y","","1","0","0","0","0","0","0","2","0","1","","","","N","","","","","","","","","",""
"2018025591","1459","2","0","0","0","0","0","0","0","0","5","0","","02","3","2018","5","40.494259","-79.909143","1455","11","0","0","0","0","0","0","0","0","","0","0","0","","","1","","3","","40 29:39.331","","2","79 54:32.913","3","0","0","0","2401","0","0","0","N","0","0","0","2","02503","0","","1.0","","9","N","N","","0","","1","0","0","","0","","","3","1","0","0","0","0","0","2","0","2","","","","N","","","","","","","","","",""
"2018058032","0716","1","0","0","0","0","0","0","0","0","2","0","","02","5","2018","1","40.622194","-79.763041","0651","11","0","0","0","0","0","1","0","0","","0","0","0","","","1","","1","","40 37:19.900","","0","79 45:46.946","3","0","0","0","2202","0","0","0","N","0","0","0","2","68D02","0","","1.0","","1","N","N","","1","","1","0","0","","0","","","2","1","0","0","0","0","0","1","0","2","","","","N","","","","","","","","","",""
"2018055281","0633","1","0","0","0","0","0","0","0","0","5","1","","02","5","2018","2","40.419817","-79.9305","0629","11","0","0","0","0","0","0","0","0","3","0","1","0","","","0","","0","","40 25:11.340","6","0","79 55:49.800","0","0","0","0","2301","0","0","0","N","0","0","0","2","02301","0","","1.0","","1","N","N","","0","","0","0","2","","0","Y","","5","0","0","0","0","0","0","2","1","5","","","","N","","","","","","","","","",""