"CRN","ARRIVAL_TM","AUTOMOBILE_COUNT","BELTED_DEATH_COUNT","BELTED_SUSP_SERIOUS_INJ_COUNT","BICYCLE_COUNT","BICYCLE_DEATH_COUNT","BICYCLE_SUSP_SERIOUS_INJ_COUNT","BUS_COUNT","CHLDPAS_DEATH_COUNT","CHLDPAS_SUSP_SERIOUS_INJ_COUNT","COLLISION_TYPE","COMM_VEH_COUNT","CONS_ZONE_SPD_LIM","COUNTY","CRASH_MONTH","CRASH_YEAR","DAY_OF_WEEK","DEC_LATITUDE","DEC_LONGITUDE","DISPATCH_TM","DISTRICT","DRIVER_COUNT_16YR","DRIVER_COUNT_17YR","DRIVER_COUNT_18YR","DRIVER_COUNT_19YR","DRIVER_COUNT_20YR","DRIVER_COUNT_50_64YR","DRIVER_COUNT_65_74YR","DRIVER_COUNT_75PLUS","EST_HRS_CLOSED","FATAL_COUNT","HEAVY_TRUCK_COUNT","HORSE_BUGGY_COUNT","HOUR_OF_DAY","ILLUMINATION","INJURY_COUNT","INTERSECTION_RELATED","INTERSECT_TYPE","LANE_CLOSED","LATITUDE","LN_CLOSE_DIR","LOCATION_TYPE","LONGITUDE","MAX_SEVERITY_LEVEL","MCYCLE_DEATH_COUNT","MCYCLE_SUSP_SERIOUS_INJ_COUNT","MOTORCYCLE_COUNT","MUNICIPALITY","NONMOTR_COUNT","NONMOTR_DEATH_COUNT","NONMOTR_SUSP_SERIOUS_INJ_COUNT","NTFY_HIWY_MAINT","PED_COUNT","PED_DEATH_COUNT","PED_SUSP_SERIOUS_INJ_COUNT","PERSON_COUNT","POLICE_AGCY","POSSIBLE_INJ_COUNT","RDWY_SURF_TYPE_CD","RELATION_TO_ROAD","ROADWAY_CLEARED","ROAD_CONDITION","SCH_BUS_IND","SCH_ZONE_IND","SECONDARY_CRASH","SMALL_TRUCK_COUNT","SPEC_JURIS_CD","SUSP_MINOR_INJ_COUNT","SUSP_SERIOUS_INJ_COUNT","SUV_COUNT","TCD_FUNC_CD","TCD_TYPE","TFC_DETOUR_IND","TIME_OF_DAY","TOTAL_UNITS","TOT_INJ_COUNT","UNBELTED_OCC_COUNT","UNB_DEATH_COUNT","UNB_SUSP_SERIOUS_INJ_COUNT","UNK_INJ_DEG_COUNT","UNK_INJ_PER_COUNT","URBAN_RURAL","VAN_COUNT","VEHICLE_COUNT","WEATHER1","WEATHER2","WORKERS_PRES","WORK_ZONE_IND","WORK_ZONE_LOC","WORK_ZONE_TYPE","WZ_CLOSE_DETOUR","WZ_FLAGGER","WZ_LAW_OFFCR_IND","WZ_LN_CLOSURE","WZ_MOVING","WZ_OTHER","WZ_SHLDER_MDN","WZ_WORKERS_INJ_KILLED"
"2018022565","0430","1","0","0","0","0","0","0","0","0","7","0","","02","2","2018","6","40.464992","-80.000034","0417","11","0","0","1","0","0","0","0","0","2","0","0","0","","","1","","0","","40 27:53.972","2","0","80 00:00.123","8","0","0","0","2301","0","0","0","N","0","0","0","1","68B03","0","","4.0","","9","N","N","","0","","0","0","0","","0","N","","1","1","0","0","0","1","0","2","0","1","","","","N","","","","","","","","","",""
"2018019518","0918","2","0","0","0","0","0","0","0","0","5","0","","02","2","2018","3","40.386503","-79.989886","0900","11","0","0","0","0","0","0","0","0","","0","0","0","","","0","","2","","40 23:11.410","","0","79 59:23.589","0","0","0","0","2301","0","0","0","N","0","0","0","1","02301","0","","1.0","","1","N","N","","0","","0","0","1","","3","","","3","0","0","0","0","0","0","2","0","3","","","","N","","","","","","","","","",""
"2018014037","2220","1","0","0","0","0","0","0","0","0","7","0","","02","1","2018","6","40.492511","-79.938367","2216","11","0","0","0","0","0","1","0","0","1","0","0","0","","","0","","0","","40 29:33.038","1","3","79 56:18.120","0","0","0","0","2461","0","0","0","Y","0","0","0","2","02461","0","","4.0","","1","N","N","","0","","0","0","0","","0","Y","","1","0","0","0","0","0","0","2","0","1","","","","N","","","","","","","","","",""
"2018019308","0617","1","0","0","0","0","0","0","0","0","7","0","","02","2","2018","2","40.502027","-80.063494","0617","11","0","0","0","0","0","0","0","0","","0","0","0","","","0","","2","","40 30:07.296","","0","80 03:48.579","0","0","0","0","2402","0","0","0","N","0","0","0","1","02402","0","","5.0","","7","N","N","","0","","0","0","0","","0","","","1","0","0","0","0","0","0","2","0","1","","","","N","","","","","","","","","",""
"2018058072","0733","0","0","0","0","0","0","0","0","0","1","0","","02","5","2018","4","40.505999","-79.85849","0728","11","0","0","0","0","0","0","0","0","","0","0","0","","","0","","0","","40 30:21.596","","0","79 51:30.563","0","0","0","0","2112","0","0","0","N","0","0","0","2","68D02","0","","1.0","","1","N","N","","1","","0","0","1","","0","","","2","0","0","0","0","0","0","2","0","2","","","","N","","","","","","","","","",""
"2018057734","1723","1","0","0","0","0","0","0","0","0","1","0","","02","5","2018","3","40.333553","-79.934897","1720","11","0","0","0","0","0","0","0","0","1","0","0","0","","","1","","0","","40 20:00.790","2","0","79 56:05.630","3","0","0","0","2473","0","0","0","N","0","0","0","3","02473","0","","1.0","","1","N","N","","0","","1","0","1","","0","N","","2","1","0","0","0","0","0","2","0","2","","","","N","","","","","","","","","",""
"2018029097","0157","1","0","0","0","0","0","0","0","0","7","0","","02","3","2018","6","40.359147","-79.873604","0152","11","0","0","0","0","0","0","0","0","","0","0","0","","","0","","1","","40 21:32.929","","0","79 52:24.975","0","0","0","0","2473","0","0","0","N","0","0","0","1","02473","0","","2.0","","7","N","N","","0","","0","0","0","","0","","","1","0","0","0","0","0","0","2","0","1","","","","N","","","","","","","","","",""
"2018054709","1541","0","0","0","0","0","0","1","0","0","6","1","","02","5","2018","6","40.354494","-80.159169","1535","11","0","0","0","0","0","1","0","0","1","0","0","0","","","2","","0","","40 21:16.180","5","0","80 09:33.010","8","0","0","0","2119","0","0","0","N","0","0","0","3","02119","0","","1.0","","9","Y","N","","1","","0","0","0","","0","N","","2","2","0","0","0","2","0","2","0","2","","","","N","","","","","","","","","",""
"2018051435","2042","1","0","0","0","0","0","0","0","0","1","0","","02","5","2018","6","40.465499","-80.061274","2040","11","0","0","0","0","0","0","0","0","1","0","0","0","","","1","","0","","40 27:55.796","3","0","80 03:40.585","8","0","0","0","2444","0","0","0","N","0","0","0","1","02444","0","","1.0","","1","N","N","","1","","0","0","0","","0","N","","2","1","0","0","0","1","0","2","0","2","","","","N","","","","","","","","","",""
"2018055978","0739","1","0","0","0","0","0","0","0","0","1","0","","02","5","2018","4","40.557668","-79.983141","0730","11","0","0","0","0","0","1","0","0","1","0","0","0","","","1","","0","","40 33:27.606","4","0","79 58:59.306","4","0","0","0","2207","0","0","0","N","0","0","0","2","02207","1","","1.0","","1","N","N","","0","","0","0","1","","0","N","","2","1","0","0","0","0","0","2","0","2","","","","N","","","","","","","","","",""
"2018032487","1455","2","0","0","0","0","0","0","0","0","4","0","","02","3","2018","3","40.380919","-79.874378","1443","11","0","0","1","0","0","0","0","0","","0","0","0","","","0","","0","","40 22:51.310","","7","79 52:27.760","0","0","0","0","2473","0","0","0","N","0","0","0","2","02473","0","","1.0","","1","N","N","","0","","0","0","0","","3","","","2","0","0","0","0","0","0","2","0","2","","","","N","","","","","","","","","",""
"2018031375","1136","2","0","0","0","0","0","0","0","0","4","0","","02","3","2018","1","40.347642","-79.947235","1134","11","0","0","0","0","0","0","1","0","1","0","0","0","","","0","","1","","40 20:51.512","2","0","79 56:50.047","0","0","0","0","2473","0","0","0","N","0","0","0","3","02473","0","","1.0","","1","N","N","","0","","0","0","0","","3","Y","","2","0","0","0","0","0","0","2","0","2","","","","N","","","","","","","","","",""
"2018026994","1609","3","0","0","0","0","0","0","0","0","1","0","","02","2","2018","4","40.517578","-80.161516","1607","11","0","0","0","0","0","0","0","0","1","0","0","0","","","0","","0","","40 31:03.281","4","0","80 09:41.458","0","0","0","0","2420","0","0","0","N","0","0","0","1","02420","0","","6.0","","1","N","N","","1","","0","0","0","","0","N","","4","0","0","0","0","0","0","2","0","4","","","","N","","","","","","","","","",""
"2018048387","1027","1","0","0","0","0","0","0","0","0","7","0","","02","5","2018","3","40.570848","-80.002658","1025","11","0","0","0","0","0","0","0","1","2","0","0","0","","","2","","0","","40 34:15.053","6","0","80 00:09.567","2","0","1","1","2108","0","0","0","N","0","0","0","2","02108","0","","4.0","","1","N","N","","0","","1","1","0","","2","Y","","2","2","0","0","0","0","0","2","0","2","","","","N","","","","","","","","","",""
"2018025193","1114","1","0","0","0","0","0","0","0","0","7","0","","02","2","2018","4","40.39897","-80.103751","1101","11","0","0","0","0","0","0","0","1","2","0","0","0","","","0","","2","","40 23:56.293","3","2","80 06:13.502","0","0","0","0","2102","0","0","0","N","0","0","0","1","02102","0","","3.0","","1","N","N","","0","","0","0","0","","3","N","","1","0","0","0","0","0","0","2","0","1","","","","N","","","","","","","","","",""
"2018021551","1847","1","0","0","0","0","0","0","0","0","1","0","","02","2","2018","7","40.349807","-79.931621","1842","11","0","0","1","0","0","0","2","0","2","0","0","0","","","1","","0","","40 20:59.305","4","0","79 55:53.835","3","0","0","0","2473","0","0","0","N","0","0","0","7","02473","0","","1.0","","6","N","N","","1","","1","0","2","","0","N","","4","1","0","0","0","0","0","2","0","4","","","","N","","","","","","","","","",""
"2018020341","1152","1","0","0","0","0","0","0","0","0","7","0","","02","2","2018","5","40.528194","-79.8768","1150","11","0","1","0","0","0","0","0","0","","0","0","0","","","0","","0","","40 31:41.500","","0","79 52:36.480","0","0","0","0","2432","0","0","0","N","0","0","0","1","02432","0","","5.0","","1","N","N","","0","","0","0","0","","0","","","1","0","0","0","0","0","0","2","0","1","","","","N","","","","","","","","","",""
"2018045161","1525","1","0","0","0","0","0","0","0","0","1","1","","02","4","2018","3","40.437057","-79.864661","1512","11","0","0","0","0","0","0","0","0","1","0","1","0","","","3","","0","","40 26:13.404","3","0","79 51:52.778","4","0","0","0","2478","0","0","0","N","0","0","0","3","68B03","1","","1.0","","1","N","N","","0","","0","0","0","","0","N","","2","3","0","0","0","2","0","2","0","2","","","","N","","","","","","","","","",""
"2018036475","1814","1","0","0","0","0","0","0","0","0","1","0","","02","3","2018","5","40.616554","-80.091146","1807","11","0","0","0","0","0","1","0","0","2","0","0","0","","","0","","0","","40 36:59.596","4","0","80 05:28.124","0","0","0","0","2212","0","0","0","N","0","0","0","2","02505","0","","1.0","","1","N","N","","0","","0","0","1","","0","N","","2","0","0","0","0","0","0","2","0","2","","","","N","","","","","","","","","",""
"2018055041","1146","3","0","0","0","0","0","0","0","0","1","0","","02","5","2018","3","40.587647","-79.776962","1126","11","0","0","0","0","0","0","0","1","2","0","0","0","","","1","","0","","40 35:15.530","1","3","79 46:37.062","3","0","0","0","2104","0","0","0","N","0","0","0","4","68D02","0","","1.0","","1","N","N","","0","","1","0","0","","0","N","","3","1","0","0","0","0","0","2","0","3","","","","N","","","","","","","","","",""
"2018056671","0415","3","0","0","0","0","0","0","0","0","1","0","","02","5","2018","7","40.394066","-79.991595","0402","11","0","0","0","0","0","0","0","0","","0","0","0","","","0","","0","","40 23:38.636","","0","79 59:29.741","0","0","0","0","2301","0","0","0","N","0","0","0","1","02301","0","","2.0","","1","N","N","","0","","0","0","0","","0","","","3","0","0","0","0","0","0","2","0","3","","","","N","","","","","","","","","",""
"2018058255","0256","1","0","0","0","0","0","0","0","0","7","0","","02","5","2018","1","40.343775","-80.068694","0256","11","0","0","0","0","0","0","0","0","3","0","0","0","","","0","","0","","40 20:37.590","6","0","80 04:07.297","9","0","0","0","2123","0","0","0","N","0","0","0","1","02123","0","","5.0","","9","N","N","","0","","0","0","0","","0","N","","1","0","0","0","0","0","1","2","0","1","","","","N","","","","","","","","","",""
"2018021061","0808","4","0","0","0","0","0","0","0","0","5","0","","02","2","2018","7","40.397363","-79.999179","0745","11","0","0","0","0","0","0","0","0","3","0","0","0","","","0","","0","","40 23:50.505","2","0","79 59:57.044","0","0","0","0","2301","0","0","0","N","0","0","0","1","02301","0","","5.0","","2","N","N","","0","","0","0","1","","0","Y","","6","0","0","0","0","0","0","2","1","6","","","","N","","","","","","","","","",""
"2018057911","0103","0","0","0","0","0","0","0","0","0","7","0","","02","5","2018","1","40.442333","-79.856675","0041","11","0","0","1","0","0","0","0","0","1","0","0","0","","","0","","0","","40 26:32.398","3","0","79 51:24.030","0","0","0","0","2419","0","0","0","","0","0","0","1","68B03","0","","3.0","","9","N","N","","1","","0","0","0","","0","N","","1","0","0","0","0","0","0","2","0","1","","","","N","","","","","","","","","",""
"2018056763","1541","1","0","0","0","0","0","0","0","0","7","0","","02","5","2018","6","40.475761","-79.764587","1535","11","0","0","0","0","0","1","0","0","","0","0","0","","","0","","0","","40 28:32.740","","0","79 45:52.512","0","0","0","0","2466","0","0","0","N","0","0","0","1","02466","0","","5.0","","1","N","N","","0","","0","0","0","","0","","","1","0","0","0","0","0","0","2","0","1","","","","N","","","","","","","","","",""
"2018052852","0941","1","0","0","0","0","0","0","0","0","7","0","","02","5","2018","3","40.328944","-79.892495","0940","11","0","0","0","0","0","0","0","1","1","0","0","0","","","0","","0","","40 19:44.199","1","0","79 53:32.982","9","0","0","0","2433","0","0","0","Y","0","0","0","1","02433","0","","5.0","","1","N","N","","0","","0","0","0","","0","N","","1","0","0","0","0","0","1","2","0","1","","","","N","","","","","","","","","",""
"2018047255","1446","2","0","0","0","0","0","0","0","0","6","0","","02","4","2018","7","40.490434","-79.783118","1429","11","0","0","0","0","0","2","0","0","","0","0","0","","","0","","2","","40 29:25.561","","0","79 46:59.226","0","0","0","0","2466","0","0","0","N","0","0","0","2","02466","0","","1.0","","1","N","N","","0","","0","0","0","","3","","","2","0","0","0","0","0","0","2","0","2","","","","N","","","","","","","","","",""
"2018057867","0657","0","0","0","0","0","0","0","0","0","99","0","","02","5","2018","7","40.559388","-79.801982","0657","11","0","0","0","0","0","0","0","0","","0","0","0","","","0","","0","","40 33:33.796","","0","79 48:07.136","0","0","0","0","2121","0","0","0","N","0","0","0","1","68D02","0","","1.0","","1","N","N","","0","","0","0","1","","0","","","1","0","0","0","0","0","0","2","0","1","","","","N","","","","","","","","","",""
"2018031382","1404","0","0","0","0","0","0","0","0","0","1","0","","02","3","2018","3","40.528565","-79.849423","1400","11","0","0","0","0","0","0","0","0","","0","0","0","","","0","","0","","40 31:42.835","","3","79 50:57.921","0","0","0","0","2208","0","0","0","N","0","0","0","4","02208","0","","1.0","","9","N","N","","0","","0","0","2","","2","","","2","0","0","0","0","0","0","2","0","2","","","","N","","","","","","","","","",""
"2018031785","0654","3","0","0","0","0","0","0","0","0","6","0","","02","3","2018","4","40.605717","-80.099489","0646","11","0","0","0","0","1","1","0","0","","0","0","0","","","0","","0","","40 36:20.580","","0","80 05:58.160","0","0","0","0","2481","0","0","0","Y","0","0","0","3","02481","0","","1.0","","1","N","N","","0","","0","0","0","","0","","","3","0","0","0","0","0","0","2","0","3","","","","N","","","","","","","","","",""
"2018019989","1412","2","0","0","0","0","0","0","0","0","4","0","","02","2","2018","4","40.448311","-80.000553","1405","11","0","0","0","0","0","0","0","0","","0","0","0","","","0","","0","","40 26:53.920","","0","80 00:01.990","0","0","0","0","2301","0","0","0","N","0","0","0","3","02301","0","","1.0","","9","N","N","","0","","0","0","0","","3","N","","2","0","0","0","0","0","0","2","0","2","","","","N","","","","","","","","","",""
"2018062507","1651","0","0","0","0","0","0","0","0","0","1","0","","02","5","2018","4","40.593259","-80.06107","1645","11","0","0","0","0","0","0","1","0","1","0","0","0","","","0","","2","","40 35:35.731","3","0","80 03:39.853","0","0","0","0","2108","0","0","0","N","0","0","0","4","02108","0","","1.0","","9","N","N","","0","","0","0","3","","3","N","","3","0","0","0","0","0","0","2","0","3","","","","N","","","","","","","","","",""
"2018008531","0423","2","0","0","0","0","0","0","0","0","1","0","","02","1","2018","5","40.473375","-79.958359","0415","11","0","0","0","0","0","0","0","0","1","0","0","0","","","0","","0","","40 28:24.149","5","0","79 57:30.091","0","0","0","0","2301","0","0","0","N","0","0","0","1","02301","0","","6.0","","7","N","N","","0","","0","0","0","","0","N","","3","0","0","0","0","0","0","2","1","3","","","","N","","","","","","","","","",""
"2018031136","1224","0","0","0","0","0","0","0","0","0","7","0","","02","3","2018","5","40.587645","-80.031933","1220","11","0","0","0","0","0","0","0","0","","0","0","0","","","2","","0","","40 35:15.521","","0","80 01:54.958","8","0","0","1","2108","0","0","0","N","0","0","0","2","02108","0","","4.0","","1","N","N","","0","","0","0","0","","0","","","1","2","0","0","0","2","0","2","0","1","","","","N","","","","","","","","","",""
"2018030619","1356","2","0","0","0","0","0","0","0","0","7","0","","02","3","2018","2","40.427698","-80.023464","1356","11","0","0","0","0","0","1","0","0","2","0","0","0","","","2","","0","","40 25:39.713","1","0","80 01:24.472","2","0","0","0","2301","0","0","0","N","0","0","0","3","02301","0","","3.0","","1","N","N","","0","","0","1","0","","0","N","","2","2","0","0","0","1","0","2","0","2","","","","N","","","","","","","","","",""
"2018062732","1802","1","0","0","0","0","0","0","0","0","1","0","","02","6","2018","3","40.485118","-79.946385","1749","11","0","0","0","0","0","0","0","0","","0","0","0","","","0","","1","","40 29:06.423","","0","79 56:46.987","0","0","0","0","2301","0","0","0","N","0","0","0","3","02301","0","","1.0","","1","N","N","","2","","0","0","0","","2","","","3","0","0","0","0","0","0","2","0","3","","","","N","","","","","","","","","",""
"2018027098","1900","0","0","0","0","0","0","0","0","0","4","0","","02","3","2018","2","40.615684","-80.094174","1845","11","0","0","0","0","0","0","0","0","1","0","0","0","","","0","","1","","40 36:56.461","3","8","80 05:39.026","0","0","0","0","2481","0","0","0","N","0","0","0","5","02481","0","","1.0","","1","N","N","","0","","0","0","3","","2","N","","3","0","0","0","0","0","0","2","0","3","","","","N","","","","","","","","","",""
"2018020468","1820","1","0","0","0","0","0","0","0","0","8","0","","02","2","2018","5","40.440059","-80.000891","1815","11","0","0","0","0","0","0","0","0","","0","0","0","","","1","","1","","40 26:24.212","","0","80 00:03.207","8","0","0","0","2301","1","0","0","N","1","0","0","2","02301","0","","1.0","","9","N","N","","0","","0","0","0","","2","","","2","1","0","0","0","1","0","2","0","1","","","","N","","","","","","","","","",""
"2018064112","1434","2","1","1","0","0","0","0","0","0","4","0","","02","6","2018","6","40.541186","-79.761739","1432","11","0","0","0","0","0","1","0","0","2","1","0","0","","","2","","3","","40 32:28.271","5","0","79 45:42.261","1","0","0","0","2466","0","0","0","Y","0","0","0","3","02466","0","2","1.0","","1","N","N","","0","0","0","1","0","","0","Y","","2","2","0","0","0","1","0","1","0","2","","","","N","","","","","","","","","",""
"2018010937","1520","1","0","0","0","0","0","0","0","0","1","0","","02","1","2018","6","40.547135","-80.036552","1514","11","0","0","0","0","0","0","0","0","1","0","0","0","","","1","","0","","40 32:49.687","2","0","80 02:11.586","4","0","0","0","2116","0","0","0","N","0","0","0","3","02116","1","","1.0","","1","N","N","","0","","0","0","2","","0","N","","3","1","0","0","0","0","0","2","0","3","","","","N","","","","","","","","","",""
"2018031720","1658","0","0","0","0","0","0","0","0","0","7","0","","02","3","2018","4","40.398111","-79.947728","1642","11","0","0","0","0","0","1","1","0","2","0","0","0","","","0","","0","","40 23:53.200","6","0","79 56:51.821","9","0","0","0","2403","0","0","0","Y","0","0","0","4","02403","0","","2.0","","1","N","N","","0","","0","0","2","","0","N","","3","0","0","0","0","0","1","2","1","3","","","","N","","","","","","","","","",""
"2018035550","1252","2","0","0","0","0","0","0","0","0","4","0","","02","3","2018","5","40.43757","-79.770032","1251","11","0","0","0","0","0","0","0","1","2","0","0","0","","","0","","0","","40 26:15.252","2","7","79 46:12.115","0","0","0","0","2446","0","0","0","N","0","0","0","2","02446","0","","1.0","","1","N","N","","0","","0","0","0","","3","N","","2","0","0","0","0","0","0","2","0","2","","","","N","","","","","","","","","",""
"2018059687","1827","2","0","0","0","0","0","0","0","0","1","0","","02","6","2018","1","40.484222","-79.907838","1820","11","0","0","0","0","0","0","0","0","","0","0","0","","","1","","1","","40 29:03.199","","0","79 54:28.216","3","0","0","0","2301","0","0","0","N","0","0","0","2","02301","0","","1.0","","1","N","N","","0","","1","0","0","","2","","","2","1","0","0","0","0","0","2","0","2","","","","N","","","","","","","","","",""
"2018063555","1704","1","0","0","0","0","0","0","0","0","7","0","","02","6","2018","5","40.419257","-79.969133","1652","11","0","0","0","0","0","1","0","0","","0","0","0","","","0","","1","","40 25:09.325","","0","79 58:08.879","0","0","0","0","2301","0","0","0","N","0","0","0","1","02301","0","","5.0","","1","N","N","","0","","0","0","0","","0","","","1","0","0","0","0","0","0","2","0","1","","","","N","","","","","","","","","",""
"2018025635","1929","0","0","0","0","0","0","0","0","0","7","0","","02","3","2018","5","40.455556","-80.049292","1922","11","0","0","0","0","0","0","0","0","","0","0","0","","","0","","0","","40 27:20.000","","0","80 02:57.450","0","0","0","0","2301","0","0","0","N","0","0","0","1","02301","0","","5.0","","9","N","N","","0","","0","0","2","","0","","","2","0","0","0","0","0","0","2","0","2","","","","N","","","","","","","","","",""
"2018027981","0833","2","0","0","0","0","0","0","0","0","5","0","","02","3","2018","4","40.400875","-80.046147","0831","11","0","0","0","0","0","0","1","0","","0","0","0","","","1","","0","","40 24:03.150","","0","80 02:46.130","3","0","0","0","2301","0","0","0","N","0","0","0","1","02301","0","","1.0","","1","N","N","","0","","1","0","0","","0","","","2","1","0","0","0","0","0","2","0","2","","","","N","","","","","","","","","",""
"2018023064","1812","1","0","0","0","0","0","0","0","0","7","0","","02","2","2018","4","40.363394","-79.86885","1808","11","0","0","0","0","0","1","0","0","2","0","0","0","","","0","","0","","40 21:48.220","3","0","79 52:07.860","0","0","0","0","2473","0","0","0","N","0","0","0","2","02473","0","","5.0","","9","N","N","","0","","0","0","0","","0","N","","1","0","0","0","0","0","0","2","0","1","","","","N","","","","","","","","","",""
"2018065414","1351","1","0","0","0","0","0","0","0","0","7","0","","02","6","2018","5","40.606127","-79.764411","1330","11","0","0","0","0","0","0","1","0","2","0","0","0","","","1","","0","","40 36:22.056","2","0","79 45:51.879","3","0","0","0","2464","0","0","0","N","0","0","0","1","68D02","0","","4.0","","1","N","N","","0","","1","0","0","","0","N","","1","1","0","0","0","0","0","2","0","1","","","","N","","","","","","","","","",""
"2018062228","1520","0","0","0","0","0","0","0","0","0","1","0","","02","6","2018","2","40.426182","-79.939771","1510","11","0","0","0","0","0","0","0","0","","0","1","0","","","0","","1","","40 25:34.255","","0","79 56:23.175","0","0","0","0","2301","0","0","0","N","0","0","0","2","02301","0","","1.0","","1","N","N","","0","","0","0","1","","3","","","2","0","0","0","0","0","0","2","0","2","","","","N","","","","","","","","","",""
"2018029447","0942","1","0","0","0","0","0","0","0","0","1","0","","02","3","2018","7","40.337466","-79.808754","0940","11","0","0","0","0","0","1","1","0","1","0","0","0","","","1","","1","","40 20:14.876","2","0","79 48:31.516","8","0","0","0","2477","0","0","0","N","0","0","0","2","02477","0","","1.0","","1","N","N","","0","","0","0","1","","2","N","","2","1","0","0","0","1","0","2","0","2","","","","N","","","","","","","","","",""
"2018031625","0633","1","0","0","0","0","0","0","0","0","0","0","","02","3","2018","4","40.324403","-79.806167","0628","11","0","0","0","0","0","0","0","0","","0","0","0","","","0","","0","","40 19:27.850","","0","79 48:22.200","0","0","0","0","2477","0","0","0","N","0","0","0","2","02477","0","","5.0","","2","N","N","","0","","0","0","0","","0","","","1","0","0","0","0","0","0","2","0","1","","","","N","","","","","","","","","",""
"2018055250","0047","2","0","0","0","0","0","0","0","0","5","0","","02","5","2018","1","40.424775","-79.927009","0044","11","0","0","0","0","0","0","0","0","","0","0","0","","","0","","5","","40 25:29.190","","0","79 55:37.231","0","0","0","0","2301","0","0","0","N","0","0","0","2","02301","0","","1.0","","1","N","N","","0","","0","0","0","","0","","","3","0","0","0","0","0","0","2","1","3","","","","N","","","","","","","","","",""
"2018068775","0915","1","0","0","0","0","0","0","0","0","4","1","","02","6","2018","6","40.44828","-80.01045","0844","11","0","0","0","0","0","0","0","0","","0","1","0","","","0","","1","","40 26:53.808","","0","80 00:37.621","0","0","0","0","2301","0","0","0","N","0","0","0","3","02301","0","","1.0","","1","N","N","","0","","0","0","0","","2","N","","2","0","0","0","0","0","0","2","0","2","","","","N","","","","","","","","","",""
"2018025186","1125","2","0","0","0","0","0","0","0","0","4","0","","02","2","2018","4","40.459368","-79.946516","1115","11","0","0","0","0","0","1","1","0","1","0","0","0","","","1","","1","","40 27:33.724","2","0","79 56:47.457","8","0","0","0","2301","0","0","0","N","0","0","0","2","02301","0","","1.0","","1","N","N","","0","","0","0","0","","3","N","","2","1","0","0","0","1","0","2","0","2","","","","N","","","","","","","","","",""
"2018005703","1701","2","0","0","0","0","0","0","0","0","4","0","","02","1","2018","5","40.447499","-79.896363","1643","11","0","0","0","0","0","0","1","0","","0","0","0","","","1","","0","","40 26:50.997","","7","79 53:46.907","8","0","0","0","2301","0","0","0","N","0","0","0","3","02301","0","","1.0","","9","N","N","","0","","0","0","0","","0","","","2","1","0","0","0","1","0","2","0","2","","","","N","","","","","","","","","",""
"2018031797","2323","1","0","0","0","0","0","0","0","0","7","0","","02","3","2018","4","40.444419","-80.056656","2310","11","0","0","0","1","0","0","0","0","","0","0","0","","","0","","0","","40 26:39.910","","0","80 03:23.960","0","0","0","0","2301","0","0","0","N","0","0","0","1","02301","0","","5.0","","1","N","N","","0","","0","0","0","","0","","","1","0","0","0","0","0","0","2","0","1","","","","N","","","","","","","","","",""
"2018056771","0623","1","0","0","0","0","0","0","0","0","7","0","","02","5","2018","1","40.363692","-80.022983","0620","11","0","0","0","0","0","0","0","0","3","0","0","0","","","0","","0","","40 21:49.290","7","0","80 01:22.740","0","0","0","0","2416","0","0","0","N","0","0","0","1","02416","0","","5.0","","1","N","N","","0","","0","0","0","","0","Y","","1","0","0","0","0","0","0","2","0","1","","","","N","","","","","","","","","",""
"2018060833","2310","0","0","0","0","0","0","0","0","0","2","0","90","02","6","2018","4","40.514803","-80.004306","2305","11","0","0","0","1","0","0","0","0","1","0","0","0","","","2","","2","","40 30:53.291","7","0","80 00:15.503","3","0","0","0","2116","0","0","0","N","0","0","0","3","02116","0","","1.0","","1","N","N","","0","","2","0","2","","2","N","","2","2","0","0","0","0","0","2","0","2","","","Y","Y","4","3","","","Y","","","","Y",""
"2018023289","0100","2","0","0","0","0","0","0","0","0","4","0","","02","2","2018","7","40.441733","-80.035258","0054","11","0","0","0","1","0","0","0","0","","0","0","0","","","0","","2","","40 26:30.238","","0","80 02:06.928","0","0","0","0","2301","0","0","0","N","0","0","0","2","02301","0","","1.0","","1","N","N","","0","","0","0","0","","3","N","","2","0","0","0","0","0","0","2","0","2","","","","N","","","","","","","","","",""
"2018030497","0059","0","0","0","0","0","0","0","0","0","7","0","","02","3","2018","1","40.425677","-79.926743","0054","11","0","0","0","0","0","0","0","0","","0","0","0","","","0","","0","","40 25:32.438","","0","79 55:36.274","0","0","0","0","2301","0","0","0","N","0","0","0","2","02301","0","","3.0","","1","N","N","","1","","0","0","0","","3","","","1","0","0","0","0","0","0","2","0","1","","","","N","","","","","","","","","",""
"2018029321","1841","2","0","0","0","0","0","0","0","0","4","0","","02","3","2018","7","40.435014","-79.944847","1832","11","0","0","0","0","0","0","0","0","","0","0","0","","","0","","0","","40 26:06.050","","0","79 56:41.450","0","0","0","0","2301","0","0","0","N","0","0","0","2","02301","0","","1.0","","1","N","N","","0","","0","0","0","","0","","","2","0","0","0","0","0","0","2","0","2","","","","N","","","","","","","","","",""
"2018058087","2023","1","0","0","0","0","0","0","0","0","99","0","","02","5","2018","4","40.476357","-80.200236","2018","11","0","0","0","0","0","0","0","0","","0","0","0","","","1","","0","","40 28:34.885","","0","80 12:00.848","3","0","0","0","2213","0","0","0","N","0","0","0","1","02213","0","","1.0","","1","N","N","","0","","1","0","0","","0","","","1","1","0","0","0","0","0","2","0","1","","","","N","","","","","","","","","",""