"CRN","ARRIVAL_TM","AUTOMOBILE_COUNT","BELTED_DEATH_COUNT","BELTED_SUSP_SERIOUS_INJ_COUNT","BICYCLE_COUNT","BICYCLE_DEATH_COUNT","BICYCLE_SUSP_SERIOUS_INJ_COUNT","BUS_COUNT","CHLDPAS_DEATH_COUNT","CHLDPAS_SUSP_SERIOUS_INJ_COUNT","COLLISION_TYPE","COMM_VEH_COUNT","CONS_ZONE_SPD_LIM","COUNTY","CRASH_MONTH","CRASH_YEAR","DAY_OF_WEEK","DEC_LATITUDE","DEC_LONGITUDE","DISPATCH_TM","DISTRICT","DRIVER_COUNT_16YR","DRIVER_COUNT_17YR","DRIVER_COUNT_18YR","DRIVER_COUNT_19YR","DRIVER_COUNT_20YR","DRIVER_COUNT_50_64YR","DRIVER_COUNT_65_74YR","DRIVER_COUNT_75PLUS","EST_HRS_CLOSED","FATAL_COUNT","HEAVY_TRUCK_COUNT","HORSE_BUGGY_COUNT","HOUR_OF_DAY","ILLUMINATION","INJURY_COUNT","INTERSECTION_RELATED","INTERSECT_TYPE","LANE_CLOSED","LATITUDE","LN_CLOSE_DIR","LOCATION_TYPE","LONGITUDE","MAX_SEVERITY_LEVEL","MCYCLE_DEATH_COUNT","MCYCLE_SUSP_SERIOUS_INJ_COUNT","MOTORCYCLE_COUNT","MUNICIPALITY","NONMOTR_COUNT","NONMOTR_DEATH_COUNT","NONMOTR_SUSP_SERIOUS_INJ_COUNT","NTFY_HIWY_MAINT","PED_COUNT","PED_DEATH_COUNT","PED_SUSP_SERIOUS_INJ_COUNT","PERSON_COUNT","POLICE_AGCY","POSSIBLE_INJ_COUNT","RDWY_SURF_TYPE_CD","RELATION_TO_ROAD","ROADWAY_CLEARED","ROAD_CONDITION","SCH_BUS_IND","SCH_ZONE_IND","SECONDARY_CRASH","SMALL_TRUCK_COUNT","SPEC_JURIS_CD","SUSP_MINOR_INJ_COUNT","SUSP_SERIOUS_INJ_COUNT","SUV_COUNT","TCD_FUNC_CD","TCD_TYPE","TFC_DETOUR_IND","TIME_OF_DAY","TOTAL_UNITS","TOT_INJ_COUNT","UNBELTED_OCC_COUNT","UNB_DEATH_COUNT","UNB_SUSP_SERIOUS_INJ_COUNT","UNK_INJ_DEG_COUNT","UNK_INJ_PER_COUNT","URBAN_RURAL","VAN_COUNT","VEHICLE_COUNT","WEATHER1","WEATHER2","WORKERS_PRES","WORK_ZONE_IND","WORK_ZONE_LOC","WORK_ZONE_TYPE","WZ_CLOSE_DETOUR","WZ_FLAGGER","WZ_LAW_OFFCR_IND","WZ_LN_CLOSURE","WZ_MOVING","WZ_OTHER","WZ_SHLDER_MDN","WZ_WORKERS_INJ_KILLED"
"2018063275","","1","0","0","0","0","0","1","0","0","4","1","","02","6","2018","5","40.549379","-79.840016","1546","11","0","0","0","0","0","1","0","0","","0","0","0","","","0","","1","","40 32:57.766","","0","79 50:24.056","0","0","0","0","2208","0","0","0","N","0","0","0","2","02208","0","","1.0","","1","Y","N","","0","","0","0","0","","2","","","2","0","0","0","0","0","0","2","0","2","","","","N","","","","","","","","","",""
"2018038092","","1","0","0","0","0","0","0","0","0","4","0","","02","3","2018","6","40.461313","-79.934164","1510","11","0","0","0","0","0","0","0","0","","0","0","0","","","0","","1","","40 27:40.726","","0","79 56:02.990","0","0","0","0","2301","0","0","0","N","0","0","0","3","02301","0","","1.0","","9","N","N","","0","","0","0","1","","3","","","2","0","0","0","0","0","0","2","0","2","","","","N","","","","","","","","","",""
"2018044009","","1","0","0","0","0","0","0","0","0","7","0","","02","4","2018","3","40.467511","-79.825534","2247","11","0","0","0","1","0","0","0","0","","0","0","0","","","1","","0","","40 28:03.040","","0","79 49:31.921","3","0","0","0","2113","0","0","0","N","0","0","0","1","02113","0","","2.0","","1","N","N","","0","","1","0","0","","0","","","1","1","0","0","0","0","0","2","0","1","","","","N","","","","","","","","","",""
"2018038245","","1","0","0","0","0","0","0","0","0","7","0","","02","3","2018","7","40.339133","-79.824733","0706","11","0","0","0","0","0","0","0","0","","0","0","0","","","0","","0","","40 20:20.880","","0","79 49:29.040","0","0","0","0","2304","0","0","0","N","0","0","0","1","02304","0","","5.0","","2","N","N","","0","","0","0","0","","0","","","1","0","0","0","0","0","0","2","0","1","","","","N","","","","","","","","","",""
"2018089127","","2","0","0","0","0","0","0","0","0","1","0","","02","8","2018","7","40.402789","-79.907951","1637","11","0","0","0","0","0","0","0","0","","0","0","0","","","0","","0","","40 24:10.042","","0","79 54:28.622","0","0","0","0","2438","0","0","0","N","0","0","0","1","02438","0","","6.0","","1","N","N","","0","","0","0","0","","0","","","2","0","0","0","0","0","0","2","0","2","","","","N","","","","","","","","","",""
"2018130322","","0","0","0","0","0","0","0","0","0","4","0","","02","11","2018","3","40.552109","-80.023334","1913","11","0","0","0","0","0","1","0","0","","0","0","0","","","1","","1","","40 33:07.592","","0","80 01:24.002","3","0","0","0","2116","0","0","0","N","0","0","0","2","02116","0","","1.0","","1","N","N","","0","","1","0","2","","2","N","","2","1","0","0","0","0","0","2","0","2","","","","N","","","","","","","","","",""
"2018038549","","1","0","0","0","0","0","0","0","0","7","0","","02","4","2018","1","40.43018","-80.053456","0710","11","0","0","0","0","0","0","0","0","9","0","0","0","","","0","","0","","40 25:48.648","7","0","80 03:12.441","0","0","0","0","2301","0","0","0","Y","0","0","0","1","02301","0","","5.0","","1","N","N","","0","","0","0","0","","0","N","","1","0","0","0","0","0","0","2","0","1","","","","N","","","","","","","","","",""
"2018041648","","2","0","0","0","0","0","0","0","0","1","0","","02","3","2018","6","40.506767","-80.048639","2003","11","0","0","0","0","0","0","0","1","","0","0","0","","","2","","0","","40 30:24.360","","0","80 02:55.100","3","0","0","0","2116","0","0","0","N","0","0","0","7","02116","0","","1.0","","1","N","N","","0","","2","0","0","","0","","","2","2","0","0","0","0","0","2","0","2","","","","N","","","","","","","","","",""
"2018044477","","2","0","0","0","0","0","0","0","0","4","0","","02","4","2018","5","40.345832","-79.849368","1058","11","0","0","0","0","0","0","0","0","1","0","0","0","","","1","","1","","40 20:44.995","4","0","79 50:57.724","8","0","0","0","2304","0","0","0","N","0","0","0","2","02304","0","","1.0","","9","N","N","","0","","0","0","0","","2","N","","2","1","0","0","0","1","0","2","0","2","","","","N","","","","","","","","","",""
"2018038601","","1","0","0","0","0","0","0","0","0","7","0","","02","3","2018","7","40.430175","-79.761881","0807","11","0","0","0","0","0","0","0","0","","0","0","0","","","0","","0","","40 25:48.630","","0","79 45:42.770","0","0","0","0","2446","0","0","0","N","0","0","0","1","02446","0","","5.0","","2","N","N","","0","","0","0","0","","0","","","1","0","0","0","0","0","0","2","0","1","","","","N","","","","","","","","","",""
"2018044667","","0","0","0","0","0","0","0","0","0","7","0","","02","4","2018","5","40.398111","-79.947728","2131","11","0","0","0","0","0","0","0","0","1","0","0","0","","","0","","0","","40 23:53.200","6","0","79 56:51.821","0","0","0","0","2403","0","0","0","N","0","0","0","1","02403","0","","2.0","","1","N","N","","0","","0","0","1","","0","N","","1","0","0","0","0","0","0","2","0","1","","","","N","","","","","","","","","",""
"2018043690","","2","0","0","0","0","0","0","0","0","4","0","","02","4","2018","3","40.437158","-80.002661","0937","11","0","0","0","0","0","0","1","0","1","0","0","0","","","0","","2","","40 26:13.768","3","2","80 00:09.579","0","0","0","0","2301","0","0","0","N","0","0","0","3","02301","0","","1.0","","9","N","N","","0","","0","0","0","","2","Y","","2","0","0","0","0","0","0","2","0","2","","","","N","","","","","","","","","",""
"2018127731","","1","0","0","0","0","0","0","0","0","7","0","","02","11","2018","6","40.45558","-79.966254","0925","11","0","0","0","0","0","1","0","0","2","0","0","0","","","0","","1","","40 27:20.089","3","0","79 57:58.514","0","0","0","0","2301","0","0","0","N","0","0","0","1","02301","0","","1.0","","9","N","N","","0","","0","0","0","","0","N","","1","0","0","0","0","0","0","2","0","1","","","","N","","","","","","","","","",""
"2018076679","","0","0","0","0","0","0","0","0","0","7","0","45","02","7","2018","5","40.524276","-80.069911","1417","11","0","0","0","0","0","0","0","0","2","0","0","0","","","0","","0","","40 31:27.392","1","0","80 04:11.681","0","0","0","0","2215","0","0","0","N","0","0","0","1","68B03","0","","5.0","","1","N","N","","0","","0","0","1","","0","N","","1","0","1","0","0","0","0","2","0","1","","","N","Y","4","1","N","N","N","Y","N","N","N",""
"2018067497","","1","0","0","0","0","0","0","0","0","4","0","","02","6","2018","2","40.352737","-80.00965","1648","11","0","0","0","0","1","0","0","0","1","0","0","0","","","0","","1","","40 21:09.852","3","0","80 00:34.740","0","0","0","0","2476","0","0","0","N","0","0","0","2","02476","0","","1.0","","1","N","N","","0","","0","0","1","","0","N","","2","0","0","0","0","0","0","2","0","2","","","","N","","","","","","","","","",""
"2018076771","","2","0","0","0","0","0","0","0","0","2","0","","02","7","2018","2","40.319152","-80.117563","1336","11","0","0","0","0","0","0","1","0","1","0","0","0","","","0","","1","","40 19:08.946","5","0","80 07:03.225","0","0","0","0","2119","0","0","0","N","0","0","0","5","02119","0","","1.0","","1","N","N","","0","","0","0","0","","2","N","","2","0","0","0","0","0","0","2","0","2","","","","N","","","","","","","","","",""
"2018093587","","2","0","0","0","0","0","0","0","0","4","0","","02","9","2018","6","40.345366","-80.15479","1611","11","0","1","0","0","0","0","0","0","2","0","0","0","","","2","","2","","40 20:43.317","3","0","80 09:17.243","8","0","0","0","2119","0","0","0","N","0","0","0","2","02119","0","","1.0","","1","N","N","","0","","0","0","0","","3","N","","2","2","0","0","0","2","0","2","0","2","","","","N","","","","","","","","","",""
"2018036949","","1","0","0","0","0","0","0","0","0","7","0","","02","3","2018","4","40.450444","-79.97892","0154","11","0","0","0","0","0","0","0","0","2","0","0","0","","","0","","0","","40 27:01.597","1","0","79 58:44.113","0","0","0","0","2301","0","0","0","N","0","0","0","2","02301","0","","4.0","","9","N","N","","0","","0","0","0","","0","N","","1","0","0","0","0","0","0","2","0","1","","","","N","","","","","","","","","",""
"2018043522","","1","0","0","0","0","0","0","0","0","4","0","","02","4","2018","2","40.390785","-79.986383","1802","11","0","0","1","0","0","0","0","0","1","0","0","0","","","0","","2","","40 23:26.825","2","0","79 59:10.978","0","0","0","0","2301","0","0","0","N","0","0","0","2","02301","0","","1.0","","1","N","N","","0","","0","0","1","","0","N","","2","0","1","0","0","0","0","2","0","2","","","","N","","","","","","","","","",""
"2018112088","","2","0","0","0","0","0","0","0","0","4","0","","02","10","2018","5","40.50028","-79.865595","0810","11","0","0","0","1","0","0","0","0","","0","0","0","","","0","","2","","40 30:01.008","","0","79 51:56.141","0","0","0","0","2112","0","0","0","N","0","0","0","2","02112","0","","1.0","","1","N","N","","0","","0","0","0","","3","","","2","0","0","0","0","0","0","2","0","2","","","","N","","","","","","","","","",""
"2018040333","","1","0","0","0","0","0","0","0","0","8","0","","02","4","2018","3","40.436841","-79.758113","1417","11","0","0","0","0","0","0","0","0","1","0","0","0","","","1","","2","","40 26:12.626","1","7","79 45:29.205","2","0","0","0","2446","1","0","1","N","1","0","1","2","02446","0","","1.0","","9","N","N","","0","","0","1","0","","2","N","","2","1","0","0","0","0","0","2","0","1","","","","N","","","","","","","","","",""
"2018038351","","2","0","0","0","0","0","0","0","0","1","0","","02","3","2018","5","40.453343","-80.019503","1109","11","0","0","1","0","0","1","0","0","1","0","0","0","","","1","","0","","40 27:12.033","1","0","80 01:10.210","3","0","0","0","2301","0","0","0","N","0","0","0","3","02301","0","","1.0","","1","N","N","","0","","1","0","0","","2","N","","2","1","2","0","0","0","1","2","0","2","","","","N","","","","","","","","","",""
"2018041417","","1","0","0","0","0","0","0","0","0","4","0","","02","3","2018","7","40.342923","-80.053143","1839","11","0","0","1","0","0","0","0","1","","0","0","0","","","0","","2","","40 20:34.522","","7","80 03:11.314","0","0","0","0","2407","0","0","0","N","0","0","0","3","02407","0","","1.0","","1","N","N","","0","","0","0","1","","2","","","2","0","0","0","0","0","0","2","0","2","","","","N","","","","","","","","","",""
"2018041036","","0","0","0","0","0","0","0","0","0","7","0","","02","4","2018","1","40.466592","-80.066625","2309","11","0","0","0","0","0","0","0","0","2","0","0","0","","","0","","0","","40 27:59.730","1","0","80 03:59.850","0","0","0","0","2444","0","0","0","N","0","0","0","1","02444","0","","5.0","","9","N","N","","1","","0","0","0","","0","N","","1","0","0","0","0","0","0","2","0","1","","","","N","","","","","","","","","",""
"2018074371","","2","0","0","0","0","0","0","0","0","4","0","","02","7","2018","7","40.355171","-79.83524","1322","11","0","0","0","0","0","1","1","0","","0","0","0","","","0","","2","","40 21:18.617","","0","79 50:06.865","0","0","0","0","2304","0","0","0","N","0","0","0","2","02304","0","","1.0","","1","N","N","","0","","0","0","0","","2","","","2","0","0","0","0","0","0","2","0","2","","","","N","","","","","","","","","",""
"2018075815","","1","0","0","0","0","0","0","0","0","1","1","","02","7","2018","6","40.391904","-80.06932","0914","11","0","0","0","0","0","1","0","0","","0","1","0","","","1","","0","","40 23:30.853","","7","80 04:09.553","4","0","0","0","2117","0","0","0","N","0","0","0","2","02117","1","","1.0","","1","N","N","","0","","0","0","0","","0","N","","2","1","0","0","0","0","0","2","0","2","","","","N","","","","","","","","","",""
"2018038536","","1","0","0","0","0","0","0","0","0","7","0","","02","3","2018","6","40.488418","-80.338153","0608","11","0","0","0","0","0","1","0","0","1","0","0","0","","","1","","0","","40 29:18.305","2","0","80 20:17.349","3","0","0","0","2203","0","0","0","N","0","0","0","1","02203","0","","4.0","","9","N","N","","0","","1","0","0","","0","N","","1","1","0","0","0","0","0","1","0","1","","","","N","","","","","","","","","",""
"2018063817","","1","0","0","0","0","0","0","0","0","4","1","","02","6","2018","6","40.349636","-79.885827","1247","11","0","0","0","0","0","1","1","0","","0","1","0","","","0","","2","","40 20:58.689","","0","79 53:08.976","0","0","0","0","2304","0","0","0","Y","0","0","0","2","02304","0","","1.0","","1","N","N","","0","","0","0","0","","0","","","2","0","0","0","0","0","0","2","0","2","","","","N","","","","","","","","","",""
"2018089047","","2","0","0","0","0","0","0","0","0","2","0","","02","8","2018","4","40.517391","-79.85377","0545","11","0","0","0","0","0","3","0","0","","0","0","0","","","0","","0","","40 31:02.608","","0","79 51:13.572","0","0","0","0","2112","0","0","0","N","0","0","0","3","68D02","0","","1.0","","1","N","N","","0","","0","0","1","","0","","","3","0","0","0","0","0","0","2","0","3","","","","N","","","","","","","","","",""
"2018086273","","1","0","0","0","0","0","0","0","0","1","0","","02","8","2018","6","40.439403","-80.153603","1845","11","0","0","0","0","0","1","0","0","","0","0","0","","","0","","0","","40 26:21.852","","0","80 09:12.970","0","0","0","0","2115","0","0","0","N","0","0","0","4","68B03","0","","1.0","","9","N","N","","0","","0","0","1","","0","","","2","0","0","0","0","0","0","2","0","2","","","","N","","","","","","","","","",""
"2018076616","","1","0","0","0","0","0","0","0","0","1","0","99","02","7","2018","2","40.463934","-79.851653","1231","11","0","0","0","0","0","0","1","0","2","0","0","0","","","2","","0","","40 27:50.161","4","0","79 51:05.951","3","0","0","0","2113","0","0","0","N","0","0","0","2","02113","1","","1.0","","9","N","N","","0","","1","0","1","","7","Y","","2","2","1","0","0","0","0","2","0","2","","","Y","Y","2","1","","Y","N","","","","",""
"2018039343","","0","0","0","0","0","0","0","0","0","8","0","","02","4","2018","3","40.37025","-80.100837","1833","11","0","0","0","0","0","1","0","0","1","0","0","0","","","1","","2","","40 22:12.901","4","0","80 06:03.012","3","0","0","0","2102","1","0","0","N","1","0","0","2","02102","0","","1.0","","1","N","N","","0","","1","0","1","","2","N","","2","1","0","0","0","0","0","2","0","1","","","","N","","","","","","","","","",""
"2018044922","","1","0","0","0","0","0","0","0","0","5","0","","02","4","2018","6","40.515375","-79.959125","1638","11","0","0","0","0","0","0","1","0","1","0","0","0","","","0","","0","","40 30:55.350","5","0","79 57:32.851","0","0","0","0","2118","0","0","0","N","0","0","0","2","02118","0","","1.0","","1","N","N","","0","","0","0","1","","0","Y","","2","0","0","0","0","0","0","2","0","2","","","","N","","","","","","","","","",""
"2018079597","","1","0","0","0","0","0","0","0","0","7","0","","02","7","2018","2","40.319806","-80.011556","1737","11","1","0","0","0","0","0","0","0","","0","0","0","","","2","","0","","40 19:11.300","","0","80 00:41.600","4","0","0","0","2407","0","0","0","N","0","0","0","4","02501","2","","5.0","","1","N","N","","0","","0","0","0","","0","","","1","2","0","0","0","0","0","2","0","1","","","","N","","","","","","","","","",""
"2018091307","","0","0","0","0","0","0","0","0","0","4","0","","02","8","2018","6","40.447154","-79.895123","1531","11","0","0","0","0","0","0","0","0","1","0","0","0","","","1","","1","","40 26:49.753","6","0","79 53:42.442","3","0","0","0","2301","0","0","0","N","0","0","0","3","02301","0","","1.0","","1","N","N","","1","","1","0","1","","2","N","","2","1","0","0","0","0","0","2","0","2","","","","N","","","","","","","","","",""
"2018038557","","0","0","0","0","0","0","0","0","0","7","0","","02","4","2018","1","40.469008","-79.800825","2234","11","0","0","0","0","0","0","0","0","","0","0","0","","","0","","0","","40 28:08.430","","0","79 48:02.970","0","0","0","0","2113","0","0","0","N","0","0","0","1","02113","0","","5.0","","1","N","N","","0","","0","0","1","","0","","","1","0","0","0","0","0","0","2","0","1","","","","N","","","","","","","","","",""
"2018044593","","2","0","0","0","0","0","0","0","0","1","0","","02","4","2018","4","40.501905","-80.221925","1112","11","0","0","0","0","0","1","0","0","1","0","0","0","","","1","","0","","40 30:06.859","2","7","80 13:18.929","4","0","0","0","2213","0","0","0","N","0","0","0","2","02213","1","","1.0","","1","N","N","","0","","0","0","0","","0","Y","","2","1","0","0","0","0","0","2","0","2","","","","N","","","","","","","","","",""
"2018078864","","0","0","0","0","0","0","0","0","0","6","1","","02","7","2018","7","40.464812","-79.979919","0923","11","0","0","0","0","0","0","0","0","","0","1","0","","","0","","1","","40 27:53.323","","2","79 58:47.708","9","0","0","0","2301","0","0","0","N","0","0","0","2","02301","0","","1.0","","1","N","N","","0","","0","0","1","","2","","","2","0","0","0","0","0","1","2","0","2","","","","N","","","","","","","","","",""
"2018043739","","2","0","0","0","0","0","0","0","0","4","0","","02","4","2018","3","40.430159","-80.013731","1227","11","0","0","0","0","0","0","0","0","","0","0","0","","","1","","2","","40 25:48.572","","0","80 00:49.431","3","0","0","0","2301","0","0","0","N","0","0","0","2","02301","0","","1.0","","9","N","N","","0","","1","0","0","","3","","","2","1","1","0","0","0","0","2","0","2","","","","N","","","","","","","","","",""
"2018044649","","1","0","0","0","0","0","0","0","0","8","0","","02","4","2018","5","40.405724","-79.911768","1511","11","0","0","0","0","0","1","0","0","1","0","0","0","","","1","","1","","40 24:20.606","2","0","79 54:42.364","8","0","0","0","2438","1","0","0","N","1","0","0","2","02438","0","","1.0","","1","N","N","","0","","0","0","0","","3","Y","","2","1","0","0","0","1","0","2","0","1","","","","N","","","","","","","","","",""
"2018037409","","2","0","0","0","0","0","0","0","0","4","0","","02","3","2018","4","40.452917","-79.920736","1753","11","0","0","0","0","0","0","0","0","1","0","0","0","","","1","","1","","40 27:10.501","4","0","79 55:14.649","3","0","0","0","2301","0","0","0","N","0","0","0","4","02301","0","","1.0","","1","N","N","","0","","1","0","0","","2","N","","2","1","0","0","0","0","3","2","0","2","","","","N","","","","","","","","","",""
"2018077553","","2","0","0","0","0","0","0","0","0","2","0","","02","7","2018","3","40.583925","-79.881773","1752","11","0","0","0","0","0","1","0","0","","0","0","0","","","0","","1","","40 35:02.131","","0","79 52:54.381","0","0","0","0","2209","0","0","0","N","0","0","0","2","02209","0","","1.0","","1","N","N","","0","","0","0","0","","0","","","2","0","0","0","0","0","0","2","0","2","","","","N","","","","","","","","","",""
"2018082356","","2","0","0","0","0","0","0","0","0","4","0","","02","8","2018","3","40.460202","-79.969263","1630","11","0","0","0","0","0","1","0","0","2","0","0","0","","","1","","1","","40 27:36.727","6","0","79 58:09.346","8","0","0","0","2301","0","0","0","N","0","0","0","3","02301","0","","1.0","","1","N","N","","0","","0","0","0","","0","N","","2","1","0","0","0","1","0","2","0","2","","","","N","","","","","","","","","",""
"2018093447","","2","0","0","0","0","0","0","0","0","99","0","","02","9","2018","2","40.378719","-79.992979","2250","11","0","0","0","0","0","1","0","0","1","0","0","0","","","0","","2","","40 22:43.390","5","0","79 59:34.726","0","0","0","0","2301","0","0","0","N","0","0","0","5","02301","0","","1.0","","1","N","N","","0","","0","0","1","","0","Y","","3","0","0","0","0","0","0","2","0","3","","","","N","","","","","","","","","",""
"2018093332","","1","0","0","0","0","0","0","0","0","7","0","","02","9","2018","4","40.442213","-79.771127","0754","11","0","0","0","1","0","0","0","0","","0","0","0","","","1","","0","","40 26:31.968","","0","79 46:16.057","3","0","0","0","2446","0","0","0","N","0","0","0","1","02446","0","","5.0","","1","N","N","","0","","1","0","0","","0","","","1","1","0","0","0","0","0","2","0","1","","","","N","","","","","","","","","",""
"2018037041","","1","0","0","0","0","0","0","0","0","7","0","","02","3","2018","4","40.483","-80.295021","0653","11","0","0","0","0","0","0","0","0","3","0","0","0","","","0","","0","","40 28:58.800","1","0","80 17:42.075","0","0","0","0","2203","0","0","0","N","0","0","0","1","02203","0","","5.0","","9","N","N","","0","","0","0","0","","0","N","","1","0","0","0","0","0","0","1","0","1","","","","N","","","","","","","","","",""
"2018037885","","1","0","0","0","0","0","0","0","0","7","0","","02","3","2018","5","40.409031","-79.892086","2232","11","0","0","0","0","0","0","0","0","","0","0","0","","","1","","0","","40 24:32.510","","0","79 53:31.510","3","0","0","0","2448","0","0","0","N","0","0","0","1","02448","0","","5.0","","9","N","N","","0","","1","0","0","","0","","","1","1","1","0","0","0","0","2","0","1","","","","N","","","","","","","","","",""
"2018077817","","1","0","0","0","0","0","0","0","0","7","0","","02","7","2018","3","40.429427","-80.273408","2354","11","0","0","0","0","0","0","0","0","3","0","0","0","","","0","","0","","40 25:45.937","3","0","80 16:24.268","0","0","0","0","2214","0","0","0","Y","0","0","0","4","68B03","0","","3.0","","1","N","N","","0","","0","0","0","","0","N","","1","0","0","0","0","0","0","1","0","1","","","","N","","","","","","","","","",""
"2018038775","","0","0","0","0","0","0","0","0","0","6","0","","02","4","2018","2","40.606628","-79.947161","1208","11","0","0","0","0","0","0","1","0","1","0","0","0","","","1","","0","","40 36:23.860","2","0","79 56:49.778","8","0","0","0","2207","0","0","0","N","0","0","0","2","02207","0","","1.0","","1","N","N","","1","","0","0","1","","0","N","","2","1","1","0","0","1","0","2","0","2","","","","N","","","","","","","","","",""
"2018046648","","2","0","0","0","0","0","0","0","0","1","0","","02","4","2018","3","40.394577","-79.847936","1217","11","0","0","0","0","0","0","0","0","1","0","0","0","","","0","","2","","40 23:40.477","3","0","79 50:52.571","0","0","0","0","2449","0","0","0","N","0","0","0","3","02449","0","","1.0","","1","N","N","","0","","0","0","0","","3","N","","2","0","0","0","0","0","0","2","0","2","","","","N","","","","","","","","","",""
"2018043361","","0","0","0","0","0","0","0","0","0","1","0","","02","4","2018","2","40.340507","-79.966973","1104","11","0","0","0","0","0","0","2","0","1","0","0","0","","","0","","0","","40 20:25.825","3","0","79 58:01.101","0","0","0","0","2454","0","0","0","N","0","0","0","3","02454","0","","1.0","","9","N","N","","0","","0","0","3","","0","N","","3","0","0","0","0","0","0","2","0","3","","","","N","","","","","","","","","",""
"2018043925","","2","0","0","0","0","0","0","0","0","4","0","","02","4","2018","3","40.438314","-79.897053","1602","11","0","0","0","0","0","1","1","0","","0","0","0","","","0","","2","","40 26:17.930","","0","79 53:49.390","0","0","0","0","2301","0","0","0","N","0","0","0","2","02301","0","","1.0","","9","N","N","","0","","0","0","0","","0","","","2","0","0","0","0","0","0","2","0","2","","","","N","","","","","","","","","",""
"2018050020","","1","0","0","0","0","0","0","0","0","7","0","","02","4","2018","3","40.419988","-80.033659","2143","11","0","0","0","0","0","0","0","0","1","0","0","0","","","0","","0","","40 25:11.958","3","0","80 02:01.174","9","0","0","0","2301","0","0","0","N","0","0","0","1","68B03","0","","4.0","","9","N","N","","0","","0","0","0","","0","N","","1","0","0","0","0","0","1","2","0","1","","","","N","","","","","","","","","",""
"2018051994","","1","0","0","0","0","0","0","0","0","5","0","","02","5","2018","7","40.494661","-80.020948","1052","11","0","0","0","0","0","0","0","0","","0","0","0","","","1","","0","","40 29:40.780","","0","80 01:15.414","3","0","0","0","2301","0","0","0","N","0","0","0","1","02301","0","","6.0","","9","N","N","","0","","1","0","1","","0","","","2","1","0","0","0","0","0","2","0","2","","","","N","","","","","","","","","",""
"2018040684","","0","0","0","0","0","0","0","0","0","4","0","","02","4","2018","7","40.414215","-80.009633","2047","11","0","0","0","0","0","0","1","0","2","0","0","0","","","1","","1","","40 24:51.175","1","4","80 00:34.677","4","0","0","0","2301","0","0","0","N","0","0","0","3","02301","1","","1.0","","1","N","N","","0","","0","0","2","","2","Y","","2","1","0","0","0","0","0","2","0","2","","","","N","","","","","","","","","",""
"2018073976","","1","0","0","0","0","0","0","0","0","7","1","","02","7","2018","6","40.393233","-79.806314","1849","11","0","0","0","0","0","0","0","0","2","0","0","0","","","0","","2","","40 23:35.638","6","2","79 48:22.732","0","0","0","0","2479","0","0","0","Y","0","0","0","1","02501","0","","2.0","","1","N","N","","0","","0","0","0","","0","Y","","1","0","0","0","0","0","0","2","0","1","","","","N","","","","","","","","","",""
"2018044771","","1","0","0","0","0","0","0","0","0","4","0","","02","4","2018","6","40.461624","-79.907952","0700","11","0","0","0","0","0","0","1","0","1","0","0","0","","","0","","1","","40 27:41.846","4","0","79 54:28.627","0","0","0","0","2301","0","0","0","N","0","0","0","3","02301","0","","1.0","","1","N","N","","1","","0","0","0","","1","N","","2","0","0","0","0","0","0","2","0","2","","","","N","","","","","","","","","",""
"2018040067","","1","0","0","0","0","0","0","0","0","4","0","","02","4","2018","1","40.403278","-79.908922","1334","11","0","0","0","0","0","0","0","0","1","0","0","0","","","1","","0","","40 24:11.800","2","0","79 54:32.120","3","0","0","0","2438","1","0","0","N","1","0","0","1","02438","0","","4.0","","1","N","N","","0","","1","0","1","","0","N","","3","1","0","0","0","0","0","2","0","2","","","","N","","","","","","","","","",""
"2018081413","","1","0","0","0","0","0","0","0","0","7","0","","02","8","2018","7","40.451153","-79.933835","1108","11","0","0","0","0","0","0","0","1","2","0","0","0","","","1","","0","","40 27:04.151","1","0","79 56:01.805","3","0","0","0","2301","1","0","0","N","1","0","0","2","02301","0","","5.0","","1","N","N","","0","","1","0","0","","0","Y","","2","1","0","0","0","0","0","2","0","1","","","","N","","","","","","","","","",""
"2018038372","","0","0","0","0","0","0","0","0","0","4","0","","02","3","2018","7","40.441955","-79.962817","2349","11","0","0","0","0","0","0","0","0","","0","0","0","","","1","","1","","40 26:31.038","","0","79 57:46.141","3","0","0","0","2301","0","0","0","N","0","0","0","2","02301","0","","1.0","","1","N","N","","0","","1","0","2","","1","","","2","1","0","0","0","0","0","2","0","2","","","","N","","","","","","","","","",""
"2018096187","","1","0","0","0","0","0","0","0","0","7","0","","02","9","2018","1","40.4099","-79.724356","0830","11","0","0","0","0","0","0","0","0","1","0","0","0","","","1","","0","","40 24:35.639","3","0","79 43:27.681","8","0","0","0","2446","0","0","0","N","0","0","0","1","68T09","0","","4.0","","8","N","N","","0","","0","0","0","","0","Y","","1","1","0","0","0","1","0","2","0","1","","","","N","","","","","","","","","",""
"2018076411","","0","0","0","0","0","0","2","0","0","1","2","","02","7","2018","1","40.442168","-79.994957","1743","11","0","0","0","0","0","1","0","0","","0","0","0","","","26","","1","","40 26:31.803","","0","79 59:41.846","2","0","0","0","2301","0","0","0","N","0","0","0","97","02301","0","","1.0","","9","Y","N","","0","","24","1","0","","2","","","2","26","0","0","0","1","0","2","0","2","","","","N","","","","","","","","","",""