"CRN","ARRIVAL_TM","AUTOMOBILE_COUNT","BELTED_DEATH_COUNT","BELTED_SUSP_SERIOUS_INJ_COUNT","BICYCLE_COUNT","BICYCLE_DEATH_COUNT","BICYCLE_SUSP_SERIOUS_INJ_COUNT","BUS_COUNT","CHLDPAS_DEATH_COUNT","CHLDPAS_SUSP_SERIOUS_INJ_COUNT","COLLISION_TYPE","COMM_VEH_COUNT","CONS_ZONE_SPD_LIM","COUNTY","CRASH_MONTH","CRASH_YEAR","DAY_OF_WEEK","DEC_LATITUDE","DEC_LONGITUDE","DISPATCH_TM","DISTRICT","DRIVER_COUNT_16YR","DRIVER_COUNT_17YR","DRIVER_COUNT_18YR","DRIVER_COUNT_19YR","DRIVER_COUNT_20YR","DRIVER_COUNT_50_64YR","DRIVER_COUNT_65_74YR","DRIVER_COUNT_75PLUS","EST_HRS_CLOSED","FATAL_COUNT","HEAVY_TRUCK_COUNT","HORSE_BUGGY_COUNT","HOUR_OF_DAY","ILLUMINATION","INJURY_COUNT","INTERSECTION_RELATED","INTERSECT_TYPE","LANE_CLOSED","LATITUDE","LN_CLOSE_DIR","LOCATION_TYPE","LONGITUDE","MAX_SEVERITY_LEVEL","MCYCLE_DEATH_COUNT","MCYCLE_SUSP_SERIOUS_INJ_COUNT","MOTORCYCLE_COUNT","MUNICIPALITY","NONMOTR_COUNT","NONMOTR_DEATH_COUNT","NONMOTR_SUSP_SERIOUS_INJ_COUNT","NTFY_HIWY_MAINT","PED_COUNT","PED_DEATH_COUNT","PED_SUSP_SERIOUS_INJ_COUNT","PERSON_COUNT","POLICE_AGCY","POSSIBLE_INJ_COUNT","RDWY_SURF_TYPE_CD","RELATION_TO_ROAD","ROADWAY_CLEARED","ROAD_CONDITION","SCH_BUS_IND","SCH_ZONE_IND","SECONDARY_CRASH","SMALL_TRUCK_COUNT","SPEC_JURIS_CD","SUSP_MINOR_INJ_COUNT","SUSP_SERIOUS_INJ_COUNT","SUV_COUNT","TCD_FUNC_CD","TCD_TYPE","TFC_DETOUR_IND","TIME_OF_DAY","TOTAL_UNITS","TOT_INJ_COUNT","UNBELTED_OCC_COUNT","UNB_DEATH_COUNT","UNB_SUSP_SERIOUS_INJ_COUNT","UNK_INJ_DEG_COUNT","UNK_INJ_PER_COUNT","URBAN_RURAL","VAN_COUNT","VEHICLE_COUNT","WEATHER1","WEATHER2","WORKERS_PRES","WORK_ZONE_IND","WORK_ZONE_LOC","WORK_ZONE_TYPE","WZ_CLOSE_DETOUR","WZ_FLAGGER","WZ_LAW_OFFCR_IND","WZ_LN_CLOSURE","WZ_MOVING","WZ_OTHER","WZ_SHLDER_MDN","WZ_WORKERS_INJ_KILLED"
"2018075831","","2","0","0","0","0","0","0","0","0","4","0","","02","7","2018","6","40.347279","-79.944672","1426","11","0","0","0","0","0","0","0","0","1","0","0","0","","","0","","1","","40 20:50.204","4","0","79 56:40.818","0","0","0","0","2473","0","0","0","N","0","0","0","5","02473","0","","1.0","","1","N","N","","0","","0","0","0","","3","N","","2","0","1","0","0","0","0","2","0","2","","","","N","","","","","","","","","",""
"2018077135","","0","0","0","0","0","0","0","0","0","6","0","","02","7","2018","7","40.527173","-79.950298","1553","11","0","0","0","0","0","1","1","0","","0","0","0","","","1","","2","","40 31:37.821","","0","79 57:01.073","8","0","0","0","2118","0","0","0","N","0","0","0","3","02118","0","","1.0","","1","N","N","","0","","0","0","2","","2","","","2","1","0","0","0","1","0","2","0","2","","","","N","","","","","","","","","",""
"2018041724","","1","0","0","0","0","0","0","0","0","7","0","","02","4","2018","2","40.43599","-79.785369","1657","11","0","0","0","0","0","1","0","0","","0","0","0","","","0","","0","","40 26:09.565","","0","79 47:07.329","0","0","0","0","2446","0","0","0","N","0","0","0","1","02446","0","","5.0","","9","N","N","","0","","0","0","0","","2","","","1","0","0","0","0","0","0","2","0","1","","","","N","","","","","","","","","",""
"2018043317","","0","0","0","0","0","0","0","0","0","7","0","","02","4","2018","3","40.44089","-79.827877","0727","11","0","0","0","0","0","0","0","0","","0","0","0","","","0","","0","","40 26:27.203","","2","79 49:40.356","0","0","0","0","2419","0","0","0","N","0","0","0","1","68B03","0","","4.0","","1","N","N","","0","","0","0","1","","0","","","1","0","0","0","0","0","0","2","0","1","","","","N","","","","","","","","","",""
"2018037964","","2","0","0","0","0","0","0","0","0","1","0","","02","3","2018","5","40.546472","-80.218932","1500","11","0","0","0","0","0","0","0","0","","0","0","0","","","1","","2","","40 32:47.300","","0","80 13:08.155","3","0","0","0","2103","0","0","0","N","0","0","0","2","02103","0","","1.0","","1","N","N","","0","","1","0","0","","0","N","","2","1","0","0","0","0","0","2","0","2","","","","N","","","","","","","","","",""
"2018038858","","1","0","0","0","0","0","0","0","0","1","0","","02","4","2018","2","40.49462","-80.053602","1816","11","0","0","0","0","1","0","0","0","","0","0","0","","","0","","2","","40 29:40.632","","0","80 03:12.967","0","0","0","0","2404","0","0","0","N","0","0","0","3","02404","0","","1.0","","1","N","N","","1","","0","0","0","","0","","","2","0","0","0","0","0","0","2","0","2","","","","N","","","","","","","","","",""
"2018038530","","2","0","0","0","0","0","0","0","0","1","0","","02","4","2018","1","40.414183","-80.009856","1948","11","0","0","0","0","0","0","0","0","2","0","0","0","","","1","","0","","40 24:51.060","1","0","80 00:35.483","3","0","0","0","2301","0","0","0","N","0","0","0","5","02301","0","","1.0","","1","N","N","","0","","1","0","0","","2","N","","2","1","0","0","0","0","0","2","0","2","","","","N","","","","","","","","","",""
"2018037822","","1","0","0","0","0","0","0","0","0","1","0","","02","3","2018","5","40.428517","-79.976218","1915","11","0","0","0","0","0","0","0","0","","0","0","0","","","0","","1","","40 25:42.661","","0","79 58:34.386","0","0","0","0","2301","0","0","0","N","0","0","0","2","02301","0","","1.0","","9","N","N","","0","","0","0","1","","0","","","2","0","0","0","0","0","0","2","0","2","","","","N","","","","","","","","","",""
"2018093561","","3","0","0","0","0","0","0","0","0","5","0","","02","9","2018","7","40.457683","-80.029865","0109","11","0","0","0","0","1","2","0","0","1","0","0","0","","","1","","3","","40 27:27.657","1","2","80 01:47.514","8","0","0","0","2301","0","0","0","N","0","0","0","4","02301","0","","1.0","","9","N","N","","0","","0","0","0","","0","N","","3","1","0","0","0","1","0","2","0","3","","","","N","","","","","","","","","",""
"2018076182","","1","0","0","0","0","0","0","0","0","4","0","","02","7","2018","7","40.615437","-80.095289","1933","11","0","0","0","0","0","1","0","0","1","0","0","0","","","0","","1","","40 36:55.572","4","2","80 05:43.040","0","0","0","0","2481","0","0","0","N","0","0","0","4","02481","0","","1.0","","1","N","N","","0","","0","0","1","","2","N","","2","0","0","0","0","0","0","2","0","2","","","","N","","","","","","","","","",""
"2018076763","","1","0","0","0","0","0","0","0","0","7","0","","02","5","2018","3","40.352276","-79.856711","1643","11","0","0","0","0","0","0","0","0","1","0","0","0","","","0","","1","","40 21:08.194","4","0","79 51:24.160","0","0","0","0","2304","0","0","0","N","0","0","0","1","02304","0","","5.0","","9","N","N","","0","","0","0","0","","2","N","","1","0","0","0","0","0","0","2","0","1","","","","N","","","","","","","","","",""
"2018077257","","1","0","0","0","0","0","0","0","0","1","0","","02","3","2018","2","40.420508","-80.032148","2210","11","0","0","0","0","0","1","0","0","","0","0","0","","","0","","0","","40 25:13.827","","0","80 01:55.732","0","0","0","0","2301","0","0","0","N","0","0","0","2","68B03","0","","1.0","","1","N","N","","0","","0","0","1","","0","","","2","0","0","0","0","0","0","2","0","2","","","","N","","","","","","","","","",""
"2018075840","","2","0","0","0","0","0","0","0","0","1","0","","02","7","2018","4","40.438738","-79.747121","1708","11","0","0","0","0","0","0","0","0","2","0","0","0","","","0","","0","","40 26:19.455","4","1","79 44:49.636","0","0","0","0","2446","0","0","0","N","0","0","0","5","02446","0","","1.0","","1","N","N","","1","","0","0","0","","0","N","","3","0","0","0","0","0","0","2","0","3","","","","N","","","","","","","","","",""
"2018081253","","2","0","0","0","0","0","0","0","0","1","0","90","02","8","2018","6","40.63477","-79.939791","0601","11","0","0","0","0","0","1","0","0","","0","0","0","","","0","","1","","40 38:05.172","","0","79 56:23.249","0","0","0","0","2217","0","0","0","N","0","0","0","2","02505","0","","1.0","","9","N","N","","0","","0","0","0","","2","","","2","0","0","0","0","0","0","2","0","2","","","N","Y","4","1","","","N","Y","","","",""
"2018076455","","2","0","0","0","0","0","0","0","0","1","0","","02","7","2018","6","40.316094","-80.08898","1733","11","0","0","0","0","0","0","0","0","","0","0","0","","","1","","0","","40 18:57.940","","0","80 05:20.329","3","0","0","0","2123","0","0","0","N","0","0","0","6","02123","0","","1.0","","1","N","N","","0","","1","0","1","","2","","","3","1","0","0","0","0","0","2","0","3","","","","N","","","","","","","","","",""
"2018055325","","1","0","0","0","0","0","0","0","0","1","0","","02","5","2018","2","40.344899","-80.114759","0833","11","0","0","0","0","0","0","0","0","","0","0","0","","","0","","0","","40 20:41.637","","0","80 06:53.131","0","0","0","0","2119","0","0","0","N","0","0","0","4","02119","0","","1.0","","1","N","N","","0","","0","0","1","","0","","","2","0","0","0","0","0","0","2","0","2","","","","N","","","","","","","","","",""
"2018056306","","1","0","1","0","0","0","0","0","0","1","0","","02","5","2018","5","40.448939","-80.019743","1522","11","0","0","0","0","1","0","0","0","2","0","0","0","","","2","","6","","40 26:56.182","1","2","80 01:11.075","2","0","0","0","2301","0","0","0","N","0","0","0","3","02301","0","","1.0","","1","N","N","","1","","1","1","0","","0","N","","2","2","0","0","0","0","0","2","0","2","","","","N","","","","","","","","","",""
"2018081814","","1","0","0","0","0","0","0","0","0","1","0","","02","8","2018","6","40.367874","-79.929597","1240","11","0","0","0","0","0","0","1","1","1","0","0","0","","","5","","2","","40 22:04.346","1","0","79 55:46.549","3","0","0","0","2473","0","0","0","N","0","0","0","7","02473","0","","1.0","","1","N","N","","0","","1","0","2","","2","N","","3","5","0","0","0","4","0","2","0","3","","","","N","","","","","","","","","",""
"2018076970","","0","0","0","0","0","0","0","0","0","4","1","","02","7","2018","2","40.601589","-80.079306","1522","11","0","0","0","0","0","0","0","0","","0","1","0","","","2","","0","","40 36:05.720","","7","80 04:45.500","4","0","0","0","2481","0","0","0","N","0","0","0","3","02481","2","","5.0","","1","N","N","","0","","0","0","0","","0","","","2","2","0","0","0","0","0","2","1","2","","","","N","","","","","","","","","",""
"2018039078","","3","0","0","0","0","0","0","0","0","1","0","","02","4","2018","3","40.332462","-79.946064","1239","11","0","0","0","0","0","0","0","0","1","0","0","0","","","1","","0","","40 19:56.863","2","0","79 56:45.829","3","0","0","0","2454","0","0","0","N","0","0","0","3","02454","0","","1.0","","9","N","N","","0","","1","0","0","","2","N","","3","1","0","0","0","0","0","2","0","3","","","","N","","","","","","","","","",""
"2018092450","","1","0","0","0","0","0","0","0","0","7","0","","02","9","2018","3","40.435556","-80.012639","0533","11","0","0","0","0","0","0","0","0","3","1","0","0","","","0","","0","","40 26:08.000","2","0","80 00:45.500","1","0","0","0","2301","0","0","0","N","0","0","0","1","02301","0","2","4.0","","1","N","N","","0","0","0","0","0","","0","Y","","1","0","1","1","0","0","0","2","0","1","","","","N","","","","","","","","","",""
"2018096048","","1","0","0","0","0","0","0","0","0","1","0","","02","8","2018","6","40.424794","-80.114181","0842","11","0","0","0","0","0","1","0","0","1","0","0","0","","","0","","0","","40 25:29.260","4","0","80 06:51.052","9","0","0","0","2102","0","0","0","N","0","0","0","2","68B03","0","","1.0","","1","N","N","","1","","0","0","0","","0","N","","2","0","0","0","0","0","2","2","0","2","","","","N","","","","","","","","","",""
"2018089419","","1","0","0","0","0","0","0","0","0","1","0","","02","8","2018","3","40.608323","-80.094376","1710","11","0","0","0","0","0","1","0","0","2","0","0","0","","","1","","0","","40 36:29.964","1","0","80 05:39.754","3","0","0","0","2481","0","0","0","N","0","0","0","2","68B03","0","","1.0","","1","N","N","","1","","1","0","0","","0","N","","2","1","0","0","0","0","0","2","0","2","","","","N","","","","","","","","","",""
"2018038205","","1","0","0","0","0","0","0","0","0","7","0","","02","3","2018","7","40.450733","-80.060078","0222","11","0","0","0","0","0","0","0","0","","0","0","0","","","1","","0","","40 27:02.640","","0","80 03:36.280","8","0","0","0","2301","0","0","0","N","0","0","0","3","02301","0","","5.0","","1","N","N","","0","","0","0","0","","0","","","1","1","1","0","0","1","1","2","0","1","","","","N","","","","","","","","","",""
"2018039618","","2","0","0","0","0","0","0","0","0","4","0","","02","4","2018","3","40.448432","-80.158021","2112","11","0","0","0","0","0","1","0","0","1","0","0","0","","","2","","2","","40 26:54.356","6","0","80 09:28.877","4","0","0","0","2115","0","0","0","N","0","0","0","2","02115","2","","1.0","","9","N","N","","0","","0","0","0","","1","N","","2","2","0","0","0","0","0","2","0","2","","","","N","","","","","","","","","",""
"2018037656","","1","0","0","0","0","0","0","0","0","4","0","","02","3","2018","5","40.520194","-79.809473","1237","11","0","0","0","0","0","1","0","0","","0","0","0","","","1","","2","","40 31:12.699","","0","79 48:34.101","8","0","0","0","2466","0","0","0","N","0","0","0","2","02466","0","","1.0","","9","N","N","","0","","0","0","1","","0","","","2","1","0","0","0","1","0","2","0","2","","","","N","","","","","","","","","",""
"2018040804","","0","0","0","0","0","0","0","0","0","4","0","","02","4","2018","2","40.506103","-80.036975","1122","11","0","0","0","0","0","1","1","0","2","0","0","0","","","4","","0","","40 30:21.970","6","0","80 02:13.110","3","0","0","0","2116","0","0","0","N","0","0","0","4","02116","1","","1.0","","1","N","N","","0","","3","0","2","","0","Y","","2","4","4","0","0","0","0","2","0","2","","","","N","","","","","","","","","",""
"2018071429","","0","0","0","0","0","0","0","0","0","7","0","","02","7","2018","1","40.484959","-79.817711","0045","11","0","0","0","0","0","0","0","0","","0","0","0","","","1","","0","","40 29:05.853","","0","79 49:03.759","8","0","0","0","2113","0","0","0","N","0","0","0","1","02113","0","","5.0","","3","N","N","","0","","0","0","1","","0","","","1","1","0","0","0","1","0","2","0","1","","","","N","","","","","","","","","",""
"2018082265","","1","0","0","0","0","0","0","0","0","1","0","","02","8","2018","5","40.366449","-80.119128","1801","11","0","0","0","0","0","0","0","0","","0","0","0","","","0","","0","","40 21:59.215","","0","80 07:08.862","0","0","0","0","2102","0","0","0","N","0","0","0","2","68B03","0","","1.0","","1","N","N","","0","","0","0","1","","0","","","2","0","0","0","0","0","0","2","0","2","","","","N","","","","","","","","","",""
"2018037118","","2","0","0","0","0","0","0","0","0","4","0","","02","3","2018","4","40.45504","-79.890423","1132","11","0","0","0","0","0","0","1","0","","0","0","0","","","0","","1","","40 27:18.145","","0","79 53:25.524","0","0","0","0","2301","0","0","0","N","0","0","0","2","02301","0","","1.0","","9","N","N","","0","","0","0","0","","2","","","2","0","2","0","0","0","0","2","0","2","","","","N","","","","","","","","","",""
"2018065103","","0","0","0","0","0","0","0","0","0","7","0","","02","6","2018","2","40.395784","-79.999957","1041","11","0","0","0","0","0","1","0","0","","0","0","0","","","0","","1","","40 23:44.822","","0","79 59:59.846","0","0","0","0","2301","0","0","0","N","0","0","0","1","02503","0","","5.0","","1","N","N","","0","","0","0","0","","3","","","1","0","0","0","0","0","0","2","1","1","","","","N","","","","","","","","","",""
"2018040173","","0","0","0","0","0","0","0","0","0","7","0","","02","3","2018","7","40.51225","-79.957936","0028","11","0","0","0","0","0","0","0","0","2","0","0","0","","","0","","1","","40 30:44.099","5","0","79 57:28.568","0","0","0","0","2118","0","0","0","N","0","0","0","1","02118","0","","2.0","","1","N","N","","1","","0","0","0","","0","Y","","1","0","0","0","0","0","0","2","0","1","","","","N","","","","","","","","","",""
"2018077258","","1","0","0","0","0","0","0","0","0","7","0","","02","4","2018","4","40.434137","-79.994499","1445","11","0","0","0","0","0","0","0","0","1","0","0","0","","","0","","0","","40 26:02.892","4","0","79 59:40.197","0","0","0","0","2301","0","0","0","N","0","0","0","2","68B03","0","","2.0","","1","N","N","","0","","0","0","1","","0","N","","2","0","0","0","0","0","0","2","0","2","","","","N","","","","","","","","","",""
"2018094179","","2","0","0","0","0","0","0","0","0","4","0","","02","9","2018","1","40.355468","-80.047293","1507","11","0","0","0","0","0","0","1","0","2","0","0","0","","","0","","0","","40 21:19.684","4","0","80 02:50.255","0","0","0","0","2109","0","0","0","N","0","0","0","2","02109","0","","1.0","","9","N","N","","0","","0","0","0","","0","N","","2","0","0","0","0","0","0","2","0","2","","","","N","","","","","","","","","",""
"2018093199","","0","0","0","0","0","0","0","0","0","8","0","","02","9","2018","5","40.452779","-79.934318","2249","11","0","0","0","0","0","0","0","0","","0","0","0","","","1","","0","","40 27:10.005","","0","79 56:03.543","3","0","0","1","2301","1","0","0","N","1","0","0","2","02301","0","","4.0","","1","N","N","","0","","1","0","0","","0","","","2","1","0","0","0","0","1","2","0","1","","","","N","","","","","","","","","",""
"2018076564","","0","0","0","0","0","0","0","0","0","4","0","","02","7","2018","2","40.425326","-79.923862","0821","11","0","0","1","0","0","0","0","0","","0","0","0","","","0","","1","","40 25:31.173","","0","79 55:25.903","0","0","0","0","2301","0","0","0","N","0","0","0","4","02301","0","","1.0","","1","N","N","","0","","0","0","1","","2","","","2","0","0","0","0","0","0","2","1","2","","","","N","","","","","","","","","",""
"2018094410","","0","0","0","0","0","0","0","0","0","4","1","","02","9","2018","2","40.491558","-80.061268","1418","11","0","0","0","0","0","0","0","1","","0","1","0","","","0","","2","","40 29:29.609","","7","80 03:40.563","0","0","0","0","2404","0","0","0","N","0","0","0","2","02404","0","","1.0","","9","N","N","","0","","0","0","1","","2","","","2","0","0","0","0","0","0","2","0","2","","","","N","","","","","","","","","",""
"2018094048","","2","0","0","0","0","0","0","0","0","2","0","","02","9","2018","1","40.570498","-79.863077","1738","11","0","0","0","0","0","0","1","0","1","0","0","0","","","0","","0","","40 34:13.793","3","0","79 51:47.077","0","0","0","0","2209","0","0","0","N","0","0","0","4","02209","0","","1.0","","9","N","N","","0","","0","0","0","","0","N","","2","0","0","0","0","0","0","2","0","2","","","","N","","","","","","","","","",""
"2018091699","","2","0","0","0","0","0","0","0","0","1","0","","02","9","2018","1","40.556553","-80.220544","1500","11","0","0","0","0","0","0","0","0","","0","0","0","","","1","","1","","40 33:23.592","","0","80 13:13.957","3","0","0","0","2103","0","0","0","N","0","0","0","2","02103","0","","1.0","","1","N","N","","0","","1","0","0","","0","","","2","1","0","0","0","0","0","2","0","2","","","","N","","","","","","","","","",""
"2018077588","","0","0","0","0","0","0","0","0","0","1","0","","02","6","2018","3","40.42821","-79.889643","1058","11","0","0","0","0","0","0","0","0","","0","0","0","","","0","","0","","40 25:41.556","","0","79 53:22.716","9","0","0","0","2426","0","0","0","N","0","0","0","2","68B03","0","","1.0","","1","N","N","","1","","0","0","1","","0","","","2","0","0","0","0","0","1","2","0","2","","","","N","","","","","","","","","",""
"2018044926","","2","0","0","0","0","0","0","0","0","5","0","","02","4","2018","5","40.476739","-79.968914","2239","11","0","0","0","1","0","0","0","0","2","0","0","0","","","0","","0","","40 28:36.262","1","0","79 58:08.092","0","0","0","0","2445","0","0","0","N","0","0","0","3","02445","0","","1.0","","1","N","N","","0","","0","0","0","","0","N","","2","0","0","0","0","0","0","2","0","2","","","","N","","","","","","","","","",""
"2018078366","","0","0","0","0","0","0","0","0","0","1","0","","02","7","2018","5","40.419563","-79.933973","1757","11","0","0","0","0","0","1","0","0","3","0","0","0","","","0","","1","","40 25:10.426","1","0","79 56:02.302","0","0","0","0","2301","0","0","0","N","0","0","0","4","02301","0","","1.0","","1","N","N","","1","","0","0","1","","0","N","","2","0","0","0","0","0","0","2","0","2","","","","N","","","","","","","","","",""
"2018044015","","1","0","0","0","0","0","0","0","0","7","0","","02","4","2018","3","40.34837","-79.944808","0910","11","0","0","0","0","0","0","0","0","","0","0","0","","","0","","2","","40 20:54.133","","0","79 56:41.310","0","0","0","0","2473","0","0","0","N","0","0","0","1","02473","0","","5.0","","1","N","N","","0","","0","0","0","","0","","","1","0","0","0","0","0","0","2","0","1","","","","N","","","","","","","","","",""
"2018038135","","1","0","0","0","0","0","0","0","0","4","0","","02","3","2018","6","40.489479","-79.819853","1737","11","0","0","0","0","0","1","1","0","","0","0","0","","","0","","1","","40 29:22.124","","0","79 49:11.470","0","0","0","0","2113","0","0","0","N","0","0","0","3","02113","0","","1.0","","1","N","N","","0","","0","0","1","","3","","","2","0","0","0","0","0","0","2","0","2","","","","N","","","","","","","","","",""
"2018064991","","1","0","0","0","0","0","0","0","0","1","0","","02","4","2018","3","40.423602","-80.107392","1626","11","0","0","0","0","0","0","0","0","","0","0","0","","","0","","0","","40 25:24.967","","0","80 06:26.611","0","0","0","0","2115","0","0","0","N","0","0","0","2","68B03","0","","1.0","","1","N","N","","0","","0","0","1","","0","","","2","0","0","0","0","0","0","2","0","2","","","","N","","","","","","","","","",""
"2018043552","","1","0","0","0","0","0","0","0","0","7","0","","02","4","2018","2","40.636439","-79.885031","0515","11","0","0","0","0","0","0","0","0","","0","0","0","","","0","","0","","40 38:11.180","","0","79 53:06.110","0","0","0","0","2220","0","0","0","N","0","0","0","1","02220","0","","5.0","","9","N","N","","0","","0","0","0","","0","","","1","0","1","0","0","0","0","1","0","1","","","","N","","","","","","","","","",""
"2018074336","","1","0","0","0","0","0","0","0","0","7","0","","02","7","2018","2","40.471218","-79.828046","1637","11","0","0","0","0","0","0","0","1","2","0","0","0","","","1","","2","","40 28:16.386","5","0","79 49:40.965","8","0","0","0","2113","0","0","0","N","0","0","0","1","02113","0","","2.0","","1","N","N","","0","","0","0","0","","0","Y","","1","1","0","0","0","1","0","2","0","1","","","","N","","","","","","","","","",""
"2018091277","","2","0","3","0","0","0","0","0","0","4","0","","02","8","2018","5","40.454204","-80.050417","1605","11","0","0","0","0","0","0","0","0","","0","0","0","","","6","","1","","40 27:15.134","","0","80 03:01.501","2","0","0","0","2301","0","0","0","N","0","0","0","6","02301","3","","1.0","","1","N","N","","0","","0","3","0","","3","","","2","6","0","0","0","0","0","2","0","2","","","","N","","","","","","","","","",""
"2018082134","","0","0","0","0","0","0","0","0","0","1","2","","02","8","2018","3","40.601877","-79.757293","0649","11","0","0","0","0","0","1","0","0","1","0","2","0","","","0","","1","","40 36:06.756","2","0","79 45:26.253","0","0","0","0","2464","0","0","0","N","0","0","0","2","02464","0","","1.0","","1","N","N","","0","","0","0","0","","2","Y","","2","0","0","0","0","0","0","2","0","2","","","","N","","","","","","","","","",""
"2018075681","","3","0","0","0","0","0","0","0","0","5","0","","02","7","2018","6","40.454588","-79.888439","1110","11","0","0","0","0","0","1","1","0","","0","0","0","","","0","","0","","40 27:16.518","","0","79 53:18.380","0","0","0","0","2301","0","0","0","N","0","0","0","2","02301","0","","1.0","","1","N","N","","0","","0","0","0","","0","","","3","0","0","0","0","0","0","2","0","3","","","","N","","","","","","","","","",""
"2018065845","","2","0","0","0","0","0","0","0","0","2","0","","02","6","2018","4","40.451944","-80.008683","2234","11","0","0","0","0","0","0","0","1","","0","0","0","","","0","","0","","40 27:06.998","","0","80 00:31.258","0","0","0","0","2301","0","0","0","N","0","0","0","2","02301","0","","1.0","","9","N","N","","0","","0","0","0","","0","","","2","0","0","0","0","0","0","2","0","2","","","","N","","","","","","","","","",""
"2018078069","","1","0","0","0","0","0","0","0","0","1","0","","02","7","2018","7","40.523848","-79.819383","0626","11","0","0","0","0","0","0","0","0","","0","0","0","","","0","","0","","40 31:25.852","","0","79 49:09.777","0","0","0","0","2466","0","0","0","N","0","0","0","3","68T02","0","","1.0","","1","N","N","","1","","0","0","0","","0","","","2","0","0","0","0","0","0","2","0","2","","","","N","","","","","","","","","",""
"2018044636","","2","0","0","0","0","0","0","0","0","1","0","","02","4","2018","5","40.377707","-80.003895","1845","11","0","0","0","0","0","0","0","0","","0","0","0","","","1","","0","","40 22:39.744","","0","80 00:14.023","4","0","0","0","2301","0","0","0","N","0","0","0","2","02301","1","","1.0","","1","N","N","","0","","0","0","0","","0","","","2","1","0","0","0","0","0","2","0","2","","","","N","","","","","","","","","",""
"2018047874","","0","0","0","0","0","0","0","0","0","7","0","","02","3","2018","2","40.544369","-80.09749","1121","11","0","0","0","0","0","0","0","0","","0","0","0","","","0","","0","","40 32:39.730","","0","80 05:50.963","0","0","0","0","2215","0","0","0","N","0","0","0","0","02215","0","","5.0","","1","N","N","","1","","0","0","0","","0","N","","1","0","0","0","0","0","0","2","0","1","","","","N","","","","","","","","","",""
"2018093231","","0","0","0","0","0","0","0","0","0","1","1","","02","6","2018","3","40.444375","-79.841949","1500","11","0","0","0","0","0","1","0","0","2","0","1","0","","","2","","6","","40 26:39.751","3","2","79 50:31.018","4","0","0","0","2419","0","0","0","N","0","0","0","3","68B03","2","","1.0","","1","N","N","","0","","0","0","1","","4","Y","","2","2","0","0","0","0","0","2","0","2","","","","N","","","","","","","","","",""
"2018058931","","0","0","0","0","0","0","0","0","0","4","0","","02","4","2018","2","40.348951","-80.104603","0739","11","0","0","0","0","0","2","0","0","1","0","0","0","","","0","","2","","40 20:56.225","6","0","80 06:16.572","9","0","0","0","2414","0","0","0","N","0","0","0","2","02414","0","","1.0","","9","N","N","","0","","0","0","2","","3","N","","2","0","1","0","0","0","1","2","0","2","","","","N","","","","","","","","","",""
"2018089534","","1","0","0","0","0","0","0","0","0","1","0","","02","8","2018","2","40.441547","-80.193295","0724","11","0","0","0","0","0","1","0","0","","0","0","0","","","1","","3","","40 26:29.569","","2","80 11:35.861","3","0","0","0","2214","0","0","0","N","0","0","0","2","02214","0","","1.0","","1","N","N","","0","","1","0","1","","3","","","2","1","0","0","0","0","0","2","0","2","","","","N","","","","","","","","","",""
"2018036952","","1","0","0","0","0","0","0","0","0","7","0","","02","3","2018","4","40.471314","-79.889228","0116","11","0","0","0","0","0","0","0","0","","0","0","0","","","0","","0","","40 28:16.730","","0","79 53:21.220","0","0","0","0","2301","0","0","0","N","0","0","0","1","02301","0","","5.0","","9","N","N","","0","","0","0","0","","0","","","1","0","0","0","0","0","0","2","0","1","","","","N","","","","","","","","","",""
"2018068173","","0","0","0","0","0","0","0","0","0","1","1","99","02","6","2018","5","40.275801","-79.891434","1640","11","0","0","0","0","0","0","0","0","1","0","1","0","","","1","","0","","40 16:32.885","2","0","79 53:29.163","4","0","0","0","2471","0","0","0","N","0","0","0","2","02501","1","","1.0","","1","N","N","","0","","0","0","1","","8","Y","","2","1","0","0","0","0","0","2","0","2","","","Y","Y","2","1","","","N","Y","Y","","Y",""
"2018048331","","1","0","0","0","0","0","0","0","0","1","0","","02","4","2018","6","40.389329","-80.028549","1620","11","0","0","0","0","0","1","0","0","2","0","0","0","","","1","","2","","40 23:21.584","7","0","80 01:42.776","3","0","0","1","2109","0","0","0","N","0","0","0","3","02109","0","","1.0","","1","N","N","","0","","1","0","0","","0","Y","","2","1","0","0","0","0","0","2","0","2","","","","N","","","","","","","","","",""
"2018078734","","2","0","0","0","0","0","0","0","0","2","0","","02","7","2018","3","40.506725","-79.950923","1719","11","0","0","0","0","0","1","1","0","","0","0","0","","","0","","1","","40 30:24.209","","0","79 57:03.323","0","0","0","0","2430","0","0","0","N","0","0","0","3","02430","0","","1.0","","1","N","N","","0","","0","0","0","","0","","","2","0","0","0","0","0","0","2","0","2","","","","N","","","","","","","","","",""
"2018044368","","2","0","0","0","0","0","0","0","0","1","0","","02","4","2018","2","40.508285","-79.856535","0734","11","0","0","0","0","0","1","1","0","2","0","0","0","","","0","","0","","40 30:29.827","2","0","79 51:23.525","0","0","0","0","2112","0","0","0","N","0","0","0","4","68D02","0","","1.0","","9","N","N","","0","","0","0","2","","0","N","","4","0","0","0","0","0","0","2","0","4","","","","N","","","","","","","","","",""