"CRN","ARRIVAL_TM","AUTOMOBILE_COUNT","BELTED_DEATH_COUNT","BELTED_SUSP_SERIOUS_INJ_COUNT","BICYCLE_COUNT","BICYCLE_DEATH_COUNT","BICYCLE_SUSP_SERIOUS_INJ_COUNT","BUS_COUNT","CHLDPAS_DEATH_COUNT","CHLDPAS_SUSP_SERIOUS_INJ_COUNT","COLLISION_TYPE","COMM_VEH_COUNT","CONS_ZONE_SPD_LIM","COUNTY","CRASH_MONTH","CRASH_YEAR","DAY_OF_WEEK","DEC_LATITUDE","DEC_LONGITUDE","DISPATCH_TM","DISTRICT","DRIVER_COUNT_16YR","DRIVER_COUNT_17YR","DRIVER_COUNT_18YR","DRIVER_COUNT_19YR","DRIVER_COUNT_20YR","DRIVER_COUNT_50_64YR","DRIVER_COUNT_65_74YR","DRIVER_COUNT_75PLUS","EST_HRS_CLOSED","FATAL_COUNT","HEAVY_TRUCK_COUNT","HORSE_BUGGY_COUNT","HOUR_OF_DAY","ILLUMINATION","INJURY_COUNT","INTERSECTION_RELATED","INTERSECT_TYPE","LANE_CLOSED","LATITUDE","LN_CLOSE_DIR","LOCATION_TYPE","LONGITUDE","MAX_SEVERITY_LEVEL","MCYCLE_DEATH_COUNT","MCYCLE_SUSP_SERIOUS_INJ_COUNT","MOTORCYCLE_COUNT","MUNICIPALITY","NONMOTR_COUNT","NONMOTR_DEATH_COUNT","NONMOTR_SUSP_SERIOUS_INJ_COUNT","NTFY_HIWY_MAINT","PED_COUNT","PED_DEATH_COUNT","PED_SUSP_SERIOUS_INJ_COUNT","PERSON_COUNT","POLICE_AGCY","POSSIBLE_INJ_COUNT","RDWY_SURF_TYPE_CD","RELATION_TO_ROAD","ROADWAY_CLEARED","ROAD_CONDITION","SCH_BUS_IND","SCH_ZONE_IND","SECONDARY_CRASH","SMALL_TRUCK_COUNT","SPEC_JURIS_CD","SUSP_MINOR_INJ_COUNT","SUSP_SERIOUS_INJ_COUNT","SUV_COUNT","TCD_FUNC_CD","TCD_TYPE","TFC_DETOUR_IND","TIME_OF_DAY","TOTAL_UNITS","TOT_INJ_COUNT","UNBELTED_OCC_COUNT","UNB_DEATH_COUNT","UNB_SUSP_SERIOUS_INJ_COUNT","UNK_INJ_DEG_COUNT","UNK_INJ_PER_COUNT","URBAN_RURAL","VAN_COUNT","VEHICLE_COUNT","WEATHER1","WEATHER2","WORKERS_PRES","WORK_ZONE_IND","WORK_ZONE_LOC","WORK_ZONE_TYPE","WZ_CLOSE_DETOUR","WZ_FLAGGER","WZ_LAW_OFFCR_IND","WZ_LN_CLOSURE","WZ_MOVING","WZ_OTHER","WZ_SHLDER_MDN","WZ_WORKERS_INJ_KILLED"
"2018089341","","1","0","0","0","0","0","0","0","0","1","0","","02","8","2018","5","40.369423","-79.815505","1644","11","0","0","0","0","0","1","0","0","","0","0","0","","","0","","3","","40 22:09.921","","0","79 48:55.819","0","0","0","0","2111","0","0","0","N","0","0","0","2","02111","0","","1.0","","1","N","N","","1","","0","0","0","","3","","","2","0","0","0","0","0","0","2","0","2","","","","N","","","","","","","","","",""
"2018079970","","3","0","0","0","0","0","0","0","0","1","0","","02","7","2018","3","40.462491","-79.95932","1634","11","0","0","0","0","0","1","0","0","1","0","0","0","","","1","","2","","40 27:44.969","3","0","79 57:33.551","4","0","0","0","2301","0","0","0","N","0","0","0","3","02301","1","","1.0","","9","N","N","","0","","0","0","0","","0","Y","","3","1","0","0","0","0","0","2","0","3","","","","N","","","","","","","","","",""
"2018081623","","1","0","0","0","0","0","0","0","0","7","0","","02","8","2018","1","40.431845","-79.959178","0921","11","0","0","0","0","0","0","0","0","1","0","0","0","","","0","","7","","40 25:54.643","4","2","79 57:33.040","9","0","0","0","2301","0","0","0","N","0","0","0","1","02301","0","","5.0","","1","N","N","","0","","0","0","0","","0","N","","1","0","0","0","0","0","1","2","0","1","","","","N","","","","","","","","","",""
"2018091770","","1","0","0","0","0","0","0","0","0","7","0","","02","9","2018","7","40.378423","-80.148489","2359","11","0","0","0","0","0","0","0","0","1","0","0","0","","","1","","3","","40 22:42.321","5","0","80 08:54.559","3","0","0","0","2119","0","0","0","Y","0","0","0","1","02119","0","","5.0","","1","N","N","","0","","1","0","0","","0","N","","1","1","1","0","0","0","0","2","0","1","","","","N","","","","","","","","","",""
"2018083246","","2","0","0","0","0","0","0","0","0","1","0","","02","8","2018","3","40.36087","-80.119059","1721","11","0","0","0","0","0","0","0","0","1","0","0","0","","","0","","0","","40 21:39.131","2","0","80 07:08.613","0","0","0","0","2414","0","0","0","N","0","0","0","5","68B03","0","","1.0","","1","N","N","","1","","0","0","1","","0","N","","4","0","0","0","0","0","0","2","0","4","","","","N","","","","","","","","","",""
"2018036069","","2","0","0","0","0","0","0","0","0","5","0","","02","3","2018","1","40.337833","-79.951731","2026","11","0","0","0","0","0","0","1","0","","0","0","0","","","0","","0","","40 20:16.198","","7","79 57:06.231","0","0","0","0","2454","0","0","0","N","0","0","0","5","02454","0","","1.0","","1","N","N","","0","","0","0","0","","2","","","2","0","0","0","0","0","0","2","0","2","","","","N","","","","","","","","","",""
"2018087824","","0","0","0","0","0","0","0","0","0","4","0","","02","8","2018","3","40.649074","-80.096934","1246","11","0","0","0","0","0","2","1","0","2","0","0","0","","","0","","1","","40 38:56.666","4","0","80 05:48.961","0","0","0","0","2212","0","0","0","N","0","0","0","3","02505","0","","1.0","","9","N","N","","1","","0","0","0","","2","N","","3","0","0","0","0","0","0","2","2","3","","","","N","","","","","","","","","",""
"2018081521","","0","0","0","0","0","0","0","0","0","99","0","45","02","6","2018","6","40.520058","-80.061118","0113","11","0","0","0","0","0","0","0","0","1","0","0","0","","","0","","0","","40 31:12.210","1","3","80 03:40.024","0","0","0","0","2116","0","0","0","N","0","0","0","1","68B03","0","","1.0","","1","N","N","","0","","0","0","1","","0","N","","1","0","0","0","0","0","0","2","0","1","","","N","Y","4","1","N","N","N","Y","Y","N","Y",""
"2018088542","","2","0","0","0","0","0","0","0","0","4","0","","02","8","2018","7","40.4628","-79.927629","1634","11","0","0","0","0","0","1","0","0","","0","0","0","","","0","","1","","40 27:46.081","","0","79 55:39.464","0","0","0","0","2301","0","0","0","N","0","0","0","2","02301","0","","1.0","","1","N","N","","0","","0","0","0","","0","","","2","0","0","0","0","0","0","2","0","2","","","","N","","","","","","","","","",""
"2018080945","","1","0","0","0","0","0","0","0","0","7","0","","02","8","2018","6","40.443975","-80.055369","1005","11","0","0","0","1","0","0","0","0","1","0","0","0","","","1","","0","","40 26:38.311","5","0","80 03:19.327","3","0","0","0","2301","0","0","0","N","0","0","0","2","02301","0","","5.0","","9","N","N","","0","","1","0","0","","0","Y","","1","1","1","0","0","0","0","2","0","1","","","","N","","","","","","","","","",""
"2018099722","","2","0","0","0","0","0","0","0","0","4","0","","02","9","2018","2","40.455155","-80.136297","1746","11","0","0","0","1","0","1","0","0","","0","0","0","","","0","","2","","40 27:18.557","","0","80 08:10.668","0","0","0","0","2115","0","0","0","N","0","0","0","2","02115","0","","1.0","","9","N","N","","0","","0","0","0","","3","N","","2","0","0","0","0","0","0","2","0","2","","","","N","","","","","","","","","",""
"2018041356","","1","0","0","0","0","0","0","0","0","8","0","","02","4","2018","2","40.459945","-79.925025","2313","11","0","0","0","0","0","0","0","0","","0","0","0","","","1","","1","","40 27:35.801","","0","79 55:30.090","3","0","0","0","2301","1","0","0","N","1","0","0","2","02301","0","","1.0","","9","N","N","","0","","1","0","0","","2","","","2","1","0","0","0","0","1","2","0","1","","","","N","","","","","","","","","",""
"2018086533","","0","0","1","0","0","0","0","0","0","7","0","","02","8","2018","2","40.639941","-80.005004","1549","11","0","0","0","0","0","0","0","0","","0","0","0","","","1","","0","","40 38:23.786","","0","80 00:18.014","2","0","0","0","2216","0","0","0","N","0","0","0","1","68T02","0","","4.0","","98","N","N","","1","","0","1","0","","0","","","1","1","0","0","0","0","0","2","0","1","","","","N","","","","","","","","","",""
"2018040542","","1","0","0","0","0","0","0","0","0","4","0","","02","3","2018","4","40.367178","-79.789836","1458","11","0","0","0","0","0","1","0","0","","0","0","0","","","0","","1","","40 22:01.840","","0","79 47:23.409","0","0","0","0","2111","0","0","0","N","0","0","0","2","02111","0","","1.0","","9","N","N","","0","","0","0","1","","3","","","2","0","0","0","0","0","0","2","0","2","","","","N","","","","","","","","","",""
"2018040968","","1","0","0","0","0","0","0","0","0","4","1","","02","4","2018","1","40.438028","-79.9933","0108","11","0","0","0","0","0","2","0","0","","0","1","0","","","0","","1","","40 26:16.901","","0","79 59:35.879","0","0","0","0","2301","0","0","0","N","0","0","0","2","02301","0","","1.0","","1","N","N","","0","","0","0","0","","2","","","2","0","0","0","0","0","0","2","0","2","","","","N","","","","","","","","","",""
"2018085654","","2","0","0","0","0","0","0","0","0","4","0","","02","8","2018","5","40.429155","-79.838326","0752","11","0","0","0","0","0","0","0","1","1","0","0","0","","","1","","2","","40 25:44.957","5","0","79 50:17.973","3","0","0","0","2419","0","0","0","N","0","0","0","2","02419","0","","1.0","","1","N","N","","0","","1","0","0","","3","N","","2","1","1","0","0","0","0","2","0","2","","","","N","","","","","","","","","",""
"2018081397","","1","0","0","0","0","0","0","0","0","2","0","","02","8","2018","6","40.5443","-80.032811","1231","11","0","0","0","0","0","0","0","0","1","0","0","0","","","2","","0","","40 32:39.480","6","0","80 01:58.120","3","0","0","0","2116","0","0","0","N","0","0","0","3","02116","0","","1.0","","1","N","N","","0","","2","0","1","","0","Y","","2","2","0","0","0","0","0","2","0","2","","","","N","","","","","","","","","",""
"2018084818","","2","0","0","0","0","0","0","0","0","4","0","","02","8","2018","6","40.437926","-79.778244","2136","11","1","0","0","0","1","0","0","0","","0","0","0","","","0","","0","","40 26:16.532","","0","79 46:41.680","0","0","0","0","2446","0","0","0","N","0","0","0","5","02446","0","","1.0","","1","N","N","","0","","0","0","0","","0","","","2","0","0","0","0","0","0","2","0","2","","","","N","","","","","","","","","",""
"2018088865","","1","0","0","0","0","0","0","0","0","1","0","","02","8","2018","4","40.541827","-79.99289","2252","11","0","0","0","0","0","0","0","0","","0","0","0","","","0","","0","","40 32:30.576","","0","79 59:34.403","0","0","0","0","2116","0","0","0","N","0","0","0","1","02116","0","","1.0","","1","N","N","","1","","0","0","0","","0","","","2","0","0","0","0","0","0","2","0","2","","","","N","","","","","","","","","",""
"2018086272","","1","0","0","0","0","0","0","0","0","1","0","","02","8","2018","6","40.501803","-80.132039","1517","11","0","1","0","0","0","0","0","0","","0","0","0","","","0","","0","","40 30:06.491","","0","80 07:55.339","0","0","0","0","2115","0","0","0","N","0","0","0","2","68B03","0","","1.0","","1","N","N","","1","","0","0","0","","0","","","2","0","0","0","0","0","0","2","0","2","","","","N","","","","","","","","","",""
"2018042118","","1","0","0","0","0","0","0","0","0","1","0","","02","4","2018","2","40.496273","-79.857044","1805","11","0","0","0","0","0","1","0","0","","0","0","0","","","0","","0","","40 29:46.581","","0","79 51:25.358","0","0","0","0","2408","0","0","0","N","0","0","0","2","02408","0","","1.0","","1","N","N","","0","","0","0","1","","0","N","","2","0","0","0","0","0","0","2","0","2","","","","N","","","","","","","","","",""
"2018048421","","0","0","0","0","0","0","0","0","0","7","0","","02","4","2018","3","40.437079","-79.749879","0443","11","0","0","0","0","0","1","0","0","","0","0","0","","","0","","0","","40 26:13.485","","0","79 44:59.566","0","0","0","0","2446","0","0","0","N","0","0","0","1","68T09","0","","5.0","","2","N","N","","0","","0","0","1","","8","","","1","0","0","0","0","0","0","2","0","1","","","","N","","","","","","","","","",""
"2018041345","","1","0","0","0","0","0","0","0","0","7","0","","02","4","2018","2","40.443422","-79.813175","2048","11","0","0","0","0","0","1","0","0","2","0","0","0","","","0","","0","","40 26:36.320","3","0","79 48:47.430","0","0","0","0","2113","0","0","0","N","0","0","0","1","02113","0","","5.0","","9","N","N","","0","","0","0","0","","0","N","","1","0","0","0","0","0","0","2","0","1","","","","N","","","","","","","","","",""
"2018083067","","1","0","0","0","0","0","0","0","0","1","0","","02","8","2018","3","40.352949","-80.050384","2014","11","0","0","0","0","0","0","0","0","2","0","0","0","","","1","","0","","40 21:10.616","2","0","80 03:01.383","3","0","0","0","2109","0","0","0","N","0","0","0","2","02109","0","","1.0","","1","N","N","","1","","1","0","0","","0","N","","2","1","0","0","0","0","0","2","0","2","","","","N","","","","","","","","","",""
"2018040527","","0","0","0","0","0","0","0","0","0","7","0","","02","4","2018","7","40.431376","-79.973712","0744","11","0","0","0","0","0","0","0","0","","0","0","0","","","0","","0","","40 25:52.952","","3","79 58:25.364","0","0","0","0","2301","0","0","0","N","0","0","0","2","02301","0","","5.0","","2","N","N","","0","","0","0","1","","0","","","1","0","0","0","0","0","0","2","0","1","","","","N","","","","","","","","","",""
"2018079772","","0","0","0","0","0","0","0","0","0","7","0","","02","7","2018","2","40.290596","-80.028411","1313","11","0","0","0","0","0","0","1","0","1","0","0","0","","","0","","0","","40 17:26.147","5","0","80 01:42.278","0","0","0","0","2219","0","0","0","Y","0","0","0","1","02219","0","","5.0","","9","N","N","","0","","0","0","1","0","0","N","","1","0","0","0","0","0","0","2","0","1","","","","N","","","","","","","","","",""
"2018044446","","1","0","0","0","0","0","0","0","0","4","0","","02","4","2018","5","40.443155","-80.057911","0740","11","0","0","0","0","0","0","0","0","1","0","0","0","","","1","","1","","40 26:35.358","7","0","80 03:28.479","3","0","0","0","2439","0","0","0","N","0","0","0","2","02301","0","","1.0","","9","N","N","","0","","1","0","0","3","3","Y","","2","1","0","0","0","0","0","2","1","2","","","","N","","","","","","","","","",""
"2018040020","","1","0","0","0","0","0","0","0","0","7","0","","02","3","2018","2","40.41116","-80.006066","2130","11","0","0","0","0","0","0","0","0","","0","0","0","","","0","","2","","40 24:40.175","","0","80 00:21.837","0","0","0","0","2301","0","0","0","N","0","0","0","2","02301","0","","3.0","","1","N","N","","0","","0","0","0","3","2","","","1","0","0","0","0","0","0","2","0","1","","","","N","","","","","","","","","",""
"2018035698","","0","0","0","0","0","0","0","0","0","7","0","","02","3","2018","7","40.433099","-80.028506","2120","11","0","0","0","0","0","0","0","0","","0","0","0","","","0","","2","","40 25:59.156","","0","80 01:42.623","0","0","0","0","2301","0","0","0","N","0","0","0","1","02301","0","","4.0","","1","N","N","","0","","0","0","1","0","0","","","1","0","1","0","0","0","0","2","0","1","","","","N","","","","","","","","","",""
"2018036898","","0","0","0","0","0","0","0","0","0","7","0","","02","3","2018","3","40.210546","-79.840911","2045","11","0","0","0","0","0","1","0","0","1","0","0","0","","","0","","0","","40 12:37.967","1","0","79 50:27.279","0","0","0","0","2204","0","0","0","Y","0","0","0","3","02204","0","","5.0","","1","N","N","","0","","0","0","1","0","0","Y","","2","0","0","0","0","0","0","1","1","2","","","","N","","","","","","","","","",""
"2018087177","","3","0","0","0","0","0","0","0","0","1","0","","02","8","2018","2","40.451111","-80.137744","1745","11","0","0","0","0","0","0","0","0","1","0","0","0","","","0","","0","","40 27:03.999","3","0","80 08:15.877","0","0","0","0","2115","0","0","0","N","0","0","0","4","02115","0","","1.0","","1","N","N","","1","","0","0","0","0","0","N","","4","0","0","0","0","0","0","2","0","4","","","","N","","","","","","","","","",""
"2018074848","","1","0","1","0","0","0","0","0","0","4","0","","02","7","2018","2","40.368468","-80.062174","1404","11","0","0","0","0","0","1","0","1","2","0","0","0","","","2","","2","","40 22:06.484","5","0","80 03:43.826","2","0","0","0","2109","0","0","0","N","0","0","0","2","02109","0","","1.0","","1","N","N","","0","","1","1","1","0","0","Y","","2","2","0","0","0","0","0","2","0","2","","","","N","","","","","","","","","",""
"2018098977","","1","0","0","0","0","0","0","0","0","1","0","","02","9","2018","4","40.516969","-80.133438","1302","11","0","0","0","0","0","0","0","0","","0","0","0","","","0","","0","","40 31:01.087","","3","80 08:00.375","0","0","0","0","2434","0","0","0","N","0","0","0","2","68B03","0","","1.0","","1","N","N","","0","","0","0","1","0","0","","","2","0","0","0","0","0","0","2","0","2","","","","N","","","","","","","","","",""
"2018035650","","2","0","0","0","0","0","0","0","0","4","0","","02","3","2018","7","40.461283","-79.985028","1706","11","0","0","0","0","0","0","1","0","1","0","0","0","","","0","","1","","40 27:40.618","2","0","79 59:06.100","0","0","0","0","2301","0","0","0","N","0","0","0","3","02301","0","","1.0","","1","N","N","","0","","0","0","0","3","3","Y","","2","0","0","0","0","0","0","2","0","2","","","","N","","","","","","","","","",""
"2018047102","","1","0","0","0","0","0","0","0","0","7","0","","02","4","2018","6","40.485983","-79.81604","2348","11","0","0","0","0","0","0","0","0","2","0","0","0","","","0","","0","","40 29:09.538","6","0","79 48:57.744","0","0","0","0","2113","0","0","0","N","0","0","0","1","02113","0","","5.0","","1","N","N","","0","","0","0","0","0","0","Y","","1","0","0","0","0","0","0","2","0","1","","","","N","","","","","","","","","",""
"2018066659","","1","0","0","0","0","0","0","0","0","7","0","","02","6","2018","4","40.363026","-79.984922","2353","11","0","0","0","0","0","0","0","1","","0","0","0","","","0","","0","","40 21:46.893","","0","79 59:05.720","0","0","0","0","2413","0","0","0","N","0","0","0","1","02413","0","","4.0","","9","N","N","","0","","0","0","0","0","0","","","1","0","0","0","0","0","0","2","0","1","","","","N","","","","","","","","","",""
"2018036481","","0","0","0","0","0","0","0","0","0","4","0","","02","3","2018","2","40.443143","-80.004506","2121","11","0","0","0","0","0","0","0","0","2","0","0","0","","","0","","0","","40 26:35.316","2","0","80 00:16.221","0","0","0","0","2301","0","0","0","N","0","0","0","2","02301","0","","1.0","","1","N","N","","0","","0","0","2","0","0","N","","2","0","0","0","0","0","0","2","0","2","","","","N","","","","","","","","","",""
"2018039252","","2","0","0","0","0","0","0","0","0","4","0","","02","4","2018","3","40.476058","-79.786169","1743","11","0","0","0","0","0","2","0","0","1","0","0","0","","","1","","0","","40 28:33.810","2","0","79 47:10.210","3","0","0","0","2113","0","0","0","N","0","0","0","3","02113","0","","1.0","","9","N","N","","0","","1","0","0","0","0","Y","","2","1","0","0","0","0","0","2","0","2","","","","N","","","","","","","","","",""
"2018088076","","0","0","0","0","0","0","0","0","0","1","1","","02","6","2018","4","40.442319","-79.82033","1401","11","0","0","0","0","0","1","0","0","1","0","2","0","","","3","","0","","40 26:32.349","3","0","79 49:13.189","4","0","0","0","2124","0","0","0","","0","0","0","4","68B03","3","","1.0","","1","N","N","","0","","0","0","0","0","0","N","","2","3","0","0","0","0","0","2","0","2","","","","N","","","","","","","","","",""
"2018040028","","2","0","0","0","0","0","0","0","0","4","0","","02","4","2018","5","40.475985","-79.795218","1623","11","0","0","0","0","0","2","0","0","1","0","0","0","","","1","","0","","40 28:33.546","4","0","79 47:42.786","4","0","0","0","2113","0","0","0","N","0","0","0","2","02113","1","","1.0","","1","N","N","","0","","0","0","0","0","0","N","","2","1","0","0","0","0","0","2","0","2","","","","N","","","","","","","","","",""
"2018084299","","2","0","0","0","0","0","0","0","0","4","0","","02","8","2018","2","40.352629","-79.850197","1622","11","0","1","0","0","0","0","0","0","1","0","0","0","","","1","","0","","40 21:09.466","4","0","79 51:00.709","8","0","0","0","2304","0","0","0","N","0","0","0","3","02304","0","","1.0","","9","N","N","","0","","0","0","0","0","0","N","","2","1","0","0","0","1","0","2","0","2","","","","N","","","","","","","","","",""
"2018101399","","1","0","0","0","0","0","0","0","0","1","0","","02","9","2018","6","40.441997","-80.034535","1200","11","0","0","0","0","0","0","0","0","1","0","0","0","","","0","","2","","40 26:31.189","3","0","80 02:04.325","0","0","0","0","2301","0","0","0","N","0","0","0","3","02301","0","","1.0","","1","N","N","","0","","0","0","1","3","2","Y","","2","0","0","0","0","0","0","2","0","2","","","","N","","","","","","","","","",""
"2018042267","","2","0","0","0","0","0","0","0","0","1","0","","02","3","2018","7","40.296503","-79.893872","1536","11","0","0","0","0","1","0","0","0","","0","0","0","","","3","","0","","40 17:47.410","","0","79 53:37.940","3","0","0","0","2302","0","0","0","N","0","0","0","5","02302","0","","4.0","","1","N","N","","0","","3","0","0","0","0","","","2","3","0","0","0","0","0","2","0","2","","","","N","","","","","","","","","",""
"2018041082","","1","0","0","0","0","0","0","0","0","1","0","","02","4","2018","4","40.481555","-80.04622","0656","11","0","0","0","0","0","0","0","0","1","0","0","0","","","0","","0","","40 28:53.599","2","0","80 02:46.391","0","0","0","0","2301","0","0","0","N","0","0","0","3","02301","0","","1.0","","1","N","N","","0","","0","0","2","0","0","Y","","3","0","0","0","0","0","0","2","0","3","","","","N","","","","","","","","","",""
"2018086195","","1","0","0","0","0","0","0","0","0","4","0","","02","8","2018","6","40.448411","-79.761136","1436","11","0","0","0","0","0","0","0","0","","0","0","0","","","0","","1","","40 26:54.279","","0","79 45:40.091","0","0","0","0","2446","0","0","0","N","0","0","0","2","02446","0","","1.0","","1","N","N","","1","","0","0","0","3","3","","","2","0","0","0","0","0","0","2","0","2","","","","N","","","","","","","","","",""
"2018078632","","3","0","0","0","0","0","0","0","0","1","0","","02","7","2018","6","40.434804","-80.142849","1210","11","0","0","0","0","1","0","1","0","2","0","0","0","","","0","","0","","40 26:05.296","4","0","80 08:34.256","0","0","0","0","2115","0","0","0","N","0","0","0","3","02115","0","","1.0","","1","N","N","","0","","0","0","0","0","0","N","","3","0","0","0","0","0","0","2","0","3","","","","N","","","","","","","","","",""
"2018074462","","1","0","0","0","0","0","0","0","0","6","0","","02","7","2018","1","40.326055","-80.06566","1523","11","1","0","0","0","1","0","0","0","1","0","0","0","","","0","","2","","40 19:33.799","4","0","80 03:56.375","0","0","0","0","2123","0","0","0","N","0","0","0","2","02123","0","","1.0","","1","N","N","","0","","0","0","1","3","2","Y","","2","0","0","0","0","0","0","2","0","2","","","","N","","","","","","","","","",""
"2018036693","","1","0","0","0","0","0","0","0","0","4","0","","02","3","2018","6","40.475496","-79.70735","0653","11","0","0","0","0","0","1","0","0","2","0","0","0","","","2","","1","","40 28:31.787","1","0","79 42:26.460","4","0","0","0","2466","0","0","0","N","0","0","0","2","02466","2","","1.0","","1","N","N","","0","","0","0","1","3","2","N","","2","2","0","0","0","0","0","2","0","2","","","","N","","","","","","","","","",""
"2018039229","","2","0","0","0","0","0","0","0","0","1","0","","02","4","2018","3","40.413319","-79.922073","1708","11","0","0","0","0","0","0","1","0","1","0","0","0","","","0","","0","","40 24:47.948","1","0","79 55:19.462","0","0","0","0","2301","0","0","0","N","0","0","0","2","02301","0","","1.0","","9","N","N","","0","","0","0","0","0","0","N","","2","0","0","0","0","0","0","2","0","2","","","","N","","","","","","","","","",""
"2018036192","","2","0","0","0","0","0","0","0","0","1","0","","02","3","2018","1","40.422887","-79.886469","1421","11","0","0","0","0","0","0","0","0","","0","0","0","","","1","","0","","40 25:22.394","","0","79 53:11.288","8","0","0","0","2463","0","0","0","N","0","0","0","2","02463","0","","1.0","","1","N","N","","0","","0","0","0","0","0","","","2","1","0","0","0","1","0","2","0","2","","","","N","","","","","","","","","",""
"2018081055","","1","0","0","0","0","0","1","0","0","4","1","","02","8","2018","6","40.437974","-79.992009","1603","11","0","0","0","0","0","0","0","0","1","0","0","0","","","0","","2","","40 26:16.706","3","4","79 59:31.234","0","0","0","0","2301","0","0","0","N","0","0","0","2","02503","0","","1.0","","1","N","N","","0","","0","0","0","3","2","N","","2","0","0","0","0","0","0","2","0","2","","","","N","","","","","","","","","",""
"2018035634","","0","0","0","0","0","0","0","0","0","7","0","","02","3","2018","7","40.357101","-79.816347","1312","11","0","0","0","0","0","0","0","0","","0","0","0","","","0","","0","","40 21:25.564","","0","79 48:58.849","0","0","0","0","2477","0","0","0","Y","0","0","0","1","02477","0","","2.0","","1","N","N","","0","","0","0","1","0","0","","","1","0","0","0","0","0","0","2","0","1","","","","N","","","","","","","","","",""
"2018102748","","1","0","1","0","0","0","0","0","0","7","1","","02","9","2018","4","40.332933","-80.137056","0123","11","0","0","0","0","0","0","0","0","","0","1","0","","","3","","0","","40 19:58.560","","0","80 08:13.401","2","0","0","0","2119","0","0","0","Y","0","0","0","4","68B03","0","","4.0","","1","N","N","","0","","1","2","0","0","0","","","2","3","1","0","1","0","0","2","0","2","","","","N","","","","","","","","","",""
"2018035685","","2","0","0","0","0","0","0","0","0","1","0","","02","3","2018","7","40.363881","-79.863308","1805","11","0","0","0","0","0","0","0","0","2","0","0","0","","","1","","0","","40 21:49.970","6","0","79 51:47.910","8","0","0","0","2473","0","0","0","N","0","0","0","1","02473","0","","1.0","","1","N","N","","1","","0","0","0","0","0","Y","","3","1","0","0","0","1","0","2","0","3","","","","N","","","","","","","","","",""
"2018036448","","0","0","0","0","0","0","0","0","0","2","0","","02","3","2018","2","40.391658","-79.995689","1754","11","0","0","0","0","0","0","0","0","","0","0","0","","","1","","0","","40 23:29.970","","0","79 59:44.480","3","0","0","0","2301","0","0","0","N","0","0","0","2","02301","0","","1.0","","1","N","N","","2","","1","0","0","0","0","","","2","1","0","0","0","0","0","2","0","2","","","","N","","","","","","","","","",""
"2018035681","","1","0","0","0","0","0","0","0","0","7","0","","02","3","2018","7","40.449942","-80.10963","1820","11","0","0","0","0","0","0","0","0","","0","0","0","","","0","","0","","40 26:59.792","","0","80 06:34.669","0","0","0","0","2115","0","0","0","N","0","0","0","1","02115","0","","2.0","","1","N","N","","0","","0","0","0","3","2","","","1","0","0","0","0","0","0","2","0","1","","","","N","","","","","","","","","",""
"2018075904","","2","0","0","0","0","0","0","0","0","2","0","","02","6","2018","7","40.405522","-79.885592","1401","11","0","0","0","0","0","0","1","0","","0","0","0","","","0","","3","","40 24:19.878","","1","79 53:08.131","0","0","0","0","2475","0","0","0","N","0","0","0","2","02475","0","","1.0","","1","N","N","","0","","0","0","0","3","4","","","2","0","0","0","0","0","0","2","0","2","","","","N","","","","","","","","","",""
"2018086278","","1","0","0","0","0","0","0","0","0","7","0","","02","8","2018","7","40.391055","-80.099532","0828","11","0","0","0","0","0","1","0","0","2","0","0","0","","","0","","0","","40 23:27.799","1","0","80 05:58.316","0","0","0","0","2102","0","0","0","Y","0","0","0","1","68B03","0","","5.0","","1","Y","N","","0","","0","0","0","0","0","N","","1","0","0","0","0","0","0","2","0","1","","","","N","","","","","","","","","",""
"2018072901","","3","0","0","0","0","0","0","0","0","1","0","","02","7","2018","5","40.529762","-79.779078","0948","11","0","0","0","0","0","1","0","1","2","0","0","0","","","2","","2","","40 31:47.144","7","0","79 46:44.682","3","0","0","0","2466","0","0","0","N","0","0","0","3","02466","1","","1.0","","1","N","N","","0","","1","0","0","0","0","N","","3","2","1","0","0","0","0","2","0","3","","","","N","","","","","","","","","",""
"2018038545","","0","0","0","0","0","0","0","0","0","7","0","","02","3","2018","1","40.544272","-80.032742","0226","11","0","0","0","0","0","0","0","0","6","0","0","0","","","0","","0","","40 32:39.380","6","0","80 01:57.870","0","0","0","0","2116","0","0","0","N","0","0","0","1","02116","0","","5.0","","1","N","N","","0","","0","0","1","0","0","N","","1","0","0","0","0","0","0","2","0","1","","","","N","","","","","","","","","",""
"2018036781","","2","0","0","0","0","0","0","0","0","4","0","","02","3","2018","2","40.455301","-79.976372","1644","11","0","0","0","0","0","1","0","0","","0","0","0","","","0","","2","","40 27:19.082","","7","79 58:34.938","0","0","0","0","2301","0","0","0","N","0","0","0","2","02301","0","","1.0","","1","N","N","","0","","0","0","0","0","0","","","2","0","0","0","0","0","0","2","0","2","","","","N","","","","","","","","","",""
"2018040553","","1","0","0","0","0","0","0","0","0","7","0","","02","4","2018","4","40.407636","-80.002239","1325","11","0","0","0","0","0","0","0","1","","0","0","0","","","0","","0","","40 24:27.490","","7","80 00:08.060","0","0","0","0","2301","0","0","0","N","0","0","0","1","02301","0","","5.0","","9","N","N","","0","","0","0","0","0","0","","","1","0","0","0","0","0","0","2","0","1","","","","N","","","","","","","","","",""