"CRN","ARRIVAL_TM","AUTOMOBILE_COUNT","BELTED_DEATH_COUNT","BELTED_SUSP_SERIOUS_INJ_COUNT","BICYCLE_COUNT","BICYCLE_DEATH_COUNT","BICYCLE_SUSP_SERIOUS_INJ_COUNT","BUS_COUNT","CHLDPAS_DEATH_COUNT","CHLDPAS_SUSP_SERIOUS_INJ_COUNT","COLLISION_TYPE","COMM_VEH_COUNT","CONS_ZONE_SPD_LIM","COUNTY","CRASH_MONTH","CRASH_YEAR","DAY_OF_WEEK","DEC_LATITUDE","DEC_LONGITUDE","DISPATCH_TM","DISTRICT","DRIVER_COUNT_16YR","DRIVER_COUNT_17YR","DRIVER_COUNT_18YR","DRIVER_COUNT_19YR","DRIVER_COUNT_20YR","DRIVER_COUNT_50_64YR","DRIVER_COUNT_65_74YR","DRIVER_COUNT_75PLUS","EST_HRS_CLOSED","FATAL_COUNT","HEAVY_TRUCK_COUNT","HORSE_BUGGY_COUNT","HOUR_OF_DAY","ILLUMINATION","INJURY_COUNT","INTERSECTION_RELATED","INTERSECT_TYPE","LANE_CLOSED","LATITUDE","LN_CLOSE_DIR","LOCATION_TYPE","LONGITUDE","MAX_SEVERITY_LEVEL","MCYCLE_DEATH_COUNT","MCYCLE_SUSP_SERIOUS_INJ_COUNT","MOTORCYCLE_COUNT","MUNICIPALITY","NONMOTR_COUNT","NONMOTR_DEATH_COUNT","NONMOTR_SUSP_SERIOUS_INJ_COUNT","NTFY_HIWY_MAINT","PED_COUNT","PED_DEATH_COUNT","PED_SUSP_SERIOUS_INJ_COUNT","PERSON_COUNT","POLICE_AGCY","POSSIBLE_INJ_COUNT","RDWY_SURF_TYPE_CD","RELATION_TO_ROAD","ROADWAY_CLEARED","ROAD_CONDITION","SCH_BUS_IND","SCH_ZONE_IND","SECONDARY_CRASH","SMALL_TRUCK_COUNT","SPEC_JURIS_CD","SUSP_MINOR_INJ_COUNT","SUSP_SERIOUS_INJ_COUNT","SUV_COUNT","TCD_FUNC_CD","TCD_TYPE","TFC_DETOUR_IND","TIME_OF_DAY","TOTAL_UNITS","TOT_INJ_COUNT","UNBELTED_OCC_COUNT","UNB_DEATH_COUNT","UNB_SUSP_SERIOUS_INJ_COUNT","UNK_INJ_DEG_COUNT","UNK_INJ_PER_COUNT","URBAN_RURAL","VAN_COUNT","VEHICLE_COUNT","WEATHER1","WEATHER2","WORKERS_PRES","WORK_ZONE_IND","WORK_ZONE_LOC","WORK_ZONE_TYPE","WZ_CLOSE_DETOUR","WZ_FLAGGER","WZ_LAW_OFFCR_IND","WZ_LN_CLOSURE","WZ_MOVING","WZ_OTHER","WZ_SHLDER_MDN","WZ_WORKERS_INJ_KILLED"
"2018036178","","1","0","0","0","0","0","0","0","0","1","0","","02","3","2018","1","40.376485","-79.77689","1421","11","0","0","0","0","0","1","0","0","1","0","0","0","","","2","","2","","40 22:35.347","1","0","79 46:36.803","3","0","0","0","2111","0","0","0","N","0","0","0","3","02111","0","","1.0","","1","N","N","","0","","1","0","2","0","0","N","","3","2","0","0","0","1","0","2","0","3","","","","N","","","","","","","","","",""
"2018035592","","2","0","0","0","0","0","0","0","0","4","0","","02","3","2018","7","40.484334","-80.035812","1255","11","0","0","0","0","0","1","1","0","","0","0","0","","","0","","1","","40 29:03.602","","0","80 02:08.923","0","0","0","0","2301","0","0","0","N","0","0","0","2","02301","0","","1.0","","1","N","N","","0","","0","0","0","3","2","","","2","0","0","0","0","0","0","2","0","2","","","","N","","","","","","","","","",""
"2018040557","","2","0","0","0","0","0","0","0","0","5","0","","02","4","2018","5","40.521707","-80.045648","0102","11","0","0","0","0","0","0","0","0","","0","0","0","","","1","","0","","40 31:18.144","","0","80 02:44.331","3","0","0","0","2474","0","0","0","N","0","0","0","1","02474","0","","2.0","","1","N","N","","1","","1","0","0","0","0","","","3","1","1","0","0","0","0","2","0","3","","","","N","","","","","","","","","",""
"2018087239","","0","0","0","0","0","0","0","0","0","7","0","","02","8","2018","2","40.537831","-79.842814","2138","11","0","0","0","0","0","1","0","0","2","0","0","0","","","0","","0","","40 32:16.191","1","3","79 50:34.130","9","0","0","0","2208","0","0","0","N","0","0","0","2","68D02","0","","4.0","","1","N","N","","1","","0","0","0","0","0","N","","1","0","0","0","0","0","1","2","0","1","","","","N","","","","","","","","","",""
"2018073458","","0","0","0","0","0","0","0","0","0","1","0","","02","7","2018","3","40.373661","-79.873741","1205","11","0","1","0","0","0","0","0","0","","0","0","0","","","0","","2","","40 22:25.179","","0","79 52:25.467","0","0","0","0","2473","0","0","0","N","0","0","0","4","02473","0","","1.0","","1","N","N","","2","","0","0","0","0","0","","","2","0","0","0","0","0","0","2","0","2","","","","N","","","","","","","","","",""
"2018036461","","1","0","0","0","0","0","0","0","0","1","0","","02","3","2018","2","40.350001","-79.885514","1738","11","0","0","0","0","0","0","0","0","","0","0","0","","","0","","0","","40 21:00.003","","0","79 53:07.851","0","0","0","0","2423","0","0","0","N","0","0","0","5","02304","0","","1.0","","1","N","N","","1","","0","0","0","0","0","","","2","0","0","0","0","0","0","2","0","2","","","","N","","","","","","","","","",""
"2018036471","","2","0","0","0","0","0","0","0","0","1","0","","02","3","2018","2","40.559009","-80.222553","1657","11","0","0","0","1","0","0","0","0","1","0","0","0","","","1","","2","","40 33:32.432","5","0","80 13:21.190","8","0","0","0","2103","0","0","0","N","0","0","0","5","02103","0","","1.0","","1","N","N","","0","","0","0","2","0","0","N","","4","1","0","0","0","1","0","2","0","4","","","","N","","","","","","","","","",""
"2018040330","","1","0","0","0","0","0","0","0","0","4","0","","02","4","2018","6","40.615681","-80.094185","1452","11","0","0","0","0","0","0","0","1","","0","0","0","","","0","","1","","40 36:56.450","","2","80 05:39.065","0","0","0","0","2481","0","0","0","N","0","0","0","5","02481","0","","1.0","","1","N","N","","0","","0","0","1","3","2","","","2","0","0","0","0","0","0","2","0","2","","","","N","","","","","","","","","",""
"2018102407","","1","0","0","0","0","0","0","0","0","4","0","","02","10","2018","2","40.45082","-79.713563","1438","11","0","0","0","0","0","0","1","0","","0","0","0","","","2","","1","","40 27:02.952","","0","79 42:48.828","3","0","0","0","2466","0","0","0","N","0","0","0","4","02466","1","","1.0","","1","N","N","","0","","1","0","2","3","2","","","3","2","0","0","0","0","0","2","0","3","","","","N","","","","","","","","","",""
"2018099419","","1","0","0","0","0","0","0","0","0","7","0","","02","9","2018","1","40.343916","-80.115885","0120","11","0","0","0","0","0","0","0","0","2","0","0","0","","","1","","0","","40 20:38.097","2","0","80 06:57.187","8","0","0","0","2119","0","0","0","N","0","0","0","1","02119","0","","5.0","","1","N","N","","0","","0","0","0","0","0","N","","1","1","0","0","0","1","0","2","0","1","","","","N","","","","","","","","","",""
"2018086263","","3","0","0","0","0","0","0","0","0","1","0","","02","8","2018","1","40.438989","-80.007271","2137","11","0","0","0","0","0","0","0","0","1","0","0","0","","","2","","6","","40 26:20.360","4","3","80 00:26.174","4","0","0","0","2301","0","0","0","N","0","0","0","7","68B03","2","","1.0","","1","N","N","","0","","0","0","0","3","4","N","","3","2","0","0","0","0","0","2","0","3","","","","N","","","","","","","","","",""
"2018078937","","0","0","0","0","0","0","0","0","0","1","1","45","02","7","2018","4","40.525054","-80.070288","1329","11","0","0","0","0","0","0","1","0","","0","1","0","","","1","","0","","40 31:30.196","","0","80 04:13.036","8","0","0","0","2215","0","0","0","N","0","0","0","2","68B03","0","","1.0","","1","N","N","","0","","0","0","1","0","0","","","2","1","1","0","0","1","0","2","0","2","","","Y","Y","4","1","N","N","N","Y","N","N","N",""
"2018079182","","1","0","0","0","0","0","0","0","0","7","0","","02","7","2018","1","40.448614","-79.933666","1356","11","0","0","0","0","0","0","0","0","2","0","0","0","","","1","","0","","40 26:55.009","3","0","79 56:01.197","3","0","0","0","2301","0","0","0","N","0","0","0","1","02301","0","","5.0","","1","N","N","","0","","1","0","0","0","0","N","","1","1","1","0","0","0","0","2","0","1","","","","N","","","","","","","","","",""
"2018036459","","1","0","0","0","0","0","0","0","0","1","0","","02","3","2018","2","40.436472","-79.973085","1652","11","0","0","0","0","0","0","0","0","","0","0","0","","","0","","0","","40 26:11.300","","2","79 58:23.105","0","0","0","0","2301","0","0","0","N","0","0","0","3","02301","0","","1.0","","1","N","N","","0","","0","0","1","0","0","","","2","0","0","0","0","0","0","2","0","2","","","","N","","","","","","","","","",""
"2018098577","","0","0","1","0","0","0","0","0","0","7","0","","02","9","2018","5","40.650033","-79.907359","1607","11","0","0","0","1","0","0","0","0","2","0","0","0","","","1","","0","","40 39:00.118","5","0","79 54:26.494","2","0","0","0","2220","0","0","0","N","0","0","0","1","02220","0","","5.0","","1","N","N","","0","","0","1","1","0","0","Y","","1","1","0","0","0","0","0","1","0","1","","","","N","","","","","","","","","",""
"2018037427","","1","0","0","0","0","0","0","0","0","4","0","","02","3","2018","4","40.613888","-79.946281","1957","11","0","0","0","0","0","1","1","0","1","0","0","0","","","0","","0","","40 36:49.997","4","7","79 56:46.613","0","0","0","0","2207","0","0","0","N","0","0","0","3","02207","0","","1.0","","9","N","N","","0","","0","0","1","0","0","N","","2","0","0","0","0","0","0","2","0","2","","","","N","","","","","","","","","",""
"2018078275","","0","0","0","0","0","0","0","0","0","7","0","","02","7","2018","7","40.308917","-79.995972","2021","11","0","0","0","0","0","0","0","0","","1","0","0","","","0","","0","","40 18:32.100","","0","79 59:45.500","1","1","0","1","2219","0","0","0","N","0","0","0","1","02501","0","2","5.0","","1","N","N","","0","0","0","0","0","0","0","","","1","0","0","0","0","0","0","2","0","1","","","","N","","","","","","","","","",""
"2018102172","","1","0","0","0","0","0","0","0","0","4","0","","02","9","2018","1","40.530577","-80.009757","1314","11","0","0","0","0","0","0","0","0","","0","0","0","","","0","","1","","40 31:50.078","","0","80 00:35.126","0","0","0","0","2116","0","0","0","N","0","0","0","4","02116","0","","1.0","","1","N","N","","1","","0","0","0","3","2","","","2","0","0","0","0","0","0","2","0","2","","","","N","","","","","","","","","",""
"2018102850","","0","0","0","0","0","0","0","0","0","1","0","","02","8","2018","4","40.419654","-80.051498","1655","11","0","0","0","0","0","1","0","0","","0","0","0","","","0","","0","","40 25:10.755","","0","80 03:05.394","0","0","0","0","2435","0","0","0","N","0","0","0","2","68B03","0","","1.0","","1","N","N","","0","","0","0","2","0","0","","","2","0","0","0","0","0","0","2","0","2","","","","N","","","","","","","","","",""
"2018084259","","1","0","0","0","0","0","0","0","0","4","1","","02","8","2018","2","40.352998","-79.843895","1448","11","0","0","0","0","0","1","0","0","","0","1","0","","","0","","2","","40 21:10.792","","0","79 50:38.022","9","0","0","0","2304","0","0","0","N","0","0","0","3","02304","0","","1.0","","9","N","N","","0","","0","0","0","3","8","","","2","0","0","0","0","0","2","2","0","2","","","","N","","","","","","","","","",""
"2018035472","","3","0","0","0","0","0","0","0","0","1","0","","02","3","2018","6","40.444232","-80.028216","0501","11","0","0","0","0","0","2","0","0","","0","0","0","","","1","","1","","40 26:39.234","","3","80 01:41.577","3","0","0","0","2301","0","0","0","N","0","0","0","5","02301","0","","1.0","","9","N","N","","0","","1","0","0","3","2","","","3","1","0","0","0","0","0","2","0","3","","","","N","","","","","","","","","",""
"2018038352","","2","0","0","0","0","0","0","0","0","1","0","","02","3","2018","2","40.448444","-80.177272","1031","11","0","0","0","0","0","1","1","0","1","0","0","0","","","3","","0","","40 26:54.400","3","0","80 10:38.180","3","0","0","0","2214","0","0","0","N","0","0","0","3","02214","0","","1.0","","1","N","N","","0","","1","0","0","0","0","N","","2","3","0","0","0","2","0","2","0","2","","","","N","","","","","","","","","",""
"2018041010","","1","0","0","0","0","0","0","0","0","7","0","","02","4","2018","7","40.434496","-79.870055","0501","11","0","0","0","0","0","1","0","0","","0","0","0","","","2","","0","","40 26:04.184","","2","79 52:12.198","3","0","0","0","2478","0","0","0","N","0","0","0","3","68B03","0","","2.0","","7","N","N","","0","","2","0","0","0","0","","","1","2","0","0","0","0","0","2","0","1","","","","N","","","","","","","","","",""
"2018086297","","1","0","0","0","0","0","0","0","0","1","0","","02","8","2018","5","40.579933","-80.096227","1806","11","0","0","0","0","0","1","0","0","","0","0","0","","","0","","0","","40 34:47.759","","0","80 05:46.416","0","0","0","0","2481","0","0","0","N","0","0","0","5","68B03","0","","1.0","","1","N","N","","0","","0","0","1","0","0","","","2","0","0","0","0","0","0","2","0","2","","","","N","","","","","","","","","",""
"2018036264","","1","0","0","0","0","0","0","0","0","4","0","","02","3","2018","2","40.543703","-80.185346","0932","11","0","0","0","0","0","1","0","0","1","0","0","0","","","0","","2","","40 32:37.329","4","0","80 11:07.244","0","0","0","0","2458","0","0","0","N","0","0","0","2","02458","0","","1.0","","1","N","N","","0","","0","0","1","0","0","Y","","2","0","0","0","0","0","0","2","0","2","","","","N","","","","","","","","","",""
"2018102408","","2","0","0","0","0","0","0","0","0","4","0","","02","10","2018","2","40.386656","-79.932634","1655","11","0","0","0","1","0","0","0","0","1","0","0","0","","","1","","2","","40 23:11.962","1","0","79 55:57.481","8","0","0","0","2301","0","0","0","N","0","0","0","4","02301","0","","1.0","","1","N","N","","0","","0","0","0","3","3","N","","2","1","1","0","0","1","0","2","0","2","","","","N","","","","","","","","","",""
"2018078358","","2","0","0","0","0","0","0","0","0","2","0","","02","7","2018","5","40.46179","-79.866076","1703","11","0","0","0","0","0","0","0","0","1","0","0","0","","","1","","0","","40 27:42.443","2","0","79 51:57.874","8","0","0","0","2113","0","0","0","N","0","0","0","5","02113","0","","1.0","","1","N","N","","0","","0","0","0","0","0","N","","2","1","0","0","0","1","0","2","0","2","","","","N","","","","","","","","","",""
"2018099928","","2","0","0","0","0","0","0","0","0","3","0","","02","9","2018","1","40.378646","-80.065168","1413","11","1","0","0","0","0","0","0","0","","0","0","0","","","0","","0","","40 22:43.125","","0","80 03:54.604","0","0","0","0","2109","0","0","0","N","0","0","0","3","02109","0","","1.0","","1","N","N","","0","","0","0","0","3","2","","","2","0","0","0","0","0","0","2","0","2","","","","N","","","","","","","","","",""
"2018080571","","2","0","0","0","0","0","0","0","0","4","0","","02","8","2018","5","40.463019","-79.856414","0811","11","0","0","0","0","0","0","1","0","1","0","0","0","","","0","","2","","40 27:46.867","6","0","79 51:23.089","0","0","0","0","2113","0","0","0","N","0","0","0","4","02113","0","","1.0","","1","N","N","","0","","0","0","0","3","3","N","","2","0","0","0","0","0","0","2","0","2","","","","N","","","","","","","","","",""
"2018101183","","2","0","0","0","0","0","0","0","0","2","0","","02","9","2018","5","40.474993","-79.792083","0934","11","0","0","0","0","0","0","0","0","","0","0","0","","","0","","0","","40 28:29.976","","0","79 47:31.499","0","0","0","0","2113","0","0","0","N","0","0","0","2","02113","0","","1.0","","1","N","N","","0","","0","0","0","0","0","N","","2","0","0","0","0","0","0","2","0","2","","","","N","","","","","","","","","",""
"2018036070","","1","0","0","0","0","0","0","0","0","1","0","","02","3","2018","7","40.346293","-79.87427","0009","11","0","0","0","0","0","0","0","0","5","0","0","0","","","0","","0","","40 20:46.655","7","0","79 52:27.371","0","0","0","0","2455","0","0","0","N","0","0","0","1","02455","0","","6.0","","1","N","N","","1","","0","0","0","0","0","Y","","2","0","1","0","0","0","0","2","0","2","","","","N","","","","","","","","","",""
"2018035823","","1","0","0","0","0","0","0","0","0","1","0","","02","3","2018","1","40.519359","-79.842506","1026","11","0","0","0","0","0","1","0","0","1","0","0","0","","","0","","0","","40 31:09.692","1","0","79 50:33.022","0","0","0","0","2451","0","0","0","N","0","0","0","1","02451","0","","2.0","","1","N","N","","0","","0","0","1","0","0","N","","2","0","0","0","0","0","0","2","0","2","","","","N","","","","","","","","","",""
"2018035424","","1","0","0","0","0","0","0","0","0","7","0","","02","3","2018","6","40.469097","-79.955033","2209","11","0","0","0","0","0","0","0","0","","0","0","0","","","0","","0","","40 28:08.750","","0","79 57:18.120","9","0","0","0","2301","0","0","0","N","0","0","0","1","02301","0","","4.0","","1","N","N","","0","","0","0","0","0","0","","","1","0","0","0","0","0","1","2","0","1","","","","N","","","","","","","","","",""
"2018019508","","0","0","1","0","0","0","0","0","0","1","0","","02","2","2018","3","40.443005","-80.025176","0849","11","0","0","0","0","0","1","0","0","1","0","0","0","","","1","","0","","40 26:34.819","3","0","80 01:30.632","2","0","0","0","2301","0","0","0","N","0","0","0","2","02301","0","","1.0","","1","N","N","","0","","0","1","2","0","0","N","","2","1","0","0","0","0","0","2","0","2","","","","N","","","","","","","","","",""
"2018038582","","1","0","0","0","0","0","0","0","0","4","0","","02","3","2018","4","40.324439","-80.037413","2333","11","0","0","1","1","0","0","0","0","3","0","0","0","","","0","","1","","40 19:27.980","1","0","80 02:14.686","0","0","0","0","2407","0","0","0","N","0","0","0","2","02407","0","","1.0","","9","N","N","","1","","0","0","0","3","3","Y","","2","0","0","0","0","0","0","2","0","2","","","","N","","","","","","","","","",""
"2018040187","","1","0","0","0","0","0","0","0","0","4","0","","02","4","2018","5","40.378853","-80.032854","1730","11","0","0","0","0","0","0","0","0","1","0","0","0","","","1","","1","","40 22:43.870","1","0","80 01:58.274","4","0","0","0","2109","0","0","0","N","0","0","0","4","02109","1","","1.0","","1","N","N","","1","","0","0","0","3","3","N","","2","1","0","0","0","0","0","2","0","2","","","","N","","","","","","","","","",""
"2018079981","","2","0","0","0","0","0","0","0","0","4","0","","02","7","2018","3","40.454223","-79.886828","1717","11","0","1","0","0","1","0","0","0","","0","0","0","","","0","","1","","40 27:15.201","","0","79 53:12.580","0","0","0","0","2301","0","0","0","N","0","0","0","4","02301","0","","1.0","","1","N","N","","0","","0","0","0","0","0","","","2","0","0","0","0","0","0","2","0","2","","","","N","","","","","","","","","",""
"2018086510","","3","0","0","0","0","0","0","0","0","4","0","","02","8","2018","1","40.483052","-80.035433","0009","11","0","0","0","0","1","1","0","0","1","0","0","0","","","2","","1","","40 28:58.987","1","0","80 02:07.558","3","0","0","0","2301","0","0","0","N","0","0","0","6","02301","0","","1.0","","1","N","N","","0","","2","0","0","3","1","N","","3","2","2","0","0","0","0","2","0","3","","","","N","","","","","","","","","",""
"2018086267","","1","0","0","0","0","0","0","0","0","1","0","55","02","8","2018","5","40.449806","-79.993541","1835","11","0","0","0","0","0","0","0","0","","0","0","0","","","1","","0","","40 26:59.302","","3","79 59:36.747","8","0","0","0","2301","0","0","0","N","0","0","0","2","68B03","0","","1.0","","1","N","N","","1","","0","0","0","0","0","","","2","1","1","0","0","1","0","2","0","2","","","Y","Y","2","1","N","N","N","Y","N","N","N",""
"2018086271","","0","0","0","0","0","0","1","0","0","7","1","","02","8","2018","6","40.586641","-80.099971","1516","11","0","0","0","0","0","0","1","0","3","0","0","0","","","2","","0","","40 35:11.909","2","1","80 05:59.894","8","0","0","0","2481","0","0","0","Y","0","0","0","2","68B03","0","","2.0","","9","N","N","","0","","0","0","0","0","0","N","","1","2","0","0","0","2","0","2","0","1","","","","N","","","","","","","","","",""
"2018086343","","1","0","0","0","0","0","0","0","0","7","0","","02","8","2018","6","40.599491","-80.118589","1714","11","0","0","0","0","0","0","0","0","","0","0","0","","","0","","0","","40 35:58.167","","0","80 07:06.921","0","0","0","0","2481","0","0","0","N","0","0","0","1","02481","0","","1.0","","9","N","N","","0","","0","0","0","0","0","","","1","0","0","0","0","0","0","2","0","1","","","","N","","","","","","","","","",""
"2018037851","","2","0","0","0","0","0","0","0","0","4","0","","02","3","2018","2","40.422956","-79.960875","0645","11","0","0","0","0","0","0","0","0","","0","0","0","","","0","","0","","40 25:22.643","","7","79 57:39.149","0","0","0","0","2301","0","0","0","N","0","0","0","2","02301","0","","1.0","","1","N","N","","0","","0","0","0","3","2","","","2","0","0","0","0","0","0","2","0","2","","","","N","","","","","","","","","",""
"2018036359","","1","0","2","0","0","0","0","0","0","1","0","","02","3","2018","6","40.667564","-80.096603","2139","11","0","0","0","0","1","0","0","0","3","0","0","0","","","2","","2","","40 40:03.232","2","0","80 05:47.772","2","0","0","0","2212","0","0","0","N","0","0","0","4","02505","0","","1.0","","1","N","N","","0","","0","2","1","3","2","Y","","2","2","0","0","0","0","0","2","0","2","","","","N","","","","","","","","","",""
"2018035251","","1","0","0","0","0","0","0","0","0","4","0","","02","3","2018","6","40.43741","-79.979513","1221","11","0","0","0","0","0","1","0","0","","0","0","0","","","5","","1","","40 26:14.677","","0","79 58:46.247","3","0","0","0","2301","0","0","0","N","0","0","0","5","02301","3","","1.0","","1","N","N","","0","","2","0","1","0","0","","","3","5","0","0","0","0","0","2","1","3","","","","N","","","","","","","","","",""
"2018086460","","2","0","0","0","0","0","0","0","0","1","0","","02","8","2018","5","40.380271","-80.052555","1822","11","1","0","0","0","0","0","0","0","","0","0","0","","","1","","1","","40 22:48.976","","0","80 03:09.199","3","0","0","0","2109","0","0","0","N","0","0","0","4","02109","0","","1.0","","1","N","N","","0","","1","0","1","3","2","","","3","1","0","0","0","0","0","2","0","3","","","","N","","","","","","","","","",""
"2018087214","","0","0","0","0","0","0","0","0","0","4","0","55","02","7","2018","2","40.638979","-79.722094","1653","11","0","0","0","0","0","0","1","0","","0","0","0","","","0","","0","","40 38:20.324","","0","79 43:19.539","0","0","0","0","2106","0","0","0","N","0","0","0","2","68D02","0","","1.0","","1","N","N","","0","","0","0","2","0","0","","","2","0","0","0","0","0","0","2","0","2","","","N","Y","8","1","N","N","N","N","N","Y","N",""
"2018037902","","2","0","0","0","0","0","0","0","0","4","0","","02","3","2018","2","40.383183","-80.04391","1554","11","0","0","0","0","1","0","0","0","1","0","0","0","","","0","","1","","40 22:59.458","1","0","80 02:38.075","0","0","0","0","2109","0","0","0","N","0","0","0","2","02109","0","","1.0","","1","N","N","","0","","0","0","0","3","2","N","","2","0","1","0","0","0","0","2","0","2","","","","N","","","","","","","","","",""
"2018036068","","2","0","0","0","0","0","0","0","0","4","0","","02","3","2018","1","40.513809","-79.951533","2027","11","0","0","0","0","1","0","0","0","","0","0","0","","","0","","2","","40 30:49.712","","0","79 57:05.519","0","0","0","0","2118","0","0","0","N","0","0","0","2","02118","0","","1.0","","1","N","N","","0","","0","0","0","3","2","","","2","0","0","0","0","0","0","2","0","2","","","","N","","","","","","","","","",""
"2018084967","","1","0","0","0","0","0","0","0","0","7","0","","02","8","2018","3","40.341581","-79.828016","2257","11","0","0","0","0","0","0","0","0","","0","0","0","","","1","","0","","40 20:29.691","","0","79 49:40.857","8","0","0","0","2304","0","0","0","N","0","0","0","1","02304","0","","2.0","","9","N","N","","0","","0","0","0","0","0","","","1","1","0","0","0","1","0","2","0","1","","","","N","","","","","","","","","",""
"2018084800","","2","0","0","0","0","0","0","0","0","1","0","","02","8","2018","5","40.430426","-79.728968","1730","11","0","0","0","0","0","0","0","0","1","0","0","0","","","0","","0","","40 25:49.535","3","0","79 43:44.284","0","0","0","0","2446","0","0","0","N","0","0","0","3","02446","0","","1.0","","1","N","N","","0","","0","0","1","0","0","N","","3","0","0","0","0","0","0","2","0","3","","","","N","","","","","","","","","",""
"2018075461","","1","0","0","0","0","0","0","0","0","7","0","","02","7","2018","4","40.530548","-79.923593","2047","11","0","0","0","0","0","0","0","0","2","0","0","0","","","0","","0","","40 31:49.973","5","0","79 55:24.933","0","0","0","0","2112","0","0","0","N","0","0","0","1","02112","0","","2.0","","1","N","N","","0","","0","0","0","0","0","Y","","1","0","0","0","0","0","0","2","0","1","","","","N","","","","","","","","","",""
"2018041003","","1","0","0","0","0","0","0","0","0","4","0","","02","4","2018","6","40.426222","-80.125674","1442","11","0","0","0","0","0","0","0","0","2","0","0","0","","","0","","0","","40 25:34.399","4","0","80 07:32.427","9","0","0","0","2102","0","0","0","N","0","0","0","2","68B03","0","","1.0","","1","N","N","","1","","0","0","0","0","0","N","","2","0","0","0","0","0","1","2","0","2","","","","N","","","","","","","","","",""
"2018038263","","1","0","0","0","0","0","0","0","0","7","0","","02","3","2018","3","40.364552","-79.949486","1619","11","0","0","0","0","0","0","0","0","2","0","0","0","","","1","","0","","40 21:52.387","2","0","79 56:58.149","8","0","0","0","2403","0","0","0","N","0","0","0","1","02403","0","","5.0","","9","N","N","","0","","0","0","0","0","0","N","","1","1","0","0","0","1","0","2","0","1","","","","N","","","","","","","","","",""
"2018074157","","1","0","0","0","0","0","0","0","0","7","0","","02","7","2018","1","40.362512","-80.081609","1718","11","0","0","0","0","0","0","0","0","2","0","0","0","","","0","","0","","40 21:45.043","3","0","80 04:53.793","0","0","0","0","2123","0","0","0","N","0","0","0","1","02123","0","","5.0","","1","N","N","","0","","0","0","0","0","0","N","","1","0","0","0","0","0","0","2","0","1","","","","N","","","","","","","","","",""
"2018075201","","0","0","0","0","0","0","0","0","0","7","0","","02","7","2018","4","40.537308","-79.764088","0339","11","0","0","0","0","0","0","0","0","","0","0","0","","","0","","0","","40 32:14.307","","0","79 45:50.718","0","0","0","0","2466","0","0","0","N","0","0","0","1","02466","0","","5.0","","1","N","N","","0","","0","0","1","0","0","","","1","0","0","0","0","0","0","1","0","1","","","","N","","","","","","","","","",""
"2018044633","","0","0","0","0","0","0","0","0","0","8","0","","02","4","2018","6","40.518217","-80.031566","1552","11","0","0","0","0","0","0","0","0","","0","0","0","","","1","","1","","40 31:05.580","","0","80 01:53.638","2","0","0","0","2474","1","0","1","N","1","0","1","2","02474","0","","1.0","","1","N","N","","1","","0","1","0","3","2","","","2","1","0","0","0","0","0","2","0","1","","","","N","","","","","","","","","",""
"2018036470","","2","0","0","0","0","0","0","0","0","4","0","","02","3","2018","2","40.455178","-79.895633","2030","11","0","0","0","0","0","0","0","0","","0","0","0","","","2","","0","","40 27:18.640","","7","79 53:44.280","8","0","0","1","2301","0","0","0","N","0","0","0","2","02301","0","","1.0","","1","N","N","","0","","0","0","1","3","3","","","4","2","0","0","0","2","0","2","0","4","","","","N","","","","","","","","","",""
"2018086208","","0","0","0","0","0","0","0","0","0","1","0","","02","8","2018","6","40.487887","-79.920282","1840","11","0","0","0","0","0","0","0","0","","0","0","0","","","0","N","0","","40 29:16.394","","3","79 55:13.015","0","0","0","0","2301","0","0","0","N","0","0","0","4","02301","0","","1.0","","9","N","N","","0","","0","0","1","0","0","","","2","0","0","0","0","0","0","2","1","2","","","","N","","","","","","","","","",""
"2018079180","","2","0","0","0","0","0","0","0","0","1","0","","02","7","2018","1","40.485203","-79.856827","1509","11","0","0","0","0","0","1","0","0","","0","0","0","","","1","","0","","40 29:06.732","","0","79 51:24.578","4","0","0","0","2113","0","0","0","N","0","0","0","3","02113","1","","1.0","","1","N","N","","0","","0","0","0","3","2","","","2","1","0","0","0","0","0","2","0","2","","","","N","","","","","","","","","",""
"2018039334","","1","0","0","0","0","0","0","0","0","99","0","","02","4","2018","3","40.449684","-80.300362","2124","11","0","0","0","0","0","0","0","0","2","0","0","0","","","0","","0","","40 26:58.862","1","0","80 18:01.304","0","0","0","0","2203","0","0","0","N","0","0","0","1","02203","0","","1.0","","9","N","N","","0","","0","0","0","0","0","N","","1","0","0","0","0","0","0","1","0","1","","","","N","","","","","","","","","",""
"2018036261","","2","0","0","0","0","0","0","0","0","5","0","","02","3","2018","7","40.428698","-79.863413","1130","11","0","0","0","0","0","0","1","0","","0","0","0","","","1","","0","","40 25:43.313","","0","79 51:48.285","3","0","0","0","2431","0","0","0","N","0","0","0","5","02431","0","","1.0","","1","N","N","","0","","1","0","0","0","0","","","2","1","0","0","0","0","0","2","0","2","","","","N","","","","","","","","","",""
"2018035334","","2","0","0","0","0","0","0","0","0","4","0","","02","3","2018","6","40.452363","-79.887537","1600","11","0","0","0","0","0","0","0","1","","0","0","0","","","1","","1","","40 27:08.506","","0","79 53:15.133","8","0","0","0","2301","0","0","0","N","0","0","0","2","02301","0","","1.0","","1","N","N","","0","","0","0","0","3","3","","","2","1","0","0","0","1","0","2","0","2","","","","N","","","","","","","","","",""