"CRN","ARRIVAL_TM","AUTOMOBILE_COUNT","BELTED_DEATH_COUNT","BELTED_SUSP_SERIOUS_INJ_COUNT","BICYCLE_COUNT","BICYCLE_DEATH_COUNT","BICYCLE_SUSP_SERIOUS_INJ_COUNT","BUS_COUNT","CHLDPAS_DEATH_COUNT","CHLDPAS_SUSP_SERIOUS_INJ_COUNT","COLLISION_TYPE","COMM_VEH_COUNT","CONS_ZONE_SPD_LIM","COUNTY","CRASH_MONTH","CRASH_YEAR","DAY_OF_WEEK","DEC_LATITUDE","DEC_LONGITUDE","DISPATCH_TM","DISTRICT","DRIVER_COUNT_16YR","DRIVER_COUNT_17YR","DRIVER_COUNT_18YR","DRIVER_COUNT_19YR","DRIVER_COUNT_20YR","DRIVER_COUNT_50_64YR","DRIVER_COUNT_65_74YR","DRIVER_COUNT_75PLUS","EST_HRS_CLOSED","FATAL_COUNT","HEAVY_TRUCK_COUNT","HORSE_BUGGY_COUNT","HOUR_OF_DAY","ILLUMINATION","INJURY_COUNT","INTERSECTION_RELATED","INTERSECT_TYPE","LANE_CLOSED","LATITUDE","LN_CLOSE_DIR","LOCATION_TYPE","LONGITUDE","MAX_SEVERITY_LEVEL","MCYCLE_DEATH_COUNT","MCYCLE_SUSP_SERIOUS_INJ_COUNT","MOTORCYCLE_COUNT","MUNICIPALITY","NONMOTR_COUNT","NONMOTR_DEATH_COUNT","NONMOTR_SUSP_SERIOUS_INJ_COUNT","NTFY_HIWY_MAINT","PED_COUNT","PED_DEATH_COUNT","PED_SUSP_SERIOUS_INJ_COUNT","PERSON_COUNT","POLICE_AGCY","POSSIBLE_INJ_COUNT","RDWY_SURF_TYPE_CD","RELATION_TO_ROAD","ROADWAY_CLEARED","ROAD_CONDITION","SCH_BUS_IND","SCH_ZONE_IND","SECONDARY_CRASH","SMALL_TRUCK_COUNT","SPEC_JURIS_CD","SUSP_MINOR_INJ_COUNT","SUSP_SERIOUS_INJ_COUNT","SUV_COUNT","TCD_FUNC_CD","TCD_TYPE","TFC_DETOUR_IND","TIME_OF_DAY","TOTAL_UNITS","TOT_INJ_COUNT","UNBELTED_OCC_COUNT","UNB_DEATH_COUNT","UNB_SUSP_SERIOUS_INJ_COUNT","UNK_INJ_DEG_COUNT","UNK_INJ_PER_COUNT","URBAN_RURAL","VAN_COUNT","VEHICLE_COUNT","WEATHER1","WEATHER2","WORKERS_PRES","WORK_ZONE_IND","WORK_ZONE_LOC","WORK_ZONE_TYPE","WZ_CLOSE_DETOUR","WZ_FLAGGER","WZ_LAW_OFFCR_IND","WZ_LN_CLOSURE","WZ_MOVING","WZ_OTHER","WZ_SHLDER_MDN","WZ_WORKERS_INJ_KILLED"
"2018043823","","1","0","0","0","0","0","0","0","0","1","0","","02","4","2018","3","40.3178","-80.082519","1250","11","0","0","0","0","0","1","0","0","1","0","0","0","","","0","","0","","40 19:04.080","1","0","80 04:57.070","0","0","0","0","2123","0","0","0","N","0","0","0","4","02123","0","","1.0","","9","N","N","","1","","0","0","0","0","0","N","","2","0","0","0","0","0","0","2","0","2","","","","N","","","","","","","","","",""
"2018092102","","0","0","0","0","0","0","0","0","0","7","0","","02","9","2018","1","40.422612","-79.73648","1331","11","0","0","0","0","0","1","0","0","","0","0","0","","","0","","0","","40 25:21.403","","0","79 44:11.329","0","0","0","0","2446","0","0","0","N","0","0","0","2","68T09","0","","4.0","","1","N","N","","0","","0","0","1","0","0","","","1","0","0","0","0","0","0","2","0","1","","","","N","","","","","","","","","",""
"2018089688","","2","0","0","0","0","0","0","0","0","6","0","","02","8","2018","6","40.45402","-79.952034","1913","11","0","0","0","0","0","1","0","0","1","0","0","0","","","0","","1","","40 27:14.473","1","0","79 57:07.323","0","0","0","0","2301","0","0","0","N","0","0","0","4","02301","0","","1.0","","1","N","N","","0","","0","0","0","3","2","N","","2","0","1","0","0","0","0","2","0","2","","","","N","","","","","","","","","",""
"2018094514","","1","0","0","0","0","0","0","0","0","7","0","","02","9","2018","1","40.570498","-79.863077","1738","11","0","0","0","0","0","1","0","0","1","0","0","0","","","0","","0","","40 34:13.793","3","0","79 51:47.077","0","0","0","0","2209","0","0","0","N","0","0","0","1","02209","0","","5.0","","9","N","N","","0","","0","0","0","0","0","Y","","1","0","0","0","0","0","0","2","0","1","","","","N","","","","","","","","","",""
"2018037590","","0","0","0","0","0","0","0","0","0","4","0","","02","3","2018","4","40.529503","-79.965657","0837","11","0","0","0","0","0","0","0","0","","0","0","0","","","0","","2","","40 31:46.211","","0","79 57:56.365","0","0","0","0","2118","0","0","0","N","0","0","0","3","02118","0","","1.0","","9","N","N","","0","","0","0","1","3","3","","","2","0","0","0","0","0","0","2","1","2","","","","N","","","","","","","","","",""
"2018029482","","1","0","0","0","0","0","0","0","0","0","0","","02","3","2018","1","40.447757","-80.020169","1116","11","0","0","0","0","0","0","0","0","","0","0","0","","","0","","2","","40 26:51.926","","0","80 01:12.610","0","0","0","0","2301","0","0","0","N","0","0","0","1","02301","0","","1.0","","1","N","N","","0","","0","0","0","3","2","","","1","0","0","0","0","0","0","2","0","1","","","","N","","","","","","","","","",""
"2018091597","","1","0","0","0","0","0","0","0","0","4","0","","02","9","2018","1","40.448239","-80.000493","0130","11","0","0","0","0","0","0","0","0","","0","0","0","","","0","","1","","40 26:53.662","","0","80 00:01.775","0","0","0","0","2301","0","0","0","N","0","0","0","5","02301","0","","1.0","","1","N","N","","0","","0","0","1","0","0","","","2","0","0","0","0","0","0","2","0","2","","","","N","","","","","","","","","",""
"2018079117","","1","0","0","0","0","0","0","0","0","7","0","","02","7","2018","7","40.458654","-79.998334","1451","11","0","0","0","1","0","0","0","0","1","0","0","0","","","0","","2","","40 27:31.155","7","2","79 59:54.003","0","0","0","0","2301","0","0","0","N","0","0","0","2","02301","0","","2.0","","1","N","N","","0","","0","0","0","0","0","Y","","1","0","0","0","0","0","0","2","0","1","","","","N","","","","","","","","","",""
"2018093629","","1","0","0","0","0","0","0","0","0","4","0","","02","9","2018","7","40.438334","-79.842884","0908","11","0","0","0","0","0","0","1","0","1","0","0","0","","","0","","2","","40 26:18.004","1","0","79 50:34.384","0","0","0","0","2419","0","0","0","N","0","0","0","3","02419","0","","1.0","","9","N","N","","0","","0","0","0","3","3","N","","2","0","0","0","0","0","0","2","1","2","","","","N","","","","","","","","","",""
"2018043741","","1","0","0","0","0","0","0","0","0","7","0","","02","4","2018","3","40.339311","-79.826292","1154","11","0","0","0","0","0","1","0","0","","0","0","0","","","1","","0","","40 20:21.520","","0","79 49:34.650","8","0","0","0","2304","0","0","0","N","0","0","0","1","02304","0","","5.0","","9","N","N","","0","","0","0","0","3","2","","","1","1","0","0","0","1","0","2","0","1","","","","N","","","","","","","","","",""
"2018092503","","0","0","0","0","0","0","0","0","0","7","0","","02","9","2018","4","40.629428","-80.016568","1033","11","0","0","0","0","0","0","0","0","1","0","0","0","","","1","","2","","40 37:45.939","4","0","80 00:59.644","3","0","0","1","2216","0","0","0","N","0","0","0","1","02505","0","","2.0","","1","N","N","","0","","1","0","0","0","0","N","","1","1","0","0","0","0","0","2","0","1","","","","N","","","","","","","","","",""
"2018088861","","1","0","0","0","0","0","0","0","0","1","0","","02","8","2018","6","40.336518","-79.853166","1620","11","0","0","0","1","0","0","1","0","","0","0","0","","","0","","0","","40 20:11.463","","0","79 51:11.396","0","0","0","0","2304","0","0","0","N","0","0","0","3","02304","0","","1.0","","1","N","N","","0","","0","0","1","0","0","","","2","0","0","0","0","0","0","2","0","2","","","","N","","","","","","","","","",""
"2018046493","","0","0","0","0","0","0","0","0","0","1","0","","02","4","2018","5","40.629522","-80.013551","1806","11","0","0","0","1","0","0","0","0","1","0","0","0","","","0","","2","","40 37:46.279","4","0","80 00:48.784","0","0","0","0","2216","0","0","0","N","0","0","0","2","02505","0","","1.0","","1","N","N","","0","","0","0","2","0","0","N","","2","0","0","0","0","0","0","2","0","2","","","","N","","","","","","","","","",""
"2018086610","","1","0","0","0","0","0","0","0","0","4","0","","02","8","2018","1","40.655079","-80.086095","1125","11","0","0","0","0","0","2","1","0","","0","0","0","","","0","","0","","40 39:18.286","","0","80 05:09.941","0","0","0","0","2212","0","0","0","N","0","0","0","3","02505","0","","1.0","","1","N","N","","1","","0","0","1","3","4","","","3","0","0","0","0","0","0","2","0","3","","","","N","","","","","","","","","",""
"2018091541","","1","0","0","0","0","0","0","0","0","7","0","","02","9","2018","7","40.348327","-79.94631","1458","11","0","0","0","0","0","0","0","0","2","0","0","0","","","2","","0","","40 20:53.976","6","0","79 56:46.717","8","0","0","0","2473","0","0","0","N","0","0","0","2","02473","0","","1.0","","1","N","N","","1","","0","0","0","3","2","N","","2","2","1","0","0","2","0","2","0","2","","","","N","","","","","","","","","",""
"2018085170","","1","0","0","0","0","0","0","0","0","4","0","","02","8","2018","4","40.349111","-79.927049","1130","11","0","0","0","0","0","1","1","0","1","0","0","0","","","3","","0","","40 20:56.798","1","0","79 55:37.375","3","0","0","0","2473","0","0","0","N","0","0","0","3","02473","0","","1.0","","1","N","N","","0","","1","0","1","0","0","Y","","2","3","0","0","0","2","0","2","0","2","","","","N","","","","","","","","","",""
"2018085641","","2","0","0","0","0","0","0","0","0","1","1","","02","8","2018","6","40.510237","-80.094597","0816","11","0","0","0","0","0","2","0","0","2","0","1","0","","","1","","1","","40 30:36.852","3","0","80 05:40.550","2","0","0","0","2429","0","0","0","N","0","0","0","4","02215","0","","1.0","","9","","","","1","","0","1","0","3","2","N","","4","1","0","0","0","0","0","2","0","4","","","","N","","","","","","","","","",""
"2018091830","","1","0","0","0","0","0","0","0","0","1","0","","02","9","2018","7","40.376205","-79.984194","1419","11","0","0","0","0","0","1","0","0","","0","0","0","","","0","","0","","40 22:34.339","","0","79 59:03.099","0","0","0","0","2413","0","0","0","N","0","0","0","3","02413","0","","1.0","","1","N","N","","0","","0","0","0","0","0","","","2","0","0","0","0","0","0","2","1","2","","","","N","","","","","","","","","",""
"2018089333","","1","0","0","0","0","0","0","0","0","4","0","","02","8","2018","6","40.520092","-80.004955","1543","11","0","0","0","0","0","0","0","0","2","0","0","0","","","1","","0","","40 31:12.331","2","0","80 00:17.839","4","0","0","0","2116","0","0","0","N","0","0","0","2","02116","1","","1.0","","1","N","N","","0","","0","0","1","3","2","N","","2","1","0","0","0","0","0","2","0","2","","","","N","","","","","","","","","",""
"2018045392","","1","0","0","0","0","0","0","0","0","7","0","","02","4","2018","7","40.305107","-79.934103","0434","11","0","0","0","0","0","0","0","0","2","0","0","0","","","1","","0","","40 18:18.384","1","0","79 56:02.770","2","0","0","0","2440","0","0","0","N","0","0","0","1","02440","0","","5.0","","1","N","N","","0","","0","1","0","0","0","Y","","1","1","1","0","1","0","0","2","0","1","","","","N","","","","","","","","","",""
"2018036364","","0","0","0","0","0","0","0","0","0","4","0","","02","3","2018","7","40.576843","-80.055865","1053","11","0","0","0","0","0","0","0","1","","0","0","0","","","1","","1","","40 34:36.634","","0","80 03:21.114","4","0","0","0","2108","0","0","0","N","0","0","0","3","02108","1","","1.0","","1","N","N","","0","","0","0","2","3","3","","","2","1","0","0","0","0","0","2","0","2","","","","N","","","","","","","","","",""
"2018093185","","1","0","0","0","0","0","0","0","0","7","0","","02","9","2018","3","40.43202","-80.137271","2156","11","0","0","0","0","0","0","0","0","1","0","0","0","","","0","","0","","40 25:55.273","2","0","80 08:14.177","0","0","0","0","2115","0","0","0","N","0","0","0","1","02115","0","","5.0","","1","N","N","","0","","0","0","0","0","0","N","","1","0","0","0","0","0","0","2","0","1","","","","N","","","","","","","","","",""
"2018045653","","1","0","0","0","0","0","0","0","0","1","0","","02","4","2018","7","40.445117","-79.989394","1845","11","0","0","0","0","0","0","0","0","","0","0","0","","","0","","6","","40 26:42.421","","2","79 59:21.819","0","0","0","0","2301","0","0","0","N","0","0","0","2","02301","0","","1.0","","1","N","N","","0","","0","0","1","0","0","","","2","0","0","0","0","0","0","2","0","2","","","","N","","","","","","","","","",""
"2018043478","","1","0","0","0","0","0","0","0","0","7","0","","02","4","2018","2","40.4252","-79.945281","1620","11","0","0","0","0","1","0","0","0","","0","0","0","","","0","","0","","40 25:30.720","","0","79 56:43.010","0","0","0","0","2301","0","0","0","N","0","0","0","1","02301","0","","5.0","","1","N","N","","0","","0","0","0","0","0","","","1","0","0","0","0","0","0","2","0","1","","","","N","","","","","","","","","",""
"2018036172","","0","0","0","0","0","0","0","0","0","0","0","","02","3","2018","7","40.473269","-79.719375","1200","11","0","0","0","0","0","0","0","0","1","0","0","0","","","0","","0","","40 28:23.770","5","7","79 43:09.750","0","0","0","0","2466","0","0","0","N","0","0","0","1","02466","0","","1.0","","1","N","N","","0","","0","0","1","0","0","Y","","1","0","1","0","0","0","0","2","0","1","","","","N","","","","","","","","","",""
"2018079222","","1","0","0","0","0","0","1","0","0","5","1","","02","7","2018","6","40.442449","-79.99982","1845","11","0","0","0","0","0","1","0","0","1","0","0","0","","","0","","1","","40 26:32.818","1","0","79 59:59.353","0","0","0","0","2301","0","0","0","N","0","0","0","2","02503","0","","1.0","","1","N","N","","0","","0","0","0","0","0","Y","","2","0","0","0","0","0","0","2","0","2","","","","N","","","","","","","","","",""
"2018091641","","1","0","0","0","0","0","0","0","0","7","0","","02","9","2018","7","40.462094","-79.768118","0851","11","0","0","0","0","0","0","0","0","1","0","0","0","","","1","","0","","40 27:43.540","6","0","79 46:05.223","3","0","0","0","2466","0","0","0","N","0","0","0","1","02466","0","","5.0","","1","N","N","","0","","1","0","0","0","0","N","","1","1","0","0","0","0","0","2","0","1","","","","N","","","","","","","","","",""
"2018095951","","1","0","0","0","0","0","0","0","0","1","0","","02","9","2018","4","40.532002","-80.010692","1332","11","0","0","0","0","0","0","0","0","1","0","0","0","","","0","","0","","40 31:55.206","2","0","80 00:38.490","0","0","0","0","2116","0","0","0","N","0","0","0","2","02116","0","","1.0","","1","N","N","","1","","0","0","0","0","0","N","","2","0","0","0","0","0","0","2","0","2","","","","N","","","","","","","","","",""
"2018044594","","1","0","0","0","0","0","0","0","0","8","0","","02","4","2018","4","40.360921","-80.028561","1722","11","0","0","0","0","0","0","0","0","","0","0","0","","","1","","0","","40 21:39.314","","0","80 01:42.818","3","0","0","0","2416","1","0","0","N","1","0","0","2","02416","0","","1.0","","1","N","N","","0","","1","0","0","0","0","","","2","1","0","0","0","0","0","2","0","1","","","","N","","","","","","","","","",""
"2018088693","","1","0","0","0","0","0","0","0","0","1","0","","02","8","2018","6","40.33584","-80.132524","0835","11","0","0","0","0","0","1","0","1","1","0","0","0","","","0","","2","","40 20:09.023","1","0","80 07:57.085","0","0","0","0","2119","0","0","0","N","0","0","0","2","02119","0","","1.0","","1","N","N","","0","","0","0","1","0","0","N","","2","0","0","0","0","0","0","2","0","2","","","","N","","","","","","","","","",""
"2018036912","","4","0","0","0","0","0","0","0","0","2","0","","02","3","2018","1","40.444317","-80.063058","0251","11","0","0","0","0","0","0","0","0","3","0","0","0","","","0","","0","","40 26:39.540","6","0","80 03:47.010","0","0","0","0","2439","0","0","0","N","0","0","0","1","02439","0","","4.0","","1","N","N","","0","","0","0","0","3","8","N","","4","0","0","0","0","0","0","2","0","4","","","","N","","","","","","","","","",""
"2018090745","","2","0","0","0","0","0","0","0","0","1","0","","02","8","2018","3","40.557268","-80.022979","2207","11","0","2","0","0","0","0","0","0","","0","0","0","","","0","","2","","40 33:26.164","","0","80 01:22.723","0","0","0","0","2108","0","0","0","N","0","0","0","4","02108","0","","1.0","","1","N","N","","0","","0","0","0","0","0","","","2","0","0","0","0","0","0","2","0","2","","","","N","","","","","","","","","",""
"2018091122","","1","0","0","0","0","0","0","0","0","7","0","","02","8","2018","6","40.482597","-79.820264","0158","11","0","0","0","0","0","0","0","0","","0","0","0","","","1","","0","","40 28:57.348","","0","79 49:12.951","8","0","0","0","2113","0","0","0","N","0","0","0","1","02113","0","","5.0","","1","N","N","","0","","0","0","0","0","0","","","1","1","0","0","0","1","0","2","0","1","","","","N","","","","","","","","","",""
"2018090736","","2","0","0","0","0","0","0","0","0","4","0","","02","8","2018","3","40.492876","-79.862994","1600","11","0","0","0","0","0","0","0","0","","0","0","0","","","0","","2","","40 29:34.355","","0","79 51:46.780","0","0","0","0","2408","0","0","0","N","0","0","0","3","02408","0","","1.0","","1","N","N","","0","","0","0","1","3","2","","","3","0","0","0","0","0","0","2","0","3","","","","N","","","","","","","","","",""
"2018091745","","1","0","0","0","0","0","0","0","0","2","0","","02","9","2018","1","40.466642","-79.832838","2201","11","0","0","0","0","0","2","0","0","","0","0","0","","","0","","2","","40 27:59.910","","0","79 49:58.218","0","0","0","0","2113","0","0","0","N","0","0","0","2","02113","0","","1.0","","1","N","N","","0","","0","0","1","0","0","","","2","0","0","0","0","0","0","2","0","2","","","","N","","","","","","","","","",""
"2018090681","","1","0","0","0","0","0","0","0","0","7","0","","02","8","2018","5","40.490588","-79.823743","0333","11","0","0","0","1","0","0","0","0","2","0","0","0","","","0","","0","","40 29:26.116","1","0","79 49:25.474","0","0","0","0","2113","0","0","0","N","0","0","0","1","02113","0","","5.0","","1","N","N","","0","","0","0","0","0","0","N","","1","0","0","0","0","0","0","2","0","1","","","","N","","","","","","","","","",""
"2018095680","","1","0","0","0","0","0","0","0","0","1","0","","02","8","2018","2","40.509911","-80.092836","0830","11","0","0","0","0","0","0","0","0","","0","0","0","","","0","","0","","40 30:35.680","","0","80 05:34.210","0","0","0","0","2429","0","0","0","N","0","0","0","2","02215","0","","1.0","","1","N","N","","0","","0","0","0","0","0","","","2","0","0","0","0","0","0","2","1","2","","","","N","","","","","","","","","",""
"2018086160","","2","0","0","0","0","0","0","0","0","4","0","","02","8","2018","6","40.488332","-79.92554","1450","11","0","0","0","0","0","1","0","0","1","0","0","0","","","1","","2","","40 29:17.995","3","0","79 55:31.945","3","0","0","0","2301","0","0","0","N","0","0","0","1","02301","0","","2.0","","9","N","N","","2","","1","0","0","0","0","N","","4","1","0","0","0","0","0","2","0","4","","","","N","","","","","","","","","",""
"2018044391","","1","0","0","0","0","0","0","0","0","1","0","","02","4","2018","4","40.470891","-79.974801","2228","11","0","0","0","0","0","1","0","0","1","0","0","0","","","0","","0","","40 28:15.207","2","0","79 58:29.282","0","0","0","0","2301","0","0","0","N","0","0","0","2","02445","0","","1.0","","9","N","N","","1","","0","0","0","0","0","N","","2","0","0","0","0","0","0","2","0","2","","","","N","","","","","","","","","",""
"2018099723","","1","0","0","0","0","0","1","0","0","1","1","","02","9","2018","2","40.352081","-79.844852","1448","11","0","0","0","0","0","1","0","0","","0","0","0","","","4","","1","","40 21:07.491","","0","79 50:41.467","3","0","0","0","2304","0","0","0","N","0","0","0","5","02503","0","","1.0","","9","N","N","","0","","4","0","0","0","0","","","2","4","0","0","0","0","0","2","0","2","","","","N","","","","","","","","","",""
"2018082799","","2","0","0","0","0","0","0","0","0","4","0","","02","8","2018","2","40.400843","-80.02301","1402","11","0","0","0","0","0","0","1","0","","0","0","0","","","0","","0","","40 24:03.035","","0","80 01:22.836","0","0","0","0","2301","0","0","0","N","0","0","0","2","02301","0","","1.0","","1","Y","N","","0","","0","0","0","0","0","","","2","0","0","0","0","0","0","2","0","2","","","","N","","","","","","","","","",""
"2018080108","","1","0","0","0","0","0","0","0","0","7","0","","02","7","2018","3","40.373863","-79.776025","0211","11","0","0","0","0","0","0","0","0","","0","0","0","","","0","","0","","40 22:25.906","","0","79 46:33.690","0","0","0","0","2111","0","0","0","Y","0","0","0","1","02111","0","","2.0","","1","N","N","","0","","0","0","0","0","0","","","1","0","0","0","0","0","0","2","0","1","","","","N","","","","","","","","","",""
"2018096030","","0","0","0","0","0","0","0","0","0","7","0","55","02","8","2018","6","40.586389","-79.777966","2011","11","0","0","0","0","0","0","0","0","9","0","0","0","","","0","","0","","40 35:11.001","1","0","79 46:40.677","0","0","0","0","2104","0","0","0","Y","0","0","0","1","68D02","0","","4.0","","1","N","N","","1","","0","0","0","0","0","N","","1","0","0","0","0","0","0","2","0","1","","","Y","Y","2","1","N","N","N","Y","N","N","N",""
"2018093234","","0","0","0","0","0","0","0","0","0","1","1","","02","7","2018","7","40.333195","-80.13726","0007","11","0","0","0","0","0","0","0","0","2","0","1","0","","","3","","0","","40 19:59.502","2","0","80 08:14.136","3","0","0","0","2119","0","0","0","N","0","0","0","6","68B03","0","","1.0","","1","N","N","","0","","3","0","0","0","0","N","","2","3","3","0","0","0","0","2","1","2","","","","N","","","","","","","","","",""
"2018090327","","1","0","0","0","0","0","0","0","0","4","0","","02","8","2018","2","40.366688","-79.984236","1409","11","0","0","0","0","0","2","0","1","1","0","0","0","","","0","","2","","40 22:00.078","1","0","79 59:03.251","9","0","0","0","2413","0","0","0","N","0","0","0","3","02413","0","","1.0","","1","N","N","","0","","0","0","2","3","3","N","","3","0","0","0","0","0","3","2","0","3","","","","N","","","","","","","","","",""
"2018088001","","1","0","0","0","0","0","0","0","0","4","0","","02","8","2018","4","40.610778","-80.069379","1307","11","0","1","0","0","0","0","0","0","","0","0","0","","","1","","1","","40 36:38.800","","0","80 04:09.764","3","0","0","0","2481","0","0","0","N","0","0","0","5","02481","0","","1.0","","9","N","N","","0","","1","0","1","3","3","","","2","1","0","0","0","0","0","2","0","2","","","","N","","","","","","","","","",""
"2018088844","","0","0","0","0","0","0","0","0","0","4","0","","02","8","2018","6","40.35151","-79.865072","1607","11","0","0","0","0","0","0","0","0","","0","0","0","","","1","","1","","40 21:05.436","","0","79 51:54.259","8","0","0","0","2304","0","0","0","N","0","0","0","2","02304","0","","1.0","","1","N","N","","1","","0","0","1","0","0","","","2","1","0","0","0","1","0","2","0","2","","","","N","","","","","","","","","",""
"2018093362","","2","0","0","0","0","0","0","0","0","4","0","","02","9","2018","5","40.522262","-80.039481","1217","11","0","0","0","0","0","2","0","0","2","0","1","0","","","1","","1","","40 31:20.143","7","0","80 02:22.131","8","0","0","0","2474","0","0","0","N","0","0","0","3","02474","0","","1.0","","1","N","N","","0","","0","0","0","3","3","Y","","3","1","0","0","0","1","0","2","0","3","","","","N","","","","","","","","","",""
"2018001847","","2","0","0","0","0","0","0","0","0","1","0","","02","1","2018","4","40.591258","-79.948096","1518","11","0","0","0","0","0","1","0","0","","0","0","0","","","1","","1","","40 35:28.527","","0","79 56:53.145","4","0","0","0","2207","0","0","0","N","0","0","0","3","02207","1","","1.0","","1","N","N","","0","","0","0","0","3","2","","","2","1","0","0","0","0","0","2","0","2","","","","N","","","","","","","","","",""
"2018088828","","0","0","0","0","0","0","0","0","0","5","0","","02","8","2018","6","40.440407","-79.994824","1545","11","0","0","0","0","0","1","0","0","2","0","0","0","","","1","","1","","40 26:25.466","3","0","79 59:41.368","4","0","0","0","2301","0","0","0","N","0","0","0","3","02301","1","","1.0","","1","N","N","","1","","0","0","1","3","2","N","","2","1","0","0","0","0","0","2","0","2","","","","N","","","","","","","","","",""
"2018092491","","1","0","0","0","0","0","0","0","0","4","0","","02","9","2018","4","40.419625","-79.927167","0901","11","0","0","0","0","0","1","0","0","","0","0","0","","","0","N","0","","40 25:10.650","","7","79 55:37.800","0","0","0","0","2301","0","0","0","N","0","0","0","2","02301","0","","1.0","","1","N","N","","0","","0","0","1","0","0","","","2","0","0","0","0","0","0","2","0","2","","","","N","","","","","","","","","",""
"2018043634","","2","0","0","0","0","0","0","0","0","4","0","","02","4","2018","2","40.379929","-80.053","1113","11","0","0","0","0","0","0","1","1","","0","0","0","","","1","","2","","40 22:47.744","","0","80 03:10.800","8","0","0","0","2109","0","0","0","N","0","0","0","3","02109","0","","1.0","","9","N","N","","0","","0","0","0","3","3","","","2","1","0","0","0","1","0","2","0","2","","","","N","","","","","","","","","",""
"2018086630","","0","0","0","0","0","0","0","0","0","1","0","55","02","8","2018","1","40.441107","-79.858528","0903","11","0","0","0","0","0","0","0","0","","0","0","0","","","0","N","0","","40 26:27.985","","0","79 51:30.699","0","0","0","0","2419","0","0","0","N","0","0","0","2","68B03","0","","1.0","","1","N","N","","1","","0","0","1","3","8","","","2","0","0","0","0","0","0","2","0","2","","","Y","Y","4","1","N","N","N","Y","N","N","N",""
"2018094164","","1","0","0","0","0","0","0","0","0","4","0","","02","9","2018","7","40.422744","-79.971266","0650","11","0","0","0","0","0","0","0","0","2","0","0","0","","","0","","0","","40 25:21.880","6","0","79 58:16.558","0","0","0","0","2301","0","0","0","N","0","0","0","1","02301","0","","6.0","","9","N","N","","0","","0","0","2","0","0","N","","3","0","0","0","0","0","0","2","0","3","","","","N","","","","","","","","","",""
"2018073017","","2","0","0","0","0","0","0","0","0","1","0","","02","7","2018","5","40.342403","-79.944622","1527","11","0","0","0","0","0","0","1","0","","0","0","0","","","1","","0","","40 20:32.650","","7","79 56:40.640","4","0","0","0","2473","0","0","0","N","0","0","0","4","02473","1","","6.0","","1","N","N","","0","","0","0","0","0","0","","","2","1","1","0","0","0","0","2","0","2","","","","N","","","","","","","","","",""
"2018035829","","1","0","0","0","0","0","0","0","0","4","0","","02","3","2018","6","40.475174","-79.772912","0745","11","0","0","0","0","0","2","0","0","2","0","0","0","","","1","","2","","40 28:30.628","5","0","79 46:22.483","8","0","0","0","2466","0","0","0","N","0","0","0","2","02466","0","","1.0","","1","N","N","","0","","0","0","1","3","3","N","","2","1","0","0","0","1","0","2","0","2","","","","N","","","","","","","","","",""
"2018045452","","3","0","0","0","0","0","0","0","0","1","0","","02","4","2018","6","40.417594","-80.087397","0712","11","0","0","0","0","0","1","0","0","1","0","0","0","","","0","","0","","40 25:03.338","3","0","80 05:14.628","0","0","0","0","2415","0","0","0","N","0","0","0","4","68B03","0","","1.0","","1","N","N","","0","","0","0","1","0","0","N","","4","0","0","0","0","0","0","2","0","4","","","","N","","","","","","","","","",""
"2018075463","","2","0","0","0","0","0","0","0","0","2","0","","02","7","2018","4","40.501996","-80.204806","1725","11","0","0","0","0","0","1","0","0","1","0","0","0","","","1","","1","","40 30:07.184","6","0","80 12:17.303","3","0","0","0","2213","0","0","0","N","0","0","0","2","02213","0","","1.0","","1","N","N","","0","","1","0","0","3","3","Y","","2","1","0","0","0","0","0","2","0","2","","","","N","","","","","","","","","",""
"2018037825","","0","0","0","0","0","0","0","0","0","4","0","","02","3","2018","4","40.340028","-79.826766","2132","11","0","0","0","0","0","0","0","0","","0","0","0","","","1","","1","","40 20:24.100","","0","79 49:36.357","8","0","0","0","2304","0","0","0","N","0","0","0","2","02304","0","","1.0","","9","N","N","","0","","0","0","2","3","2","","","2","1","0","0","0","1","0","2","0","2","","","","N","","","","","","","","","",""
"2018040999","","1","0","0","0","0","0","0","0","0","7","1","","02","4","2018","6","40.413643","-80.064331","0715","11","0","0","0","1","0","1","0","0","2","0","1","0","","","4","","0","","40 24:49.114","4","0","80 03:51.590","4","0","0","0","2435","0","0","0","N","0","0","0","5","68B03","3","","3.0","","1","N","N","","0","","0","0","2","0","0","N","","4","4","0","0","0","1","0","2","0","4","","","","N","","","","","","","","","",""
"2018045009","","1","0","0","0","0","0","0","0","0","7","0","","02","4","2018","3","40.638125","-79.9422","1342","11","0","0","0","0","0","1","0","0","","0","0","0","","","0","","0","","40 38:17.250","","7","79 56:31.919","0","0","0","0","2217","0","0","0","N","0","0","0","1","02505","0","","5.0","","1","N","N","","0","","0","0","0","0","0","","","1","0","0","0","0","0","0","2","0","1","","","","N","","","","","","","","","",""
"2018035475","","1","0","0","0","0","0","0","0","0","4","0","","02","3","2018","7","40.449284","-79.884606","0238","11","0","0","0","0","0","0","0","0","","0","0","0","","","1","","1","","40 26:57.424","","0","79 53:04.582","3","0","0","0","2301","0","0","0","N","0","0","0","5","02301","0","","1.0","","1","N","N","","0","","1","0","0","3","3","","","2","1","1","0","0","0","2","2","1","2","","","","N","","","","","","","","","",""