"CRN","ARRIVAL_TM","AUTOMOBILE_COUNT","BELTED_DEATH_COUNT","BELTED_SUSP_SERIOUS_INJ_COUNT","BICYCLE_COUNT","BICYCLE_DEATH_COUNT","BICYCLE_SUSP_SERIOUS_INJ_COUNT","BUS_COUNT","CHLDPAS_DEATH_COUNT","CHLDPAS_SUSP_SERIOUS_INJ_COUNT","COLLISION_TYPE","COMM_VEH_COUNT","CONS_ZONE_SPD_LIM","COUNTY","CRASH_MONTH","CRASH_YEAR","DAY_OF_WEEK","DEC_LATITUDE","DEC_LONGITUDE","DISPATCH_TM","DISTRICT","DRIVER_COUNT_16YR","DRIVER_COUNT_17YR","DRIVER_COUNT_18YR","DRIVER_COUNT_19YR","DRIVER_COUNT_20YR","DRIVER_COUNT_50_64YR","DRIVER_COUNT_65_74YR","DRIVER_COUNT_75PLUS","EST_HRS_CLOSED","FATAL_COUNT","HEAVY_TRUCK_COUNT","HORSE_BUGGY_COUNT","HOUR_OF_DAY","ILLUMINATION","INJURY_COUNT","INTERSECTION_RELATED","INTERSECT_TYPE","LANE_CLOSED","LATITUDE","LN_CLOSE_DIR","LOCATION_TYPE","LONGITUDE","MAX_SEVERITY_LEVEL","MCYCLE_DEATH_COUNT","MCYCLE_SUSP_SERIOUS_INJ_COUNT","MOTORCYCLE_COUNT","MUNICIPALITY","NONMOTR_COUNT","NONMOTR_DEATH_COUNT","NONMOTR_SUSP_SERIOUS_INJ_COUNT","NTFY_HIWY_MAINT","PED_COUNT","PED_DEATH_COUNT","PED_SUSP_SERIOUS_INJ_COUNT","PERSON_COUNT","POLICE_AGCY","POSSIBLE_INJ_COUNT","RDWY_SURF_TYPE_CD","RELATION_TO_ROAD","ROADWAY_CLEARED","ROAD_CONDITION","SCH_BUS_IND","SCH_ZONE_IND","SECONDARY_CRASH","SMALL_TRUCK_COUNT","SPEC_JURIS_CD","SUSP_MINOR_INJ_COUNT","SUSP_SERIOUS_INJ_COUNT","SUV_COUNT","TCD_FUNC_CD","TCD_TYPE","TFC_DETOUR_IND","TIME_OF_DAY","TOTAL_UNITS","TOT_INJ_COUNT","UNBELTED_OCC_COUNT","UNB_DEATH_COUNT","UNB_SUSP_SERIOUS_INJ_COUNT","UNK_INJ_DEG_COUNT","UNK_INJ_PER_COUNT","URBAN_RURAL","VAN_COUNT","VEHICLE_COUNT","WEATHER1","WEATHER2","WORKERS_PRES","WORK_ZONE_IND","WORK_ZONE_LOC","WORK_ZONE_TYPE","WZ_CLOSE_DETOUR","WZ_FLAGGER","WZ_LAW_OFFCR_IND","WZ_LN_CLOSURE","WZ_MOVING","WZ_OTHER","WZ_SHLDER_MDN","WZ_WORKERS_INJ_KILLED"
"2018042857","","2","0","1","0","0","0","0","0","0","1","0","","02","4","2018","7","40.522031","-79.842864","1542","11","0","0","0","0","0","1","0","0","1","0","0","0","","","3","","0","","40 31:19.310","4","0","79 50:34.310","2","0","0","0","2451","0","0","0","N","0","0","0","4","02451","1","","2.0","","1","N","N","","0","","1","1","0","0","0","Y","","2","3","0","0","0","0","0","2","0","2","","","","N","","","","","","","","","",""
"2018048616","","0","0","0","0","0","0","0","0","0","1","0","","02","4","2018","2","40.480567","-79.97435","0737","11","0","0","0","0","0","1","0","0","","0","0","0","","","0","","0","","40 28:50.040","","0","79 58:27.660","0","0","0","0","2445","0","0","0","N","0","0","0","2","02445","0","","1.0","","9","N","N","","0","","0","0","2","0","0","","","2","0","0","0","0","0","0","2","0","2","","","","N","","","","","","","","","",""
"2018085604","","1","0","0","0","0","0","0","0","0","4","0","","02","8","2018","4","40.341892","-79.990618","1358","11","0","0","0","0","0","0","0","0","","0","0","0","","","0","","0","","40 20:30.812","","0","79 59:26.226","0","0","0","0","2403","0","0","0","N","0","0","0","1","02403","0","","2.0","","1","N","N","","1","","0","0","0","0","0","","","2","0","0","0","0","0","0","2","0","2","","","","N","","","","","","","","","",""
"2018041640","","0","0","0","0","0","0","0","0","0","7","0","","02","4","2018","3","40.297981","-79.959808","1442","11","0","0","0","0","0","0","0","0","3","0","0","0","","","0","","0","","40 17:52.730","6","7","79 57:35.310","0","0","0","0","2440","0","0","0","N","0","0","0","1","02440","0","","5.0","","1","N","N","","2","","0","0","0","0","0","Y","","2","0","0","0","0","0","0","2","0","2","","","","N","","","","","","","","","",""
"2018082349","","1","0","0","0","0","0","0","0","0","7","0","","02","8","2018","2","40.456131","-79.736002","1913","11","0","0","0","0","0","1","0","0","","0","0","0","","","1","","0","","40 27:22.073","","0","79 44:09.608","2","0","0","0","2446","0","0","0","Y","0","0","0","1","02446","0","","4.0","","1","N","N","","0","","0","1","0","0","0","","","1","1","0","0","0","0","0","2","0","1","","","","N","","","","","","","","","",""
"2018083244","","1","0","0","0","0","0","0","0","0","5","1","","02","8","2018","3","40.43009","-80.027541","1117","11","0","0","0","0","0","1","0","0","","0","1","0","","","0","","0","","40 25:48.323","","0","80 01:39.148","0","0","0","0","2301","0","0","0","N","0","0","0","2","68B03","0","","1.0","","1","N","N","","0","","0","0","0","0","0","","","2","0","0","0","0","0","0","2","0","2","","","","N","","","","","","","","","",""
"2018044999","","0","0","0","0","0","0","0","0","0","7","0","","02","4","2018","3","40.422313","-79.854525","0532","11","0","0","0","0","0","1","0","0","2","0","0","0","","","1","","0","","40 25:20.326","4","0","79 51:16.291","4","0","0","0","2431","0","0","0","N","0","0","0","1","02431","1","","3.0","","2","N","N","","0","","0","0","1","0","0","N","","1","1","0","0","0","0","0","2","0","1","","","","N","","","","","","","","","",""
"2018043633","","2","0","0","0","0","0","0","0","0","1","0","","02","4","2018","4","40.393543","-80.046604","1815","11","0","0","0","0","0","1","0","0","","0","0","0","","","0","","2","","40 23:36.754","","0","80 02:47.774","0","0","0","0","2109","0","0","0","N","0","0","0","3","02109","0","","1.0","","1","N","N","","0","","0","0","0","0","0","","","2","0","0","0","0","0","0","2","0","2","","","","N","","","","","","","","","",""
"2018085062","","2","0","0","0","0","0","0","0","0","2","0","","02","8","2018","4","40.456293","-79.974938","1208","11","0","0","0","0","0","1","0","0","","0","0","0","","","0","","1","","40 27:22.654","","0","79 58:29.776","0","0","0","0","2301","0","0","0","N","0","0","0","3","02301","0","","1.0","","1","N","N","","0","","0","0","0","3","2","","","2","0","0","0","0","0","0","2","0","2","","","","N","","","","","","","","","",""
"2018093650","","1","0","0","0","0","0","0","0","0","8","0","","02","9","2018","7","40.518761","-80.028243","1232","11","0","0","0","0","0","0","0","1","1","0","0","0","","","1","","2","","40 31:07.538","7","0","80 01:41.674","8","0","0","0","2474","1","0","0","N","1","0","0","2","02474","0","","1.0","","9","N","N","","0","","0","0","0","3","3","Y","","2","1","0","0","0","1","0","2","0","1","","","","N","","","","","","","","","",""
"2018042021","","5","0","0","0","0","0","0","0","0","4","0","","02","4","2018","4","40.453186","-79.992688","2212","11","0","0","0","0","0","2","0","0","2","0","0","0","","","0","","1","","40 27:11.469","5","3","79 59:33.677","9","0","0","0","2301","0","0","0","N","0","0","0","10","02301","0","","1.0","","1","N","N","","1","","0","0","0","0","0","N","","7","0","0","0","0","0","1","2","1","7","","","","N","","","","","","","","","",""
"2018044739","","3","0","0","0","0","0","0","0","0","4","0","","02","4","2018","7","40.456356","-79.875872","2358","11","0","0","0","0","0","0","0","0","1","0","0","0","","","0","","0","","40 27:22.880","1","0","79 52:33.140","0","0","0","0","2301","0","0","0","N","0","0","0","1","02301","0","","1.0","","1","N","N","","0","","0","0","0","0","0","Y","","3","0","0","0","0","0","0","2","0","3","","","","N","","","","","","","","","",""
"2018084314","","1","0","0","0","0","0","0","0","0","2","0","","02","8","2018","1","40.385139","-79.877878","2135","11","0","0","0","0","0","0","0","0","2","0","0","0","","","1","","0","","40 23:06.499","6","0","79 52:40.359","2","0","0","0","2473","0","0","0","N","0","0","0","1","02473","0","","1.0","","1","N","N","","0","","0","1","1","0","0","Y","","2","1","1","0","1","0","0","2","0","2","","","","N","","","","","","","","","",""
"2018077266","","1","0","0","0","0","0","0","0","0","4","1","","02","6","2018","1","40.58431","-80.099606","1727","11","0","0","0","0","0","1","0","0","1","0","1","0","","","0","","0","","40 35:03.516","2","0","80 05:58.583","0","0","0","0","2481","0","0","0","N","0","0","0","4","68B03","0","","1.0","","9","N","N","","0","","0","0","0","0","0","N","","2","0","0","0","0","0","0","2","0","2","","","","N","","","","","","","","","",""
"2018044897","","1","0","0","0","0","0","0","0","0","7","0","","02","4","2018","2","40.50099","-80.074259","2055","11","0","0","0","0","0","0","0","0","1","0","0","0","","","0","","2","","40 30:03.564","6","0","80 04:27.334","0","0","0","0","2402","0","0","0","N","0","0","0","0","02402","0","","5.0","","1","N","N","","0","","0","0","0","0","0","Y","","1","0","0","0","0","0","0","2","0","1","","","","N","","","","","","","","","",""
"2018077752","","1","0","0","0","0","0","0","0","0","4","0","","02","7","2018","4","40.39918","-80.024954","0918","11","0","0","0","0","0","0","0","0","","0","0","0","","","0","","2","","40 23:57.048","","0","80 01:29.836","0","0","0","0","2301","0","0","0","N","0","0","0","2","02301","0","","1.0","","1","N","N","","0","","0","0","1","3","3","","","2","0","0","0","0","0","0","2","0","2","","","","N","","","","","","","","","",""
"2018067517","","1","0","0","0","0","0","0","0","0","4","0","","02","5","2018","6","40.568875","-79.802722","1521","11","0","0","0","0","0","2","0","0","","0","0","0","","","0","N","0","","40 34:07.950","","7","79 48:09.800","0","0","0","0","2206","0","0","0","N","0","0","0","2","02206","0","","1.0","","1","N","N","","0","","0","0","1","3","3","","","2","0","0","0","0","0","0","2","0","2","","","","N","","","","","","","","","",""
"2018064453","","1","0","0","0","0","0","0","0","0","4","1","","02","6","2018","5","40.358025","-79.831358","2204","11","0","0","0","1","0","1","0","0","1","0","1","0","","","1","","0","","40 21:28.889","3","7","79 49:52.889","3","0","0","0","2477","0","0","0","N","0","0","0","2","02477","0","","1.0","","1","N","N","","0","","1","0","0","0","0","N","","2","1","0","0","0","0","0","2","0","2","","","","N","","","","","","","","","",""
"2018041853","","0","0","0","0","0","0","0","0","0","1","0","","02","4","2018","3","40.543219","-80.192094","0800","11","0","0","0","0","0","0","0","0","","0","0","0","","","0","","0","","40 32:35.587","","0","80 11:31.540","0","0","0","0","2427","0","0","0","N","0","0","0","3","02427","0","","1.0","","2","N","N","","1","","0","0","2","0","0","","","3","0","0","0","0","0","0","2","0","3","","","","N","","","","","","","","","",""
"2018042731","","0","0","0","0","0","0","0","0","0","7","0","","02","4","2018","6","40.459264","-79.845986","0116","11","0","0","0","0","0","0","0","0","1","0","0","0","","","1","","0","","40 27:33.350","6","0","79 50:45.550","8","0","0","0","2113","0","0","0","N","0","0","0","1","02113","0","","5.0","","1","N","N","","0","","0","0","1","0","0","N","","1","1","1","0","0","1","0","2","0","1","","","","N","","","","","","","","","",""
"2018042883","","2","0","0","0","0","0","0","0","0","4","0","","02","4","2018","7","40.382606","-79.810394","1706","11","0","0","0","0","0","0","0","0","2","0","0","0","","","0","","1","","40 22:57.381","5","0","79 48:37.418","0","0","0","0","2424","0","0","0","N","0","0","0","2","02424","0","","1.0","","1","N","N","","0","","0","0","0","3","3","Y","","2","0","0","0","0","0","0","2","0","2","","","","N","","","","","","","","","",""
"2018084298","","1","0","0","0","0","0","0","0","0","7","0","","02","8","2018","2","40.429034","-79.863477","0026","11","0","0","0","0","0","0","0","0","1","0","0","0","","","0","","0","","40 25:44.523","4","0","79 51:48.516","9","0","0","0","2431","0","0","0","N","0","0","0","1","02431","0","","3.0","","1","N","N","","0","","0","0","0","0","0","N","","1","0","0","0","0","0","1","2","0","1","","","","N","","","","","","","","","",""
"2018094712","","1","0","0","0","0","0","1","0","0","6","1","","02","9","2018","6","40.463189","-79.955073","1216","11","0","0","0","0","0","2","0","0","","0","0","0","","","2","","1","","40 27:47.481","","0","79 57:18.262","3","0","0","0","2301","0","0","0","N","0","0","0","3","02503","1","","1.0","","1","N","N","","0","","1","0","0","0","0","","","2","2","0","0","0","0","0","2","0","2","","","","N","","","","","","","","","",""
"2018042128","","2","0","0","0","0","0","0","0","0","1","0","","02","4","2018","3","40.480871","-80.105668","1451","11","0","0","0","0","0","1","0","1","","0","0","0","","","0","","2","","40 28:51.135","","0","80 06:20.404","0","0","0","0","2126","0","0","0","N","0","0","0","2","02126","0","","1.0","","1","N","N","","0","","0","0","0","3","3","","","2","0","0","0","0","0","0","2","0","2","","","","N","","","","","","","","","",""
"2018083926","","2","0","0","0","0","0","0","0","0","4","0","","02","8","2018","3","40.557862","-80.075619","1154","11","0","0","0","0","0","0","1","1","","0","0","0","","","0","","2","","40 33:28.303","","0","80 04:32.227","0","0","0","0","2481","0","0","0","N","0","0","0","3","02481","0","","1.0","","1","N","N","","0","","0","0","0","3","3","","","2","0","0","0","0","0","0","2","0","2","","","","N","","","","","","","","","",""
"2018042740","","1","0","0","0","0","0","0","0","0","7","0","","02","4","2018","7","40.570389","-79.862804","0254","11","0","0","0","0","0","0","0","0","","0","0","0","","","0","","0","","40 34:13.399","","0","79 51:46.093","0","0","0","0","2209","0","0","0","Y","0","0","0","1","02209","0","","5.0","","1","N","N","","0","","0","0","0","0","0","","","1","0","0","0","0","0","0","2","0","1","","","","N","","","","","","","","","",""
"2018042098","","1","0","0","0","0","0","0","0","0","8","0","","02","4","2018","5","40.443263","-79.965194","0602","11","0","0","0","0","0","0","1","0","1","0","0","0","","","1","","2","","40 26:35.746","5","0","79 57:54.698","4","0","0","0","2301","1","0","0","N","1","0","0","2","02506","1","","1.0","","9","N","N","","0","","0","0","0","3","2","N","","2","1","0","0","0","0","0","2","0","1","","","","N","","","","","","","","","",""
"2018038044","","2","0","0","0","0","0","0","0","0","4","0","","02","3","2018","6","40.48045","-80.089171","1221","11","0","0","0","0","0","0","1","1","1","0","0","0","","","2","","2","","40 28:49.620","7","0","80 05:21.017","3","0","0","0","2126","0","0","0","N","0","0","0","3","02126","0","","1.0","","9","N","N","","0","","2","0","0","0","0","N","","2","2","0","0","0","0","0","2","0","2","","","","N","","","","","","","","","",""
"2018080999","","1","0","0","0","0","0","0","0","0","4","0","","02","8","2018","6","40.47855","-79.951743","1259","11","0","0","0","0","0","1","0","0","1","0","0","0","","","0","","1","","40 28:42.779","3","0","79 57:06.274","0","0","0","0","2301","0","0","0","N","0","0","0","3","02301","0","","1.0","","1","N","N","","1","","0","0","0","3","3","N","","2","0","0","0","0","0","0","2","0","2","","","","N","","","","","","","","","",""
"2018043025","","2","0","0","0","0","0","0","0","0","1","0","","02","4","2018","1","40.485017","-79.929008","1156","11","0","0","0","0","1","0","0","0","","0","0","0","","","0","","0","","40 29:06.060","","0","79 55:44.430","0","0","0","0","2301","0","0","0","N","0","0","0","3","02301","0","","6.0","","1","N","N","","0","","0","0","0","0","0","","","2","0","2","0","0","0","0","2","0","2","","","","N","","","","","","","","","",""
"2018042956","","2","0","0","0","0","0","0","0","0","1","0","","02","4","2018","6","40.416943","-80.01456","2340","11","0","0","0","0","0","0","0","0","","0","0","0","","","1","","2","","40 25:00.993","","0","80 00:52.416","3","0","0","0","2301","0","0","0","N","0","0","0","2","02301","0","","1.0","","1","N","N","","0","","1","0","0","3","2","","","2","1","0","0","0","0","0","2","0","2","","","","N","","","","","","","","","",""
"2018042336","","1","0","0","0","0","0","0","0","0","4","0","","02","4","2018","5","40.451911","-80.016742","1759","11","0","0","0","0","0","1","0","0","","0","0","0","","","0","","0","","40 27:06.881","","0","80 01:00.270","0","0","0","0","2301","0","0","0","N","0","0","0","3","02301","0","","1.0","","1","N","N","","1","","0","0","0","3","2","","","2","0","0","0","0","0","0","2","0","2","","","","N","","","","","","","","","",""
"2018086028","","1","0","0","0","0","0","0","0","0","4","0","","02","8","2018","5","40.388656","-79.830251","1049","11","0","0","0","0","0","2","0","0","2","0","0","0","","","1","","2","","40 23:19.161","3","0","79 49:48.903","8","0","0","0","2111","0","0","0","N","0","0","0","2","02111","0","","1.0","","1","N","N","","0","","0","0","1","3","2","Y","","2","1","0","0","0","1","0","2","0","2","","","","N","","","","","","","","","",""
"2018063441","","1","0","0","0","0","0","0","0","0","1","0","","02","4","2018","7","40.428909","-79.932038","1205","11","0","0","0","0","0","1","0","0","","0","0","0","","","0","","6","","40 25:44.074","","2","79 55:55.335","9","0","0","0","2301","0","0","0","N","0","0","0","2","68B03","0","","1.0","","1","N","N","","0","","0","0","1","0","0","","","2","0","0","0","0","0","1","2","0","2","","","","N","","","","","","","","","",""
"2018038694","","1","0","0","0","0","0","0","0","0","1","0","","02","4","2018","2","40.467178","-79.825723","1319","11","0","0","0","0","0","1","0","0","","0","0","0","","","3","","0","","40 28:01.841","","7","79 49:32.601","3","0","0","0","2113","0","0","0","N","0","0","0","5","02113","0","","1.0","","1","N","N","","1","","3","0","0","0","0","","","2","3","0","0","0","0","0","2","0","2","","","","N","","","","","","","","","",""
"2018047902","","0","0","0","0","0","0","0","0","0","1","0","45","02","4","2018","3","40.508927","-80.046994","0523","11","0","0","0","0","0","0","0","0","6","0","0","0","","","2","","0","","40 30:32.137","2","0","80 02:49.177","3","0","0","0","2116","0","0","0","N","0","0","0","2","68B03","0","","1.0","","9","N","N","","1","","2","0","1","0","0","Y","","2","2","0","0","0","0","0","2","0","2","","","N","Y","8","1","N","N","N","N","N","Y","N",""
"2018083190","","1","0","0","0","0","0","0","0","0","4","0","","02","8","2018","5","40.336528","-79.979028","2046","11","0","0","0","0","1","0","0","0","1","0","0","0","","","1","","2","","40 20:11.501","2","0","79 58:44.500","4","0","0","1","2403","0","0","0","N","0","0","0","2","02403","1","","1.0","","1","N","N","","0","","0","0","0","3","2","N","","2","1","0","0","0","0","0","2","0","2","","","","N","","","","","","","","","",""
"2018043024","","0","0","0","0","0","0","0","0","0","4","0","","02","4","2018","1","40.631106","-79.966293","1139","11","0","0","0","0","0","1","0","0","1","0","0","0","","","1","","2","","40 37:51.983","4","0","79 57:58.655","8","0","0","1","2217","0","0","0","N","0","0","0","2","02505","0","","1.0","","1","N","N","","0","","0","0","0","0","0","N","","2","1","0","0","0","1","0","2","1","2","","","","N","","","","","","","","","",""
"2018076718","","1","0","0","0","0","0","0","0","0","1","0","","02","7","2018","7","40.418989","-80.103036","1507","11","0","0","0","0","0","0","1","0","2","0","0","0","","","1","","7","","40 25:08.359","3","2","80 06:10.928","8","0","0","0","2115","0","0","0","N","0","0","0","2","68B03","0","","1.0","","1","N","N","","1","","0","0","0","0","0","N","","2","1","0","0","0","1","0","2","0","2","","","","N","","","","","","","","","",""
"2018043538","","0","0","0","0","0","0","0","0","0","7","0","","02","4","2018","1","40.659009","-79.997249","2058","11","0","0","0","0","0","0","0","0","1","0","0","0","","","0","","0","","40 39:32.431","1","0","79 59:50.095","0","0","0","0","2216","0","0","0","N","0","0","0","1","02505","0","","4.0","","9","N","N","","0","","0","0","1","0","0","N","","1","0","0","0","0","0","0","1","0","1","","","","N","","","","","","","","","",""
"2018044087","","1","0","0","0","0","0","0","0","0","4","0","","02","4","2018","1","40.328713","-80.050581","2047","11","0","0","0","0","0","1","0","0","1","0","0","0","","","0","","1","","40 19:43.366","3","0","80 03:02.092","0","0","0","0","2407","0","0","0","N","0","0","0","3","02407","0","","1.0","","9","N","N","","0","","0","0","1","3","3","N","","2","0","0","0","0","0","0","2","0","2","","","","N","","","","","","","","","",""
"2018089954","","2","0","0","0","0","0","0","0","0","4","0","","02","8","2018","3","40.350375","-79.926999","0854","11","0","0","0","0","1","1","0","0","1","0","0","0","","","1","","1","","40 21:01.351","6","0","79 55:37.196","8","0","0","0","2473","0","0","0","N","0","0","0","3","02473","0","","1.0","","1","N","N","","0","","0","0","0","0","0","N","","2","1","0","0","0","1","0","2","0","2","","","","N","","","","","","","","","",""
"2018078903","","2","0","0","0","0","0","0","0","0","4","0","","02","4","2018","5","40.425323","-80.123338","2045","11","0","0","0","0","0","0","0","0","","0","0","0","","","0","","0","","40 25:31.162","","0","80 07:24.016","0","0","0","0","2102","0","0","0","N","0","0","0","3","68B03","0","","1.0","","1","N","N","","0","","0","0","0","0","0","","","2","0","0","0","0","0","0","2","0","2","","","","N","","","","","","","","","",""
"2018063171","","1","0","0","0","0","0","0","0","0","1","0","","02","4","2018","5","40.493683","-79.901803","0643","11","0","0","0","0","0","2","0","0","2","0","0","0","","","0","","0","","40 29:37.258","2","0","79 54:06.492","0","0","0","0","2401","0","0","0","N","0","0","0","4","68D02","0","","1.0","","1","N","N","","2","","0","0","1","0","0","N","","4","0","0","0","0","0","0","2","0","4","","","","N","","","","","","","","","",""
"2018089731","","0","0","0","0","0","0","0","0","0","8","0","","02","8","2018","2","40.326944","-79.987444","1750","11","0","0","0","0","0","0","0","0","","0","0","0","","","1","N","0","","40 19:37.000","","0","79 59:14.800","3","0","0","0","2219","1","0","0","N","1","0","0","2","02219","0","","1.0","","1","N","N","","0","","1","0","1","0","0","","","2","1","0","0","0","0","0","2","0","1","","","","N","","","","","","","","","",""
"2018038773","","1","0","0","0","0","0","0","0","0","3","0","","02","4","2018","1","40.447497","-79.942169","2115","11","0","0","0","0","0","0","0","0","","0","0","0","","","1","","0","","40 26:50.990","","0","79 56:31.810","3","0","0","0","2301","0","0","0","N","0","0","0","5","02301","0","","1.0","","1","N","N","","0","","1","0","1","3","2","","","2","1","1","0","0","0","1","2","0","2","","","","N","","","","","","","","","",""
"2018052284","","1","0","0","0","0","0","0","0","0","7","0","","02","5","2018","7","40.611095","-79.802711","1501","11","0","0","0","0","0","1","0","0","","0","0","0","","","0","","0","","40 36:39.941","","0","79 48:09.759","0","0","0","0","2206","0","0","0","N","0","0","0","1","02206","0","","2.0","","1","N","N","","0","","0","0","0","0","0","","","1","0","0","0","0","0","0","1","0","1","","","","N","","","","","","","","","",""
"2018057775","","2","0","0","0","0","0","0","0","0","1","0","","02","4","2018","6","40.644877","-80.096239","1630","11","0","0","0","0","1","1","0","0","2","0","0","0","","","1","","0","","40 38:41.556","1","0","80 05:46.460","8","0","0","0","2212","0","0","0","Y","0","0","0","6","68B03","0","","1.0","","1","N","N","","1","","0","0","0","0","0","N","","4","1","0","0","0","1","0","2","1","4","","","","N","","","","","","","","","",""
"2018046929","","1","0","0","0","0","0","0","0","0","99","0","","02","4","2018","6","40.329632","-79.789589","1238","11","0","0","0","0","0","0","0","0","","0","0","0","","","0","","0","","40 19:46.675","","0","79 47:22.522","0","0","0","0","2477","0","0","0","N","0","0","0","1","02477","0","","1.0","","1","N","N","","0","","0","0","0","0","0","","","1","0","0","0","0","0","0","2","0","1","","","","N","","","","","","","","","",""
"2018043147","","2","0","0","0","0","0","0","0","0","4","0","","02","4","2018","1","40.451881","-80.038188","0241","11","0","0","0","0","0","0","0","0","3","0","0","0","","","1","","0","","40 27:06.773","6","0","80 02:17.478","3","0","0","0","2301","0","0","0","N","0","0","0","3","02301","0","","1.0","","1","N","N","","0","","1","0","0","0","0","N","","2","1","0","0","0","0","0","2","0","2","","","","N","","","","","","","","","",""
"2018041533","","1","0","0","0","0","0","0","0","0","7","0","","02","3","2018","7","40.384758","-80.016664","2222","11","0","0","0","0","0","1","0","0","2","0","0","0","","","0","","0","","40 23:05.130","4","0","80 00:59.990","0","0","0","0","2101","0","0","0","N","0","0","0","1","02101","0","","4.0","","1","N","N","","0","","0","0","0","0","0","N","","1","0","0","0","0","0","0","2","0","1","","","","N","","","","","","","","","",""
"2018075691","","0","0","0","0","0","0","0","0","0","8","0","","02","7","2018","6","40.455569","-79.94338","1258","11","0","0","0","0","0","0","0","0","1","0","0","0","","","1","","0","","40 27:20.048","4","0","79 56:36.169","8","0","0","0","2301","1","0","0","N","1","0","0","2","02301","0","","1.0","","1","N","N","","0","","0","0","0","3","1","N","","2","1","0","0","0","1","0","2","1","1","","","","N","","","","","","","","","",""
"2018042961","","1","0","0","0","0","0","0","0","0","8","0","","02","4","2018","1","40.4252","-79.980942","0247","11","0","0","0","0","0","0","0","0","","0","0","0","","","1","","0","","40 25:30.720","","0","79 58:51.390","3","0","0","0","2301","1","0","0","N","1","0","0","2","02301","0","","1.0","","1","N","N","","0","","1","0","0","0","0","","","2","1","0","0","0","0","0","2","0","1","","","","N","","","","","","","","","",""
"2018046030","","1","0","0","0","0","0","0","0","0","7","0","","02","4","2018","7","40.331277","-80.13415","1200","11","0","0","0","1","0","0","0","0","5","0","0","0","","","0","","0","","40 19:52.597","5","0","80 08:02.941","9","0","0","0","2119","0","0","0","N","0","0","0","1","02119","0","","2.0","","1","N","N","","0","","0","0","0","0","0","Y","","1","0","0","0","0","0","1","2","0","1","","","","N","","","","","","","","","",""
"2018074108","","1","0","0","0","0","0","0","0","0","7","0","","02","7","2018","2","40.220278","-79.864167","0130","11","0","0","0","0","1","0","0","0","2","0","0","0","","","0","","0","","40 13:13.000","2","0","79 51:51.000","0","0","0","0","2204","0","0","0","Y","0","0","0","1","02204","0","","4.0","","1","N","N","","0","","0","0","0","0","0","N","","1","0","0","0","0","0","0","1","0","1","","","","N","","","","","","","","","",""
"2018084752","","3","0","0","0","0","0","0","0","0","1","0","","02","8","2018","7","40.454566","-79.881466","2235","11","0","0","0","0","0","1","0","0","","0","0","0","","","1","","0","","40 27:16.437","","0","79 52:53.276","3","0","0","0","2301","0","0","0","N","0","0","0","1","02301","0","","2.0","","1","N","N","","0","","1","0","0","0","0","","","3","1","0","0","0","0","0","2","0","3","","","","N","","","","","","","","","",""
"2018042338","","0","0","0","0","0","0","0","0","0","7","0","","02","4","2018","5","40.456621","-80.029731","1812","11","0","0","0","0","0","1","0","0","","0","0","0","","","0","","0","","40 27:23.834","","0","80 01:47.031","0","0","0","0","2301","0","0","0","N","0","0","0","1","02301","0","","1.0","","1","N","N","","1","","0","0","0","0","0","","","1","0","0","0","0","0","0","2","0","1","","","","N","","","","","","","","","",""
"2018084951","","1","0","0","0","0","0","0","0","0","3","1","","02","8","2018","2","40.517522","-79.85375","1344","11","0","0","0","0","0","1","0","0","","0","1","0","","","0","","0","","40 31:03.078","","0","79 51:13.500","0","0","0","0","2112","0","0","0","N","0","0","0","2","68D02","0","","1.0","","9","N","N","","0","","0","0","0","0","0","","","2","0","0","0","0","0","0","2","0","2","","","","N","","","","","","","","","",""
"2018042490","","1","0","0","0","0","0","0","0","0","8","0","","02","4","2018","6","40.447077","-79.947295","1132","11","0","0","0","0","0","0","1","0","2","0","0","0","","","1","","1","","40 26:49.476","3","0","79 56:50.263","8","0","0","0","2301","1","0","0","N","1","0","0","2","02301","0","","1.0","","1","N","N","","0","","0","0","0","3","2","N","","2","1","0","0","0","1","0","2","0","1","","","","N","","","","","","","","","",""
"2018042762","","1","0","0","0","0","0","0","0","0","7","0","","02","4","2018","7","40.428517","-80.1293","0508","11","0","0","0","0","0","0","0","0","2","0","0","0","","","0","","0","","40 25:42.660","6","0","80 07:45.480","0","0","0","0","2102","0","0","0","N","0","0","0","1","02102","0","","4.0","","1","N","N","","0","","0","0","0","0","0","Y","","1","0","1","0","0","0","0","2","0","1","","","","N","","","","","","","","","",""
"2018043004","","0","0","0","0","0","0","0","0","0","7","0","","02","4","2018","5","40.307842","-79.946911","1153","11","0","0","0","0","0","0","1","0","2","0","0","0","","","0","","0","","40 18:28.230","5","0","79 56:48.880","0","0","0","0","2440","0","0","0","N","0","0","0","1","02440","0","","5.0","","1","N","N","","0","","0","0","1","0","0","Y","","1","0","0","0","0","0","0","2","0","1","","","","N","","","","","","","","","",""
"2018043191","","1","0","0","0","0","0","0","0","0","7","0","","02","4","2018","7","40.441411","-79.995453","0230","11","0","0","0","0","0","0","0","0","1","0","0","0","","","0","","0","","40 26:29.080","1","0","79 59:43.630","0","0","0","0","2301","0","0","0","N","0","0","0","1","02301","0","","3.0","","1","N","N","","0","","0","0","0","0","0","Y","","1","0","0","0","0","0","0","2","0","1","","","","N","","","","","","","","","",""
"2018084332","","0","0","0","0","0","0","0","0","0","7","0","","02","8","2018","6","40.371834","-79.927062","0335","11","0","0","0","0","0","0","0","0","1","0","0","0","","","0","","0","","40 22:18.601","5","0","79 55:37.423","0","0","0","0","2473","0","0","0","N","0","0","0","1","02473","0","","5.0","","1","N","N","","0","","0","0","1","0","0","N","","1","0","0","0","0","0","0","2","0","1","","","","N","","","","","","","","","",""