"CRN","ARRIVAL_TM","AUTOMOBILE_COUNT","BELTED_DEATH_COUNT","BELTED_SUSP_SERIOUS_INJ_COUNT","BICYCLE_COUNT","BICYCLE_DEATH_COUNT","BICYCLE_SUSP_SERIOUS_INJ_COUNT","BUS_COUNT","CHLDPAS_DEATH_COUNT","CHLDPAS_SUSP_SERIOUS_INJ_COUNT","COLLISION_TYPE","COMM_VEH_COUNT","CONS_ZONE_SPD_LIM","COUNTY","CRASH_MONTH","CRASH_YEAR","DAY_OF_WEEK","DEC_LATITUDE","DEC_LONGITUDE","DISPATCH_TM","DISTRICT","DRIVER_COUNT_16YR","DRIVER_COUNT_17YR","DRIVER_COUNT_18YR","DRIVER_COUNT_19YR","DRIVER_COUNT_20YR","DRIVER_COUNT_50_64YR","DRIVER_COUNT_65_74YR","DRIVER_COUNT_75PLUS","EST_HRS_CLOSED","FATAL_COUNT","HEAVY_TRUCK_COUNT","HORSE_BUGGY_COUNT","HOUR_OF_DAY","ILLUMINATION","INJURY_COUNT","INTERSECTION_RELATED","INTERSECT_TYPE","LANE_CLOSED","LATITUDE","LN_CLOSE_DIR","LOCATION_TYPE","LONGITUDE","MAX_SEVERITY_LEVEL","MCYCLE_DEATH_COUNT","MCYCLE_SUSP_SERIOUS_INJ_COUNT","MOTORCYCLE_COUNT","MUNICIPALITY","NONMOTR_COUNT","NONMOTR_DEATH_COUNT","NONMOTR_SUSP_SERIOUS_INJ_COUNT","NTFY_HIWY_MAINT","PED_COUNT","PED_DEATH_COUNT","PED_SUSP_SERIOUS_INJ_COUNT","PERSON_COUNT","POLICE_AGCY","POSSIBLE_INJ_COUNT","RDWY_SURF_TYPE_CD","RELATION_TO_ROAD","ROADWAY_CLEARED","ROAD_CONDITION","SCH_BUS_IND","SCH_ZONE_IND","SECONDARY_CRASH","SMALL_TRUCK_COUNT","SPEC_JURIS_CD","SUSP_MINOR_INJ_COUNT","SUSP_SERIOUS_INJ_COUNT","SUV_COUNT","TCD_FUNC_CD","TCD_TYPE","TFC_DETOUR_IND","TIME_OF_DAY","TOTAL_UNITS","TOT_INJ_COUNT","UNBELTED_OCC_COUNT","UNB_DEATH_COUNT","UNB_SUSP_SERIOUS_INJ_COUNT","UNK_INJ_DEG_COUNT","UNK_INJ_PER_COUNT","URBAN_RURAL","VAN_COUNT","VEHICLE_COUNT","WEATHER1","WEATHER2","WORKERS_PRES","WORK_ZONE_IND","WORK_ZONE_LOC","WORK_ZONE_TYPE","WZ_CLOSE_DETOUR","WZ_FLAGGER","WZ_LAW_OFFCR_IND","WZ_LN_CLOSURE","WZ_MOVING","WZ_OTHER","WZ_SHLDER_MDN","WZ_WORKERS_INJ_KILLED"
"2018033405","","0","0","0","0","0","0","0","0","0","7","0","","02","3","2018","7","40.266332","-79.930181","1935","11","0","0","0","0","0","0","0","0","2","0","0","0","","","0","","0","","40 15:58.795","3","0","79 55:48.652","0","0","0","0","2440","0","0","0","N","0","0","0","1","02440","0","","2.0","","1","N","N","","1","","0","0","0","0","0","N","","1","0","0","0","0","0","0","2","0","1","","","","N","","","","","","","","","",""
"2018089076","","1","0","0","0","0","0","0","0","0","1","0","","02","8","2018","7","40.348089","-79.948254","1445","11","0","0","0","0","0","0","1","0","1","0","0","0","","","0","","0","","40 20:53.119","3","0","79 56:53.714","0","0","0","0","2473","0","0","0","N","0","0","0","4","02473","0","","1.0","","1","N","N","","1","","0","0","1","0","0","N","","3","0","0","0","0","0","0","2","0","3","","","","N","","","","","","","","","",""
"2018070331","","2","0","0","0","0","0","0","0","0","4","0","","02","7","2018","3","40.438858","-79.763583","1130","11","0","0","0","0","0","0","0","1","2","0","0","0","","","0","","0","","40 26:19.890","3","0","79 45:48.898","0","0","0","0","2446","0","0","0","N","0","0","0","2","02446","0","","1.0","","1","N","N","","0","","0","0","0","3","3","Y","","2","0","0","0","0","0","0","2","0","2","","","","N","","","","","","","","","",""
"2018067852","","1","0","0","0","0","0","0","0","0","4","0","","02","6","2018","3","40.383621","-79.904131","1604","11","0","0","0","0","0","0","0","0","2","0","0","0","","","0","","0","","40 23:01.036","1","0","79 54:14.870","0","0","0","0","2448","0","0","0","N","0","0","0","3","02448","0","","4.0","","1","N","N","","1","","0","0","4","0","0","Y","","7","0","0","0","0","0","0","2","1","7","","","","N","","","","","","","","","",""
"2018061066","","1","0","0","0","0","0","0","0","0","1","1","","02","5","2018","5","40.398361","-79.861833","1800","11","0","0","0","0","0","1","0","0","","0","0","0","","","0","","0","","40 23:54.100","","0","79 51:42.600","0","0","0","0","2410","0","0","0","N","0","0","0","2","02410","0","","1.0","","1","N","N","","0","","0","0","1","0","0","","","2","0","0","0","0","0","0","2","0","2","","","","N","","","","","","","","","",""
"2018033786","","0","0","0","0","0","0","0","0","0","0","0","","02","3","2018","3","40.529768","-79.771934","1848","11","0","0","0","0","0","0","0","0","2","0","0","0","","","0","","0","","40 31:47.163","6","0","79 46:18.962","0","0","0","0","2466","0","0","0","N","0","0","0","1","02466","0","","2.0","","1","N","N","","0","","0","0","0","0","0","Y","","1","0","0","0","0","0","0","2","1","1","","","","N","","","","","","","","","",""
"2018033877","","1","0","0","0","0","0","0","0","0","7","0","","02","3","2018","4","40.439439","-79.774658","0144","11","0","0","0","0","0","0","0","0","1","0","0","0","","","0","","0","","40 26:21.980","2","0","79 46:28.770","0","0","0","0","2446","0","0","0","N","0","0","0","2","02446","0","","2.0","","7","N","N","","0","","0","0","0","0","0","Y","","1","0","0","0","0","0","0","2","0","1","","","","N","","","","","","","","","",""
"2018011481","","1","0","0","0","0","0","0","0","0","99","0","","02","1","2018","4","40.392559","-79.934742","2315","11","0","0","0","0","0","0","0","0","","0","0","0","","","0","","0","","40 23:33.211","","0","79 56:05.072","0","0","0","0","2301","0","0","0","N","0","0","0","1","02301","0","","1.0","","2","N","N","","0","","0","0","0","0","0","","","1","0","0","0","0","0","0","2","0","1","","","","N","","","","","","","","","",""
"2018034772","","0","0","0","0","0","0","0","0","0","4","0","","02","3","2018","5","40.411386","-79.99041","1039","11","0","0","0","0","0","0","0","0","1","0","0","0","","","0","","1","","40 24:40.989","2","0","79 59:25.475","0","0","0","0","2301","0","0","0","N","0","0","0","2","02301","0","","1.0","","9","N","N","","1","","0","0","1","3","3","Y","","2","0","0","0","0","0","0","2","0","2","","","","N","","","","","","","","","",""
"2018066611","","0","0","0","0","0","0","0","0","0","8","2","","02","6","2018","7","40.468653","-80.000391","0040","11","0","0","0","0","0","2","0","0","","0","2","0","","","1","","2","","40 28:07.149","","0","80 00:01.409","3","0","0","0","2301","0","0","0","N","0","0","0","2","02301","0","","1.0","","1","N","N","","0","","1","0","0","0","0","","","2","1","0","0","0","0","0","2","0","2","","","","N","","","","","","","","","",""
"2018034682","","1","0","0","0","0","0","0","0","0","7","0","","02","3","2018","4","40.373482","-79.981037","1016","11","0","0","0","0","0","0","0","0","","0","0","0","","","0","","2","","40 22:24.535","","0","79 58:51.733","0","0","0","0","2413","0","0","0","N","0","0","0","1","02413","0","","5.0","","7","N","N","","0","","0","0","0","3","3","","","1","0","0","0","0","0","0","2","0","1","","","","N","","","","","","","","","",""
"2018040161","","2","0","0","0","0","0","0","0","0","4","0","","02","3","2018","6","40.464713","-79.92336","1000","11","0","0","0","0","0","0","0","0","1","0","0","0","","","0","","2","","40 27:52.966","1","7","79 55:24.095","0","0","0","0","2301","0","0","0","N","0","0","0","2","02301","0","","1.0","","1","N","N","","0","","0","0","0","3","3","Y","","2","0","0","0","0","0","0","2","0","2","","","","N","","","","","","","","","",""
"2018033763","","2","0","0","0","0","0","0","0","0","4","0","","02","3","2018","3","40.419086","-79.926994","1634","11","0","0","1","0","0","0","1","0","2","0","0","0","","","1","","0","","40 25:08.710","2","7","79 55:37.180","4","0","0","0","2301","0","0","0","N","0","0","0","8","02301","1","","1.0","","9","N","N","","0","","0","0","0","0","0","N","","2","1","2","0","0","0","0","2","0","2","","","","N","","","","","","","","","",""
"2018034210","","1","0","0","0","0","0","0","0","0","1","0","","02","3","2018","4","40.432633","-80.005517","0949","11","0","0","0","0","0","1","0","0","","0","0","0","","","0","","0","","40 25:57.480","","0","80 00:19.860","0","0","0","0","2301","0","0","0","N","0","0","0","2","02503","0","","1.0","","7","N","N","","0","","0","0","1","3","2","","","2","0","0","0","0","0","0","2","0","2","","","","N","","","","","","","","","",""
"2018033820","","0","0","0","0","0","0","0","0","0","7","0","","02","3","2018","3","40.521275","-80.076744","2213","11","0","0","0","0","0","0","0","0","","0","0","0","","","0","","0","","40 31:16.590","","0","80 04:36.280","0","0","0","0","2215","0","0","0","N","0","0","0","1","02215","0","","4.0","","9","N","N","","0","","0","0","1","0","0","","","1","0","0","0","0","0","0","2","0","1","","","","N","","","","","","","","","",""
"2018041489","","4","0","0","0","0","0","0","0","0","2","0","","02","4","2018","3","40.421793","-79.797327","0703","11","0","1","1","0","0","1","0","0","3","0","0","0","","","2","","0","","40 25:18.455","7","0","79 47:50.378","3","0","0","0","2446","0","0","0","N","0","0","0","4","02446","1","","1.0","","2","N","N","","0","","1","0","0","0","0","N","","4","2","0","0","0","0","0","2","0","4","","","","N","","","","","","","","","",""
"2018041463","","0","0","0","0","0","0","0","0","0","7","0","","02","4","2018","1","40.572738","-80.078042","1607","11","0","0","0","0","0","0","0","0","","0","0","0","","","0","","0","","40 34:21.856","","0","80 04:40.950","0","0","0","0","2481","0","0","0","N","0","0","0","3","02481","0","","5.0","","1","N","N","","0","","0","0","0","0","0","","","1","0","0","0","0","0","0","2","1","1","","","","N","","","","","","","","","",""
"2018007606","","0","0","0","0","0","0","0","0","0","7","0","","02","1","2018","3","40.388816","-79.933777","0717","11","0","0","0","0","0","0","0","0","","0","0","0","","","0","","0","","40 23:19.737","","0","79 56:01.596","0","0","0","0","2301","0","0","0","N","0","0","0","1","02301","0","","5.0","","7","N","N","","1","","0","0","0","0","0","","","1","0","0","0","0","0","0","2","0","1","","","","N","","","","","","","","","",""
"2018033794","","1","0","0","0","0","0","0","0","0","7","0","","02","3","2018","3","40.396919","-79.793399","1907","11","0","0","0","0","0","1","0","0","1","0","0","0","","","1","","0","","40 23:48.909","6","0","79 47:36.235","3","0","0","0","2446","0","0","0","N","0","0","0","1","02446","0","","5.0","","9","N","N","","0","","1","0","1","0","0","Y","","2","1","1","0","0","0","0","2","0","2","","","","N","","","","","","","","","",""
"2018032757","","2","0","0","0","0","0","0","0","0","5","0","","02","3","2018","6","40.447447","-80.166079","1820","11","0","0","0","0","1","0","0","0","","0","0","0","","","0","","0","","40 26:50.808","","0","80 09:57.883","0","0","0","0","2115","0","0","0","N","0","0","0","4","68B03","0","","1.0","","1","N","N","","0","","0","0","0","0","0","","","2","0","0","0","0","0","0","2","0","2","","","","N","","","","","","","","","",""
"2018069197","","2","0","0","0","0","0","0","0","0","1","0","","02","6","2018","7","40.400927","-80.0484","1810","11","0","0","0","0","0","0","0","0","","0","0","0","","","1","","1","","40 24:03.337","","0","80 02:54.239","4","0","0","0","2301","0","0","0","N","0","0","0","2","02301","1","","1.0","","1","N","N","","0","","0","0","0","0","0","","","2","1","1","0","0","0","0","2","0","2","","","","N","","","","","","","","","",""
"2018064068","","1","0","0","0","0","0","0","0","0","7","0","","02","6","2018","4","40.629402","-79.996226","2339","11","0","0","0","0","0","0","0","0","","0","0","0","","","0","","2","","40 37:45.847","","0","79 59:46.413","0","0","0","0","2216","0","0","0","N","0","0","0","1","02505","0","","5.0","","1","N","N","","0","","0","0","0","0","0","N","","1","0","0","0","0","0","0","2","0","1","","","","N","","","","","","","","","",""
"2018056831","","2","0","0","0","0","0","0","0","0","6","0","","02","5","2018","1","40.522271","-80.034395","0037","11","0","0","0","0","0","0","0","0","","0","0","0","","","0","","0","","40 31:20.176","","0","80 02:03.821","0","0","0","0","2474","0","0","0","N","0","0","0","1","02474","0","","1.0","","9","N","N","","0","","0","0","0","0","0","","","2","0","0","0","0","0","0","2","0","2","","","","N","","","","","","","","","",""
"2018066657","","1","0","0","0","0","0","0","0","0","4","0","","02","6","2018","2","40.370374","-79.786258","1917","11","0","0","0","0","0","0","0","0","3","0","0","0","","","1","","1","","40 22:13.348","3","0","79 47:10.529","3","0","0","0","2111","0","0","0","N","0","0","0","2","02111","0","","1.0","","1","N","N","","0","","1","0","1","3","2","Y","","2","1","0","0","0","0","0","2","0","2","","","","N","","","","","","","","","",""
"2018034270","","0","0","0","0","0","0","0","0","0","7","0","","02","3","2018","4","40.44607","-79.850629","1046","11","0","0","0","0","0","0","0","0","2","0","0","0","","","0","","0","","40 26:45.852","3","0","79 51:02.266","0","0","0","0","2419","0","0","0","N","0","0","0","1","02419","0","","5.0","","7","N","N","","0","","0","0","1","0","0","N","","1","0","0","0","0","0","0","2","0","1","","","","N","","","","","","","","","",""
"2018035089","","1","0","0","0","0","0","0","0","0","7","0","","02","3","2018","6","40.427336","-80.052192","0025","11","0","0","0","0","0","1","0","0","","0","0","0","","","0","","1","","40 25:38.411","","0","80 03:07.891","0","0","0","0","2301","0","0","0","N","0","0","0","1","02301","0","","2.0","","1","N","N","","0","","0","0","0","3","3","","","1","0","0","0","0","0","0","2","0","1","","","","N","","","","","","","","","",""
"2018033250","","2","0","0","0","0","0","0","0","0","1","0","","02","3","2018","1","40.390676","-79.869139","1542","11","0","0","0","0","0","1","1","0","","0","0","0","","","2","","2","","40 23:26.433","","0","79 52:08.901","8","0","0","0","2473","0","0","0","N","0","0","0","3","02473","0","","1.0","","1","N","N","","0","","0","0","0","3","2","","","2","2","1","0","0","2","0","2","0","2","","","","N","","","","","","","","","",""
"2018067967","","0","0","0","0","0","0","0","0","0","99","0","","02","6","2018","2","40.6533","-80.063537","2020","11","0","0","0","0","1","0","0","0","","0","0","0","","","0","","0","","40 39:11.879","","0","80 03:48.732","0","0","0","0","2216","0","0","0","N","0","0","0","1","68T02","0","","1.0","","1","N","N","","0","","0","0","1","0","0","","","1","0","0","0","0","0","0","2","0","1","","","","N","","","","","","","","","",""
"2018033458","","0","0","0","0","0","0","0","0","0","99","0","","02","3","2018","2","40.455122","-80.029597","1936","11","0","0","0","0","0","0","0","0","1","0","0","0","","","1","","0","","40 27:18.439","2","0","80 01:46.550","8","0","0","1","2301","0","0","0","N","0","0","0","1","02301","0","","1.0","","1","N","N","","0","","0","0","0","0","0","Y","","1","1","0","0","0","1","0","2","0","1","","","","N","","","","","","","","","",""
"2018034724","","2","0","0","0","0","0","0","0","0","7","0","","02","3","2018","4","40.621437","-80.202391","0747","11","0","0","0","0","0","1","0","0","","0","0","0","","","0","","0","","40 37:17.173","","0","80 12:08.608","0","0","0","0","2107","0","0","0","N","0","0","0","2","02107","0","","5.0","","7","N","N","","0","","0","0","0","0","0","","","2","0","0","0","0","0","0","1","0","2","","","","N","","","","","","","","","",""
"2018069322","","0","0","0","0","0","0","0","0","0","5","1","","02","6","2018","6","40.632336","-80.097475","0851","11","0","0","0","0","0","0","0","0","1","0","1","0","","","0","","0","","40 37:56.408","1","0","80 05:50.910","0","0","0","0","2212","0","0","0","N","0","0","0","3","68B03","0","","1.0","","1","N","N","","0","","0","0","1","0","0","Y","","2","0","0","0","0","0","0","2","0","2","","","","N","","","","","","","","","",""
"2018036794","","1","0","0","0","0","0","0","0","0","7","0","","02","3","2018","6","40.502004","-80.221936","0158","11","0","0","0","0","0","0","0","0","2","0","0","0","","","0","","0","","40 30:07.215","1","0","80 13:18.969","0","0","0","0","2213","0","0","0","N","0","0","0","1","02213","0","","4.0","","1","N","N","","0","","0","0","0","0","0","Y","","1","0","0","0","0","0","0","2","0","1","","","","N","","","","","","","","","",""
"2018052327","","1","0","0","0","0","0","0","0","0","7","0","","02","5","2018","2","40.488332","-79.92554","0932","11","0","0","0","0","0","0","0","0","2","0","0","0","","","0","","2","","40 29:17.995","6","0","79 55:31.945","0","0","0","0","2301","0","0","0","N","0","0","0","1","02301","0","","4.0","","9","N","N","","0","","0","0","0","3","3","Y","","1","0","0","0","0","0","0","2","0","1","","","","N","","","","","","","","","",""
"2018034104","","1","0","0","0","0","0","0","0","0","7","0","","02","3","2018","4","40.45333","-79.878956","0754","11","0","0","0","0","0","1","0","0","","0","0","0","","","0","","0","","40 27:11.989","","0","79 52:44.241","0","0","0","0","2301","0","0","0","N","0","0","0","2","02301","0","","5.0","","7","N","N","","0","","0","0","0","0","0","","","1","0","0","0","0","0","0","2","0","1","","","","N","","","","","","","","","",""
"2018034136","","1","0","0","0","0","0","0","0","0","7","0","","02","3","2018","4","40.422345","-80.029693","0854","11","0","0","0","0","0","0","0","1","1","0","0","0","","","0","","0","","40 25:20.442","2","0","80 01:46.895","0","0","0","0","2301","0","0","0","N","0","0","0","3","02301","0","","1.0","","2","N","N","","0","","0","0","0","0","0","Y","","2","0","0","0","0","0","0","2","1","2","","","","N","","","","","","","","","",""
"2018066242","","1","0","0","0","0","0","0","0","0","1","1","","02","6","2018","5","40.411288","-79.944721","1515","11","0","0","0","0","0","0","1","0","","0","1","0","","","1","","1","","40 24:40.637","","0","79 56:40.994","8","0","0","0","2301","0","0","0","N","0","0","0","2","02301","0","","1.0","","1","N","N","","0","","0","0","0","3","2","","","2","1","0","0","0","1","0","2","0","2","","","","N","","","","","","","","","",""
"2018065685","","2","0","0","0","0","0","0","0","0","4","0","","02","6","2018","1","40.407064","-80.034225","2325","11","0","0","0","0","0","0","0","0","1","0","0","0","","","0","","1","","40 24:25.431","2","0","80 02:03.211","0","0","0","0","2301","0","0","0","N","0","0","0","3","02301","0","","1.0","","1","N","N","","0","","0","0","0","3","2","N","","2","0","0","0","0","0","0","2","0","2","","","","N","","","","","","","","","",""
"2018067583","","1","0","0","0","0","0","0","0","0","7","0","","02","6","2018","7","40.484964","-79.775167","1705","11","0","0","0","0","0","0","0","0","","0","0","0","","","0","","0","","40 29:05.871","","0","79 46:30.602","0","0","0","0","2466","0","0","0","N","0","0","0","1","68T02","0","","3.0","","9","N","N","","0","","0","0","0","0","0","","","1","0","0","0","0","0","0","2","0","1","","","","N","","","","","","","","","",""
"2018034112","","1","0","0","0","0","0","0","0","0","7","0","","02","3","2018","4","40.422367","-79.997489","0833","11","0","0","0","0","0","0","0","0","","0","0","0","","","0","","0","","40 25:20.520","","0","79 59:50.960","0","0","0","0","2301","0","0","0","N","0","0","0","1","02301","0","","5.0","","7","N","N","","0","","0","0","0","3","3","","","1","0","0","0","0","0","0","2","0","1","","","","N","","","","","","","","","",""
"2018041459","","1","0","0","0","0","0","0","0","0","4","1","","02","4","2018","2","40.46212","-79.940382","1306","11","0","0","0","0","0","1","0","0","1","0","1","0","","","0","","1","","40 27:43.631","4","0","79 56:25.375","0","0","0","0","2301","0","0","0","N","0","0","0","2","02301","0","","1.0","","9","N","N","","0","","0","0","0","9","3","Y","","2","0","0","0","0","0","0","2","0","2","","","","N","","","","","","","","","",""
"2018034867","","1","0","0","0","0","0","0","0","0","8","0","","02","3","2018","5","40.428655","-79.97909","1417","11","0","0","0","0","0","0","0","0","1","0","0","0","","","1","","1","","40 25:43.159","3","0","79 58:44.725","3","0","0","0","2301","1","0","0","N","1","0","0","2","02301","0","","1.0","","1","N","N","","0","","1","0","0","3","3","N","","2","1","0","0","0","0","0","2","0","1","","","","N","","","","","","","","","",""
"2018032739","","1","0","0","0","0","0","0","0","0","1","0","","02","3","2018","7","40.434547","-80.033242","1238","11","0","0","0","0","0","0","0","0","1","0","0","0","","","0","","0","","40 26:04.370","4","0","80 01:59.670","0","0","0","0","2301","0","0","0","N","0","0","0","8","02301","0","","1.0","","1","N","N","","0","","0","0","1","0","0","N","","2","0","0","0","0","0","0","2","0","2","","","","N","","","","","","","","","",""
"2018035044","","2","0","0","0","0","0","0","0","0","1","0","","02","3","2018","5","40.434453","-79.989832","2332","11","0","0","0","2","0","1","0","0","1","0","0","0","","","0","","1","","40 26:04.030","1","3","79 59:23.394","0","0","0","0","2301","0","0","0","N","0","0","0","5","02301","0","","1.0","","1","N","N","","0","","0","0","1","0","0","N","","3","0","0","0","0","0","0","2","0","3","","","","N","","","","","","","","","",""
"2018069489","","0","0","0","0","0","0","0","0","0","5","0","","02","6","2018","7","40.509711","-79.857123","2203","11","0","0","0","0","0","0","0","0","2","0","0","0","","","0","","0","","40 30:34.960","6","0","79 51:25.644","0","0","0","0","2112","0","0","0","N","0","0","0","1","02112","0","","5.0","","1","N","N","","0","","0","0","2","0","0","N","","2","0","0","0","0","0","0","2","0","2","","","","N","","","","","","","","","",""
"2018068925","","0","0","0","0","0","0","0","0","0","2","0","","02","6","2018","6","40.508984","-79.747117","1847","11","0","0","0","0","0","1","0","1","1","0","0","0","","","0","","2","","40 30:32.342","6","0","79 44:49.621","0","0","0","0","2466","0","0","0","N","0","0","0","3","02466","0","","1.0","","1","N","N","","0","","0","0","2","3","3","N","","2","0","0","0","0","0","0","2","0","2","","","","N","","","","","","","","","",""
"2018037989","","1","0","0","0","0","0","0","0","0","7","0","","02","3","2018","4","40.40865","-80.026169","0851","11","0","0","0","0","0","0","0","0","2","0","0","0","","","0","","0","","40 24:31.140","4","0","80 01:34.210","0","0","0","0","2301","0","0","0","N","0","0","0","1","02301","0","","5.0","","7","N","N","","0","","0","0","0","0","0","Y","","1","0","0","0","0","0","0","2","0","1","","","","N","","","","","","","","","",""
"2018070921","","0","0","0","0","0","0","0","0","0","4","1","","02","7","2018","2","40.428795","-80.106193","1214","11","0","0","0","0","0","1","0","0","1","0","1","0","","","0","","6","","40 25:43.663","1","2","80 06:22.295","0","0","0","0","2115","0","0","0","Y","0","0","0","5","68B03","0","","1.0","","1","N","N","","0","","0","0","1","0","0","N","","2","0","0","0","0","0","0","2","0","2","","","","N","","","","","","","","","",""
"2018034151","","1","0","0","0","0","0","0","0","0","7","0","","02","3","2018","4","40.550134","-79.758265","0903","11","0","0","0","0","0","1","0","0","","0","0","0","","","0","","0","","40 33:00.484","","3","79 45:29.753","0","0","0","0","2466","0","0","0","Y","0","0","0","1","02466","0","","5.0","","7","N","N","","0","","0","0","0","0","0","","","1","0","0","0","0","0","0","1","0","1","","","","N","","","","","","","","","",""
"2018036554","","2","0","0","0","0","0","0","0","0","6","0","","02","3","2018","4","40.4846","-79.921225","0609","11","0","0","0","0","0","1","0","0","","0","0","0","","","0","","0","","40 29:04.560","","0","79 55:16.410","0","0","0","0","2301","0","0","0","N","0","0","0","2","02301","0","","1.0","","7","N","N","","0","","0","0","0","0","0","","","2","0","0","0","0","0","0","2","0","2","","","","N","","","","","","","","","",""
"2018067488","","2","0","0","0","0","0","0","0","0","1","0","","02","6","2018","5","40.578041","-79.953693","1647","11","0","0","0","0","0","1","0","0","1","0","0","0","","","1","","2","","40 34:40.947","2","0","79 57:13.296","8","0","0","0","2207","0","0","0","N","0","0","0","2","02207","0","","1.0","","1","N","N","","0","","0","0","0","0","0","N","","2","1","0","0","0","1","0","2","0","2","","","","N","","","","","","","","","",""
"2018068298","","1","0","0","0","0","0","0","0","0","7","0","55","02","6","2018","7","40.530571","-80.272191","1627","11","0","0","0","0","0","0","0","0","1","0","0","0","","","0","","0","","40 31:50.056","3","0","80 16:19.888","0","0","0","0","2203","0","0","0","Y","0","0","0","4","68B01","0","","2.0","","1","N","N","","0","","0","0","0","0","0","N","","1","0","0","0","0","0","0","2","0","1","","","N","Y","5","1","N","N","N","N","N","Y","N",""
"2018035768","","0","0","0","0","0","0","0","0","0","4","0","","02","3","2018","5","40.372568","-80.110534","0820","11","0","0","0","0","0","0","0","0","2","0","0","0","","","1","","6","","40 22:21.244","2","2","80 06:37.923","8","0","0","0","2102","0","0","0","N","0","0","0","2","68B03","0","","1.0","","2","N","N","","0","","0","0","2","0","0","N","","2","1","0","0","0","1","0","2","0","2","","","","N","","","","","","","","","",""
"2018034876","","2","0","0","0","0","0","0","0","0","7","0","","02","3","2018","5","40.457287","-79.937464","1543","11","0","0","0","0","0","1","0","0","","0","0","0","","","0","","0","","40 27:26.234","","7","79 56:14.871","9","0","0","0","2301","0","0","0","N","0","0","0","3","02301","0","","2.0","","1","N","N","","0","","0","0","1","0","0","","","3","0","0","0","0","0","1","2","0","3","","","","N","","","","","","","","","",""
"2018065377","","1","0","0","0","0","0","0","0","0","5","0","","02","6","2018","4","40.614199","-79.944792","0016","11","0","0","1","0","0","0","0","0","1","0","0","0","","","0","","2","","40 36:51.118","4","0","79 56:41.250","0","0","0","0","2207","0","0","0","N","0","0","0","2","02207","0","","1.0","","1","N","N","","0","","0","0","1","0","0","N","","2","0","0","0","0","0","0","2","0","2","","","","N","","","","","","","","","",""
"2018069078","","0","0","0","0","0","0","1","0","0","4","1","","02","6","2018","6","40.501043","-79.863192","0742","11","0","0","0","0","0","0","0","0","2","0","0","0","","","1","","1","","40 30:03.755","5","2","79 51:47.491","2","0","1","1","2112","0","0","0","N","0","0","0","2","02503","0","","1.0","","1","N","N","","0","","0","1","0","2","3","N","","2","1","0","0","0","0","0","2","0","2","","","","N","","","","","","","","","",""
"2018067870","","0","0","0","0","0","0","0","0","0","1","0","","02","6","2018","3","40.484764","-79.858235","1731","11","0","0","0","0","0","0","0","0","2","0","0","0","","","0","","0","","40 29:05.150","4","0","79 51:29.646","0","0","0","0","2113","0","0","0","N","0","0","0","2","02113","0","","1.0","","1","N","N","","0","","0","0","1","0","0","N","","2","0","0","0","0","0","0","2","1","2","","","","N","","","","","","","","","",""
"2018084995","","0","0","0","0","0","0","0","0","0","4","0","","02","8","2018","3","40.434244","-79.750453","1244","11","0","0","0","0","0","0","0","1","1","0","0","0","","","1","","0","","40 26:03.280","4","0","79 45:01.629","8","0","0","0","2446","0","0","0","N","0","0","0","5","02446","0","","1.0","","1","N","N","","1","","0","0","1","0","0","N","","2","1","0","0","0","1","0","2","0","2","","","","N","","","","","","","","","",""
"2018090380","","1","0","0","0","0","0","0","0","0","0","0","","02","8","2018","4","40.459628","-79.823387","1059","11","0","0","0","0","0","0","0","0","1","0","0","0","","","0","","0","","40 27:34.659","2","0","79 49:24.193","0","0","0","0","2113","0","0","0","N","0","0","0","1","02113","0","","1.0","","1","N","N","","0","","0","0","0","0","0","Y","","1","0","0","0","0","0","0","2","0","1","","","","N","","","","","","","","","",""
"2018088298","","1","0","0","0","0","0","0","0","0","4","0","","02","8","2018","5","40.346973","-80.054954","1224","11","0","0","0","0","0","0","1","0","","0","0","0","","","0","","1","","40 20:49.103","","0","80 03:17.835","0","0","0","0","2123","0","0","0","N","0","0","0","5","02123","0","","1.0","","1","N","N","","0","","0","0","1","3","2","","","2","0","0","0","0","0","0","2","0","2","","","","N","","","","","","","","","",""
"2018032374","","2","0","0","0","0","0","0","0","0","4","0","","02","3","2018","6","40.428618","-79.992209","1145","11","0","0","0","0","0","0","0","0","","0","0","0","","","0","","1","","40 25:43.023","","0","79 59:31.952","0","0","0","0","2301","0","0","0","N","0","0","0","2","02301","0","","1.0","","1","N","N","","0","","0","0","0","3","3","","","3","0","0","0","0","0","0","2","0","2","","","","N","","","","","","","","","",""
"2018068760","","3","0","0","0","0","0","0","0","0","1","0","","02","6","2018","5","40.336454","-79.979051","1256","11","0","0","0","1","0","0","0","0","1","0","0","0","","","0","","2","","40 20:11.233","3","0","79 58:44.584","0","0","0","0","2454","0","0","0","N","0","0","0","4","02454","0","","1.0","","1","N","N","","0","","0","0","1","3","2","N","","4","0","0","0","0","0","0","2","0","4","","","","N","","","","","","","","","",""
"2018059272","","1","0","0","0","0","0","0","0","0","7","0","","02","6","2018","7","40.271696","-79.836863","0706","11","0","0","0","0","0","0","0","0","","0","0","0","","","0","","0","","40 16:18.104","","0","79 50:12.705","0","0","0","0","2105","0","0","0","N","0","0","0","1","02105","0","","5.0","","9","N","N","","0","","0","0","0","0","0","","","1","0","0","0","0","0","0","2","0","1","","","","N","","","","","","","","","",""