"CRN","ARRIVAL_TM","AUTOMOBILE_COUNT","BELTED_DEATH_COUNT","BELTED_SUSP_SERIOUS_INJ_COUNT","BICYCLE_COUNT","BICYCLE_DEATH_COUNT","BICYCLE_SUSP_SERIOUS_INJ_COUNT","BUS_COUNT","CHLDPAS_DEATH_COUNT","CHLDPAS_SUSP_SERIOUS_INJ_COUNT","COLLISION_TYPE","COMM_VEH_COUNT","CONS_ZONE_SPD_LIM","COUNTY","CRASH_MONTH","CRASH_YEAR","DAY_OF_WEEK","DEC_LATITUDE","DEC_LONGITUDE","DISPATCH_TM","DISTRICT","DRIVER_COUNT_16YR","DRIVER_COUNT_17YR","DRIVER_COUNT_18YR","DRIVER_COUNT_19YR","DRIVER_COUNT_20YR","DRIVER_COUNT_50_64YR","DRIVER_COUNT_65_74YR","DRIVER_COUNT_75PLUS","EST_HRS_CLOSED","FATAL_COUNT","HEAVY_TRUCK_COUNT","HORSE_BUGGY_COUNT","HOUR_OF_DAY","ILLUMINATION","INJURY_COUNT","INTERSECTION_RELATED","INTERSECT_TYPE","LANE_CLOSED","LATITUDE","LN_CLOSE_DIR","LOCATION_TYPE","LONGITUDE","MAX_SEVERITY_LEVEL","MCYCLE_DEATH_COUNT","MCYCLE_SUSP_SERIOUS_INJ_COUNT","MOTORCYCLE_COUNT","MUNICIPALITY","NONMOTR_COUNT","NONMOTR_DEATH_COUNT","NONMOTR_SUSP_SERIOUS_INJ_COUNT","NTFY_HIWY_MAINT","PED_COUNT","PED_DEATH_COUNT","PED_SUSP_SERIOUS_INJ_COUNT","PERSON_COUNT","POLICE_AGCY","POSSIBLE_INJ_COUNT","RDWY_SURF_TYPE_CD","RELATION_TO_ROAD","ROADWAY_CLEARED","ROAD_CONDITION","SCH_BUS_IND","SCH_ZONE_IND","SECONDARY_CRASH","SMALL_TRUCK_COUNT","SPEC_JURIS_CD","SUSP_MINOR_INJ_COUNT","SUSP_SERIOUS_INJ_COUNT","SUV_COUNT","TCD_FUNC_CD","TCD_TYPE","TFC_DETOUR_IND","TIME_OF_DAY","TOTAL_UNITS","TOT_INJ_COUNT","UNBELTED_OCC_COUNT","UNB_DEATH_COUNT","UNB_SUSP_SERIOUS_INJ_COUNT","UNK_INJ_DEG_COUNT","UNK_INJ_PER_COUNT","URBAN_RURAL","VAN_COUNT","VEHICLE_COUNT","WEATHER1","WEATHER2","WORKERS_PRES","WORK_ZONE_IND","WORK_ZONE_LOC","WORK_ZONE_TYPE","WZ_CLOSE_DETOUR","WZ_FLAGGER","WZ_LAW_OFFCR_IND","WZ_LN_CLOSURE","WZ_MOVING","WZ_OTHER","WZ_SHLDER_MDN","WZ_WORKERS_INJ_KILLED"
"2018071852","","2","0","0","0","0","0","0","0","0","5","0","","02","7","2018","6","40.514649","-80.004186","2208","11","0","0","0","0","0","0","0","0","2","0","0","0","","","0","","7","","40 30:52.735","2","0","80 00:15.071","0","0","0","0","2116","0","0","0","Y","0","0","0","3","02116","0","","1.0","","1","N","N","","0","","0","0","0","","3","Y","","2","0","0","0","0","0","0","2","0","2","","","","N","","","","","","","","","",""
"2018073511","","1","0","0","0","0","0","0","0","0","7","0","","02","7","2018","2","40.441124","-80.185354","1948","11","0","0","0","0","0","1","0","0","","0","0","0","","","0","","0","","40 26:28.046","","0","80 11:07.273","0","0","0","0","2214","0","0","0","N","0","0","0","1","68B03","0","","3.0","","9","N","N","","0","","0","0","0","","0","","","1","0","0","0","0","0","0","1","0","1","","","","N","","","","","","","","","",""
"2018073943","","1","0","0","0","0","0","0","0","0","7","0","","02","7","2018","1","40.425371","-79.925211","1710","11","0","0","0","0","0","0","0","0","","0","0","0","","","0","","0","","40 25:31.337","","0","79 55:30.758","0","0","0","0","2301","0","0","0","N","0","0","0","1","02301","0","","5.0","","9","N","N","","0","","0","0","0","","0","","","1","0","0","0","0","0","0","2","0","1","","","","N","","","","","","","","","",""
"2018063533","","1","0","0","0","0","0","0","0","0","5","1","","02","6","2018","2","40.456603","-80.057058","1846","11","0","0","0","0","0","0","0","0","","0","1","0","","","0","","0","","40 27:23.770","","0","80 03:25.410","9","0","0","0","2301","0","0","0","N","0","0","0","2","02301","0","","1.0","","1","N","N","","0","","0","0","0","","0","","","2","0","0","0","0","0","0","2","0","2","","","","N","","","","","","","","","",""
"2018074707","","1","0","0","0","0","0","0","0","0","4","1","","02","7","2018","3","40.340025","-79.960322","1444","11","0","0","0","0","0","0","0","0","2","0","1","0","","","0","","2","","40 20:24.090","4","0","79 57:37.159","0","0","0","0","2454","0","0","0","N","0","0","0","3","02454","0","","1.0","","1","N","N","","0","","0","0","0","","3","N","","2","0","0","0","0","0","0","2","0","2","","","","N","","","","","","","","","",""
"2018053505","","1","0","0","0","0","0","0","0","0","4","0","","02","5","2018","5","40.33347","-79.813069","1019","11","0","0","0","0","0","0","1","1","","0","0","0","","","2","","0","","40 20:00.493","","0","79 48:47.048","3","0","0","0","2477","0","0","0","N","0","0","0","2","02477","0","","1.0","","1","N","N","","0","","2","0","0","","0","","","2","2","0","0","0","0","0","2","1","2","","","","N","","","","","","","","","",""
"2018072713","","0","0","0","0","0","0","1","0","0","8","1","","02","7","2018","4","40.457404","-79.896284","1812","11","0","0","0","0","0","1","0","0","1","0","0","0","","","1","","1","","40 27:26.654","3","0","79 53:46.622","2","0","0","0","2301","1","0","1","N","1","0","1","4","02503","0","","1.0","","1","N","N","","0","","0","1","0","","2","N","","2","1","0","0","0","0","0","2","0","1","","","","N","","","","","","","","","",""
"2018017838","","3","0","0","0","0","0","0","0","0","4","0","","02","2","2018","5","40.481399","-79.920132","1835","11","0","0","0","0","0","0","1","0","","0","0","0","","","0","","0","","40 28:53.037","","0","79 55:12.475","0","0","0","0","2301","0","0","0","N","0","0","0","4","02301","0","","1.0","","1","N","N","","0","","0","0","0","","0","","","3","0","0","0","0","0","0","2","0","3","","","","N","","","","","","","","","",""
"2018057367","","2","0","0","0","0","0","0","0","0","4","0","","02","5","2018","7","40.466436","-79.965156","1338","11","0","0","0","0","0","0","1","0","1","0","0","0","","","0","","1","","40 27:59.170","2","0","79 57:54.561","0","0","0","0","2301","0","0","0","N","0","0","0","2","02301","0","","1.0","","1","N","N","","0","","0","0","0","","3","N","","2","0","0","0","0","0","0","2","0","2","","","","N","","","","","","","","","",""
"2018073080","","1","0","0","0","0","0","0","0","0","8","0","","02","7","2018","5","40.416428","-79.995376","1949","11","0","0","0","0","0","0","0","0","","0","0","0","","","1","","0","","40 24:59.142","","0","79 59:43.352","3","0","0","0","2301","1","0","0","N","1","0","0","2","02301","0","","1.0","","1","N","N","","0","","1","0","0","","0","","","2","1","1","0","0","0","0","2","0","1","","","","N","","","","","","","","","",""
"2018048811","","1","0","0","0","0","0","0","0","0","4","1","","02","5","2018","3","40.398501","-79.862047","1135","11","0","0","0","0","0","0","0","0","1","0","1","0","","","0","","2","","40 23:54.603","1","0","79 51:43.369","0","0","0","0","2410","0","0","0","N","0","0","0","4","02410","0","","1.0","","1","N","N","","0","","0","0","0","","2","N","","2","0","0","0","0","0","0","2","0","2","","","","N","","","","","","","","","",""
"2018068726","","2","0","0","0","0","0","0","0","0","1","0","","02","6","2018","5","40.440035","-80.017534","1948","11","0","0","0","0","0","1","1","0","","0","0","0","","","0","","0","","40 26:24.125","","1","80 01:03.124","0","0","0","0","2301","0","0","0","N","0","0","0","2","02301","0","","1.0","","1","N","N","","0","","0","0","0","","0","","","2","0","0","0","0","0","0","2","0","2","","","","N","","","","","","","","","",""
"2018071081","","1","0","0","0","0","0","0","0","0","7","0","","02","6","2018","6","40.364262","-79.968883","0109","11","0","0","0","0","0","1","0","0","2","0","0","0","","","0","","2","","40 21:51.343","1","0","79 58:07.978","0","0","0","0","2476","0","0","0","N","0","0","0","1","02476","0","","5.0","","1","N","N","","0","","0","0","0","","0","N","","1","0","0","0","0","0","0","2","0","1","","","","N","","","","","","","","","",""
"2018074679","","2","0","0","0","0","0","0","0","0","1","0","","02","7","2018","2","40.441059","-79.926781","1324","11","0","0","0","0","0","0","0","0","","0","0","0","","","0","","0","","40 26:27.811","","0","79 55:36.410","0","0","0","0","2301","0","0","0","N","0","0","0","1","02301","0","","4.0","","1","N","N","","0","","0","0","0","","0","","","2","0","0","0","0","0","0","2","0","2","","","","N","","","","","","","","","",""
"2018035856","","1","0","0","0","0","0","0","0","0","7","0","","02","3","2018","5","40.475153","-79.73393","1347","11","0","0","1","0","0","0","0","0","1","0","0","0","","","0","","0","","40 28:30.549","5","0","79 44:02.149","0","0","0","0","2466","0","0","0","N","0","0","0","1","02466","0","","5.0","","1","N","N","","0","","0","0","0","","0","N","","1","0","0","0","0","0","0","2","0","1","","","","N","","","","","","","","","",""
"2018073264","","2","0","0","0","0","0","0","0","0","1","0","","02","7","2018","6","40.412813","-80.007903","1156","11","0","0","0","0","0","1","1","0","","0","0","0","","","0","","2","","40 24:46.128","","4","80 00:28.451","0","0","0","0","2301","0","0","0","N","0","0","0","3","02301","0","","1.0","","1","N","N","","0","","0","0","1","","0","","","3","0","0","0","0","0","0","2","0","3","","","","N","","","","","","","","","",""
"2018071845","","1","0","0","0","0","0","0","0","0","4","0","","02","7","2018","2","40.283443","-79.837195","1927","11","1","0","0","0","0","0","0","0","","0","0","0","","","0","","5","","40 17:00.395","","0","79 50:13.903","0","0","0","0","2105","0","0","0","N","0","0","0","3","02105","0","","1.0","","1","N","N","","1","","0","0","0","","3","","","2","0","0","0","0","0","0","2","0","2","","","","N","","","","","","","","","",""
"2018068219","","1","0","0","0","0","0","0","0","0","4","1","","02","6","2018","4","40.529919","-79.771405","1713","11","0","0","0","0","0","0","0","0","","0","1","0","","","0","","2","","40 31:47.708","","0","79 46:17.057","0","0","0","0","2466","0","0","0","N","0","0","0","3","02466","0","","1.0","","1","N","N","","0","","0","0","0","","3","","","2","0","0","0","0","0","0","1","0","2","","","","N","","","","","","","","","",""
"2018071417","","1","0","0","0","0","0","0","0","0","1","0","","02","7","2018","1","40.433936","-79.732221","1917","11","0","0","0","0","0","0","0","0","1","0","0","0","","","0","","0","","40 26:02.171","4","0","79 43:55.996","0","0","0","0","2446","0","0","0","N","0","0","0","3","02446","0","","1.0","","1","N","N","","0","","0","0","2","","0","N","","3","0","0","0","0","0","0","2","0","3","","","","N","","","","","","","","","",""
"2018071536","","2","0","0","0","0","0","0","0","0","5","0","","02","7","2018","2","40.427804","-79.928568","1122","11","0","0","0","0","0","1","0","0","","0","0","0","","","0","","2","","40 25:40.096","","0","79 55:42.843","0","0","0","0","2301","0","0","0","N","0","0","0","3","02301","0","","1.0","","1","N","N","","0","","0","0","0","","0","","","2","0","0","0","0","0","0","2","0","2","","","","N","","","","","","","","","",""
"2018073900","","1","0","0","0","0","0","0","0","0","1","0","","02","7","2018","7","40.436574","-79.97344","1637","11","0","0","0","0","0","0","0","0","1","0","0","0","","","0","","7","","40 26:11.668","4","2","79 58:24.385","0","0","0","0","2301","0","0","0","N","0","0","0","2","68B03","0","","1.0","","1","N","N","","0","","0","0","0","","0","N","","2","0","0","0","0","0","0","2","1","2","","","","N","","","","","","","","","",""
"2018072737","","2","0","0","0","0","0","0","0","0","1","0","","02","7","2018","4","40.412405","-80.024879","1647","11","0","0","1","0","0","0","0","0","","0","0","0","","","0","","0","","40 24:44.657","","0","80 01:29.566","0","0","0","0","2301","0","0","0","N","0","0","0","4","02301","0","","1.0","","1","N","N","","0","","0","0","0","","0","","","2","0","0","0","0","0","0","2","0","2","","","","N","","","","","","","","","",""
"2018034034","","0","0","0","0","0","0","0","0","0","7","0","","02","3","2018","4","40.485637","-80.052879","0543","11","0","0","0","0","0","0","0","0","","0","0","0","","","1","","0","","40 29:08.293","","0","80 03:10.366","3","0","0","0","2404","0","0","0","N","0","0","0","1","02404","0","","5.0","","7","N","N","","0","","1","0","1","","0","","","1","1","0","0","0","0","0","2","0","1","","","","N","","","","","","","","","",""
"2018073491","","0","0","0","0","0","0","0","0","0","4","0","","02","6","2018","1","40.421459","-80.095661","1759","11","0","0","0","0","0","0","0","0","4","1","0","0","","","0","","0","","40 25:17.254","4","0","80 05:44.379","1","1","0","1","2457","0","0","0","N","0","0","0","2","68B03","0","1","1.0","","1","N","N","","1","0","0","0","0","","0","Y","","2","0","0","0","0","0","0","2","0","2","","","","N","","","","","","","","","",""
"2018067222","","3","0","0","0","0","0","0","0","0","4","0","","02","6","2018","7","40.427932","-80.053714","1409","11","0","0","0","0","0","0","1","0","1","0","0","0","","","0","","0","","40 25:40.554","7","0","80 03:13.371","0","0","0","0","2435","0","0","0","N","0","0","0","4","02435","0","","1.0","","1","N","N","","0","","0","0","1","","0","N","","4","0","0","0","0","0","0","2","0","4","","","","N","","","","","","","","","",""
"2018073018","","1","0","0","0","0","0","0","0","0","4","0","","02","7","2018","4","40.452254","-79.728727","1702","11","0","0","0","0","0","1","0","1","1","0","0","0","","","0","","2","","40 27:08.115","6","0","79 43:43.417","0","0","0","0","2466","0","0","0","N","0","0","0","2","02466","0","","1.0","","1","N","N","","1","","0","0","0","","3","N","","2","0","0","0","0","0","0","2","0","2","","","","N","","","","","","","","","",""
"2018073438","","0","0","0","0","0","0","1","0","0","5","1","","02","7","2018","6","40.460658","-79.922717","1700","11","0","0","0","0","0","0","0","0","","0","0","0","","","2","","1","","40 27:38.370","","0","79 55:21.780","4","0","0","0","2301","0","0","0","N","0","0","0","4","02503","2","","1.0","","1","N","N","","1","","0","0","0","","2","","","2","2","0","0","0","0","1","2","0","2","","","","N","","","","","","","","","",""
"2018016922","","1","0","0","0","0","0","0","0","0","7","0","","02","2","2018","4","40.612173","-79.898418","0740","11","0","0","0","0","0","1","0","0","1","0","0","0","","","1","","0","","40 36:43.823","3","0","79 53:54.305","8","0","0","0","2220","0","0","0","N","0","0","0","1","02220","0","","5.0","","7","N","N","","0","","0","0","0","","0","N","","1","1","0","0","0","1","0","1","0","1","","","","N","","","","","","","","","",""
"2018033645","","2","0","0","0","0","0","0","0","0","4","0","","02","3","2018","3","40.491129","-80.019909","0951","11","0","0","0","0","0","0","0","0","","0","0","0","","","0","","2","","40 29:28.064","","0","80 01:11.673","0","0","0","0","2301","0","0","0","N","0","0","0","2","02301","0","","1.0","","9","N","N","","0","","0","0","0","","3","N","","2","0","0","0","0","0","0","2","0","2","","","","N","","","","","","","","","",""
"2018069971","","1","0","0","0","0","0","0","0","0","5","1","","02","7","2018","3","40.429777","-79.923492","0739","11","0","0","0","0","0","0","0","0","","0","1","0","","","0","","5","","40 25:47.197","","0","79 55:24.571","0","0","0","0","2301","0","0","0","N","0","0","0","2","02301","0","","1.0","","1","N","N","","0","","0","0","0","","2","","","2","0","0","0","0","0","0","2","0","2","","","","N","","","","","","","","","",""
"2018071854","","2","0","0","0","0","0","0","0","0","1","0","","02","7","2018","2","40.443015","-80.052733","2032","11","0","0","0","0","0","0","0","0","","0","0","0","","","0","","2","","40 26:34.853","","0","80 03:09.838","0","0","0","0","2301","0","0","0","N","0","0","0","3","02301","0","","1.0","","1","N","N","","0","","0","0","0","","0","","","2","0","0","0","0","0","0","2","0","2","","","","N","","","","","","","","","",""
"2018066575","","3","0","0","0","0","0","0","0","0","1","0","","02","6","2018","4","40.321993","-79.817725","1638","11","0","0","0","0","0","1","0","0","","0","0","0","","","0","","3","","40 19:19.174","","0","79 49:03.809","0","0","0","0","2304","0","0","0","N","0","0","0","3","02304","0","","1.0","","9","N","N","","0","","0","0","0","","0","","","3","0","0","0","0","0","0","2","0","3","","","","N","","","","","","","","","",""
"2018072070","","2","0","0","0","0","0","0","0","0","2","0","","02","7","2018","3","40.541917","-79.761334","0943","11","0","0","0","0","0","0","1","0","1","0","0","0","","","3","","3","","40 32:30.902","7","0","79 45:40.804","2","0","0","0","2466","0","0","0","N","0","0","0","3","02466","0","","1.0","","1","N","N","","0","","1","2","0","","0","N","","2","3","0","0","0","0","0","2","0","2","","","","N","","","","","","","","","",""
"2018070354","","2","0","0","0","0","0","0","0","0","1","0","","02","7","2018","4","40.578041","-79.953693","1033","11","0","0","0","0","0","1","0","0","1","0","0","0","","","0","","2","","40 34:40.947","1","0","79 57:13.296","0","0","0","0","2207","0","0","0","N","0","0","0","2","02207","0","","1.0","","1","N","N","","0","","0","0","0","","3","N","","2","0","0","0","0","0","0","2","0","2","","","","N","","","","","","","","","",""
"2018072664","","2","0","0","0","0","0","0","0","0","1","0","","02","7","2018","3","40.332573","-80.020999","1547","11","0","0","1","0","1","0","0","0","1","0","0","0","","","1","","0","","40 19:57.264","3","0","80 01:15.595","4","0","0","0","2407","0","0","0","N","0","0","0","2","02407","1","","1.0","","1","N","N","","0","","0","0","0","","0","N","","2","1","0","0","0","0","0","2","0","2","","","","N","","","","","","","","","",""
"2018073674","","2","0","0","0","0","0","0","0","0","1","0","","02","7","2018","2","40.469944","-79.706359","1642","11","0","0","0","0","0","0","0","0","","0","0","0","","","1","","0","","40 28:11.798","","0","79 42:22.892","8","0","0","0","2466","0","0","0","N","0","0","0","2","02466","0","","1.0","","1","N","N","","0","","0","0","0","","0","","","2","1","0","0","0","1","0","2","0","2","","","","N","","","","","","","","","",""
"2018033476","","0","0","0","0","0","0","0","0","0","4","1","","02","3","2018","2","40.474884","-79.849691","0646","11","0","0","0","0","0","1","0","0","1","0","1","0","","","1","","0","","40 28:29.583","4","7","79 50:58.889","8","0","0","0","2113","0","0","0","N","0","0","0","2","02113","0","","1.0","","1","N","N","","1","","0","0","0","","0","Y","","2","1","0","0","0","1","0","2","0","2","","","","N","","","","","","","","","",""
"2018072169","","2","0","0","0","0","0","0","0","0","1","0","","02","7","2018","6","40.558769","-80.032564","1653","11","0","0","1","0","0","0","0","0","","0","0","0","","","0","","1","","40 33:31.567","","0","80 01:57.230","0","0","0","0","2108","0","0","0","N","0","0","0","2","02108","0","","1.0","","1","N","N","","0","","0","0","0","","0","","","2","0","0","0","0","0","0","2","0","2","","","","N","","","","","","","","","",""
"2018038324","","0","0","0","0","0","0","0","0","0","1","0","","02","3","2018","2","40.635994","-79.843094","2116","11","0","0","0","0","0","0","0","0","2","0","0","0","","","1","","0","","40 38:09.580","6","0","79 50:35.140","4","0","0","0","2220","0","0","0","N","0","0","0","1","02220","1","","4.0","","1","N","N","","1","","0","0","1","","0","Y","","2","1","0","0","0","0","0","2","0","2","","","","N","","","","","","","","","",""
"2018071388","","2","0","0","0","0","0","0","0","0","1","0","","02","7","2018","1","40.432859","-79.731096","1557","11","0","0","0","0","0","0","0","2","","0","0","0","","","0","","0","","40 25:58.293","","0","79 43:51.946","0","0","0","0","2446","0","0","0","N","0","0","0","4","02446","0","","1.0","","1","N","N","","0","","0","0","0","","0","","","2","0","0","0","0","0","0","2","0","2","","","","N","","","","","","","","","",""
"2018073157","","1","0","0","0","0","0","0","0","0","1","1","","02","7","2018","2","40.545751","-79.824051","0735","11","0","0","0","0","1","1","0","0","3","0","1","0","","","0","","0","","40 32:44.702","4","0","79 49:26.585","0","0","0","0","2208","0","0","0","N","0","0","0","2","68T02","0","","1.0","","1","N","N","","0","","0","0","0","","0","Y","","2","0","0","0","0","0","0","2","0","2","","","","N","","","","","","","","","",""
"2018073535","","1","0","0","0","0","0","0","0","0","4","0","55","02","7","2018","4","40.436089","-80.249697","1445","11","0","0","0","0","0","1","0","0","","0","0","0","","","1","","0","","40 26:09.919","","0","80 14:58.909","8","0","0","0","2214","0","0","0","N","0","0","0","2","68B03","0","","1.0","","1","N","N","","1","","0","0","0","","1","","","2","1","0","0","0","1","0","2","0","2","","","Y","Y","4","8","N","N","N","Y","Y","N","Y",""
"2018072072","","1","0","0","0","0","0","0","0","0","4","0","","02","7","2018","3","40.593259","-80.06107","1729","11","0","0","0","0","0","0","0","0","1","0","0","0","","","3","","2","","40 35:35.731","5","0","80 03:39.853","4","0","0","0","2108","0","0","0","N","0","0","0","3","02108","3","","1.0","","1","N","N","","0","","0","0","1","","3","Y","","2","3","0","0","0","0","0","2","0","2","","","","N","","","","","","","","","",""
"2018071354","","1","0","0","0","0","0","0","0","0","1","0","","02","7","2018","3","40.536103","-80.010942","0913","11","0","0","1","0","0","1","0","0","1","0","1","0","","","1","","0","","40 32:09.971","2","0","80 00:39.391","3","0","0","0","2116","0","0","0","N","0","0","0","2","02116","0","","1.0","","1","N","N","","0","","1","0","0","","0","N","","2","1","0","0","0","0","0","2","0","2","","","","N","","","","","","","","","",""
"2018035159","","2","0","0","0","0","0","0","0","0","4","0","","02","3","2018","6","40.338335","-79.837672","0627","11","0","0","0","0","0","1","0","0","","0","0","0","","","0","","2","","40 20:18.006","","0","79 50:15.619","9","0","0","0","2304","0","0","0","N","0","0","0","2","02304","0","","1.0","","1","N","N","","0","","0","0","0","","0","","","2","0","0","0","0","0","1","2","0","2","","","","N","","","","","","","","","",""
"2018071810","","2","0","0","0","0","0","0","0","0","4","0","","02","7","2018","2","40.276326","-79.878382","1554","11","0","0","0","0","0","0","0","2","","0","0","0","","","0","","2","","40 16:34.772","","0","79 52:42.174","0","0","0","0","2105","0","0","0","N","0","0","0","2","02105","0","","1.0","","1","N","N","","0","","0","0","0","","0","N","","2","0","0","0","0","0","0","2","0","2","","","","N","","","","","","","","","",""
"2018073161","","0","0","0","0","0","0","0","0","0","99","0","","02","7","2018","2","40.452913","-79.754585","1834","11","0","0","0","0","0","1","0","0","","0","0","0","","","0","","0","","40 27:10.485","","0","79 45:16.505","0","0","0","0","2446","0","0","0","N","0","0","0","6","68T02","0","","1.0","","1","N","N","","0","","0","0","1","","0","","","1","0","0","0","0","0","0","2","0","1","","","","N","","","","","","","","","",""
"2018068945","","2","0","0","0","0","0","0","0","0","2","0","","02","6","2018","6","40.478827","-79.944117","2315","11","0","0","0","0","0","0","0","0","","0","0","0","","","0","","0","","40 28:43.778","","0","79 56:38.820","0","0","0","0","2301","0","0","0","N","0","0","0","1","02301","0","","5.0","","1","N","N","","0","","0","0","0","","0","","","2","0","0","0","0","0","0","2","0","2","","","","N","","","","","","","","","",""
"2018073489","","0","0","0","0","0","0","0","0","0","7","0","","02","6","2018","7","40.427037","-79.891509","2351","11","0","0","0","0","0","0","0","0","3","1","0","0","","","0","","0","","40 25:37.332","3","0","79 53:29.433","1","0","0","0","2301","0","0","0","Y","0","0","0","1","68B03","0","2","4.0","","9","N","N","","1","0","0","0","0","","0","Y","","1","0","1","1","0","0","0","2","0","1","","","","N","","","","","","","","","",""
"2018073886","","1","0","0","0","0","0","0","0","0","99","0","","02","7","2018","4","40.479388","-80.121039","2222","11","0","0","0","0","0","0","0","0","","0","0","0","","","0","","0","","40 28:45.797","","0","80 07:15.741","0","0","0","0","2115","0","0","0","N","0","0","0","1","68B03","0","","1.0","","1","N","N","","0","","0","0","0","","0","","","1","0","0","0","0","0","0","2","0","1","","","","N","","","","","","","","","",""
"2018053916","","0","0","0","0","0","0","0","0","0","1","0","45","02","5","2018","5","40.60744","-79.763449","1517","11","1","0","0","0","0","1","0","0","","0","0","0","","","2","","0","","40 36:26.784","","0","79 45:48.416","3","0","0","0","2464","0","0","0","N","0","0","0","4","68D02","0","","1.0","","1","N","N","","1","","1","0","2","","0","","","3","2","0","0","0","1","0","1","0","3","","","Y","Y","8","1","N","N","N","Y","N","N","N",""
"2018038282","","1","0","0","0","0","0","0","0","0","1","0","","02","3","2018","6","40.428342","-79.97325","1003","11","0","0","0","0","0","1","1","0","2","0","0","0","","","1","","0","","40 25:42.030","7","0","79 58:23.701","8","0","0","0","2301","0","0","0","N","0","0","0","4","02301","0","","1.0","","1","N","N","","1","","0","0","0","","3","N","","2","1","0","0","0","1","0","2","0","2","","","","N","","","","","","","","","",""
"2018066284","","0","0","0","0","0","0","0","0","0","7","0","","02","6","2018","5","40.563113","-79.894923","1737","11","0","0","0","0","0","0","0","0","6","0","0","0","","","0","","0","","40 33:47.207","5","0","79 53:41.724","0","0","0","0","2209","0","0","0","N","0","0","0","1","02209","0","","2.0","","1","N","N","","1","","0","0","0","","0","Y","","1","0","1","0","0","0","0","2","0","1","","","","N","","","","","","","","","",""
"2018071295","","2","0","0","0","0","0","0","0","0","4","0","","02","7","2018","1","40.449144","-79.985401","0210","11","0","0","0","0","0","1","0","0","1","0","0","0","","","0","","2","","40 26:56.918","4","0","79 59:07.443","0","0","0","0","2301","0","0","0","N","0","0","0","1","02301","0","","1.0","","1","N","N","","0","","0","0","0","","2","N","","2","0","0","0","0","0","0","2","0","2","","","","N","","","","","","","","","",""
"2018068577","","1","0","0","0","0","0","0","0","0","1","0","","02","6","2018","5","40.626639","-80.038085","1851","11","2","0","0","0","0","0","0","0","","0","0","0","","","0","","2","","40 37:35.902","","0","80 02:17.106","0","0","0","0","2216","0","0","0","N","0","0","0","6","02505","0","","1.0","","1","N","N","","0","","0","0","2","","0","","","3","0","0","0","0","0","0","2","0","3","","","","N","","","","","","","","","",""
"2018074250","","1","0","0","0","0","0","0","0","0","1","0","","02","7","2018","6","40.425711","-79.904365","0919","11","0","0","0","0","0","0","1","0","1","0","0","0","","","3","","0","","40 25:32.560","4","0","79 54:15.713","3","0","0","0","2301","0","0","0","N","0","0","0","3","68B03","0","","1.0","","1","N","N","","0","","3","0","1","","0","N","","2","3","0","0","0","0","0","2","0","2","","","","N","","","","","","","","","",""
"2018135680","","1","0","0","0","0","0","0","0","0","1","0","","02","12","2018","3","40.674085","-80.098579","1717","11","0","1","0","0","0","0","0","0","1","0","0","0","","","0","","0","","40 40:26.707","1","0","80 05:54.883","0","0","0","0","2212","0","0","0","N","0","0","0","4","02505","0","","1.0","","1","N","N","","0","","0","0","2","","0","Y","","3","0","0","0","0","0","0","2","0","3","","","","N","","","","","","","","","",""
"2018131367","","2","0","0","0","0","0","0","0","0","2","0","","02","12","2018","1","40.457404","-79.896284","0941","11","0","0","0","0","0","1","1","0","2","0","0","0","","","0","","1","","40 27:26.654","3","0","79 53:46.622","0","0","0","0","2301","0","0","0","N","0","0","0","2","02301","0","","1.0","","1","N","N","","0","","0","0","0","","2","N","","2","0","0","0","0","0","0","2","0","2","","","","N","","","","","","","","","",""
"2018058527","","1","0","0","0","0","0","0","0","0","4","0","","02","5","2018","4","40.397668","-79.769328","2042","11","0","0","0","0","0","1","0","0","1","0","0","0","","","0","","1","","40 23:51.606","1","0","79 46:09.579","0","0","0","0","2446","0","0","0","N","0","0","0","2","02446","0","","1.0","","1","N","N","","0","","0","0","1","","2","N","","2","0","0","0","0","0","0","2","0","2","","","","N","","","","","","","","","",""
"2018137491","","0","0","0","0","0","0","0","0","0","7","0","","02","12","2018","6","40.512803","-79.792555","1925","11","0","1","0","0","0","0","0","0","1","0","0","0","","","1","","0","","40 30:46.090","2","0","79 47:33.198","4","0","0","0","2466","0","0","0","Y","0","0","0","1","02466","1","","2.0","","9","N","N","","0","","0","0","1","","0","N","","1","1","0","0","0","0","0","2","0","1","","","","N","","","","","","","","","",""
"2018059271","","2","0","0","0","0","0","0","0","0","1","0","","02","6","2018","6","40.390088","-79.86877","0639","11","0","0","0","0","0","0","0","0","","0","0","0","","","0","","2","","40 23:24.316","","0","79 52:07.571","0","0","0","0","2473","0","0","0","N","0","0","0","2","02473","0","","1.0","","1","N","N","","0","","0","0","0","","0","","","2","0","0","0","0","0","0","2","0","2","","","","N","","","","","","","","","",""
"2018071379","","1","0","0","0","0","0","0","0","0","6","0","","02","7","2018","6","40.524692","-79.962089","1844","11","0","0","0","0","0","2","0","0","1","0","0","0","","","0","","1","","40 31:28.891","4","0","79 57:43.522","0","0","0","0","2118","0","0","0","N","0","0","0","2","02118","0","","1.0","","1","N","N","","0","","0","0","1","","2","N","","2","0","1","0","0","0","0","2","0","2","","","","N","","","","","","","","","",""
"2018058073","","0","0","0","0","0","0","0","0","0","1","0","","02","5","2018","4","40.506749","-79.857848","0827","11","0","0","0","1","0","0","0","0","2","0","0","0","","","2","","0","","40 30:24.298","2","0","79 51:28.252","3","0","0","0","2112","0","0","0","N","0","0","0","5","68D02","0","","1.0","","1","N","N","","0","","2","0","4","","0","N","","5","2","0","0","0","0","0","2","1","5","","","","N","","","","","","","","","",""