"CRN","ARRIVAL_TM","AUTOMOBILE_COUNT","BELTED_DEATH_COUNT","BELTED_SUSP_SERIOUS_INJ_COUNT","BICYCLE_COUNT","BICYCLE_DEATH_COUNT","BICYCLE_SUSP_SERIOUS_INJ_COUNT","BUS_COUNT","CHLDPAS_DEATH_COUNT","CHLDPAS_SUSP_SERIOUS_INJ_COUNT","COLLISION_TYPE","COMM_VEH_COUNT","CONS_ZONE_SPD_LIM","COUNTY","CRASH_MONTH","CRASH_YEAR","DAY_OF_WEEK","DEC_LATITUDE","DEC_LONGITUDE","DISPATCH_TM","DISTRICT","DRIVER_COUNT_16YR","DRIVER_COUNT_17YR","DRIVER_COUNT_18YR","DRIVER_COUNT_19YR","DRIVER_COUNT_20YR","DRIVER_COUNT_50_64YR","DRIVER_COUNT_65_74YR","DRIVER_COUNT_75PLUS","EST_HRS_CLOSED","FATAL_COUNT","HEAVY_TRUCK_COUNT","HORSE_BUGGY_COUNT","HOUR_OF_DAY","ILLUMINATION","INJURY_COUNT","INTERSECTION_RELATED","INTERSECT_TYPE","LANE_CLOSED","LATITUDE","LN_CLOSE_DIR","LOCATION_TYPE","LONGITUDE","MAX_SEVERITY_LEVEL","MCYCLE_DEATH_COUNT","MCYCLE_SUSP_SERIOUS_INJ_COUNT","MOTORCYCLE_COUNT","MUNICIPALITY","NONMOTR_COUNT","NONMOTR_DEATH_COUNT","NONMOTR_SUSP_SERIOUS_INJ_COUNT","NTFY_HIWY_MAINT","PED_COUNT","PED_DEATH_COUNT","PED_SUSP_SERIOUS_INJ_COUNT","PERSON_COUNT","POLICE_AGCY","POSSIBLE_INJ_COUNT","RDWY_SURF_TYPE_CD","RELATION_TO_ROAD","ROADWAY_CLEARED","ROAD_CONDITION","SCH_BUS_IND","SCH_ZONE_IND","SECONDARY_CRASH","SMALL_TRUCK_COUNT","SPEC_JURIS_CD","SUSP_MINOR_INJ_COUNT","SUSP_SERIOUS_INJ_COUNT","SUV_COUNT","TCD_FUNC_CD","TCD_TYPE","TFC_DETOUR_IND","TIME_OF_DAY","TOTAL_UNITS","TOT_INJ_COUNT","UNBELTED_OCC_COUNT","UNB_DEATH_COUNT","UNB_SUSP_SERIOUS_INJ_COUNT","UNK_INJ_DEG_COUNT","UNK_INJ_PER_COUNT","URBAN_RURAL","VAN_COUNT","VEHICLE_COUNT","WEATHER1","WEATHER2","WORKERS_PRES","WORK_ZONE_IND","WORK_ZONE_LOC","WORK_ZONE_TYPE","WZ_CLOSE_DETOUR","WZ_FLAGGER","WZ_LAW_OFFCR_IND","WZ_LN_CLOSURE","WZ_MOVING","WZ_OTHER","WZ_SHLDER_MDN","WZ_WORKERS_INJ_KILLED"
"2018057693","","0","0","0","0","0","0","0","0","0","4","0","","02","5","2018","3","40.456081","-80.000256","","11","0","0","0","0","0","0","0","0","","0","0","0","","","0","","0","","40 27:21.890","","0","80 00:00.920","0","0","0","0","2301","0","0","0","N","0","0","0","1","02301","0","","4.0","","1","N","N","","1","","0","0","1","","0","","","2","0","0","0","0","0","0","2","0","2","","","","N","","","","","","","","","",""
"2018135100","","1","0","0","0","0","0","0","0","0","1","0","","02","6","2018","2","40.487598","-80.009054","","11","0","0","0","0","0","0","0","0","","0","0","0","","","0","","0","","40 29:15.352","","0","80 00:32.596","0","0","0","0","2301","0","0","0","","0","0","0","2","68B03","0","","2.0","","1","N","N","","0","","0","0","1","","0","","","2","0","0","0","0","0","0","2","0","2","","","","N","","","","","","","","","",""
"2018121107","","0","0","0","0","0","0","0","0","0","7","0","","02","11","2018","2","40.499175","-80.183139","","11","0","0","0","0","0","0","0","1","1","0","0","0","","","1","","0","","40 29:57.030","2","0","80 10:59.300","4","0","0","0","2213","0","0","0","N","0","0","0","1","02213","1","","5.0","","1","N","N","","1","","0","0","0","","0","N","","1","1","0","0","0","0","0","2","0","1","","","","N","","","","","","","","","",""
"2018135658","","1","0","0","0","0","0","0","0","0","99","0","","02","12","2018","2","40.516847","-80.194797","","11","0","0","0","0","0","0","0","0","","0","0","0","","","0","","0","","40 31:00.649","","0","80 11:41.268","0","0","0","0","2213","0","0","0","N","0","0","0","1","02213","0","","1.0","","1","N","N","","0","","0","0","0","","0","","","1","0","0","0","0","0","0","2","0","1","","","","N","","","","","","","","","",""
"2018059656","","2","0","0","0","0","0","0","0","0","1","0","","02","6","2018","6","40.328154","-80.03945","","11","0","0","0","0","0","0","0","0","","0","0","0","","","1","","0","","40 19:41.356","","0","80 02:22.021","3","0","0","0","2407","0","0","0","N","0","0","0","2","02407","0","","1.0","","1","N","N","","0","","1","0","0","","0","","","2","1","0","0","0","0","0","2","0","2","","","","N","","","","","","","","","",""
"2018119231","","0","0","0","0","0","0","0","0","0","99","0","","02","11","2018","7","40.448371","-79.8015","","11","0","0","0","0","0","0","0","0","","0","0","0","","","0","","0","","40 26:54.137","","0","79 48:05.399","0","0","0","0","2113","0","0","0","N","0","0","0","1","02113","0","","1.0","","1","N","N","","0","","0","0","1","","0","N","","1","0","0","0","0","0","0","2","0","1","","","","N","","","","","","","","","",""
"2018136622","","1","0","0","0","0","0","0","0","0","7","0","","02","12","2018","5","40.343056","-79.929889","","11","0","0","0","0","0","0","0","1","","0","0","0","","","0","","0","","40 20:35.000","","0","79 55:47.600","0","0","0","0","2473","0","0","0","N","0","0","0","1","02473","0","","5.0","","1","N","N","","0","","0","0","0","","0","","","1","0","0","0","0","0","0","2","0","1","","","","N","","","","","","","","","",""
"2018057140","","0","0","0","0","0","0","0","0","0","4","0","","02","5","2018","2","40.451451","-79.90819","","11","0","0","0","0","0","0","0","0","1","0","0","0","","","0","","1","","40 27:05.223","3","0","79 54:29.484","0","0","0","0","2301","0","0","0","N","0","0","0","5","02301","0","","1.0","","1","N","N","","1","","0","0","1","","2","N","","2","0","1","0","0","0","0","2","0","2","","","","N","","","","","","","","","",""
"2018059850","","0","0","0","0","0","0","0","0","0","4","0","","02","6","2018","6","40.395997","-79.884447","","11","0","0","0","0","0","0","0","0","2","0","0","0","","","1","","0","","40 23:45.590","6","0","79 53:04.010","3","0","0","0","2473","0","0","0","N","0","0","0","1","02473","0","","5.0","","1","N","N","","1","","1","0","1","","0","Y","","2","1","0","0","0","0","0","2","0","2","","","","N","","","","","","","","","",""
"2018050653","","0","0","0","0","0","0","0","0","0","1","0","","02","5","2018","2","40.616104","-80.092666","","11","0","0","0","0","0","0","0","0","","0","0","0","","","0","","0","","40 36:57.975","","7","80 05:33.598","0","0","0","0","2212","0","0","0","N","0","0","0","2","02505","0","","1.0","","1","N","N","","0","","0","0","2","","8","N","","2","0","0","0","0","0","0","2","0","2","","","","N","","","","","","","","","",""
"2018118110","","0","0","0","0","0","0","1","0","0","5","1","","02","11","2018","5","40.455576","-79.888103","","11","0","0","0","0","0","1","0","0","","0","0","0","","","1","","1","","40 27:20.073","","0","79 53:17.170","8","0","0","0","2301","0","0","0","N","0","0","0","34","02301","0","","1.0","","9","Y","N","","0","","0","0","0","","2","","","2","1","0","0","0","1","0","2","1","2","","","","N","","","","","","","","","",""
"2018134434","","2","0","0","0","0","0","0","0","0","6","0","","02","12","2018","7","40.351713","-79.827036","","11","0","0","0","0","0","0","0","0","","0","0","0","","","0","","2","","40 21:06.166","","0","79 49:37.329","0","0","0","0","2477","0","0","0","N","0","0","0","2","02477","0","","1.0","","9","N","N","","0","","0","0","0","","0","","","2","0","0","0","0","0","0","2","0","2","","","","N","","","","","","","","","",""
"2018057921","","1","0","0","0","0","0","0","0","0","7","0","","02","5","2018","3","40.500897","-80.010603","","11","0","0","0","0","0","0","0","0","","0","0","0","","","0","","0","","40 30:03.230","","0","80 00:38.170","0","0","0","0","2301","0","0","0","N","0","0","0","1","02301","0","","5.0","","1","N","N","","0","","0","0","0","","3","","","1","0","0","0","0","0","0","2","0","1","","","","N","","","","","","","","","",""
"2018051857","","2","0","0","0","0","0","0","0","0","4","0","","02","5","2018","5","40.526624","-80.159507","","11","0","0","0","0","0","0","0","0","2","0","0","0","","","0","","0","","40 31:35.848","2","0","80 09:34.225","0","0","0","0","2458","0","0","0","N","0","0","0","2","02458","0","","1.0","","1","N","N","","0","","0","0","0","","0","N","","2","0","0","0","0","0","0","2","0","2","","","","N","","","","","","","","","",""
"2018137380","","0","0","0","0","0","0","0","0","0","4","0","","02","12","2018","7","40.433932","-79.929517","","11","0","0","0","0","0","1","1","0","","0","0","0","","","0","","0","","40 26:02.154","","0","79 55:46.262","0","0","0","0","2301","0","0","0","N","0","0","0","4","02301","0","","1.0","","9","N","N","","0","","0","0","1","","0","","","2","0","0","0","0","0","0","2","1","2","","","","N","","","","","","","","","",""
"2018124128","","1","0","0","0","0","0","0","0","0","1","0","","02","11","2018","3","40.335046","-79.811592","","11","0","0","0","0","0","2","0","0","1","0","0","0","","","1","","2","","40 20:06.164","2","0","79 48:41.731","8","0","0","0","2477","0","0","0","N","0","0","0","2","02477","0","","1.0","","1","N","N","","1","","0","0","0","","3","N","","2","1","1","0","0","1","0","2","0","2","","","","N","","","","","","","","","",""
"2018138114","","1","0","0","0","0","0","0","0","0","7","0","","02","12","2018","3","40.412652","-80.017514","","11","0","0","0","1","0","0","0","0","","0","0","0","","","0","","2","","40 24:45.547","","0","80 01:03.050","0","0","0","0","2301","0","0","0","N","0","0","0","1","02301","0","","2.0","","1","N","N","","0","","0","0","0","","2","","","1","0","0","0","0","0","0","2","0","1","","","","N","","","","","","","","","",""
"2018135595","","2","0","0","0","0","0","0","0","0","4","0","","02","12","2018","3","40.467014","-80.024883","","11","0","0","0","0","0","1","0","0","","0","0","0","","","1","","1","","40 28:01.251","","0","80 01:29.579","8","0","0","0","2301","0","0","0","N","0","0","0","4","02301","0","","1.0","","1","N","N","","0","","0","0","0","","2","","","2","1","0","0","0","1","0","2","0","2","","","","N","","","","","","","","","",""
"2018058684","","0","0","0","0","0","0","0","0","0","1","0","","02","5","2018","5","40.46522","-79.979323","","11","0","0","0","0","0","0","0","0","","0","0","0","","","0","","0","","40 27:54.791","","0","79 58:45.562","0","0","0","0","2301","0","0","0","N","0","0","0","3","02301","0","","1.0","","1","N","N","","1","","0","0","2","","0","","","3","0","0","0","0","0","0","2","0","3","","","","N","","","","","","","","","",""
"2018136879","","1","0","0","0","0","0","0","0","0","4","0","","02","12","2018","6","40.33833","-79.953064","","11","0","0","0","0","0","0","0","1","1","0","0","0","","","0","N","0","","40 20:17.987","2","7","79 57:11.030","0","0","0","0","2454","0","0","0","N","0","0","0","2","02454","0","","1.0","9999.0","9","N","N","N","0","","0","0","1","","0","N","","2","0","1","0","0","0","0","2","0","2","","","","N","","","","","","","","","",""
"2018060015","","1","0","0","0","0","0","0","0","0","1","0","","02","5","2018","5","40.528848","-79.850115","","11","0","0","0","0","0","0","0","0","1","0","0","0","","","1","","2","","40 31:43.854","1","3","79 51:00.413","3","0","0","0","2208","0","0","0","N","0","0","0","2","02208","0","","1.0","","1","N","N","","0","","1","0","0","","2","N","","2","1","0","0","0","0","0","2","0","1","","","","N","","","","","","","","","",""
"2018061286","","0","0","0","0","0","0","0","0","0","7","0","","02","6","2018","1","40.600617","-79.750752","","11","0","0","0","0","0","0","0","0","2","0","0","0","","","0","","2","","40 36:02.221","4","0","79 45:02.707","0","0","0","0","2464","0","0","0","N","0","0","0","1","02464","0","","5.0","","1","N","N","","1","","0","0","0","","3","Y","","1","0","0","0","0","0","0","2","0","1","","","","N","","","","","","","","","",""
"2018134694","","2","0","0","0","0","0","0","0","0","1","0","","02","12","2018","1","40.455907","-79.942231","","11","0","0","0","0","0","0","0","0","2","0","0","0","","","0","","1","","40 27:21.264","4","0","79 56:32.032","0","0","0","0","2301","0","0","0","N","0","0","0","1","02301","0","","1.0","","1","N","N","","0","","0","0","0","","0","N","","2","0","0","0","0","0","0","2","0","2","","","","N","","","","","","","","","",""
"2018057390","","0","0","0","0","0","0","0","0","0","1","0","","02","5","2018","3","40.448409","-79.934231","","11","0","0","0","0","0","1","0","0","","0","0","0","","","0","","2","","40 26:54.272","","0","79 56:03.231","0","0","0","0","2301","0","0","0","N","0","0","0","5","02301","0","","1.0","","1","N","N","","0","","0","0","2","","2","","","2","0","0","0","0","0","0","2","0","2","","","","N","","","","","","","","","",""
"2018115314","","1","0","0","0","0","0","0","0","0","1","0","","02","10","2018","1","40.387352","-80.090452","","11","0","0","0","0","0","1","0","0","1","0","0","0","","","1","","0","","40 23:14.468","4","3","80 05:25.627","3","0","0","0","2437","0","0","0","N","0","0","0","2","02437","0","","1.0","","9","","","","1","","1","0","0","","0","N","","2","1","1","0","0","0","0","2","0","2","","","","N","","","","","","","","","",""
"2018048280","","0","0","0","0","0","0","0","0","0","2","0","","02","4","2018","1","40.552908","-79.991094","","11","0","0","0","0","0","0","0","0","1","0","0","0","","","1","","0","","40 33:10.470","2","0","79 59:27.940","3","0","0","0","2116","0","0","0","N","0","0","0","1","02116","0","","1.0","","1","N","N","","0","","1","0","3","","3","N","","3","1","0","0","0","0","0","2","0","3","","","","N","","","","","","","","","",""
"2018113232","","0","0","0","0","0","0","0","0","0","4","0","","02","10","2018","7","40.474264","-79.908338","","11","0","0","0","0","0","0","0","0","3","0","0","0","","","0","","1","","40 28:27.352","7","0","79 54:30.015","0","0","0","0","2301","0","0","0","N","0","0","0","2","02301","0","","1.0","","9","N","N","","1","","0","0","1","","2","Y","","2","0","1","0","0","0","0","2","0","2","","","","N","","","","","","","","","",""
"2018050304","","3","0","0","0","0","0","0","0","0","1","0","","02","4","2018","2","40.34132","-80.022424","","11","0","0","1","0","0","1","0","0","1","0","0","0","","","1","","2","","40 20:28.753","6","0","80 01:20.728","4","0","0","0","2407","0","0","0","N","0","0","0","4","02407","1","","1.0","","1","N","N","","0","","0","0","0","","0","N","","3","1","0","0","0","0","0","2","0","3","","","","N","","","","","","","","","",""
"2018130482","","1","0","0","0","0","0","0","0","0","7","0","","02","11","2018","5","40.506618","-80.037059","","11","0","0","0","0","0","0","0","0","2","0","0","0","","","0","","0","","40 30:23.826","5","0","80 02:13.413","0","0","0","0","2116","0","0","0","N","0","0","0","1","02116","0","","5.0","","7","N","N","","0","","0","0","0","","0","Y","","1","0","0","0","0","0","0","2","0","1","","","","N","","","","","","","","","",""
"2018133952","","1","0","0","0","0","0","0","0","0","7","0","","02","12","2018","6","40.411618","-80.006657","","11","0","0","0","0","0","0","0","0","","0","0","0","","","0","","0","","40 24:41.823","","0","80 00:23.965","0","0","0","0","2301","0","0","0","N","0","0","0","1","02301","0","","1.0","","9","N","N","","0","","0","0","0","","0","","","1","0","0","0","0","0","0","2","0","1","","","","N","","","","","","","","","",""
"2018047337","","1","0","0","0","0","0","0","0","0","4","0","","02","4","2018","7","40.43854","-79.985073","","11","0","0","0","0","0","0","0","0","1","0","0","0","","","0","","1","","40 26:18.745","4","0","79 59:06.264","9","0","0","0","2301","0","0","0","N","0","0","0","3","02301","0","","1.0","","1","N","N","","0","","0","0","1","","2","N","","2","0","0","0","0","0","1","2","0","2","","","","N","","","","","","","","","",""
"2018129914","","2","0","0","0","0","0","0","0","0","6","0","","02","12","2018","4","40.435669","-79.910438","","11","0","0","0","0","0","0","0","0","1","0","0","0","","","0","","0","","40 26:08.410","4","0","79 54:37.575","0","0","0","0","2301","0","0","0","N","0","0","0","3","02301","0","","6.0","","7","N","N","","0","","0","0","0","","0","N","","2","0","0","0","0","0","0","2","0","2","","","","N","","","","","","","","","",""
"2018115035","","2","0","0","0","0","0","0","0","0","4","0","","02","10","2018","4","40.332585","-80.023469","","11","0","0","0","0","0","0","0","1","","0","0","0","","","0","","0","","40 19:57.305","","0","80 01:24.487","0","0","0","0","2407","0","0","0","N","0","0","0","2","02407","0","","1.0","","1","N","N","","0","","0","0","0","","0","","","2","0","1","0","0","0","0","2","0","2","","","","N","","","","","","","","","",""
"2018008749","","2","0","0","0","0","0","0","0","0","1","0","","02","1","2018","5","","","","11","0","0","0","0","0","0","0","0","2","0","0","0","","","1","","0","","","1","0","","4","0","0","0","2301","0","0","0","N","0","0","0","2","02301","1","","1.0","","2","N","N","","0","","0","0","0","","0","N","","2","1","0","0","0","0","0","1","0","2","","","","N","","","","","","","","","",""
"2018034416","","0","0","0","0","0","0","0","0","0","7","0","","02","3","2018","3","40.405117","-79.914253","","11","0","0","0","0","0","1","0","0","3","0","0","0","","","1","","0","","40 24:18.420","6","0","79 54:51.310","8","0","0","0","2472","0","0","0","N","0","0","0","1","02472","0","","5.0","","9","N","N","","0","","0","0","1","","0","Y","","1","1","0","0","0","1","0","2","0","1","","","","N","","","","","","","","","",""
"2018035562","","0","0","0","0","0","0","0","0","0","7","0","","02","3","2018","7","40.496217","-79.882214","","11","0","0","0","0","0","1","0","0","","0","0","0","","","1","","0","","40 29:46.380","","0","79 52:55.970","3","0","0","0","2112","0","0","0","N","0","0","0","1","02112","0","","4.0","","1","N","N","","1","","1","0","0","","0","","","1","1","1","0","0","0","0","2","0","1","","","","N","","","","","","","","","",""
"2018053243","","2","0","0","0","0","0","0","0","0","4","0","","02","5","2018","2","40.409408","-79.916681","","11","0","0","0","1","0","0","0","1","1","0","0","0","","","2","","0","","40 24:33.870","3","7","79 55:00.050","4","0","0","0","2438","0","0","0","N","0","0","0","3","02438","2","","1.0","","9","N","N","","0","","0","0","0","","0","N","","2","2","0","0","0","0","0","2","0","2","","","","N","","","","","","","","","",""
"2018112142","","1","0","0","0","0","0","0","0","0","7","0","","02","10","2018","5","40.448509","-80.062868","","11","0","0","0","0","0","0","0","0","","0","0","0","","","0","","0","","40 26:54.634","","0","80 03:46.325","0","0","0","0","2439","0","0","0","N","0","0","0","1","02439","0","","5.0","","1","N","N","","0","","0","0","0","","0","","","1","0","0","0","0","0","0","2","0","1","","","","N","","","","","","","","","",""
"2018131706","","0","0","0","0","0","0","0","0","0","7","0","","02","12","2018","2","40.337941","-79.839417","","11","0","0","0","0","0","1","0","0","","0","0","0","","","1","","2","","40 20:16.588","","0","79 50:21.900","3","0","0","0","2304","0","0","0","N","0","0","0","1","02304","0","","5.0","","1","N","N","","1","","1","0","0","","3","","","1","1","0","0","0","0","0","2","0","1","","","","N","","","","","","","","","",""
"2018104068","","3","0","0","0","0","0","0","0","0","4","0","","02","10","2018","5","40.366063","-80.106993","","11","0","0","0","0","0","0","1","0","1","0","0","0","","","1","","2","","40 21:57.828","4","0","80 06:25.174","3","0","0","0","2102","0","0","0","N","0","0","0","3","02102","0","","1.0","","1","N","N","","0","","1","0","0","","0","N","","3","1","0","0","0","0","0","2","0","3","","","","N","","","","","","","","","",""
"2018057718","","0","0","0","1","0","0","0","0","0","8","0","","02","5","2018","3","40.46877","-79.927544","","11","0","0","0","0","0","1","0","0","1","0","0","0","","","1","","2","","40 28:07.571","4","0","79 55:39.158","8","0","0","0","2301","1","0","0","N","0","0","0","2","02301","0","","1.0","","98","N","N","","1","","0","0","0","","2","N","","2","1","0","0","0","1","0","2","0","1","","","","N","","","","","","","","","",""
"2018128425","","1","0","0","0","0","0","0","0","0","1","0","","02","12","2018","1","40.33995","-80.064655","","11","0","0","0","0","0","0","0","0","1","0","0","0","","","1","","0","","40 20:23.819","2","0","80 03:52.757","4","0","0","0","2123","0","0","0","N","0","0","0","3","02123","1","","1.0","","1","N","N","","0","","0","0","1","","0","N","","2","1","0","0","0","0","0","2","0","2","","","","N","","","","","","","","","",""
"2018057268","","2","0","0","0","0","0","0","0","0","4","0","","02","5","2018","7","40.466848","-79.964246","","11","0","0","0","0","0","0","0","0","","0","0","0","","","0","","1","","40 28:00.654","","0","79 57:51.287","0","0","0","0","2301","0","0","0","N","0","0","0","2","02301","0","","1.0","","1","N","N","","0","","0","0","0","","3","","","2","0","0","0","0","0","0","2","0","2","","","","N","","","","","","","","","",""
"2018058334","","1","0","0","0","0","0","0","0","0","7","0","","02","5","2018","3","40.465895","-80.000386","","11","0","0","0","0","0","0","0","0","1","0","0","0","","","0","","0","","40 27:57.223","2","0","80 00:01.388","0","0","0","0","2301","0","0","0","N","0","0","0","1","68B03","0","","4.0","","1","N","N","","0","","0","0","0","","0","N","","1","0","1","0","0","0","0","2","0","1","","","","N","","","","","","","","","",""
"2018130288","","2","0","0","0","0","0","0","0","0","1","0","","02","12","2018","3","40.495619","-80.012563","","11","0","0","0","0","0","0","0","0","","0","0","0","","","0","","6","","40 29:44.230","","2","80 00:45.228","0","0","0","0","2301","0","0","0","N","0","0","0","3","68B03","0","","1.0","","1","N","N","","0","","0","0","1","","0","","","3","0","0","0","0","0","0","2","0","3","","","","N","","","","","","","","","",""
"2018056902","","1","0","0","0","0","0","0","0","0","2","0","","02","5","2018","1","40.614158","-80.091172","","11","0","0","0","0","0","1","0","0","3","0","0","0","","","1","","0","","40 36:50.970","2","0","80 05:28.220","8","0","0","0","2481","0","0","0","N","0","0","0","2","02481","0","","1.0","","9","N","N","","0","","0","0","1","","2","Y","","2","1","0","0","0","1","0","2","0","2","","","","N","","","","","","","","","",""
"2018047776","","1","0","0","0","0","0","0","0","0","7","0","","02","4","2018","1","40.38537","-79.976586","","11","0","0","0","0","0","1","0","0","","0","0","0","","","0","","0","","40 23:07.332","","0","79 58:35.709","0","0","0","0","2301","0","0","0","N","0","0","0","1","02301","0","","2.0","","1","N","N","","0","","0","0","0","","0","","","1","0","0","0","0","0","0","2","0","1","","","","N","","","","","","","","","",""
"2018067798","","0","0","0","0","0","0","0","0","0","4","0","","02","5","2018","4","40.519789","-80.217893","","11","0","0","0","0","0","1","0","0","","0","0","0","","","2","","2","","40 31:11.240","","7","80 13:04.414","3","0","0","0","2213","0","0","0","N","0","0","0","3","02213","0","","1.0","","9","N","N","","0","","2","0","2","","2","","","2","2","0","0","0","0","0","2","0","2","","","","N","","","","","","","","","",""
"2018134447","","1","0","0","0","0","0","0","0","0","4","0","","02","12","2018","7","40.633652","-80.056958","","11","0","0","0","0","1","1","0","0","1","0","0","0","","","0","","1","","40 38:01.147","1","0","80 03:25.048","0","0","0","0","2216","0","0","0","N","0","0","0","2","02505","0","","1.0","","9","N","N","","0","","0","0","1","","3","N","","2","0","0","0","0","0","0","2","0","2","","","","N","","","","","","","","","",""
"2018131604","","1","0","0","0","0","0","0","0","0","1","0","","02","12","2018","2","40.351403","-79.821277","","11","0","0","0","0","0","0","0","0","","0","0","0","","","0","","1","","40 21:05.052","","0","79 49:16.596","0","0","0","0","2477","0","0","0","N","0","0","0","2","02477","0","","1.0","","1","N","N","","0","","0","0","1","","0","","","2","0","0","0","0","0","0","2","0","2","","","","N","","","","","","","","","",""
"2018051161","","3","0","0","0","0","0","0","0","0","1","0","","02","5","2018","3","40.543282","-80.211191","","11","0","0","0","0","0","1","0","0","2","0","0","0","","","2","","0","","40 32:35.816","4","0","80 12:40.289","3","0","0","0","2213","0","0","0","N","0","0","0","6","02213","1","","1.0","","1","N","N","","0","","1","0","1","","0","N","","4","2","0","0","0","0","0","2","0","4","","","","N","","","","","","","","","",""
"2018125243","","1","0","0","0","0","0","0","0","0","7","0","","02","11","2018","7","40.460979","-79.867015","","11","0","0","0","0","0","0","0","0","1","0","0","0","","","1","","0","","40 27:39.523","4","0","79 52:01.254","2","0","0","0","2113","0","0","0","N","0","0","0","1","02113","0","","5.0","","1","N","N","","0","","0","1","0","","0","N","","1","1","1","0","1","0","0","2","0","1","","","","N","","","","","","","","","",""
"2018056705","","1","0","0","1","0","0","0","0","0","8","0","","02","5","2018","7","40.456626","-80.013355","","11","0","0","0","0","0","0","0","0","","0","0","0","","","2","","1","","40 27:23.853","","0","80 00:48.078","3","0","0","0","2301","2","0","0","N","0","0","0","4","02301","0","","1.0","","1","N","N","","0","","1","0","0","","0","","","2","2","0","0","0","1","0","2","0","1","","","","N","","","","","","","","","",""
"2018128879","","1","0","0","0","0","0","0","0","0","4","0","","02","12","2018","2","40.478908","-80.043019","","11","0","0","0","0","0","1","0","0","2","0","0","0","","","3","","1","","40 28:44.067","3","0","80 02:34.868","8","0","0","0","2301","0","0","0","N","0","0","0","4","02301","0","","1.0","","9","N","N","","1","","0","0","0","","2","N","","2","3","0","0","0","3","0","2","0","2","","","","N","","","","","","","","","",""
"2018131119","","1","0","0","0","0","0","0","0","0","4","0","","02","12","2018","7","40.446848","-79.954818","","11","0","0","0","0","0","1","1","0","","0","0","0","","","0","","1","","40 26:48.652","","0","79 57:17.346","0","0","0","0","2301","0","0","0","N","0","0","0","8","02301","0","","1.0","","1","N","N","","0","","0","0","1","","3","","","2","0","0","0","0","0","0","2","0","2","","","","N","","","","","","","","","",""
"2018047202","","0","0","0","0","0","0","0","0","0","1","0","","02","4","2018","7","40.407083","-79.943273","","11","0","0","0","0","0","1","0","0","","0","0","0","","","0","","1","","40 24:25.498","","0","79 56:35.783","0","0","0","0","2301","0","0","0","N","0","0","0","2","02301","0","","1.0","","9","N","N","","1","","0","0","1","","0","","","2","0","0","0","0","0","0","2","0","2","","","","N","","","","","","","","","",""
"2018031408","","0","0","0","0","0","0","0","0","0","8","0","","02","3","2018","4","","","","11","0","0","0","0","0","1","0","0","1","0","0","0","","","1","","1","","","3","0","","3","0","0","0","2301","1","0","0","N","1","0","0","2","02301","0","","1.0","","1","N","N","","0","","1","0","1","","2","N","","2","1","0","0","0","0","0","1","0","1","","","","N","","","","","","","","","",""
"2018129936","","1","0","0","0","0","0","0","0","0","7","0","","02","11","2018","5","40.372846","-79.800287","","11","0","0","0","0","0","0","0","0","","0","0","0","","","0","","0","","40 22:22.247","","0","79 48:01.032","0","0","0","0","2111","0","0","0","N","0","0","0","1","02111","0","","5.0","","7","N","N","","0","","0","0","0","","0","","","1","0","0","0","0","0","0","2","0","1","","","","N","","","","","","","","","",""
"2018105942","","2","0","0","0","0","0","0","0","0","1","0","","02","5","2018","5","40.430099","-79.880824","","11","0","0","0","0","0","0","0","0","","0","0","0","","","1","","0","","40 25:48.358","","1","79 52:50.965","3","0","0","0","2426","0","0","0","N","0","0","0","2","68B03","0","","1.0","","1","N","N","","0","","1","0","0","","0","","","2","1","0","0","0","0","1","2","0","2","","","","N","","","","","","","","","",""
"2018130479","","2","0","0","0","0","0","0","0","0","4","0","","02","11","2018","1","40.520177","-79.950849","","11","0","0","0","0","0","2","0","0","3","0","0","0","","","1","","0","","40 31:12.636","5","0","79 57:03.058","8","0","0","0","2118","0","0","0","N","0","0","0","4","02118","0","","1.0","","1","N","N","","0","","0","0","0","","0","Y","","2","1","0","0","0","1","0","2","0","2","","","","N","","","","","","","","","",""
"2018113658","","1","0","0","0","0","0","0","0","0","1","0","","02","10","2018","2","40.248998","-79.877105","","11","0","0","0","0","0","1","0","0","2","0","0","0","","","0","","2","","40 14:56.393","1","0","79 52:37.578","0","0","0","0","2204","0","0","0","N","0","0","0","2","02204","0","","1.0","","1","N","N","","0","","0","0","1","","2","Y","","2","0","0","0","0","0","0","1","0","2","","","","N","","","","","","","","","",""
"2018118571","","1","0","0","0","0","0","0","0","0","7","0","","02","10","2018","3","40.515269","-80.119091","","11","0","0","0","0","0","0","1","0","","0","0","0","","","0","","2","","40 30:54.968","","0","80 07:08.727","0","0","0","0","2211","0","0","0","N","0","0","0","1","02215","0","","2.0","","1","N","N","","0","","0","0","0","","0","N","","1","0","0","0","0","0","0","2","0","1","","","","N","","","","","","","","","",""
"2018058251","","2","0","0","0","0","0","0","0","0","4","0","","02","5","2018","4","40.42719","-79.962548","","11","0","0","0","0","0","0","0","0","","0","0","0","","","1","","1","","40 25:37.883","","0","79 57:45.172","3","0","0","0","2301","0","0","0","N","0","0","0","4","02301","0","","1.0","","9","N","N","","0","","1","0","0","","0","","","2","1","0","0","0","0","0","2","0","2","","","","N","","","","","","","","","",""
"2018128190","","1","0","0","0","0","0","0","0","0","7","0","","02","12","2018","7","40.494354","-79.827342","","11","0","0","0","0","0","0","0","0","","0","0","0","","","0","","0","","40 29:39.675","","0","79 49:38.431","0","0","0","0","2113","0","0","0","Y","0","0","0","1","02113","0","","5.0","","9","N","N","","0","","0","0","0","","0","","","1","0","1","0","0","0","0","2","0","1","","","","N","","","","","","","","","",""