"CRN","ARRIVAL_TM","AUTOMOBILE_COUNT","BELTED_DEATH_COUNT","BELTED_SUSP_SERIOUS_INJ_COUNT","BICYCLE_COUNT","BICYCLE_DEATH_COUNT","BICYCLE_SUSP_SERIOUS_INJ_COUNT","BUS_COUNT","CHLDPAS_DEATH_COUNT","CHLDPAS_SUSP_SERIOUS_INJ_COUNT","COLLISION_TYPE","COMM_VEH_COUNT","CONS_ZONE_SPD_LIM","COUNTY","CRASH_MONTH","CRASH_YEAR","DAY_OF_WEEK","DEC_LATITUDE","DEC_LONGITUDE","DISPATCH_TM","DISTRICT","DRIVER_COUNT_16YR","DRIVER_COUNT_17YR","DRIVER_COUNT_18YR","DRIVER_COUNT_19YR","DRIVER_COUNT_20YR","DRIVER_COUNT_50_64YR","DRIVER_COUNT_65_74YR","DRIVER_COUNT_75PLUS","EST_HRS_CLOSED","FATAL_COUNT","HEAVY_TRUCK_COUNT","HORSE_BUGGY_COUNT","HOUR_OF_DAY","ILLUMINATION","INJURY_COUNT","INTERSECTION_RELATED","INTERSECT_TYPE","LANE_CLOSED","LATITUDE","LN_CLOSE_DIR","LOCATION_TYPE","LONGITUDE","MAX_SEVERITY_LEVEL","MCYCLE_DEATH_COUNT","MCYCLE_SUSP_SERIOUS_INJ_COUNT","MOTORCYCLE_COUNT","MUNICIPALITY","NONMOTR_COUNT","NONMOTR_DEATH_COUNT","NONMOTR_SUSP_SERIOUS_INJ_COUNT","NTFY_HIWY_MAINT","PED_COUNT","PED_DEATH_COUNT","PED_SUSP_SERIOUS_INJ_COUNT","PERSON_COUNT","POLICE_AGCY","POSSIBLE_INJ_COUNT","RDWY_SURF_TYPE_CD","RELATION_TO_ROAD","ROADWAY_CLEARED","ROAD_CONDITION","SCH_BUS_IND","SCH_ZONE_IND","SECONDARY_CRASH","SMALL_TRUCK_COUNT","SPEC_JURIS_CD","SUSP_MINOR_INJ_COUNT","SUSP_SERIOUS_INJ_COUNT","SUV_COUNT","TCD_FUNC_CD","TCD_TYPE","TFC_DETOUR_IND","TIME_OF_DAY","TOTAL_UNITS","TOT_INJ_COUNT","UNBELTED_OCC_COUNT","UNB_DEATH_COUNT","UNB_SUSP_SERIOUS_INJ_COUNT","UNK_INJ_DEG_COUNT","UNK_INJ_PER_COUNT","URBAN_RURAL","VAN_COUNT","VEHICLE_COUNT","WEATHER1","WEATHER2","WORKERS_PRES","WORK_ZONE_IND","WORK_ZONE_LOC","WORK_ZONE_TYPE","WZ_CLOSE_DETOUR","WZ_FLAGGER","WZ_LAW_OFFCR_IND","WZ_LN_CLOSURE","WZ_MOVING","WZ_OTHER","WZ_SHLDER_MDN","WZ_WORKERS_INJ_KILLED"
"2018131344","","2","0","0","0","0","0","0","0","0","1","0","","02","12","2018","2","40.559458","-79.959267","","11","0","0","0","0","0","1","0","0","","0","0","0","","","0","","2","","40 33:34.048","","0","79 57:33.361","0","0","0","0","2207","0","0","0","N","0","0","0","2","02207","0","","1.0","","1","N","N","","0","","0","0","0","","0","","","2","0","0","0","0","0","0","2","0","2","","","","N","","","","","","","","","",""
"2018057013","","1","0","0","0","0","0","0","0","0","7","0","","02","5","2018","1","40.4843","-80.018489","","11","0","1","0","0","0","0","0","0","1","0","0","0","","","0","","0","","40 29:03.480","1","0","80 01:06.560","0","0","0","0","2301","0","0","0","N","0","0","0","2","02301","0","","2.0","","1","N","N","","0","","0","0","0","","8","Y","","1","0","0","0","0","0","0","2","0","1","","","","N","","","","","","","","","",""
"2018125294","","1","0","0","0","0","0","0","0","0","4","0","","02","11","2018","7","40.524998","-79.838468","","11","0","0","0","0","0","1","0","0","1","0","0","0","","","0","","1","","40 31:29.992","6","0","79 50:18.484","0","0","0","0","2451","0","0","0","N","0","0","0","2","02451","0","","1.0","","9","N","N","","0","","0","0","1","","3","N","","2","0","0","0","0","0","0","2","0","2","","","","N","","","","","","","","","",""
"2018128927","","1","0","0","0","0","0","0","0","0","7","0","","02","12","2018","1","40.648206","-80.009166","","11","0","1","0","0","0","0","0","0","4","0","0","0","","","1","","0","","40 38:53.542","5","0","80 00:32.998","8","0","0","0","2216","0","0","0","N","0","0","0","1","02505","0","","5.0","","1","N","N","","0","","0","0","0","","0","Y","","1","1","0","0","0","1","0","1","0","1","","","","N","","","","","","","","","",""
"2018134755","","0","0","0","0","0","0","0","0","0","5","2","","02","12","2018","6","40.525302","-79.820239","","11","0","0","0","0","0","1","0","0","3","0","2","0","","","0","","0","","40 31:31.087","6","0","79 49:12.859","0","0","0","0","2466","0","0","0","Y","0","0","0","2","68T02","0","","1.0","","1","N","N","","0","","0","0","0","","0","Y","","2","0","0","0","0","0","0","2","0","2","","","","N","","","","","","","","","",""
"2018131193","","1","0","0","0","0","0","0","0","0","4","0","","02","12","2018","7","40.486154","-80.016019","","11","0","0","0","0","0","0","0","0","","0","0","0","","","0","","2","","40 29:10.155","","0","80 00:57.668","0","0","0","0","2301","0","0","0","N","0","0","0","2","02301","0","","1.0","","1","N","N","","0","","0","0","0","","3","","","2","0","0","0","0","0","0","2","1","2","","","","N","","","","","","","","","",""
"2018057305","","0","0","0","0","0","0","0","0","0","7","0","","02","5","2018","2","40.440529","-79.759779","","11","0","0","0","0","0","1","0","0","","0","0","0","","","1","","0","","40 26:25.906","","0","79 45:35.205","8","0","0","1","2446","0","0","0","N","0","0","0","1","68B03","0","","4.0","","1","N","N","","0","","0","0","0","","0","","","1","1","0","0","0","1","0","2","0","1","","","","N","","","","","","","","","",""
"2018132557","","2","0","0","0","0","0","0","0","0","4","0","","02","12","2018","3","40.449839","-79.929647","","11","0","0","0","0","0","1","0","0","1","0","0","0","","","0","","1","","40 26:59.420","3","0","79 55:46.729","0","0","0","0","2301","0","0","0","N","0","0","0","2","02301","0","","1.0","","1","N","N","","0","","0","0","0","","2","N","","2","0","0","0","0","0","0","2","0","2","","","","N","","","","","","","","","",""
"2018128672","","3","0","0","0","0","0","0","0","0","7","0","","02","11","2018","6","40.502022","-80.071873","","11","0","0","0","0","0","0","0","0","1","0","0","0","","","0","","0","","40 30:07.279","5","0","80 04:18.744","0","0","0","0","2402","0","0","0","Y","0","0","0","0","02402","0","","9.0","","1","","","","0","","0","0","2","","8","Y","","5","0","0","0","0","0","0","2","0","5","","","","N","","","","","","","","","",""
"2018041723","","1","0","0","0","0","0","0","0","0","7","0","","02","4","2018","3","40.510276","-79.852166","","11","0","0","0","0","0","0","1","0","1","0","0","0","","","0","","0","","40 30:36.992","5","0","79 51:07.798","0","0","0","0","2112","0","0","0","Y","0","0","0","1","02112","0","","2.0","","1","N","N","","0","","0","0","0","","0","N","","1","0","0","0","0","0","0","2","0","1","","","","N","","","","","","","","","",""
"2018118504","","1","0","0","0","0","0","0","0","0","4","0","","02","11","2018","5","40.423595","-79.961811","","11","0","0","0","0","0","0","0","0","1","0","0","0","","","0","","1","","40 25:24.942","6","0","79 57:42.520","0","0","0","0","2301","0","0","0","N","0","0","0","2","02301","0","","1.0","","1","N","N","","1","","0","0","0","","2","N","","2","0","0","0","0","0","0","2","0","2","","","","N","","","","","","","","","",""
"2018129206","","1","0","0","0","0","0","0","0","0","1","0","","02","12","2018","3","40.432239","-79.915134","","11","0","0","0","0","0","0","1","0","","0","0","0","","","1","","0","","40 25:56.062","","0","79 54:54.481","8","0","0","0","2301","0","0","0","N","0","0","0","2","02301","0","","1.0","","1","N","Y","","0","","0","0","1","","0","","","2","1","0","0","0","1","0","2","0","2","","","","N","","","","","","","","","",""
"2018113422","","0","0","0","0","0","0","0","0","0","99","0","","02","10","2018","2","40.367997","-79.779795","","11","0","0","0","0","0","0","0","0","","0","0","0","","","2","","0","","40 22:04.788","","0","79 46:47.263","3","0","0","0","2111","0","0","0","N","0","0","0","2","02111","0","","1.0","","1","N","N","","0","","2","0","1","","0","","","1","2","0","0","0","0","0","2","0","1","","","","N","","","","","","","","","",""
"2018113961","","0","0","0","0","0","0","0","0","0","1","0","","02","10","2018","5","40.582318","-80.107781","","11","0","0","0","0","0","0","0","0","","0","0","0","","","0","","0","","40 34:56.345","","0","80 06:28.011","0","0","0","0","2481","0","0","0","N","0","0","0","2","68B03","0","","1.0","","9","N","N","","1","","0","0","1","","0","","","2","0","0","0","0","0","0","2","0","2","","","","N","","","","","","","","","",""
"2018104884","","1","0","0","0","0","0","0","0","0","7","0","","02","10","2018","1","40.434611","-79.913778","","11","0","0","0","0","0","0","0","0","","0","0","0","","","1","N","0","","40 26:04.600","","0","79 54:49.600","3","0","0","0","2301","0","0","0","N","0","0","0","1","02301","0","","2.0","","1","N","N","","0","","1","0","0","","0","","","1","1","0","0","0","0","0","2","0","1","","","","N","","","","","","","","","",""
"2018048461","","2","0","0","0","0","0","0","0","0","1","0","","02","5","2018","4","40.460864","-79.866301","","11","0","0","0","0","0","0","0","0","","0","0","0","","","1","","0","","40 27:39.110","","0","79 51:58.682","3","0","0","0","2113","0","0","0","N","0","0","0","3","02113","0","","1.0","","1","N","N","","0","","1","0","0","","2","","","2","1","0","0","0","0","0","2","0","2","","","","N","","","","","","","","","",""
"2018072702","","1","0","0","0","0","0","0","0","0","4","0","","02","7","2018","4","40.500214","-79.865676","","11","0","0","0","0","0","1","1","0","1","0","0","0","","","1","","0","","40 30:00.772","1","0","79 51:56.432","8","0","0","0","2112","0","0","0","N","0","0","0","2","02112","0","","1.0","","1","N","N","","0","","0","0","1","","0","N","","2","1","0","0","0","1","0","2","0","2","","","","N","","","","","","","","","",""
"2018048850","","1","0","0","0","0","0","0","0","0","7","0","","02","5","2018","4","40.489628","-80.021522","","11","0","0","0","0","0","1","0","0","3","0","0","0","","","1","","0","","40 29:22.660","7","0","80 01:17.480","3","0","0","0","2301","0","0","0","N","0","0","0","1","02301","0","","2.0","","1","N","N","","0","","1","0","0","","0","Y","","1","1","0","0","0","0","0","2","0","1","","","","N","","","","","","","","","",""
"2018057343","","2","0","0","0","0","0","0","0","0","4","0","","02","5","2018","2","40.355085","-80.116179","","11","0","0","0","0","0","0","0","0","","0","0","0","","","0","","2","","40 21:18.306","","2","80 06:58.245","0","0","0","0","2119","0","0","0","N","0","0","0","7","02119","0","","1.0","","1","N","N","","0","","0","0","0","","2","","","2","0","0","0","0","0","0","2","0","2","","","","N","","","","","","","","","",""
"2018059171","","1","0","0","0","0","0","0","0","0","7","0","","02","4","2018","2","40.425226","-80.122017","","11","0","0","0","0","0","0","0","0","1","0","0","0","","","0","","0","","40 25:30.815","4","0","80 07:19.262","0","0","0","0","2102","0","0","0","N","0","0","0","1","68B03","0","","5.0","","1","N","N","","0","","0","0","0","","0","N","","1","0","0","0","0","0","0","2","0","1","","","","N","","","","","","","","","",""
"2018112106","","1","0","0","0","0","0","0","0","0","4","0","","02","10","2018","5","40.427516","-79.751223","","11","1","0","0","0","0","1","0","0","","0","0","0","","","1","","2","","40 25:39.057","","0","79 45:04.402","3","0","0","0","2446","0","0","0","N","0","0","0","3","02446","0","","1.0","","1","N","N","","1","","1","0","0","","2","","","2","1","0","0","0","0","0","2","0","2","","","","N","","","","","","","","","",""
"2018082393","","0","0","0","0","0","0","0","0","0","7","0","","02","8","2018","3","40.495684","-79.868024","","11","0","0","0","0","0","0","0","0","","0","0","0","","","0","","2","","40 29:44.461","","0","79 52:04.885","0","0","0","0","2112","0","0","0","N","0","0","0","1","02112","0","","4.0","","1","N","N","","0","","0","0","1","","2","","","1","0","0","0","0","0","0","2","0","1","","","","N","","","","","","","","","",""
"2018136255","","1","0","0","0","0","0","0","0","0","4","0","","02","12","2018","4","40.388998","-80.049126","","11","0","0","0","0","0","0","1","0","2","0","0","0","","","1","","2","","40 23:20.392","2","0","80 02:56.853","3","0","0","0","2109","0","0","0","N","0","0","0","2","02109","0","","1.0","","1","N","N","","0","","1","0","1","","2","N","","2","1","0","0","0","0","0","2","0","2","","","","N","","","","","","","","","",""
"2018130592","","2","0","0","0","0","0","0","0","0","4","0","","02","12","2018","4","40.364764","-80.019913","","11","0","0","0","0","0","2","0","0","","0","0","0","","","0","","0","","40 21:53.149","","7","80 01:11.685","0","0","0","0","2416","0","0","0","N","0","0","0","5","02416","0","","1.0","","1","N","N","","0","","0","0","0","","0","","","2","0","0","0","0","0","0","2","0","2","","","","N","","","","","","","","","",""
"2018133052","","2","0","0","0","0","0","0","0","0","4","0","","02","12","2018","4","40.541006","-80.179205","","11","0","0","0","0","0","0","1","0","1","0","0","0","","","1","","1","","40 32:27.621","1","0","80 10:45.137","3","0","0","0","2458","0","0","0","N","0","0","0","2","02458","0","","1.0","","1","N","N","","0","","1","0","0","","3","N","","2","1","0","0","0","0","0","2","0","2","","","","N","","","","","","","","","",""
"2018058219","","1","0","0","0","0","0","0","0","0","7","0","","02","5","2018","4","40.438947","-79.973106","","11","0","0","0","0","0","1","0","0","","0","0","0","","","0","","0","","40 26:20.210","","0","79 58:23.180","0","0","0","0","2301","0","0","0","N","0","0","0","1","02301","0","","5.0","","1","N","N","","0","","0","0","0","","0","","","1","0","1","0","0","0","0","2","0","1","","","","N","","","","","","","","","",""
"2018132709","","1","0","0","0","0","0","0","0","0","7","0","","02","12","2018","1","40.461197","-79.920798","","11","0","0","0","0","0","0","0","0","","0","0","0","","","0","","2","","40 27:40.309","","0","79 55:14.872","0","0","0","0","2301","0","0","0","N","0","0","0","0","02301","0","","2.0","","1","N","N","","0","","0","0","0","","2","","","1","0","0","0","0","0","0","2","0","1","","","","N","","","","","","","","","",""
"2018130148","","2","0","0","0","0","0","0","0","0","4","0","","02","11","2018","3","40.553144","-80.02227","","11","0","0","0","0","0","0","0","0","1","0","0","0","","","1","","0","","40 33:11.319","3","7","80 01:20.171","4","0","0","0","2116","0","0","0","N","0","0","0","2","02116","1","","1.0","","9","N","N","","0","","0","0","0","","0","N","","2","1","0","0","0","0","0","2","0","2","","","","N","","","","","","","","","",""
"2018108550","","2","0","0","0","0","0","0","0","0","2","0","","02","10","2018","3","40.507341","-79.851682","","11","0","0","0","0","0","0","0","1","1","0","0","0","","","1","","2","","40 30:26.428","1","0","79 51:06.055","3","0","0","0","2112","0","0","0","N","0","0","0","2","02112","0","","1.0","","1","N","N","","0","","1","0","0","","2","N","","2","1","0","0","0","0","0","2","0","2","","","","N","","","","","","","","","",""
"2018105886","","0","0","0","0","0","0","0","0","0","1","1","","02","9","2018","6","40.428782","-79.933718","","11","0","0","0","0","0","0","0","0","","0","1","0","","","0","","0","","40 25:43.616","","0","79 56:01.386","0","0","0","0","2301","0","0","0","N","0","0","0","3","68B03","0","","1.0","","1","N","N","","0","","0","0","1","","0","","","2","0","0","0","0","0","0","2","0","2","","","","N","","","","","","","","","",""
"2018125770","","1","0","0","0","0","0","0","0","0","1","0","","02","11","2018","2","40.317831","-79.898722","","11","0","0","0","0","0","0","0","0","","0","0","0","","","1","","0","","40 19:04.193","","0","79 53:55.400","4","0","0","0","2440","0","0","0","N","0","0","0","4","02440","1","","1.0","","9","N","N","","1","","0","0","0","","0","","","2","1","0","0","0","0","2","2","0","2","","","","N","","","","","","","","","",""
"2018048919","","1","0","0","0","0","0","0","0","0","1","0","","02","5","2018","5","40.322609","-79.926357","","11","0","0","0","0","0","0","0","0","","0","0","0","","","1","","2","","40 19:21.394","","0","79 55:34.885","3","0","0","0","2440","0","0","0","N","0","0","0","2","02440","0","","1.0","","1","N","N","","1","","1","0","0","","0","","","2","1","0","0","0","0","0","2","0","2","","","","N","","","","","","","","","",""
"2018132306","","1","0","0","0","0","0","0","0","0","8","0","","02","12","2018","3","40.406582","-80.052724","","11","0","0","0","0","0","0","0","1","1","0","0","0","","","1","","2","","40 24:23.695","2","0","80 03:09.807","3","0","0","0","2435","1","0","0","N","1","0","0","2","02435","0","","1.0","","1","N","N","","0","","1","0","0","","0","N","","2","1","0","0","0","0","0","2","0","1","","","","N","","","","","","","","","",""
"2018012499","","1","0","0","0","0","0","1","0","0","5","1","","02","1","2018","1","40.471576","-79.959676","","11","0","0","0","0","0","1","0","0","2","0","0","0","","","1","","0","","40 28:17.672","1","0","79 57:34.835","8","0","0","0","2301","0","0","0","N","0","0","0","2","02503","0","","1.0","","9","N","N","","0","","0","0","0","","0","N","","2","1","0","0","0","1","0","2","0","2","","","","N","","","","","","","","","",""
"2018126491","","1","0","0","0","0","0","0","0","0","1","1","","02","11","2018","3","40.465776","-80.03389","","11","0","0","0","0","0","0","0","0","2","0","1","0","","","0","","0","","40 27:56.795","1","0","80 02:02.004","9","0","0","0","2301","0","0","0","N","0","0","0","2","02301","0","","1.0","","2","N","N","","0","","0","0","0","","0","N","","2","0","0","0","0","0","1","2","0","2","","","","N","","","","","","","","","",""
"2018131004","","0","0","0","0","0","0","0","0","0","8","1","55","02","12","2018","4","40.594159","-79.903371","","11","0","0","0","0","0","1","0","0","","0","1","0","","","1","","0","","40 35:38.971","","0","79 54:12.137","2","0","0","0","2209","1","0","1","N","1","0","1","2","68T02","0","","3.0","","9","N","N","","0","","0","1","0","","0","","","2","1","0","0","0","0","0","1","0","1","","","Y","Y","4","1","N","N","N","N","N","N","Y",""
"2018035009","","1","0","0","0","0","0","0","0","0","7","0","","02","3","2018","4","40.487587","-79.896607","","11","0","0","0","0","1","0","0","0","","0","0","0","","","0","","0","","40 29:15.314","","0","79 53:47.786","0","0","0","0","2112","0","0","0","N","0","0","0","1","02112","0","","2.0","","2","N","N","","0","","0","0","0","","0","N","","1","0","0","0","0","0","0","2","0","1","","","","N","","","","","","","","","",""
"2018132213","","0","0","0","0","0","0","0","0","0","7","0","","02","12","2018","3","40.520865","-79.985431","","11","0","0","0","0","0","0","0","0","2","0","0","0","","","0","","0","","40 31:15.115","5","0","79 59:07.551","0","0","0","0","2118","0","0","0","N","0","0","0","1","02118","0","","1.0","","1","N","N","","0","","0","0","1","","0","N","","1","0","0","0","0","0","0","2","0","1","","","","N","","","","","","","","","",""
"2018136203","","0","0","0","0","0","0","0","0","0","1","0","","02","12","2018","6","40.494648","-79.870634","","11","0","0","0","0","0","1","0","0","","0","0","0","","","0","","0","","40 29:40.733","","0","79 52:14.283","0","0","0","0","2112","0","0","0","N","0","0","0","3","68D02","0","","1.0","","9","N","N","","0","","0","0","2","","0","","","2","0","0","0","0","0","0","2","0","2","","","","N","","","","","","","","","",""
"2018058509","","1","0","0","0","0","0","0","0","0","4","0","","02","5","2018","7","40.619186","-80.077971","","11","0","0","0","0","1","0","0","0","","0","0","0","","","1","","1","","40 37:09.071","","0","80 04:40.697","3","0","0","0","2212","0","0","0","N","0","0","0","2","02505","0","","1.0","","1","N","N","","1","","1","0","0","","2","N","","2","1","0","0","0","0","0","2","0","2","","","","N","","","","","","","","","",""
"2018128458","","1","0","0","0","0","0","0","0","0","7","0","","02","11","2018","4","40.514203","-80.005446","","11","0","0","0","0","0","0","0","0","","0","0","0","","","0","","6","","40 30:51.130","","0","80 00:19.605","0","0","0","0","2116","0","0","0","N","0","0","0","1","02116","0","","5.0","","9","N","N","","0","","0","0","0","","3","","","1","0","0","0","0","0","0","2","0","1","","","","N","","","","","","","","","",""
"2018049136","","2","0","0","0","0","0","0","0","0","1","0","","02","5","2018","5","40.554393","-80.021334","","11","0","0","0","0","0","0","0","0","","0","0","0","","","2","","1","","40 33:15.814","","0","80 01:16.803","8","0","0","0","2108","0","0","0","N","0","0","0","3","02108","0","","1.0","","9","N","N","","0","","0","0","0","","2","","","2","2","0","0","0","2","0","2","0","2","","","","N","","","","","","","","","",""
"2018105981","","1","0","0","0","0","0","0","0","0","5","0","","02","10","2018","2","40.5376","-80.036263","","11","0","0","0","0","0","1","0","0","2","0","0","0","","","0","","0","","40 32:15.359","5","0","80 02:10.546","0","0","0","0","2116","0","0","0","N","0","0","0","2","02116","0","","1.0","","1","N","N","","1","","0","0","0","","0","N","","2","0","2","0","0","0","0","2","0","2","","","","N","","","","","","","","","",""
"2018048449","","3","0","0","0","0","0","0","0","0","1","0","","02","5","2018","4","40.524757","-79.837449","","11","0","0","0","0","0","1","0","0","1","0","0","0","","","0","","0","","40 31:29.124","3","0","79 50:14.817","0","0","0","0","2451","0","0","0","N","0","0","0","4","02451","0","","1.0","","1","N","N","","0","","0","0","0","","0","N","","3","0","0","0","0","0","0","2","0","3","","","","N","","","","","","","","","",""
"2018131739","","3","0","0","0","0","0","0","0","0","6","0","","02","11","2018","6","40.513786","-80.002669","","11","0","0","0","0","1","1","0","1","1","0","0","0","","","0","","1","","40 30:49.629","3","0","80 00:09.607","0","0","0","0","2116","0","0","0","N","0","0","0","3","02116","0","","1.0","","1","N","N","","0","","0","0","0","","0","N","","3","0","0","0","0","0","0","2","0","3","","","","N","","","","","","","","","",""
"2018132507","","1","0","0","0","0","0","0","0","0","7","0","","02","12","2018","7","40.490678","-79.875994","","11","0","0","0","0","0","0","0","0","","0","0","0","","","0","","0","","40 29:26.441","","0","79 52:33.579","0","0","0","0","2112","0","0","0","N","0","0","0","1","68D02","0","","2.0","","1","N","N","","0","","0","0","0","","0","","","1","0","0","0","0","0","0","2","0","1","","","","N","","","","","","","","","",""
"2018127157","","1","0","0","0","0","0","0","0","0","7","0","","02","11","2018","5","40.489038","-79.800306","","11","0","0","0","0","0","0","0","0","2","0","0","0","","","2","","0","","40 29:20.536","6","0","79 48:01.102","4","0","0","0","2113","0","0","0","N","0","0","0","2","02113","2","","2.0","","2","N","N","","0","","0","0","0","","0","N","","1","2","2","0","0","0","0","2","0","1","","","","N","","","","","","","","","",""
"2018130072","","0","0","0","0","0","0","0","0","0","7","0","","02","12","2018","5","40.430274","-80.000564","","11","0","0","0","0","0","0","0","0","1","0","0","0","","","0","","0","","40 25:48.986","6","0","80 00:02.032","0","0","0","0","2301","0","0","0","N","0","0","0","0","02301","0","","2.0","","1","N","N","","0","","0","0","1","","0","Y","","1","0","0","0","0","0","0","2","0","1","","","","N","","","","","","","","","",""
"2018053039","","2","0","0","0","0","0","0","0","0","4","0","","02","5","2018","4","40.465477","-80.026565","","11","0","0","0","0","0","0","0","0","1","0","0","0","","","3","","0","","40 27:55.718","7","0","80 01:35.635","3","0","0","0","2301","0","0","0","N","0","0","0","3","02301","0","","6.0","","1","N","N","","1","","3","0","0","","0","N","","3","3","3","0","0","0","0","2","0","3","","","","N","","","","","","","","","",""
"2018133048","","2","0","0","0","0","0","0","0","0","4","0","","02","12","2018","4","40.453323","-79.731357","","11","0","0","0","0","0","0","0","0","","0","0","0","","","0","","2","","40 27:11.963","","0","79 43:52.885","0","0","0","0","2466","0","0","0","N","0","0","0","4","02466","0","","1.0","","1","N","N","","0","","0","0","0","","3","","","2","0","0","0","0","0","0","2","0","2","","","","N","","","","","","","","","",""
"2018048859","","1","0","0","0","0","0","0","0","0","99","0","","02","5","2018","5","40.640361","-80.089709","","11","0","0","0","1","0","0","0","0","","0","0","0","","","0","","2","","40 38:25.300","","0","80 05:22.953","0","0","0","0","2212","0","0","0","N","0","0","0","1","02505","0","","1.0","","1","N","N","","0","","0","0","0","","3","N","","1","0","0","0","0","0","0","2","0","1","","","","N","","","","","","","","","",""
"2018057091","","0","0","0","0","0","0","0","0","0","4","0","","02","5","2018","7","40.419753","-79.929196","","11","0","0","0","0","0","1","0","0","","0","0","0","","","1","","1","","40 25:11.110","","0","79 55:45.107","4","0","0","0","2301","0","0","0","N","0","0","0","2","02301","1","","1.0","","1","N","N","","0","","0","0","2","","3","","","2","1","0","0","0","0","0","2","0","2","","","","N","","","","","","","","","",""
"2018038576","","1","0","0","0","0","0","0","0","0","7","0","","02","4","2018","1","40.448995","-80.006138","","11","0","0","0","0","0","0","0","0","2","0","0","0","","","0","","7","","40 26:56.383","1","8","80 00:22.095","9","0","0","0","2301","0","0","0","Y","0","0","0","1","02301","0","","7.0","","1","N","N","","0","","0","0","0","","0","N","","1","0","0","0","0","0","1","2","0","1","","","","N","","","","","","","","","",""
"2018058272","","2","0","0","0","0","0","0","0","0","4","0","","02","4","2018","2","40.411651","-80.076289","","11","0","0","0","0","0","0","0","1","1","0","0","0","","","0","","6","","40 24:41.942","3","2","80 04:34.639","0","0","0","0","2117","0","0","0","N","0","0","0","3","68B03","0","","1.0","","1","N","N","","0","","0","0","0","","0","N","","2","0","0","0","0","0","0","2","0","2","","","","N","","","","","","","","","",""
"2018121135","","1","0","0","0","0","0","0","0","0","6","1","","02","11","2018","4","40.460985","-79.969621","","11","0","0","0","0","0","1","0","0","","0","1","0","","","0","","0","","40 27:39.547","","0","79 58:10.634","0","0","0","0","2301","0","0","0","N","0","0","0","2","02301","0","","1.0","","1","N","N","","0","","0","0","0","","2","","","2","0","0","0","0","0","0","2","0","2","","","","N","","","","","","","","","",""
"2018116109","","1","0","0","0","0","0","0","0","0","7","0","","02","11","2018","6","40.510456","-80.097062","","11","0","0","0","0","0","0","0","0","2","0","0","0","","","1","","2","","40 30:37.643","1","0","80 05:49.424","8","0","0","0","2429","0","0","0","N","0","0","0","1","02215","0","","5.0","","9","N","N","","0","","0","0","0","","0","N","","1","1","0","0","0","1","0","2","0","1","","","","N","","","","","","","","","",""
"2018130165","","2","0","0","0","0","0","0","0","0","1","1","","02","12","2018","5","40.454029","-79.912399","","11","0","0","0","0","0","0","0","0","","0","1","0","","","0","","1","","40 27:14.504","","0","79 54:44.638","0","0","0","0","2301","0","0","0","N","0","0","0","4","02301","0","","1.0","","1","N","N","","0","","0","0","0","","0","","","3","0","2","0","0","0","0","2","0","3","","","","N","","","","","","","","","",""
"2018048531","","2","0","0","0","0","0","0","0","0","7","0","","02","4","2018","1","40.483995","-79.961373","","11","0","0","0","0","0","0","0","0","1","0","0","0","","","0","","0","","40 29:02.381","1","0","79 57:40.942","0","0","0","0","2118","0","0","0","N","0","0","0","3","02118","0","","1.0","","1","N","N","","1","","0","0","0","","0","N","","3","0","0","0","0","0","0","2","0","3","","","","N","","","","","","","","","",""
"2018056997","","1","0","0","0","0","0","0","0","0","7","0","","02","5","2018","1","40.667146","-80.067243","","11","0","0","0","0","0","1","0","0","","0","0","0","","","0","","0","","40 40:01.725","","0","80 04:02.076","0","0","0","0","2216","0","0","0","N","0","0","0","1","02505","0","","5.0","","1","N","N","","0","","0","0","0","","0","","","1","0","0","0","0","0","0","2","0","1","","","","N","","","","","","","","","",""
"2018047779","","1","0","0","0","0","0","0","0","0","7","0","","02","4","2018","7","40.454113","-79.88487","","11","0","0","0","0","0","0","0","0","","0","0","0","","","0","","0","","40 27:14.807","","0","79 53:05.532","0","0","0","0","2301","0","0","0","N","0","0","0","1","02301","0","","5.0","","1","N","N","","0","","0","0","0","","0","","","1","0","0","0","0","0","0","2","0","1","","","","N","","","","","","","","","",""
"2018059460","","1","0","0","0","0","0","0","0","0","5","0","","02","5","2018","4","40.493413","-79.782718","","11","0","0","0","0","0","0","1","0","1","0","0","0","","","2","","0","","40 29:36.288","4","0","79 46:57.784","8","0","0","1","2466","0","0","0","N","0","0","0","3","68T02","0","","1.0","","1","N","N","","0","","0","0","0","","0","N","","2","2","0","0","0","2","1","2","0","2","","","","N","","","","","","","","","",""
"2018057497","","1","0","0","0","0","0","0","0","0","4","0","","02","5","2018","3","40.524321","-80.070991","","11","0","0","0","1","0","1","0","0","1","0","0","0","","","0","","1","","40 31:27.556","3","2","80 04:15.567","0","0","0","0","2215","0","0","0","N","0","0","0","3","02215","0","","1.0","","1","N","N","","1","","0","0","0","","2","N","","2","0","0","0","0","0","0","2","0","2","","","","N","","","","","","","","","",""