"CRN","ARRIVAL_TM","AUTOMOBILE_COUNT","BELTED_DEATH_COUNT","BELTED_SUSP_SERIOUS_INJ_COUNT","BICYCLE_COUNT","BICYCLE_DEATH_COUNT","BICYCLE_SUSP_SERIOUS_INJ_COUNT","BUS_COUNT","CHLDPAS_DEATH_COUNT","CHLDPAS_SUSP_SERIOUS_INJ_COUNT","COLLISION_TYPE","COMM_VEH_COUNT","CONS_ZONE_SPD_LIM","COUNTY","CRASH_MONTH","CRASH_YEAR","DAY_OF_WEEK","DEC_LATITUDE","DEC_LONGITUDE","DISPATCH_TM","DISTRICT","DRIVER_COUNT_16YR","DRIVER_COUNT_17YR","DRIVER_COUNT_18YR","DRIVER_COUNT_19YR","DRIVER_COUNT_20YR","DRIVER_COUNT_50_64YR","DRIVER_COUNT_65_74YR","DRIVER_COUNT_75PLUS","EST_HRS_CLOSED","FATAL_COUNT","HEAVY_TRUCK_COUNT","HORSE_BUGGY_COUNT","HOUR_OF_DAY","ILLUMINATION","INJURY_COUNT","INTERSECTION_RELATED","INTERSECT_TYPE","LANE_CLOSED","LATITUDE","LN_CLOSE_DIR","LOCATION_TYPE","LONGITUDE","MAX_SEVERITY_LEVEL","MCYCLE_DEATH_COUNT","MCYCLE_SUSP_SERIOUS_INJ_COUNT","MOTORCYCLE_COUNT","MUNICIPALITY","NONMOTR_COUNT","NONMOTR_DEATH_COUNT","NONMOTR_SUSP_SERIOUS_INJ_COUNT","NTFY_HIWY_MAINT","PED_COUNT","PED_DEATH_COUNT","PED_SUSP_SERIOUS_INJ_COUNT","PERSON_COUNT","POLICE_AGCY","POSSIBLE_INJ_COUNT","RDWY_SURF_TYPE_CD","RELATION_TO_ROAD","ROADWAY_CLEARED","ROAD_CONDITION","SCH_BUS_IND","SCH_ZONE_IND","SECONDARY_CRASH","SMALL_TRUCK_COUNT","SPEC_JURIS_CD","SUSP_MINOR_INJ_COUNT","SUSP_SERIOUS_INJ_COUNT","SUV_COUNT","TCD_FUNC_CD","TCD_TYPE","TFC_DETOUR_IND","TIME_OF_DAY","TOTAL_UNITS","TOT_INJ_COUNT","UNBELTED_OCC_COUNT","UNB_DEATH_COUNT","UNB_SUSP_SERIOUS_INJ_COUNT","UNK_INJ_DEG_COUNT","UNK_INJ_PER_COUNT","URBAN_RURAL","VAN_COUNT","VEHICLE_COUNT","WEATHER1","WEATHER2","WORKERS_PRES","WORK_ZONE_IND","WORK_ZONE_LOC","WORK_ZONE_TYPE","WZ_CLOSE_DETOUR","WZ_FLAGGER","WZ_LAW_OFFCR_IND","WZ_LN_CLOSURE","WZ_MOVING","WZ_OTHER","WZ_SHLDER_MDN","WZ_WORKERS_INJ_KILLED"
"2018054812","","2","0","0","0","0","0","0","0","0","0","0","","02","5","2018","1","40.47272","-80.038218","","11","0","0","0","0","0","3","0","0","2","0","0","0","","","0","","0","","40 28:21.791","1","3","80 02:17.583","0","0","0","0","2301","0","0","0","N","0","0","0","4","02301","0","","1.0","","1","N","N","","1","","0","0","0","","0","N","","3","0","0","0","0","0","0","2","0","3","","","","N","","","","","","","","","",""
"2018119824","","0","0","0","0","0","0","0","0","0","1","0","","02","10","2018","2","40.548621","-80.036975","","11","0","0","0","0","0","0","1","0","","0","0","0","","","1","","1","","40 32:55.036","","0","80 02:13.109","4","0","0","0","2116","0","0","0","N","0","0","0","2","02116","1","","1.0","","1","","","","0","","0","0","2","","2","","","2","1","1","0","0","0","0","2","0","2","","","","N","","","","","","","","","",""
"2018131711","","1","0","0","0","0","0","0","0","0","2","0","","02","12","2018","2","40.452914","-80.039369","","11","0","0","0","0","0","0","0","0","1","0","0","0","","","0","","2","","40 27:10.489","7","0","80 02:21.730","0","0","0","0","2301","0","0","0","N","0","0","0","2","02301","0","","1.0","","1","N","N","","0","","0","0","0","","2","N","","2","0","1","0","0","0","0","2","1","2","","","","N","","","","","","","","","",""
"2018121647","","1","0","0","0","0","0","0","0","0","99","0","","02","11","2018","5","40.477599","-79.842736","","11","0","0","0","0","0","1","0","0","1","0","0","0","","","0","","2","","40 28:39.356","2","0","79 50:33.849","0","0","0","0","2113","0","0","0","N","0","0","0","1","02113","0","","1.0","","7","N","N","","0","","0","0","0","","0","N","","1","0","0","0","0","0","0","2","0","1","","","","N","","","","","","","","","",""
"2018122560","","1","0","0","0","0","0","0","0","0","7","0","","02","10","2018","2","40.552996","-80.086398","","11","0","0","0","0","0","0","0","0","","0","0","0","","","0","","0","","40 33:10.785","","0","80 05:11.033","0","0","0","0","2215","0","0","0","","0","0","0","1","68B03","0","","2.0","","1","N","N","","0","","0","0","0","","0","","","1","0","0","0","0","0","0","2","0","1","","","","N","","","","","","","","","",""
"2018118306","","1","0","0","0","0","0","0","0","0","99","0","","02","11","2018","3","40.21987","-79.846175","","11","0","0","0","0","0","0","0","0","","0","0","0","","","0","","0","","40 13:11.532","","0","79 50:46.231","0","0","0","0","2204","0","0","0","N","0","0","0","1","02204","0","","1.0","","1","N","N","","0","","0","0","0","","0","","","1","0","0","0","0","0","0","2","0","1","","","","N","","","","","","","","","",""
"2018055670","","0","0","0","0","0","0","0","0","0","99","0","","02","5","2018","6","40.496675","-79.915658","","11","0","0","0","0","0","0","0","0","","0","0","0","","","3","","0","","40 29:48.029","","0","79 54:56.370","3","0","0","0","2301","0","0","0","N","0","0","0","3","02301","0","","1.0","","1","N","N","","0","","3","0","1","","0","","","1","3","1","0","0","0","0","2","0","1","","","","N","","","","","","","","","",""
"2018117636","","2","0","0","0","0","0","0","0","0","1","0","","02","11","2018","1","40.427461","-80.0545","","11","0","0","0","0","0","2","0","0","","0","0","0","","","2","","0","","40 25:38.858","","0","80 03:16.201","3","0","0","0","2301","0","0","0","N","0","0","0","4","02301","0","","1.0","","1","N","N","","1","","2","0","0","","0","","","3","2","0","0","0","0","0","2","0","3","","","","N","","","","","","","","","",""
"2018115292","","1","0","0","0","0","0","0","0","0","8","0","","02","11","2018","5","40.443958","-80.002771","","11","0","0","0","0","0","0","0","0","1","0","0","0","","","1","","2","","40 26:38.249","1","0","80 00:09.977","8","0","0","0","2301","1","0","0","N","1","0","0","2","02301","0","","1.0","","9","N","N","","0","","0","0","0","","2","N","","2","1","0","0","0","1","0","2","0","1","","","","N","","","","","","","","","",""
"2018128267","","2","0","0","0","0","0","0","0","0","2","0","","02","12","2018","7","40.34551","-80.154736","","11","0","0","0","0","0","0","0","0","1","0","0","0","","","0","","1","","40 20:43.835","1","0","80 09:17.050","0","0","0","0","2119","0","0","0","N","0","0","0","3","02119","0","","1.0","","9","N","N","","0","","0","0","0","","3","N","","2","0","0","0","0","0","0","2","0","2","","","","N","","","","","","","","","",""
"2018056441","","0","0","0","0","0","0","0","0","0","4","0","","02","5","2018","7","40.620645","-79.945349","","11","0","0","0","0","0","2","0","0","","0","0","0","","","0","","2","","40 37:14.322","","7","79 56:43.256","0","0","0","0","2217","0","0","0","N","0","0","0","2","02505","0","","1.0","","1","N","N","","0","","0","0","2","","3","","","2","0","0","0","0","0","0","2","0","2","","","","N","","","","","","","","","",""
"2018054829","","1","0","0","0","0","0","0","0","0","1","0","","02","5","2018","5","40.335519","-79.947168","","11","0","0","0","0","0","1","0","0","1","0","0","0","","","0","","0","","40 20:07.867","1","0","79 56:49.805","0","0","0","0","2454","0","0","0","N","0","0","0","3","02454","0","","1.0","","1","N","N","","2","","0","0","0","","2","Y","","3","0","0","0","0","0","0","2","0","3","","","","N","","","","","","","","","",""
"2018133719","","2","0","0","0","0","0","0","0","0","1","0","","02","12","2018","5","40.546472","-80.218932","","11","0","0","1","0","0","0","0","0","","0","0","0","","","0","","2","","40 32:47.300","","0","80 13:08.155","0","0","0","0","2103","0","0","0","N","0","0","0","2","02103","0","","1.0","","1","N","N","","0","","0","0","0","","0","","","2","0","0","0","0","0","0","2","0","2","","","","N","","","","","","","","","",""
"2018121298","","0","0","0","0","0","0","0","0","0","1","0","","02","11","2018","3","40.36157","-80.063845","","11","0","0","0","0","0","0","1","1","1","0","0","0","","","1","","2","","40 21:41.653","1","0","80 03:49.841","3","0","0","0","2109","0","0","0","N","0","0","0","2","02109","0","","1.0","","1","N","N","","0","","1","0","2","","4","N","","2","1","0","0","0","0","0","2","0","2","","","","N","","","","","","","","","",""
"2018054771","","3","0","0","0","0","0","0","0","0","6","0","","02","5","2018","1","40.535451","-79.977343","","11","0","0","0","0","0","1","0","0","2","0","0","0","","","0","","1","","40 32:07.624","3","0","79 58:38.436","0","0","0","0","2118","0","0","0","N","0","0","0","3","02118","0","","1.0","","1","N","N","","0","","0","0","0","","0","N","","3","0","0","0","0","0","0","2","0","3","","","","N","","","","","","","","","",""
"2018026907","","2","0","0","0","0","0","0","0","0","4","0","","02","3","2018","1","40.487502","-79.882922","","11","0","0","0","0","0","0","1","0","","0","0","0","","","0","","1","","40 29:15.007","","0","79 52:58.518","0","0","0","0","2112","0","0","0","N","0","0","0","3","02112","0","","4.0","","1","N","N","","0","","0","0","0","","2","","","2","0","0","0","0","0","0","2","0","2","","","","N","","","","","","","","","",""
"2018109585","","0","0","0","0","0","0","0","0","0","1","1","","02","10","2018","6","40.464791","-79.979816","","11","0","0","0","0","0","0","0","0","","0","1","0","","","0","","0","","40 27:53.247","","0","79 58:47.338","0","0","0","0","2301","0","0","0","N","0","0","0","3","02301","0","","1.0","","1","N","N","","0","","0","0","0","","0","","","2","0","0","0","0","0","0","2","1","2","","","","N","","","","","","","","","",""
"2018118712","","1","0","0","0","0","0","0","0","0","1","0","","02","11","2018","4","40.431803","-80.024408","","11","0","0","0","0","0","0","0","0","","0","0","0","","","0","","0","","40 25:54.491","","4","80 01:27.870","0","0","0","0","2301","0","0","0","N","0","0","0","2","68B03","0","","1.0","","1","N","N","","1","","0","0","0","","0","","","2","0","0","0","0","0","0","2","0","2","","","","N","","","","","","","","","",""
"2018117462","","1","0","0","0","0","0","0","0","0","7","0","","02","11","2018","4","40.438778","-80.254274","","11","0","0","0","1","0","0","0","0","","0","0","0","","","0","","0","","40 26:19.602","","0","80 15:15.385","0","0","0","0","2214","0","0","0","N","0","0","0","2","02214","0","","5.0","","1","N","N","","0","","0","0","0","","0","","","1","0","0","0","0","0","0","2","0","1","","","","N","","","","","","","","","",""
"2018077164","","0","0","0","0","0","0","0","0","0","7","0","","02","7","2018","6","40.390933","-80.059252","","11","0","0","0","0","0","0","0","0","1","0","0","0","","","0","","2","","40 23:27.357","1","0","80 03:33.308","0","0","0","0","2117","0","0","0","N","0","0","0","3","02117","0","","5.0","","1","N","N","","0","","0","0","1","","2","Y","","1","0","0","0","0","0","0","2","0","1","","","","N","","","","","","","","","",""
"2018117383","","0","0","0","0","0","0","0","0","0","99","0","","02","11","2018","3","40.589088","-80.09845","","11","1","0","0","0","0","0","0","0","1","0","0","0","","","0","","0","","40 35:20.717","4","0","80 05:54.421","0","0","0","0","2481","0","0","0","N","0","0","0","1","02481","0","","1.0","","1","N","N","","0","","0","0","1","","0","Y","","1","0","0","0","0","0","0","2","0","1","","","","N","","","","","","","","","",""
"2018122421","","1","0","0","0","0","0","0","0","0","4","1","","02","11","2018","4","40.427984","-79.721604","","11","0","0","0","0","0","0","0","0","3","0","1","0","","","1","","2","","40 25:40.741","4","0","79 43:17.776","8","0","0","0","2446","0","0","0","N","0","0","0","2","02446","0","","1.0","","1","N","N","","0","","0","0","0","","3","N","","2","1","0","0","0","1","0","2","0","2","","","","N","","","","","","","","","",""
"2018124856","","0","0","0","0","0","0","0","0","0","1","0","","02","11","2018","4","40.342971","-80.035186","","11","0","0","0","0","0","1","0","0","2","0","0","0","","","0","","2","","40 20:34.695","4","0","80 02:06.669","0","0","0","0","2407","0","0","0","N","0","0","0","3","02407","0","","1.0","","1","N","N","","1","","0","0","2","","2","N","","3","0","0","0","0","0","0","2","0","3","","","","N","","","","","","","","","",""
"2018114915","","1","0","0","0","0","0","0","0","0","7","0","","02","10","2018","4","40.448053","-79.709256","","11","0","0","0","0","0","0","1","0","1","0","0","0","","","0","","0","","40 26:52.990","3","0","79 42:33.323","9","0","0","0","2466","0","0","0","N","0","0","0","2","02466","0","","2.0","","1","N","N","","1","","0","0","0","","0","N","","2","0","0","0","0","0","1","2","0","2","","","","N","","","","","","","","","",""
"2018116271","","2","0","0","0","0","0","0","0","0","5","0","","02","11","2018","1","40.413146","-79.845152","","11","0","0","0","1","0","0","0","0","1","0","0","0","","","4","","2","","40 24:47.325","3","0","79 50:42.547","3","0","0","0","2431","0","0","0","N","0","0","0","4","02431","0","","1.0","","1","N","N","","0","","4","0","0","","2","N","","2","4","0","0","0","0","0","2","0","2","","","","N","","","","","","","","","",""
"2018119839","","0","0","0","0","0","0","0","0","0","1","0","","02","11","2018","2","40.414831","-79.752232","","11","0","0","0","0","0","0","0","0","","0","0","0","","","0","","0","","40 24:53.391","","0","79 45:08.036","0","0","0","0","2446","0","0","0","N","0","0","0","2","02446","0","","1.0","","1","N","N","","0","","0","0","2","","0","","","2","0","0","0","0","0","0","2","0","2","","","","N","","","","","","","","","",""
"2018118258","","0","0","0","0","0","0","0","0","0","4","0","","02","11","2018","5","40.34895","-80.073981","","11","0","1","0","0","0","1","1","0","","0","0","0","","","0","","2","","40 20:56.219","","0","80 04:26.332","0","0","0","0","2123","0","0","0","N","0","0","0","3","02123","0","","1.0","","1","N","N","","0","","0","0","3","","3","","","3","0","0","0","0","0","0","2","0","3","","","","N","","","","","","","","","",""
"2018121363","","2","0","0","0","0","0","0","0","0","1","0","","02","11","2018","4","40.401308","-80.063113","","11","0","0","0","0","0","1","0","0","1","0","0","0","","","0","","2","","40 24:04.710","2","0","80 03:47.205","0","0","0","0","2117","0","0","0","N","0","0","0","2","02117","0","","1.0","","1","N","N","","0","","0","0","0","","0","N","","2","0","0","0","0","0","0","2","0","2","","","","N","","","","","","","","","",""
"2018116166","","1","0","0","0","0","0","0","0","0","5","1","","02","10","2018","5","40.237366","-79.861863","","11","0","0","0","0","0","1","0","0","1","0","1","0","","","1","","0","","40 14:14.518","2","0","79 51:42.705","8","0","0","0","2204","0","0","0","N","0","0","0","2","02204","0","","1.0","","1","N","N","","0","","0","0","0","","8","N","","2","1","0","0","0","1","0","1","0","2","","","","N","","","","","","","","","",""
"2018056797","","1","0","0","0","0","0","0","0","0","1","0","","02","5","2018","7","40.427349","-79.762154","","11","0","0","0","0","0","1","0","0","1","0","0","0","","","4","","2","","40 25:38.456","1","0","79 45:43.754","3","0","0","0","2446","0","0","0","N","0","0","0","4","02446","0","","1.0","","1","N","N","","0","","4","0","1","","3","N","","2","4","1","0","0","0","0","2","0","2","","","","N","","","","","","","","","",""
"2018126410","","1","0","0","0","0","0","0","0","0","4","0","","02","11","2018","7","40.495078","-80.166051","","11","0","0","0","0","0","2","0","0","2","0","0","0","","","1","","2","","40 29:42.280","1","0","80 09:57.783","8","0","0","0","2213","0","0","0","N","0","0","0","3","02213","0","","1.0","","9","N","N","","0","","0","0","1","","3","N","","2","1","1","0","0","1","1","2","0","2","","","","N","","","","","","","","","",""
"2018116341","","2","0","0","0","0","0","0","0","0","4","0","","02","11","2018","7","40.448765","-80.020496","","11","0","0","0","0","0","0","0","1","","0","0","0","","","1","","1","","40 26:55.555","","8","80 01:13.787","3","0","0","0","2301","0","0","0","N","0","0","0","2","02301","0","","1.0","","1","N","N","","0","","1","0","0","","2","","","2","1","0","0","0","0","0","2","0","2","","","","N","","","","","","","","","",""
"2018116634","","3","0","0","0","0","0","0","0","0","1","0","","02","10","2018","3","40.494771","-79.905651","","11","0","0","0","0","0","0","0","1","","0","0","0","","","0","","0","","40 29:41.176","","0","79 54:20.345","0","0","0","0","2401","0","0","0","N","0","0","0","6","68D02","0","","1.0","","1","N","N","","0","","0","0","0","","0","","","3","0","0","0","0","0","0","2","0","3","","","","N","","","","","","","","","",""
"2018054281","","3","0","0","0","0","0","0","0","0","6","0","","02","5","2018","6","40.465269","-80.108366","","11","0","0","1","1","0","0","0","0","","0","0","0","","","1","","0","","40 27:54.967","","0","80 06:30.119","8","0","0","0","2126","0","0","0","N","0","0","0","5","02126","0","","1.0","","1","N","N","","0","","0","0","1","","0","","","4","1","0","0","0","1","0","2","0","4","","","","N","","","","","","","","","",""
"2018114125","","0","0","0","0","0","0","0","0","0","4","0","","02","10","2018","3","40.524936","-79.838205","","11","0","0","0","0","0","0","0","0","","0","0","0","","","0","","0","","40 31:29.768","","7","79 50:17.537","0","0","0","0","2451","0","0","0","N","0","0","0","3","02451","0","","1.0","","1","N","N","","0","","0","0","2","","0","","","2","0","0","0","0","0","0","2","0","2","","","","N","","","","","","","","","",""
"2018054765","","1","0","0","0","0","0","0","0","0","2","0","","02","5","2018","6","40.480287","-79.969721","","11","0","0","0","0","0","0","1","0","1","0","0","0","","","1","","0","","40 28:49.032","5","0","79 58:10.996","8","0","0","0","2118","0","0","0","N","0","0","0","3","02118","0","","1.0","","1","N","N","","0","","0","0","2","","0","Y","","3","1","0","0","0","1","0","2","0","3","","","","N","","","","","","","","","",""
"2018122276","","2","0","0","0","0","0","0","0","0","4","0","","02","11","2018","3","40.435833","-79.976151","","11","0","0","0","0","0","1","1","0","2","0","0","0","","","2","","0","","40 26:08.999","3","0","79 58:34.143","4","0","0","0","2301","0","0","0","N","0","0","0","3","68B03","2","","1.0","","1","N","N","","0","","0","0","1","","0","N","","3","2","1","0","0","0","0","2","0","3","","","","N","","","","","","","","","",""
"2018024090","","2","0","1","0","0","0","0","0","0","4","0","","02","2","2018","2","40.367676","-80.083217","","11","0","0","0","0","0","0","1","0","1","0","0","0","","","1","","1","","40 22:03.633","3","0","80 04:59.581","2","0","0","0","2117","0","0","0","N","0","0","0","3","02117","0","","1.0","","1","N","N","","0","","0","1","0","","3","N","","2","1","0","0","0","0","0","2","0","2","","","","N","","","","","","","","","",""
"2018115391","","1","0","0","0","0","0","0","0","0","7","0","","02","11","2018","6","40.363187","-79.992171","","11","0","0","0","0","0","0","0","0","2","0","0","0","","","0","","0","","40 21:47.472","1","0","79 59:31.817","0","0","0","0","2476","0","0","0","N","0","0","0","1","02476","0","","5.0","","9","N","N","","0","","0","0","0","","0","N","","1","0","0","0","0","0","0","2","0","1","","","","N","","","","","","","","","",""
"2018116342","","2","0","0","0","0","0","0","0","0","2","0","","02","11","2018","7","40.429641","-80.065074","","11","0","0","0","0","0","0","0","0","","0","0","0","","","0","","0","","40 25:46.708","","0","80 03:54.265","0","0","0","0","2301","0","0","0","N","0","0","0","2","02301","0","","4.0","","1","N","N","","0","","0","0","0","","0","","","3","0","0","0","0","0","0","2","1","3","","","","N","","","","","","","","","",""
"2018054556","","1","0","0","0","0","0","0","0","0","4","0","","02","5","2018","7","40.449096","-80.119429","","11","0","0","0","0","0","1","0","0","","0","0","0","","","0","","1","","40 26:56.744","","0","80 07:09.946","0","0","0","0","2115","0","0","0","N","0","0","0","2","02115","0","","1.0","","1","N","N","","0","","0","0","1","","0","","","2","0","0","0","0","0","0","2","0","2","","","","N","","","","","","","","","",""
"2018056303","","3","0","0","0","0","0","0","0","0","1","0","","02","5","2018","4","40.462278","-79.960489","","11","0","0","0","0","0","0","0","0","","0","0","0","","","0","","0","","40 27:44.200","","0","79 57:37.760","0","0","0","0","2301","0","0","0","N","0","0","0","5","02301","0","","1.0","","1","N","N","","0","","0","0","0","","0","","","3","0","0","0","0","0","0","2","0","3","","","","N","","","","","","","","","",""
"2018117134","","1","0","0","0","0","0","0","0","0","5","0","","02","7","2018","3","40.457299","-79.909087","","11","0","0","0","0","0","1","0","0","2","0","0","0","","","0","","1","","40 27:26.276","2","0","79 54:32.712","0","0","0","0","2301","0","0","0","N","0","0","0","3","02301","0","","1.0","","1","N","N","","0","","0","0","1","","2","Y","","2","0","0","0","0","0","0","2","0","2","","","","N","","","","","","","","","",""
"2018127062","","0","0","0","0","0","0","0","0","0","0","1","","02","10","2018","4","40.435207","-79.748753","","11","0","0","0","0","0","0","0","0","1","0","1","0","","","0","","0","","40 26:06.744","4","2","79 44:55.512","0","0","0","0","2446","0","0","0","Y","0","0","0","1","68T09","0","","1.0","","1","N","N","","0","","0","0","0","","8","N","","1","0","0","0","0","0","0","2","0","1","","","","N","","","","","","","","","",""
"2018117408","","0","0","0","0","0","0","0","0","0","8","0","","02","11","2018","3","40.472197","-79.960787","","11","0","0","0","0","0","0","0","0","1","0","0","0","","","1","","2","","40 28:19.909","1","0","79 57:38.833","3","0","0","0","2301","1","0","0","N","1","0","0","2","02301","0","","1.0","","1","N","N","","0","","1","0","1","","0","N","","2","1","0","0","0","0","0","2","0","1","","","","N","","","","","","","","","",""
"2018113369","","1","0","0","0","0","0","0","0","0","1","0","","02","10","2018","1","40.352083","-80.010885","","11","0","0","0","0","0","0","0","0","2","0","0","0","","","0","","2","","40 21:07.500","2","0","80 00:39.187","0","0","0","0","2476","0","0","0","N","0","0","0","2","02476","0","","1.0","","9","N","N","","0","","0","0","1","","0","N","","2","0","0","0","0","0","0","2","0","2","","","","N","","","","","","","","","",""
"2018119563","","1","0","0","0","0","0","0","0","0","7","0","","02","11","2018","7","40.544283","-79.986897","","11","0","0","0","0","0","0","1","0","2","0","0","0","","","0","","2","","40 32:39.419","6","0","79 59:12.829","0","0","0","0","2118","0","0","0","N","0","0","0","1","02118","0","","5.0","","1","N","N","","0","","0","0","0","","0","N","","1","0","0","0","0","0","0","2","0","1","","","","N","","","","","","","","","",""
"2018054342","","2","0","0","0","0","0","0","0","0","1","0","","02","5","2018","7","40.429359","-80.007142","","11","0","0","0","0","0","0","0","0","","0","0","0","","","0","N","0","","40 25:45.693","","0","80 00:25.712","0","0","0","0","2301","0","0","0","N","0","0","0","1","02301","0","","4.0","","9","N","N","","0","","0","0","0","","0","","","2","0","0","0","0","0","0","2","0","2","","","","N","","","","","","","","","",""
"2018114135","","1","0","0","0","0","0","1","0","0","5","1","25","02","10","2018","7","40.495057","-79.939353","","11","0","0","0","0","0","1","0","1","1","0","0","0","","","0","","6","","40 29:42.206","1","3","79 56:21.671","0","0","0","0","2430","0","0","0","N","0","0","0","2","02503","0","","1.0","","9","N","N","","0","","0","0","0","","3","N","","2","0","0","0","0","0","0","2","0","2","","","N","Y","2","2","","","N","Y","","","Y",""
"2018115271","","1","0","0","0","0","0","0","0","0","1","1","","02","10","2018","4","40.655185","-80.086928","","11","0","0","0","0","0","0","0","0","","0","1","0","","","0","","1","","40 39:18.666","","0","80 05:12.940","0","0","0","0","2212","0","0","0","N","0","0","0","2","02505","0","","1.0","","1","N","N","","0","","0","0","0","","2","","","2","0","0","0","0","0","0","2","0","2","","","","N","","","","","","","","","",""
"2018054800","","0","0","0","0","0","0","0","0","0","1","0","","02","5","2018","7","40.353684","-79.915402","","11","0","0","0","0","0","0","0","0","","0","0","0","","","1","","0","","40 21:13.262","","0","79 54:55.447","3","0","0","0","2473","0","0","0","N","0","0","0","4","02473","0","","1.0","","9","N","N","","0","","1","0","2","","2","","","2","1","1","0","0","0","0","2","0","2","","","","N","","","","","","","","","",""
"2018055949","","1","0","0","0","0","0","0","0","0","4","0","","02","5","2018","4","40.423448","-79.977668","","11","0","0","0","0","0","1","0","0","3","0","0","0","","","1","","2","","40 25:24.411","3","0","79 58:39.605","4","0","0","0","2301","0","0","0","N","0","0","0","4","02301","1","","1.0","","1","N","N","","0","","0","0","0","","0","N","","2","1","0","0","0","0","0","2","1","2","","","","N","","","","","","","","","",""
"2018116683","","0","0","0","0","0","0","0","0","0","99","0","","02","11","2018","1","40.54401","-79.823896","","11","0","0","0","0","0","1","0","0","","0","0","0","","","0","","0","","40 32:38.436","","0","79 49:26.024","0","0","0","0","2208","0","0","0","N","0","0","0","1","68T02","0","","1.0","","1","N","N","","1","","0","0","0","","0","","","1","0","0","0","0","0","0","2","0","1","","","","N","","","","","","","","","",""
"2018116985","","1","0","0","0","0","0","0","0","0","7","0","","02","11","2018","1","40.506404","-80.03245","","11","0","0","0","0","0","0","0","0","","0","0","0","","","0","","0","","40 30:23.056","","0","80 01:56.820","0","0","0","0","2116","0","0","0","Y","0","0","0","1","68B03","0","","4.0","","1","N","N","","0","","0","0","0","","0","","","1","0","0","0","0","0","0","2","0","1","","","","N","","","","","","","","","",""
"2018120477","","1","0","0","0","0","0","0","0","0","7","0","55","02","11","2018","6","40.612705","-79.758198","","11","0","0","0","0","0","0","0","0","","0","0","0","","","0","","0","","40 36:45.737","","0","79 45:29.513","0","0","0","0","2464","0","0","0","N","0","0","0","1","68D02","0","","4.0","","1","N","N","","0","","0","0","0","","0","","","1","0","1","0","0","0","0","2","0","1","","","N","Y","8","1","N","N","N","N","N","N","Y",""
"2018054408","","0","0","0","0","0","0","0","0","0","4","0","","02","5","2018","6","40.331266","-79.945584","","11","0","0","0","0","0","0","0","1","1","0","0","0","","","2","","0","","40 19:52.558","1","7","79 56:44.103","3","0","0","0","2454","0","0","0","N","0","0","0","3","02454","0","","1.0","","1","N","N","","1","","1","0","1","","2","N","","2","2","0","0","0","1","0","2","0","2","","","","N","","","","","","","","","",""
"2018054894","","2","0","0","0","0","0","0","0","0","2","0","","02","5","2018","1","40.544828","-80.031511","","11","0","0","0","0","0","0","1","1","2","0","0","0","","","1","","0","","40 32:41.381","3","0","80 01:53.439","3","0","0","0","2116","0","0","0","N","0","0","0","2","02116","0","","1.0","","1","N","N","","0","","1","0","0","","0","N","","2","1","0","0","0","0","0","2","0","2","","","","N","","","","","","","","","",""
"2018117014","","1","0","0","0","0","0","0","0","0","1","0","","02","10","2018","3","40.357941","-80.028639","","11","0","0","0","0","0","0","0","0","","0","0","0","","","1","","0","","40 21:28.587","","0","80 01:43.099","8","0","0","0","2416","0","0","0","N","0","0","0","2","02416","0","","1.0","","1","N","N","","1","","0","0","0","","2","","","2","1","0","0","0","1","0","2","0","2","","","","N","","","","","","","","","",""
"2018119815","","2","0","0","0","0","0","0","0","0","4","0","","02","11","2018","2","40.538186","-79.839773","","11","0","0","0","0","0","0","0","0","1","0","0","0","","","2","","0","","40 32:17.470","3","0","79 50:23.184","3","0","0","0","2208","0","0","0","N","0","0","0","4","02208","0","","1.0","","1","N","N","","0","","2","0","0","","2","Y","","2","2","0","0","0","0","0","2","0","2","","","","N","","","","","","","","","",""
"2018118732","","2","0","0","0","0","0","0","0","0","1","0","","02","8","2018","2","40.439592","-80.229686","","11","0","0","0","1","0","0","0","0","","0","0","0","","","0","","0","","40 26:22.532","","0","80 13:46.871","0","0","0","0","2214","0","0","0","N","0","0","0","3","68B03","0","","2.0","","1","N","N","","0","","0","0","0","","0","","","2","0","0","0","0","0","0","2","0","2","","","","N","","","","","","","","","",""
"2018115604","","3","0","0","0","0","0","0","0","0","1","0","","02","11","2018","6","40.481529","-79.876118","","11","0","0","0","0","0","0","0","0","2","0","0","0","","","1","","2","","40 28:53.504","4","0","79 52:34.025","8","0","0","0","2113","0","0","0","N","0","0","0","3","02113","0","","1.0","","1","N","N","","0","","0","0","0","","2","Y","","3","1","0","0","0","1","0","2","0","3","","","","N","","","","","","","","","",""
"2018126155","","0","0","0","0","0","0","0","0","0","7","0","","02","11","2018","5","40.276425","-79.952017","","11","0","0","0","0","0","0","0","0","","0","0","0","","","0","","0","","40 16:35.131","","0","79 57:07.260","0","0","0","0","2440","0","0","0","N","0","0","0","2","68T09","0","","4.0","","2","Y","N","","0","","0","0","1","","0","","","1","0","0","0","0","0","0","1","0","1","","","","N","","","","","","","","","",""
"2018115670","","1","0","0","0","0","0","0","0","0","1","0","","02","11","2018","5","40.463454","-80.152204","","11","0","0","2","0","0","0","0","0","","0","0","0","","","0","","2","","40 27:48.436","","0","80 09:07.934","0","0","0","0","2115","0","0","0","N","0","0","0","2","02115","0","","1.0","","9","N","N","","1","","0","0","0","","0","","","2","0","0","0","0","0","0","2","0","2","","","","N","","","","","","","","","",""