"CRN","ARRIVAL_TM","AUTOMOBILE_COUNT","BELTED_DEATH_COUNT","BELTED_SUSP_SERIOUS_INJ_COUNT","BICYCLE_COUNT","BICYCLE_DEATH_COUNT","BICYCLE_SUSP_SERIOUS_INJ_COUNT","BUS_COUNT","CHLDPAS_DEATH_COUNT","CHLDPAS_SUSP_SERIOUS_INJ_COUNT","COLLISION_TYPE","COMM_VEH_COUNT","CONS_ZONE_SPD_LIM","COUNTY","CRASH_MONTH","CRASH_YEAR","DAY_OF_WEEK","DEC_LATITUDE","DEC_LONGITUDE","DISPATCH_TM","DISTRICT","DRIVER_COUNT_16YR","DRIVER_COUNT_17YR","DRIVER_COUNT_18YR","DRIVER_COUNT_19YR","DRIVER_COUNT_20YR","DRIVER_COUNT_50_64YR","DRIVER_COUNT_65_74YR","DRIVER_COUNT_75PLUS","EST_HRS_CLOSED","FATAL_COUNT","HEAVY_TRUCK_COUNT","HORSE_BUGGY_COUNT","HOUR_OF_DAY","ILLUMINATION","INJURY_COUNT","INTERSECTION_RELATED","INTERSECT_TYPE","LANE_CLOSED","LATITUDE","LN_CLOSE_DIR","LOCATION_TYPE","LONGITUDE","MAX_SEVERITY_LEVEL","MCYCLE_DEATH_COUNT","MCYCLE_SUSP_SERIOUS_INJ_COUNT","MOTORCYCLE_COUNT","MUNICIPALITY","NONMOTR_COUNT","NONMOTR_DEATH_COUNT","NONMOTR_SUSP_SERIOUS_INJ_COUNT","NTFY_HIWY_MAINT","PED_COUNT","PED_DEATH_COUNT","PED_SUSP_SERIOUS_INJ_COUNT","PERSON_COUNT","POLICE_AGCY","POSSIBLE_INJ_COUNT","RDWY_SURF_TYPE_CD","RELATION_TO_ROAD","ROADWAY_CLEARED","ROAD_CONDITION","SCH_BUS_IND","SCH_ZONE_IND","SECONDARY_CRASH","SMALL_TRUCK_COUNT","SPEC_JURIS_CD","SUSP_MINOR_INJ_COUNT","SUSP_SERIOUS_INJ_COUNT","SUV_COUNT","TCD_FUNC_CD","TCD_TYPE","TFC_DETOUR_IND","TIME_OF_DAY","TOTAL_UNITS","TOT_INJ_COUNT","UNBELTED_OCC_COUNT","UNB_DEATH_COUNT","UNB_SUSP_SERIOUS_INJ_COUNT","UNK_INJ_DEG_COUNT","UNK_INJ_PER_COUNT","URBAN_RURAL","VAN_COUNT","VEHICLE_COUNT","WEATHER1","WEATHER2","WORKERS_PRES","WORK_ZONE_IND","WORK_ZONE_LOC","WORK_ZONE_TYPE","WZ_CLOSE_DETOUR","WZ_FLAGGER","WZ_LAW_OFFCR_IND","WZ_LN_CLOSURE","WZ_MOVING","WZ_OTHER","WZ_SHLDER_MDN","WZ_WORKERS_INJ_KILLED"
"2018116042","","2","0","0","0","0","0","0","0","0","4","0","","02","11","2018","7","40.454905","-79.978456","","11","0","0","0","0","0","0","0","0","","0","0","0","","","0","","1","","40 27:17.657","","0","79 58:42.441","0","0","0","0","2301","0","0","0","N","0","0","0","3","02301","0","","1.0","","1","N","N","","0","","0","0","0","","3","","","2","0","0","0","0","0","0","2","0","2","","","","N","","","","","","","","","",""
"2018121567","","1","0","0","0","0","0","0","0","0","7","0","","02","11","2018","5","40.476242","-80.011564","","11","0","0","0","0","0","0","0","0","","0","0","0","","","0","","2","","40 28:34.471","","0","80 00:41.630","0","0","0","0","2301","0","0","0","N","0","0","0","1","02301","0","","2.0","","7","N","N","","0","","0","0","0","","3","","","1","0","0","0","0","0","0","2","0","1","","","","N","","","","","","","","","",""
"2018116401","","1","0","0","0","0","0","0","0","0","1","0","","02","11","2018","6","40.42823","-80.130779","","11","0","0","0","0","0","2","0","0","","0","0","0","","","1","","0","","40 25:41.627","","0","80 07:50.806","3","0","0","0","2102","0","0","0","Y","0","0","0","2","68B03","0","","4.0","","1","N","N","","0","","1","0","1","","0","","","2","1","0","0","0","0","0","2","0","2","","","","N","","","","","","","","","",""
"2018054564","","2","0","0","0","0","0","0","0","0","1","0","","02","5","2018","7","40.434942","-80.008924","","11","0","0","0","0","0","1","0","0","1","0","0","0","","","0","","0","","40 26:05.791","4","0","80 00:32.128","0","0","0","0","2301","0","0","0","N","0","0","0","5","02301","0","","1.0","","1","N","N","","0","","0","0","0","","0","N","","3","0","1","0","0","0","0","2","1","3","","","","N","","","","","","","","","",""
"2018116894","","1","0","0","0","0","0","0","0","0","1","0","","02","10","2018","5","40.490662","-80.010038","","11","0","0","0","0","0","1","0","0","","0","0","0","","","0","","0","","40 29:26.383","","0","80 00:36.138","0","0","0","0","2301","0","0","0","N","0","0","0","2","68B03","0","","1.0","","9","N","N","","0","","0","0","1","","0","","","2","0","0","0","0","0","0","2","0","2","","","","N","","","","","","","","","",""
"2018116379","","0","0","0","0","0","0","0","0","0","1","0","","02","10","2018","2","40.424881","-80.114766","","11","0","0","0","0","0","0","1","0","2","0","0","0","","","1","","0","","40 25:29.571","4","0","80 06:53.158","3","0","0","0","2102","0","0","0","N","0","0","0","2","68B03","0","","1.0","","9","N","N","","0","","1","0","2","","0","N","","2","1","0","0","0","0","0","2","0","2","","","","N","","","","","","","","","",""
"2018115969","","2","0","0","0","0","0","0","0","0","4","0","","02","11","2018","7","40.442495","-80.057502","","11","0","0","0","0","0","2","0","0","1","0","0","0","","","1","","2","","40 26:32.982","4","0","80 03:27.007","8","0","0","0","2301","0","0","0","N","0","0","0","3","02301","0","","1.0","","1","N","N","","0","","0","0","0","","3","Y","","2","1","1","0","0","1","0","2","0","2","","","","N","","","","","","","","","",""
"2018114368","","0","0","0","0","0","0","0","0","0","7","0","","02","10","2018","1","40.379796","-79.808302","","11","0","0","0","0","0","0","0","0","","0","0","0","","","0","","2","","40 22:47.266","","0","79 48:29.886","0","0","0","0","2111","0","0","0","N","0","0","0","1","02111","0","","5.0","","9","N","N","","0","","0","0","1","","2","","","1","0","0","0","0","0","0","2","0","1","","","","N","","","","","","","","","",""
"2018124378","","0","0","0","0","0","0","0","0","0","99","0","","02","11","2018","3","40.356484","-80.043174","","11","0","0","0","0","0","1","0","0","2","0","0","0","","","0","","0","","40 21:23.342","4","0","80 02:35.425","0","0","0","0","2109","0","0","0","N","0","0","0","1","02109","0","","1.0","","1","N","N","","0","","0","0","1","","0","N","","1","0","0","0","0","0","0","2","0","1","","","","N","","","","","","","","","",""
"2018116917","","2","0","0","0","0","0","0","0","0","1","0","55","02","10","2018","1","40.434033","-79.995058","","11","0","0","0","0","0","1","0","0","2","0","0","0","","","6","","0","","40 26:02.519","3","0","79 59:42.208","4","0","0","0","2301","0","0","0","N","0","0","0","6","68B03","5","","1.0","","1","N","N","","0","","0","0","0","","0","N","","2","6","0","0","0","1","0","2","0","2","","","Y","Y","2","1","N","N","N","Y","N","Y","N",""
"2018056330","","1","0","0","0","0","0","0","0","0","1","0","","02","5","2018","2","40.474967","-79.97105","","11","0","0","0","0","0","0","0","0","","0","0","0","","","0","","0","","40 28:29.882","","2","79 58:15.779","0","0","0","0","2445","0","0","0","N","0","0","0","2","02445","0","","1.0","","1","N","N","","0","","0","0","1","","2","N","","2","0","0","0","0","0","0","2","0","2","","","","N","","","","","","","","","",""
"2018122202","","1","0","0","0","0","0","0","0","0","7","0","","02","11","2018","6","40.499444","-79.8375","","11","0","0","0","0","0","0","0","0","1","0","0","0","","","1","","0","","40 29:58.000","5","0","79 50:15.000","8","0","0","0","2113","0","0","0","N","0","0","0","2","02113","0","","5.0","","9","N","N","","0","","0","0","0","","0","Y","","1","1","2","0","0","1","0","2","0","1","","","","N","","","","","","","","","",""
"2018102133","","1","0","0","0","0","0","0","0","0","7","0","","02","9","2018","1","40.414209","-80.086814","","11","0","0","0","0","0","0","0","0","3","0","0","0","","","0","","0","","40 24:51.153","4","0","80 05:12.529","0","0","0","0","2415","0","0","0","N","0","0","0","1","02415","0","","2.0","","1","N","N","","0","","0","0","0","","0","N","","1","0","0","0","0","0","0","2","0","1","","","","N","","","","","","","","","",""
"2018103795","","2","0","0","0","0","0","0","0","0","1","0","","02","9","2018","6","40.403054","-80.059944","","11","0","0","0","1","1","1","0","0","2","0","0","0","","","0","","0","","40 24:10.994","2","0","80 03:35.797","0","0","0","0","2117","0","0","0","N","0","0","0","5","02117","0","","1.0","","1","N","N","","0","","0","0","1","","0","N","","3","0","0","0","0","0","0","2","0","3","","","","N","","","","","","","","","",""
"2018122278","","2","0","0","0","0","0","0","0","0","1","0","","02","11","2018","4","40.446163","-80.171462","","11","0","0","0","0","1","0","0","0","","0","0","0","","","0","","0","","40 26:46.186","","0","80 10:17.262","0","0","0","0","2115","0","0","0","N","0","0","0","2","68B03","0","","1.0","","1","N","N","","0","","0","0","0","","0","","","2","0","0","0","0","0","0","2","0","2","","","","N","","","","","","","","","",""
"2018120446","","2","0","0","0","0","0","0","0","0","7","0","","02","10","2018","1","40.429232","-79.943842","","11","0","0","0","0","0","0","0","0","2","0","0","0","","","0","","0","","40 25:45.235","4","0","79 56:37.831","0","0","0","0","2301","0","0","0","N","0","0","0","2","68B03","0","","4.0","","9","N","N","","0","","0","0","0","","0","N","","2","0","0","0","0","0","0","2","0","2","","","","N","","","","","","","","","",""
"2018113089","","1","0","0","0","0","0","0","0","0","7","0","","02","10","2018","7","40.459232","-79.725614","","11","0","0","0","0","0","0","1","0","1","0","0","0","","","0","","0","","40 27:33.235","5","0","79 43:32.210","0","0","0","0","2466","0","0","0","N","0","0","0","1","02466","0","","5.0","","9","N","N","","0","","0","0","0","","0","N","","1","0","0","0","0","0","0","2","0","1","","","","N","","","","","","","","","",""
"2018122569","","2","0","0","0","0","0","0","0","0","4","0","","02","11","2018","3","40.401331","-79.817391","","11","0","0","0","0","0","0","0","0","","0","0","0","","","0","","2","","40 24:04.791","","0","79 49:02.607","0","0","0","0","2479","0","0","0","N","0","0","0","2","02501","0","","1.0","","9","N","N","","0","","0","0","0","","3","N","","2","0","0","0","0","0","0","2","0","2","","","","N","","","","","","","","","",""
"2018107380","","2","0","0","0","0","0","0","0","0","1","0","","02","10","2018","2","40.545461","-80.098804","","11","1","1","0","0","0","1","0","0","","0","0","0","","","0","","0","","40 32:43.659","","0","80 05:55.694","0","0","0","0","2215","0","0","0","N","0","0","0","4","02215","0","","1.0","","1","N","N","","0","","0","0","1","","0","","","3","0","0","0","0","0","0","2","0","3","","","","N","","","","","","","","","",""
"2018118509","","1","0","0","0","0","0","0","0","0","7","0","","02","11","2018","6","40.480647","-80.02583","","11","0","0","0","0","0","0","0","0","","0","0","0","","","0","","0","","40 28:50.328","","0","80 01:32.988","0","0","0","0","2301","0","0","0","N","0","0","0","1","02301","0","","5.0","","1","N","N","","0","","0","0","0","","0","","","1","0","0","0","0","0","0","2","0","1","","","","N","","","","","","","","","",""
"2018122648","","0","0","0","0","0","0","0","0","0","99","0","","02","11","2018","3","40.46203","-80.193035","","11","0","0","0","0","0","1","0","0","1","0","0","0","","","0","","0","","40 27:43.308","3","0","80 11:34.927","0","0","0","0","2213","0","0","0","N","0","0","0","1","68B03","0","","1.0","","9","N","N","","0","","0","0","1","","0","N","","1","0","0","0","0","0","0","2","0","1","","","","N","","","","","","","","","",""
"2018056296","","2","0","0","0","0","0","0","0","0","4","0","","02","5","2018","1","40.613036","-79.757074","","11","0","0","0","0","0","1","0","0","2","0","0","0","","","0","","1","","40 36:46.928","3","2","79 45:25.466","0","0","0","0","2464","0","0","0","N","0","0","0","2","02202","0","","1.0","","1","N","N","","0","","0","0","0","","3","N","","2","0","0","0","0","0","0","2","0","2","","","","N","","","","","","","","","",""
"2018124129","","1","0","0","0","0","0","0","0","0","1","0","","02","11","2018","5","40.522078","-80.217551","","11","0","0","0","1","0","0","0","0","1","0","0","0","","","0","","2","","40 31:19.480","1","0","80 13:03.185","0","0","0","0","2213","0","0","0","N","0","0","0","2","02213","0","","1.0","","9","N","N","","0","","0","0","1","","0","N","","2","0","0","0","0","0","0","2","0","2","","","","N","","","","","","","","","",""
"2018120758","","1","0","0","0","0","0","0","0","0","7","0","","02","11","2018","6","40.440413","-79.751894","","11","0","0","0","0","0","0","0","0","","0","0","0","","","0","","0","","40 26:25.485","","0","79 45:06.818","0","0","0","0","2446","0","0","0","N","0","0","0","1","68T02","0","","3.0","","9","N","N","","0","","0","0","0","","0","","","1","0","0","0","0","0","0","2","0","1","","","","N","","","","","","","","","",""
"2018054960","","2","0","0","0","0","0","0","0","0","1","0","","02","5","2018","5","40.438248","-80.068886","","11","0","0","0","0","0","0","0","0","","0","0","0","","","0","","2","","40 26:17.691","","0","80 04:07.989","0","0","0","0","2421","0","0","0","N","0","0","0","2","02421","0","","1.0","","1","N","N","","0","","0","0","0","","2","","","2","0","0","0","0","0","0","2","0","2","","","","N","","","","","","","","","",""
"2018116430","","0","0","0","0","0","0","0","0","0","99","0","","02","11","2018","1","40.519104","-79.983607","","11","0","0","0","0","0","0","0","0","2","0","0","0","","","0","","0","","40 31:08.775","5","0","79 59:00.984","0","0","0","0","2118","0","0","0","N","0","0","0","1","02118","0","","5.0","","1","N","N","","0","","0","0","0","","0","N","","1","0","0","0","0","0","0","2","0","1","","","","N","","","","","","","","","",""
"2018122473","","2","0","0","0","0","0","0","0","0","1","0","","02","10","2018","6","40.428473","-79.936979","","11","0","0","0","2","0","0","0","0","2","0","0","0","","","1","","0","","40 25:42.503","3","0","79 56:13.124","3","0","0","0","2301","0","0","0","N","0","0","0","5","68B03","0","","1.0","","9","N","N","","0","","1","0","0","","0","N","","2","1","1","0","0","0","0","2","0","2","","","","N","","","","","","","","","",""
"2018118777","","0","0","0","0","0","0","0","0","0","4","0","","02","11","2018","6","40.419624","-80.046259","","11","0","0","0","0","0","0","0","0","2","0","0","0","","","0","","0","","40 25:10.646","5","0","80 02:46.533","0","0","0","0","2435","0","0","0","N","0","0","0","2","02435","0","","1.0","","9","N","N","","0","","0","0","1","","0","N","","2","0","0","0","0","0","0","2","1","2","","","","N","","","","","","","","","",""
"2018116695","","1","0","0","0","0","0","0","0","0","5","0","","02","11","2018","2","40.452391","-80.053445","","11","0","0","0","0","0","0","0","0","","0","0","0","","","0","","0","","40 27:08.608","","0","80 03:12.403","0","0","0","0","2301","0","0","0","N","0","0","0","2","02301","0","","1.0","","1","N","N","","0","","0","0","0","","0","","","2","0","0","0","0","0","0","2","1","2","","","","N","","","","","","","","","",""
"2018057761","","1","0","0","0","0","0","0","0","0","1","0","","02","5","2018","7","40.431962","-80.144928","","11","0","1","0","0","0","0","0","0","1","0","0","0","","","0","","1","","40 25:55.062","6","0","80 08:41.741","0","0","0","0","2102","0","0","0","N","0","0","0","5","02102","0","","1.0","","9","N","N","","0","","0","0","0","","3","N","","2","0","0","0","0","0","0","2","1","2","","","","N","","","","","","","","","",""
"2018122977","","1","0","0","0","0","0","0","0","0","5","0","","02","11","2018","1","40.344623","-79.863567","","11","0","0","0","0","0","0","0","0","","0","0","0","","","0","","0","","40 20:40.644","","0","79 51:48.841","9","0","0","0","2304","0","0","0","N","0","0","0","1","02304","0","","4.0","","1","N","N","","0","","0","0","1","","0","","","2","0","1","0","0","0","1","2","0","2","","","","N","","","","","","","","","",""
"2018117747","","1","0","0","0","0","0","0","0","0","7","0","","02","10","2018","1","40.492658","-79.910317","","11","0","0","0","0","0","0","0","0","2","0","0","0","","","0","N","6","","40 29:33.568","2","3","79 54:37.141","9","0","0","0","2461","0","0","0","N","0","0","0","1","68D02","0","","4.0","","1","N","N","","0","","0","0","0","","0","N","","1","0","0","0","0","0","1","2","0","1","","","","N","","","","","","","","","",""
"2018055288","","1","0","0","0","0","0","0","0","0","4","0","","02","5","2018","2","40.342872","-79.844106","","11","0","1","0","0","0","0","0","0","","0","0","0","","","0","","0","","40 20:34.340","","0","79 50:38.780","0","0","0","1","2304","0","0","0","N","0","0","0","2","02304","0","","1.0","","1","N","N","","0","","0","0","1","","0","","","3","0","0","0","0","0","0","2","0","3","","","","N","","","","","","","","","",""
"2018119001","","2","0","0","0","0","0","0","0","0","5","0","","02","11","2018","5","40.349605","-79.933321","","11","0","0","0","0","1","0","0","0","1","0","0","0","","","1","","0","","40 20:58.578","4","0","79 55:59.957","4","0","0","0","2473","0","0","0","N","0","0","0","3","02473","1","","1.0","","1","N","N","","0","","0","0","0","","0","Y","","2","1","0","0","0","0","0","2","0","2","","","","N","","","","","","","","","",""
"2018054685","","1","0","0","0","0","0","0","0","0","7","0","","02","5","2018","7","40.475441","-79.970154","","11","0","0","0","0","0","0","0","0","1","0","0","0","","","1","","0","","40 28:31.586","1","0","79 58:12.555","8","0","0","0","2445","0","0","0","Y","0","0","0","1","02445","0","","2.0","","1","N","N","","0","","0","0","0","","0","N","","1","1","0","0","0","1","0","2","0","1","","","","N","","","","","","","","","",""
"2018120435","","1","0","0","0","0","0","0","0","0","99","0","","02","10","2018","7","40.425088","-80.120572","","11","0","0","0","0","1","0","0","0","","0","0","0","","","0","","0","","40 25:30.316","","0","80 07:14.060","0","0","0","0","2102","0","0","0","N","0","0","0","1","68B03","0","","1.0","","9","N","N","","0","","0","0","0","","0","","","1","0","0","0","0","0","0","2","0","1","","","","N","","","","","","","","","",""
"2018112212","","1","0","0","0","0","0","0","0","0","4","0","","02","10","2018","4","40.528578","-79.951316","","11","0","0","0","0","0","0","0","0","2","0","0","0","","","0","","0","","40 31:42.881","1","0","79 57:04.737","0","0","0","0","2118","0","0","0","N","0","0","0","2","02118","0","","1.0","","1","N","N","","0","","0","0","1","","8","N","","2","0","0","0","0","0","0","2","0","2","","","","N","","","","","","","","","",""
"2018123229","","1","0","0","0","0","0","0","0","0","7","0","","02","11","2018","6","40.590553","-80.017273","","11","0","0","0","0","0","0","0","0","9","0","0","0","","","0","","0","","40 35:25.992","4","0","80 01:02.181","0","0","0","0","2108","0","0","0","Y","0","0","0","1","02108","0","","4.0","","9","N","N","","0","","0","0","0","","0","Y","","1","0","0","0","0","0","0","2","0","1","","","","N","","","","","","","","","",""
"2018056672","","2","0","0","0","0","0","0","0","0","4","0","","02","5","2018","2","40.424731","-79.859412","","11","0","0","0","0","0","1","1","0","","0","0","0","","","0","","1","","40 25:29.030","","0","79 51:33.883","0","0","0","0","2431","0","0","0","N","0","0","0","2","02431","0","","1.0","","1","N","N","","0","","0","0","0","","2","","","2","0","0","0","0","0","0","2","0","2","","","","N","","","","","","","","","",""
"2018117332","","0","0","0","0","0","0","0","0","0","7","0","","02","11","2018","3","40.225542","-79.853017","","11","0","0","0","0","0","1","0","0","1","0","0","0","","","0","","2","","40 13:31.951","2","0","79 51:10.862","0","0","0","0","2204","0","0","0","Y","0","0","0","1","02204","0","","5.0","","1","N","N","","0","","0","0","1","","3","N","","1","0","0","0","0","0","0","2","0","1","","","","N","","","","","","","","","",""
"2018058977","","1","0","0","0","0","0","0","0","0","8","0","55","02","5","2018","5","40.486239","-80.265963","","11","0","0","0","0","0","0","1","0","1","0","0","0","","","1","","0","","40 29:10.460","4","0","80 15:57.466","8","0","0","0","2203","1","0","0","N","1","0","0","3","68B03","0","","1.0","","1","N","N","","0","","0","0","0","","8","N","","2","1","0","0","0","1","0","2","0","1","","","Y","Y","4","2","N","N","N","Y","Y","N","N",""
"2018122341","","0","0","0","0","0","0","0","0","0","7","0","","02","11","2018","5","40.643904","-80.021622","","11","0","0","0","0","0","0","0","0","","0","0","0","","","0","","0","","40 38:38.056","","0","80 01:17.840","0","0","0","0","2216","0","0","0","N","0","0","0","2","68T02","0","","3.0","","9","N","N","","1","","0","0","0","","0","","","2","0","0","0","0","0","0","2","1","2","","","","N","","","","","","","","","",""
"2018105826","","2","0","0","0","0","0","0","0","0","1","0","","02","10","2018","4","40.404121","-80.039741","","11","0","0","0","0","0","1","0","0","2","0","0","0","","","1","","0","","40 24:14.836","1","0","80 02:23.068","8","0","0","0","2301","0","0","0","N","0","0","0","2","02301","0","","1.0","","1","N","N","","0","","0","0","0","","0","N","","2","1","0","0","0","1","0","2","0","2","","","","N","","","","","","","","","",""
"2018103572","","0","0","0","0","0","0","0","0","0","1","1","","02","10","2018","5","40.439044","-79.962239","","11","0","0","0","1","0","0","0","0","1","0","1","0","","","0","","0","","40 26:20.560","4","0","79 57:44.060","0","0","0","0","2301","0","0","0","N","0","0","0","2","02301","0","","1.0","","9","N","N","","0","","0","0","1","","2","N","","2","0","0","0","0","0","0","2","0","2","","","","N","","","","","","","","","",""
"2018037888","","2","0","0","0","0","0","0","0","0","4","0","","02","3","2018","7","40.425618","-79.980858","","11","0","0","0","0","0","0","0","0","1","0","0","0","","","1","","2","","40 25:32.224","7","1","79 58:51.088","8","0","0","0","2301","0","0","0","N","0","0","0","4","02301","0","","1.0","","9","N","N","","0","","0","0","0","","0","N","","2","1","0","0","0","1","0","2","0","2","","","","N","","","","","","","","","",""
"2018047935","","1","0","0","0","0","0","0","0","0","4","0","","02","4","2018","1","40.462155","-79.926857","","11","0","0","0","0","0","0","0","1","","0","0","0","","","1","","1","","40 27:43.758","","0","79 55:36.685","8","0","0","0","2301","0","0","0","N","0","0","0","4","02301","0","","1.0","","1","N","N","","0","","0","0","1","","3","N","","2","1","0","0","0","1","1","2","0","2","","","","N","","","","","","","","","",""
"2018049710","","2","0","0","0","0","0","0","0","0","1","0","","02","5","2018","6","40.447998","-80.008552","","11","0","0","0","0","0","1","0","1","3","0","0","0","","","2","","0","","40 26:52.794","2","0","80 00:30.787","8","0","0","0","2301","0","0","0","N","0","0","0","4","68B03","0","","1.0","","1","N","N","","0","","0","0","1","","0","N","","3","2","0","0","0","2","0","2","0","3","","","","N","","","","","","","","","",""
"2018054787","","1","0","0","0","0","0","0","0","0","1","0","","02","5","2018","2","40.425815","-79.912075","","11","0","0","0","0","0","0","0","0","","0","0","0","","","0","","0","","40 25:32.933","","4","79 54:43.469","0","0","0","0","2301","0","0","0","N","0","0","0","3","68B03","0","","1.0","","9","N","N","","1","","0","0","1","","0","","","3","0","0","0","0","0","0","2","0","3","","","","N","","","","","","","","","",""
"2018105090","","4","0","0","0","0","0","0","0","0","1","0","","02","10","2018","7","40.467123","-79.905865","","11","0","0","0","0","0","0","0","0","","0","0","0","","","0","","1","","40 28:01.642","","0","79 54:21.114","0","0","0","0","2301","0","0","0","N","0","0","0","1","02301","0","","1.0","","1","N","N","","0","","0","0","0","","3","","","4","0","0","0","0","0","0","2","0","4","","","","N","","","","","","","","","",""
"2018047410","","1","0","0","0","0","0","0","0","0","7","0","","02","4","2018","1","40.421094","-79.964031","0327","11","0","0","0","0","0","0","0","0","","0","0","0","","","0","","0","","40 25:15.940","","0","79 57:50.510","0","0","0","0","2301","0","0","0","N","0","0","0","1","02301","0","","1.0","","1","N","N","","0","","0","0","0","","0","","","1","0","0","0","0","0","0","2","0","1","","","","N","","","","","","","","","",""
"2018054390","","1","0","0","0","0","0","0","0","0","7","0","","02","5","2018","7","40.462584","-79.836632","0513","11","0","0","1","0","0","0","0","0","","0","0","0","","","0","","2","","40 27:45.302","","0","79 50:11.875","0","0","0","0","2113","0","0","0","N","0","0","0","2","02113","0","","5.0","","9","N","N","","0","","0","0","0","","3","","","1","0","0","0","0","0","0","2","0","1","","","","N","","","","","","","","","",""
"2018048853","","1","0","0","0","0","0","0","0","0","4","0","","02","5","2018","5","40.247502","-79.875501","0908","11","0","0","0","0","0","1","0","1","1","0","0","0","","","0","","0","","40 14:51.007","2","0","79 52:31.802","0","0","0","0","2204","0","0","0","N","0","0","0","2","02204","0","","1.0","","1","N","N","","1","","0","0","0","","0","N","","2","0","0","0","0","0","0","1","0","2","","","","N","","","","","","","","","",""
"2018048476","","1","0","0","0","0","0","0","0","0","1","0","","02","5","2018","3","40.352396","-79.848881","1936","11","0","0","0","0","0","0","0","0","2","0","0","0","","","0","","0","","40 21:08.626","3","0","79 50:55.973","0","0","0","0","2304","0","0","0","N","0","0","0","2","02304","0","","1.0","","1","N","N","","0","","0","0","1","","2","N","","2","0","0","0","0","0","0","2","0","2","","","","N","","","","","","","","","",""
"2018104015","","2","0","0","0","0","0","0","0","0","4","0","","02","10","2018","5","40.664152","-79.93431","1624","11","0","0","0","0","0","0","0","1","","0","0","0","","","0","","1","","40 39:50.946","","0","79 56:03.515","0","0","0","0","2217","0","0","0","N","0","0","0","2","02505","0","","1.0","","9","N","N","","0","","0","0","0","","2","","","2","0","0","0","0","0","0","1","0","2","","","","N","","","","","","","","","",""
"2018105349","","1","0","0","0","0","0","0","0","0","4","0","","02","10","2018","3","40.423595","-79.961811","0834","11","0","0","0","0","0","0","0","0","","0","0","0","","","0","","1","","40 25:24.942","","0","79 57:42.520","0","0","0","0","2301","0","0","0","N","0","0","0","2","02301","0","","1.0","","1","N","N","","0","","0","0","1","","0","","","2","0","0","0","0","0","0","2","0","2","","","","N","","","","","","","","","",""
"2018047409","","0","0","0","0","0","0","0","0","0","7","0","","02","4","2018","1","40.409247","-79.963661","0417","11","0","0","0","0","0","0","0","0","4","0","0","0","","","1","","0","","40 24:33.290","5","0","79 57:49.180","3","0","0","0","2301","0","0","0","N","0","0","0","2","02301","0","","5.0","","1","N","N","","1","","1","0","0","","0","Y","","1","1","0","0","0","0","1","2","0","1","","","","N","","","","","","","","","",""
"2018116152","","2","0","1","0","0","0","0","0","0","2","0","","02","11","2018","1","40.587037","-80.095538","0129","11","0","0","0","0","0","0","0","0","","0","0","0","","","2","","0","","40 35:13.333","","0","80 05:43.938","2","0","0","0","2481","0","0","0","N","0","0","0","2","02481","0","","1.0","","1","N","N","","0","","1","1","0","","0","","","2","2","0","0","0","0","0","2","0","2","","","","N","","","","","","","","","",""
"2018052772","","0","0","0","0","0","0","0","0","0","4","0","","02","5","2018","4","40.327671","-80.027467","2052","11","0","0","1","0","0","0","1","0","1","0","0","0","","","0","","1","","40 19:39.615","6","0","80 01:38.881","0","0","0","0","2407","0","0","0","N","0","0","0","2","02407","0","","1.0","","1","N","N","","1","","0","0","0","","3","N","","2","0","0","0","0","0","0","2","1","2","","","","N","","","","","","","","","",""
"2018124437","","0","0","0","0","0","0","0","0","0","4","0","","02","11","2018","2","40.337778","-79.926389","1335","11","0","0","0","0","0","2","0","0","1","0","0","0","","","1","N","0","","40 20:16.000","5","7","79 55:35.000","3","0","0","0","2473","0","0","0","N","0","0","0","2","02473","0","","1.0","9999.0","9","N","N","N","0","","1","0","2","","0","N","","2","1","0","0","0","0","0","2","0","2","","","","N","","","","","","","","","",""
"2018116298","","1","0","0","0","0","0","0","0","0","7","0","","02","11","2018","7","40.424089","-79.792927","2132","11","0","0","0","0","0","0","0","0","1","0","0","0","","","0","","0","","40 25:26.720","6","0","79 47:34.538","0","0","0","0","2446","0","0","0","N","0","0","0","1","02446","0","","5.0","","1","N","N","","0","","0","0","0","","0","Y","","1","0","0","0","0","0","0","2","0","1","","","","N","","","","","","","","","",""
"2018105626","","1","0","0","0","0","0","0","0","0","1","0","","02","10","2018","3","40.475129","-79.773808","1639","11","0","0","0","0","0","1","0","0","2","0","0","0","","","0","","0","","40 28:30.465","6","0","79 46:25.709","9","0","0","0","2466","0","0","0","N","0","0","0","5","02466","0","","4.0","","1","N","N","","0","","0","0","2","","0","N","","3","0","0","0","0","0","1","2","0","3","","","","N","","","","","","","","","",""
"2018028975","","1","0","0","0","0","0","0","0","0","7","0","","02","2","2018","1","40.306965","-79.904813","2008","11","0","0","0","0","0","0","0","0","3","0","0","0","","","0","","2","","40 18:25.075","2","0","79 54:17.327","9","0","0","0","2440","0","0","0","N","0","0","0","2","02440","0","","5.0","","1","N","N","","1","","0","0","0","","3","N","","2","0","0","0","0","0","1","2","0","2","","","","N","","","","","","","","","",""
"2018047346","","1","0","0","0","0","0","0","0","0","7","0","","02","4","2018","7","40.449003","-80.026044","2353","11","0","0","0","0","0","1","0","0","1","0","0","0","","","0","","0","","40 26:56.409","2","2","80 01:33.759","0","0","0","0","2301","0","0","0","N","0","0","0","1","02301","0","","2.0","","1","N","N","","0","","0","0","0","","0","N","","1","0","0","0","0","0","0","2","0","1","","","","N","","","","","","","","","",""