"CRN","ARRIVAL_TM","AUTOMOBILE_COUNT","BELTED_DEATH_COUNT","BELTED_SUSP_SERIOUS_INJ_COUNT","BICYCLE_COUNT","BICYCLE_DEATH_COUNT","BICYCLE_SUSP_SERIOUS_INJ_COUNT","BUS_COUNT","CHLDPAS_DEATH_COUNT","CHLDPAS_SUSP_SERIOUS_INJ_COUNT","COLLISION_TYPE","COMM_VEH_COUNT","CONS_ZONE_SPD_LIM","COUNTY","CRASH_MONTH","CRASH_YEAR","DAY_OF_WEEK","DEC_LATITUDE","DEC_LONGITUDE","DISPATCH_TM","DISTRICT","DRIVER_COUNT_16YR","DRIVER_COUNT_17YR","DRIVER_COUNT_18YR","DRIVER_COUNT_19YR","DRIVER_COUNT_20YR","DRIVER_COUNT_50_64YR","DRIVER_COUNT_65_74YR","DRIVER_COUNT_75PLUS","EST_HRS_CLOSED","FATAL_COUNT","HEAVY_TRUCK_COUNT","HORSE_BUGGY_COUNT","HOUR_OF_DAY","ILLUMINATION","INJURY_COUNT","INTERSECTION_RELATED","INTERSECT_TYPE","LANE_CLOSED","LATITUDE","LN_CLOSE_DIR","LOCATION_TYPE","LONGITUDE","MAX_SEVERITY_LEVEL","MCYCLE_DEATH_COUNT","MCYCLE_SUSP_SERIOUS_INJ_COUNT","MOTORCYCLE_COUNT","MUNICIPALITY","NONMOTR_COUNT","NONMOTR_DEATH_COUNT","NONMOTR_SUSP_SERIOUS_INJ_COUNT","NTFY_HIWY_MAINT","PED_COUNT","PED_DEATH_COUNT","PED_SUSP_SERIOUS_INJ_COUNT","PERSON_COUNT","POLICE_AGCY","POSSIBLE_INJ_COUNT","RDWY_SURF_TYPE_CD","RELATION_TO_ROAD","ROADWAY_CLEARED","ROAD_CONDITION","SCH_BUS_IND","SCH_ZONE_IND","SECONDARY_CRASH","SMALL_TRUCK_COUNT","SPEC_JURIS_CD","SUSP_MINOR_INJ_COUNT","SUSP_SERIOUS_INJ_COUNT","SUV_COUNT","TCD_FUNC_CD","TCD_TYPE","TFC_DETOUR_IND","TIME_OF_DAY","TOTAL_UNITS","TOT_INJ_COUNT","UNBELTED_OCC_COUNT","UNB_DEATH_COUNT","UNB_SUSP_SERIOUS_INJ_COUNT","UNK_INJ_DEG_COUNT","UNK_INJ_PER_COUNT","URBAN_RURAL","VAN_COUNT","VEHICLE_COUNT","WEATHER1","WEATHER2","WORKERS_PRES","WORK_ZONE_IND","WORK_ZONE_LOC","WORK_ZONE_TYPE","WZ_CLOSE_DETOUR","WZ_FLAGGER","WZ_LAW_OFFCR_IND","WZ_LN_CLOSURE","WZ_MOVING","WZ_OTHER","WZ_SHLDER_MDN","WZ_WORKERS_INJ_KILLED"
"2018053625","","0","0","0","0","0","0","0","0","0","7","0","","02","5","2018","5","40.403102","-80.020358","1437","11","0","0","0","0","0","0","0","0","3","0","0","0","","","1","","0","","40 24:11.168","2","0","80 01:13.288","2","0","0","0","2301","0","0","0","N","0","0","0","1","02301","0","","5.0","","1","N","N","","1","","0","1","0","","0","Y","","2","1","1","0","1","0","0","2","1","2","","","","N","","","","","","","","","",""
"2018049108","","1","0","0","0","0","0","0","0","0","4","0","","02","5","2018","5","40.454141","-79.906256","1256","11","0","0","0","0","0","0","0","1","","0","0","0","","","0","","1","","40 27:14.906","","0","79 54:22.522","0","0","0","0","2301","0","0","0","N","0","0","0","2","02301","0","","1.0","","1","N","N","","1","","0","0","0","","3","","","2","0","0","0","0","0","0","2","0","2","","","","N","","","","","","","","","",""
"2018106197","","0","0","0","0","0","0","0","0","0","3","0","","02","10","2018","4","40.388836","-80.049489","1754","11","0","0","0","0","0","1","0","0","1","0","0","0","","","0","","0","","40 23:19.810","4","0","80 02:58.160","0","0","0","0","2109","0","0","0","N","0","0","0","3","02109","0","","1.0","","1","N","N","","0","","0","0","2","","0","Y","","2","0","0","0","0","0","0","2","0","2","","","","N","","","","","","","","","",""
"2018115109","","2","0","0","0","0","0","0","0","0","2","0","","02","10","2018","6","40.441733","-80.035258","2231","11","0","0","0","0","0","0","1","0","1","0","0","0","","","0","","1","","40 26:30.238","1","0","80 02:06.928","0","0","0","0","2301","0","0","0","N","0","0","0","3","02301","0","","1.0","","9","N","N","","0","","0","0","0","","3","Y","","2","0","0","0","0","0","0","2","0","2","","","","N","","","","","","","","","",""
"2018049392","","0","0","0","0","0","0","0","0","0","1","0","","02","4","2018","2","40.344659","-80.114932","1718","11","0","0","0","0","0","0","0","0","","0","0","0","","","0","","0","","40 20:40.773","","0","80 06:53.755","0","0","0","0","2119","0","0","0","N","0","0","0","2","02119","0","","1.0","","1","N","N","","1","","0","0","1","","0","","","2","0","0","0","0","0","0","2","0","2","","","","N","","","","","","","","","",""
"2018122468","","0","0","0","0","0","0","0","0","0","1","0","","02","10","2018","7","40.415975","-80.08507","1527","11","0","0","0","0","0","1","0","0","1","0","0","0","","","0","","0","","40 24:57.509","3","0","80 05:06.251","0","0","0","0","2415","0","0","0","N","0","0","0","3","68B03","0","","1.0","","1","N","N","","0","","0","0","3","","0","N","","3","0","0","0","0","0","0","2","0","3","","","","N","","","","","","","","","",""
"2018051160","","1","0","0","0","0","0","0","0","0","1","0","","02","5","2018","3","40.500044","-80.221987","1550","11","0","0","0","0","0","0","0","0","2","0","0","0","","","0","","1","","40 30:00.157","4","0","80 13:19.152","0","0","0","0","2213","0","0","0","N","0","0","0","2","02213","0","","1.0","","1","N","N","","0","","0","0","1","","4","N","","2","0","0","0","0","0","0","2","0","2","","","","N","","","","","","","","","",""
"2018048276","","1","0","0","0","0","0","0","0","0","4","0","","02","5","2018","3","40.473022","-79.814164","2158","11","0","0","0","0","0","0","0","0","","0","0","0","","","0","","0","","40 28:22.880","","0","79 48:50.990","0","0","0","0","2113","0","0","0","N","0","0","0","0","02113","0","","4.0","","1","N","N","","0","","0","0","1","","0","","","2","0","0","0","0","0","0","2","0","2","","","","N","","","","","","","","","",""
"2018049416","","1","0","0","0","0","0","0","0","0","4","0","","02","5","2018","4","40.405448","-79.91141","1513","11","0","0","0","0","0","1","0","0","2","0","0","0","","","0","","1","","40 24:19.612","2","0","79 54:41.076","0","0","0","0","2438","0","0","0","N","0","0","0","2","02438","0","","1.0","","1","N","N","","0","","0","0","1","","3","Y","","2","0","0","0","0","0","0","2","0","2","","","","N","","","","","","","","","",""
"2018118362","","0","0","0","0","0","0","0","0","0","7","0","","02","11","2018","5","40.496012","-80.169341","1810","11","0","0","0","0","0","0","0","0","","0","0","0","","","0","","0","","40 29:45.643","","0","80 10:09.627","0","0","0","0","2213","0","0","0","N","0","0","0","1","02213","0","","4.0","","9","N","N","","0","","0","0","1","","0","","","1","0","0","0","0","0","0","2","0","1","","","","N","","","","","","","","","",""
"2018117593","","1","0","0","0","0","0","0","0","0","4","0","","02","11","2018","2","40.378363","-80.03359","1753","11","0","0","0","0","0","0","1","0","","0","0","0","","","1","","1","","40 22:42.106","","0","80 02:00.924","3","0","0","0","2109","0","0","0","N","0","0","0","2","02109","0","","1.0","","1","N","N","","0","","1","0","1","","3","","","2","1","0","0","0","0","0","2","0","2","","","","N","","","","","","","","","",""
"2018047858","","0","0","0","0","0","0","0","0","0","4","0","","02","4","2018","2","40.379592","-79.993943","1022","11","0","0","0","0","0","2","0","0","1","0","0","0","","","1","","0","","40 22:46.531","5","0","79 59:38.195","8","0","0","0","2301","0","0","0","N","0","0","0","7","02301","0","","1.0","","1","N","N","","1","","0","0","1","","0","N","","4","1","0","0","0","1","0","2","2","4","","","","N","","","","","","","","","",""
"2018116948","","1","0","0","0","0","0","0","0","0","1","0","","02","10","2018","3","40.420337","-80.038049","0938","11","0","0","0","0","0","1","0","0","3","0","0","0","","","2","","0","","40 25:13.214","4","0","80 02:16.978","4","0","0","0","2301","0","0","0","N","0","0","0","2","68B03","1","","1.0","","1","N","N","","1","","0","0","0","","0","N","","2","2","0","0","0","1","0","2","0","2","","","","N","","","","","","","","","",""
"2018048292","","1","0","0","0","0","0","0","0","0","7","0","","02","5","2018","3","40.43585","-79.958758","2357","11","0","0","0","0","1","0","0","0","1","0","0","0","","","1","","0","","40 26:09.060","3","0","79 57:31.528","3","0","0","0","2301","0","0","0","N","0","0","0","1","02301","0","","2.0","","1","N","N","","0","","1","0","0","","0","N","","1","1","0","0","0","0","0","2","0","1","","","","N","","","","","","","","","",""
"2018048542","","1","0","0","0","0","0","0","0","0","4","0","","02","5","2018","4","40.473714","-79.931306","2048","11","0","0","0","0","0","0","0","0","","0","0","0","","","0","","0","","40 28:25.370","","0","79 55:52.700","0","0","0","0","2301","0","0","0","N","0","0","0","3","02301","0","","1.0","","1","","N","","0","","0","0","2","","2","","","3","0","0","0","0","0","0","2","0","3","","","","N","","","","","","","","","",""
"2018054295","","1","0","0","0","0","0","0","0","0","4","0","","02","5","2018","6","40.437741","-80.00445","2043","11","0","0","0","0","0","0","0","0","1","0","0","0","","","1","","2","","40 26:15.868","2","0","80 00:16.019","3","0","0","0","2301","0","0","0","N","0","0","0","6","02301","0","","1.0","","1","N","N","","1","","1","0","0","","2","Y","","2","1","0","0","0","0","0","2","0","2","","","","N","","","","","","","","","",""
"2018083156","","2","0","0","0","0","0","0","0","0","2","0","","02","8","2018","5","40.437042","-79.959551","1755","11","0","0","0","0","0","0","0","0","1","0","0","0","","","2","","0","","40 26:13.351","2","0","79 57:34.384","8","0","0","0","2301","0","0","0","N","0","0","0","2","02301","0","","1.0","","1","N","N","","0","","0","0","0","","0","N","","2","2","0","0","0","2","0","2","0","2","","","","N","","","","","","","","","",""
"2018053786","","1","0","0","0","0","0","0","0","0","4","0","","02","5","2018","5","40.387595","-80.053236","1630","11","0","0","0","0","0","0","1","0","1","0","0","0","","","1","","2","","40 23:15.341","1","0","80 03:11.649","3","0","0","0","2109","0","0","0","N","0","0","0","3","02109","0","","1.0","","1","N","N","","0","","1","0","1","","0","N","","2","1","0","0","0","0","0","2","0","2","","","","N","","","","","","","","","",""
"2018104203","","1","0","0","0","0","0","0","0","0","4","0","","02","10","2018","6","40.392155","-80.012484","1626","11","0","1","0","0","0","1","0","0","","0","0","0","","","1","","0","","40 23:31.758","","0","80 00:44.943","3","0","0","0","2301","0","0","0","N","0","0","0","4","02301","0","","1.0","","1","N","N","","0","","1","0","0","","0","","","2","1","0","0","0","0","0","2","1","2","","","","N","","","","","","","","","",""
"2018101401","","2","0","0","0","0","0","0","0","0","1","0","","02","9","2018","6","40.518653","-80.267032","0558","11","0","0","0","0","0","0","1","0","","0","0","0","","","1","","0","","40 31:07.152","","0","80 16:01.314","3","0","0","0","2203","0","0","0","N","0","0","0","3","02203","0","","1.0","","1","N","N","","0","","1","0","0","","0","","","2","1","0","0","0","0","0","2","0","2","","","","N","","","","","","","","","",""
"2018072915","","0","0","0","0","0","0","0","0","0","7","0","","02","7","2018","3","40.404876","-79.913015","0948","11","0","0","0","0","0","0","1","0","","0","0","0","","","0","","2","","40 24:17.554","","0","79 54:46.853","0","0","0","0","2472","0","0","0","N","0","0","0","1","02472","0","","5.0","","1","N","N","","0","","0","0","0","","0","","","1","0","0","0","0","0","0","2","1","1","","","","N","","","","","","","","","",""
"2018103782","","1","0","0","0","0","0","0","0","0","7","0","","02","10","2018","5","40.454352","-79.977766","2207","11","0","0","0","0","0","0","0","0","","0","0","0","","","0","","2","","40 27:15.668","","0","79 58:39.957","0","0","0","0","2301","0","0","0","N","0","0","0","1","02301","0","","5.0","","1","N","N","","0","","0","0","0","","0","","","1","0","1","0","0","0","0","2","0","1","","","","N","","","","","","","","","",""
"2018107486","","2","0","0","0","0","0","0","0","0","4","0","","02","10","2018","1","40.444381","-79.713631","2019","11","0","0","0","0","0","1","0","0","","0","0","0","","","0","","0","","40 26:39.772","","7","79 42:49.073","0","0","0","0","2446","0","0","0","N","0","0","0","2","02446","0","","6.0","","1","N","N","","0","","0","0","0","","0","","","2","0","0","0","0","0","0","2","0","2","","","","N","","","","","","","","","",""
"2018048806","","0","0","0","0","0","0","0","0","0","1","0","","02","4","2018","7","40.34812","-79.947883","1953","11","0","0","0","0","0","1","0","0","1","0","0","0","","","0","","0","","40 20:53.233","3","0","79 56:52.380","0","0","0","0","2473","0","0","0","N","0","0","0","6","02473","0","","1.0","","1","N","N","","0","","0","0","2","","2","N","","2","0","3","0","0","0","0","2","0","2","","","","N","","","","","","","","","",""
"2018047321","","1","0","0","0","0","0","0","0","0","1","0","","02","4","2018","7","40.470949","-79.820959","1946","11","0","0","0","0","0","1","0","0","2","0","0","0","","","1","","0","","40 28:15.415","4","0","79 49:15.454","4","0","0","0","2113","0","0","0","N","0","0","0","5","02113","1","","1.0","","1","N","N","","1","","0","0","1","","0","N","","3","1","0","0","0","0","0","2","0","3","","","","N","","","","","","","","","",""
"2018054311","","2","0","0","0","0","0","0","0","0","2","0","","02","5","2018","7","40.413228","-80.016697","0052","11","0","0","0","0","0","0","0","0","1","0","0","0","","","1","","0","","40 24:47.620","1","0","80 01:00.110","8","0","0","0","2301","0","0","0","N","0","0","0","3","02301","0","","1.0","","9","N","N","","0","","0","0","0","","0","N","","2","1","2","0","0","1","0","2","0","2","","","","N","","","","","","","","","",""
"2018112368","","1","0","0","0","0","0","0","0","0","7","0","","02","10","2018","5","40.469746","-79.796061","1956","11","0","0","0","0","0","0","0","0","1","0","0","0","","","1","","0","","40 28:11.085","5","0","79 47:45.821","3","0","0","0","2113","0","0","0","N","0","0","0","1","02113","0","","4.0","","1","N","N","","0","","1","0","0","","0","N","","1","1","0","0","0","0","0","2","0","1","","","","N","","","","","","","","","",""
"2018106757","","1","0","0","0","0","0","0","0","0","7","0","","02","10","2018","5","40.415991","-79.750157","1910","11","0","0","0","0","0","0","0","0","3","0","0","0","","","0","","0","","40 24:57.567","5","0","79 45:00.566","0","0","0","0","2446","0","0","0","N","0","0","0","1","02446","0","","5.0","","1","N","N","","0","","0","0","0","","0","Y","","1","0","0","0","0","0","0","2","0","1","","","","N","","","","","","","","","",""
"2018114551","","1","0","0","0","0","0","0","0","0","4","0","","02","10","2018","3","40.338833","-80.065858","1857","11","0","0","0","0","0","0","0","0","","0","0","0","","","1","","1","","40 20:19.797","","0","80 03:57.088","3","0","0","0","2123","0","0","0","N","0","0","0","2","02123","0","","1.0","","1","N","N","","0","","1","0","1","","2","","","2","1","0","0","0","0","0","2","0","2","","","","N","","","","","","","","","",""
"2018113760","","1","0","0","0","0","0","0","0","0","7","0","","02","10","2018","7","40.589836","-79.774617","0900","11","0","0","0","0","1","0","0","0","2","0","0","0","","","1","","0","","40 35:23.409","1","0","79 46:28.620","8","0","0","0","2104","0","0","0","Y","0","0","0","1","68D02","0","","4.0","","9","N","N","","0","","0","0","0","","0","N","","1","1","0","0","0","1","0","2","0","1","","","","N","","","","","","","","","",""
"2018048985","","0","0","0","1","0","0","0","0","0","8","0","","02","5","2018","5","40.440766","-79.995889","1808","11","0","0","0","0","1","0","0","0","1","0","0","0","","","1","","1","","40 26:26.756","3","0","79 59:45.202","4","0","0","0","2301","1","0","0","N","0","0","0","3","02301","1","","1.0","","1","N","N","","1","","0","0","0","","2","N","","2","1","0","0","0","0","0","2","0","1","","","","N","","","","","","","","","",""
"2018053282","","4","0","0","0","0","0","0","0","0","1","0","","02","5","2018","4","40.446104","-80.151946","1807","11","0","0","0","0","0","1","0","0","1","0","0","0","","","2","","0","","40 26:45.975","3","0","80 09:07.004","4","0","0","0","2115","0","0","0","N","0","0","0","5","02115","2","","1.0","","1","N","N","","0","","0","0","0","","0","N","","4","2","0","0","0","0","0","2","0","4","","","","N","","","","","","","","","",""
"2018106435","","2","0","0","0","0","0","0","0","0","1","0","","02","10","2018","4","40.542782","-80.205684","0827","11","0","0","0","0","0","0","0","0","1","0","0","0","","","0","","0","","40 32:34.015","2","0","80 12:20.462","0","0","0","0","2213","0","0","0","N","0","0","0","2","02213","0","","1.0","","1","N","N","","0","","0","0","0","","2","N","","2","0","0","0","0","0","0","2","0","2","","","","N","","","","","","","","","",""
"2018049424","","1","0","0","0","0","0","0","0","0","4","0","","02","5","2018","5","40.515594","-79.979664","1439","11","0","0","1","0","0","0","0","0","2","0","0","0","","","0","","0","","40 30:56.140","1","0","79 58:46.790","0","0","0","0","2118","0","0","0","N","0","0","0","4","02118","0","","1.0","","1","N","N","","1","","0","0","0","","0","Y","","2","0","0","0","0","0","0","2","0","2","","","","N","","","","","","","","","",""
"2018048587","","1","0","0","0","0","0","0","0","0","7","0","","02","5","2018","4","40.414656","-80.091108","2152","11","0","0","0","0","0","0","0","0","","0","0","0","","","0","","0","","40 24:52.760","","0","80 05:27.990","0","0","0","0","2415","0","0","0","N","0","0","0","2","02415","0","","5.0","","1","N","N","","0","","0","0","0","","0","","","1","0","0","0","0","0","0","2","0","1","","","","N","","","","","","","","","",""
"2018049434","","0","0","0","0","0","0","0","0","0","4","0","","02","5","2018","6","40.437594","-79.770089","1320","11","0","0","0","0","0","1","1","0","1","0","0","0","","","1","","0","","40 26:15.340","2","7","79 46:12.320","4","0","0","0","2446","0","0","0","N","0","0","0","2","02446","1","","1.0","","1","N","N","","1","","0","0","1","","0","N","","2","1","0","0","0","0","0","2","0","2","","","","N","","","","","","","","","",""
"2018047465","","2","0","0","0","0","0","0","0","0","4","0","","02","4","2018","7","40.495048","-80.065757","1233","11","0","0","0","0","0","1","0","0","1","0","0","0","","","1","","0","","40 29:42.173","1","7","80 03:56.726","3","0","0","0","2402","0","0","0","N","0","0","0","2","02402","0","","1.0","","1","N","N","","0","","1","0","0","","0","N","","2","1","0","0","0","0","0","2","0","2","","","","N","","","","","","","","","",""
"2018099781","","1","0","0","0","0","0","1","0","0","2","1","","02","9","2018","2","40.458074","-79.904051","0012","11","0","0","0","0","0","1","0","0","3","0","0","0","","","10","","3","","40 27:29.065","7","0","79 54:14.585","2","0","0","0","2301","0","0","0","N","0","0","0","10","02503","1","","1.0","","1","N","N","","0","","7","2","0","","2","Y","","2","10","0","0","0","0","0","2","0","2","","","","N","","","","","","","","","",""
"2018119461","","1","0","0","0","0","0","0","0","0","4","0","","02","11","2018","1","40.46223","-79.969618","1150","11","0","0","0","0","0","0","0","0","","0","1","0","","","0","","1","","40 27:44.029","","0","79 58:10.625","0","0","0","0","2301","0","0","0","N","0","0","0","2","02301","0","","1.0","","9","","","","0","","0","0","0","","3","","","2","0","0","0","0","0","0","2","0","2","","","","N","","","","","","","","","",""
"2018048149","","2","0","0","0","0","0","0","0","0","4","0","","02","5","2018","3","40.425765","-80.01976","1149","11","0","0","1","0","0","0","0","0","","0","0","0","","","0","","1","","40 25:32.754","","0","80 01:11.135","9","0","0","0","2301","0","0","0","N","0","0","0","2","02301","0","","1.0","","1","N","N","","0","","0","0","0","","2","","","2","0","0","0","0","0","1","2","0","2","","","","N","","","","","","","","","",""
"2018055513","","2","0","0","0","0","0","0","0","0","1","0","","02","4","2018","2","40.489701","-79.911765","1653","11","0","0","0","0","0","0","0","0","2","0","0","0","","","0","","0","","40 29:22.925","1","3","79 54:42.355","0","0","0","0","2401","0","0","0","N","0","0","0","3","68D02","0","","1.0","","1","N","N","","0","","0","0","1","","0","N","","3","0","0","0","0","0","0","2","0","3","","","","N","","","","","","","","","",""
"2018104625","","1","0","0","0","0","0","0","0","0","1","0","","02","10","2018","6","40.344014","-79.971428","1706","11","0","0","0","0","0","2","0","0","","0","0","0","","","0","","0","","40 20:38.450","","0","79 58:17.139","0","0","0","0","2403","0","0","0","N","0","0","0","3","02403","0","","1.0","","1","N","N","","1","","0","0","1","","2","","","3","0","0","0","0","0","0","2","0","3","","","","N","","","","","","","","","",""
"2018116866","","1","0","0","0","0","0","0","0","0","7","0","","02","11","2018","2","40.379815","-79.994087","2358","11","0","0","0","0","0","0","0","0","2","0","0","0","","","0","","2","","40 22:47.333","2","0","79 59:38.713","0","0","0","0","2301","0","0","0","N","0","0","0","1","02301","0","","5.0","","1","N","N","","0","","0","0","0","","0","N","","1","0","0","0","0","0","0","2","0","1","","","","N","","","","","","","","","",""
"2018052929","","1","0","0","0","0","0","0","0","0","2","0","","02","5","2018","3","40.427347","-79.993014","1815","11","0","0","1","0","0","0","0","0","","0","0","0","","","0","","0","","40 25:38.450","","0","79 59:34.850","0","0","0","0","2301","0","0","0","N","0","0","0","3","02301","0","","1.0","","1","N","N","","0","","0","0","1","","0","","","2","0","0","0","0","0","0","2","0","2","","","","N","","","","","","","","","",""
"2018102170","","0","0","0","0","0","0","0","0","0","7","0","","02","10","2018","2","40.450174","-79.841706","0621","11","0","0","0","0","0","0","0","0","","0","0","0","","","0","N","0","","40 27:00.625","","0","79 50:30.142","0","0","0","0","2113","0","0","0","N","0","0","0","1","02113","0","","5.0","","1","N","N","","1","","0","0","0","","0","","","1","0","0","0","0","0","0","2","0","1","","","","N","","","","","","","","","",""
"2018048946","","2","0","0","0","0","0","0","0","0","1","0","","02","5","2018","5","40.450916","-79.943053","1544","11","0","0","0","0","0","1","0","0","","0","0","0","","","1","","1","","40 27:03.297","","0","79 56:34.990","4","0","0","0","2301","0","0","0","N","0","0","0","2","02301","1","","1.0","","1","N","N","","0","","0","0","0","","2","","","2","1","0","0","0","0","0","2","0","2","","","","N","","","","","","","","","",""
"2018104635","","1","0","0","0","0","0","1","0","0","1","1","","02","10","2018","1","40.432251","-79.893642","0657","11","0","0","0","0","0","1","0","0","2","0","0","0","","","1","","0","","40 25:56.104","5","0","79 53:37.111","3","0","0","0","2463","0","0","0","N","0","0","0","4","02503","0","","1.0","","1","","","","0","","1","0","0","","0","N","","2","1","0","0","0","0","0","2","0","2","","","","N","","","","","","","","","",""
"2018051556","","2","0","0","0","0","0","0","0","0","1","0","","02","5","2018","3","40.316884","-80.047793","1118","11","0","0","0","0","0","1","0","1","","0","0","0","","","0","","2","","40 19:00.782","","0","80 02:52.054","0","0","0","0","2407","0","0","0","N","0","0","0","2","02407","0","","1.0","","1","N","N","","0","","0","0","0","","0","","","2","0","0","0","0","0","0","2","0","2","","","","N","","","","","","","","","",""
"2018047930","","1","0","0","0","0","0","0","0","0","5","0","","02","4","2018","2","40.46013","-79.866408","1437","11","0","0","0","0","0","1","0","0","","0","0","0","","","0","","0","","40 27:36.467","","0","79 51:59.069","0","0","0","0","2113","0","0","0","N","0","0","0","5","02113","0","","1.0","","1","N","N","","0","","0","0","0","","0","","","2","0","0","0","0","0","0","2","1","2","","","","N","","","","","","","","","",""
"2018048496","","2","0","0","0","0","0","0","0","0","4","0","","02","5","2018","4","40.445223","-79.991829","1619","11","0","0","0","0","0","1","0","0","1","0","0","0","","","0","","2","","40 26:42.802","4","0","79 59:30.584","0","0","0","0","2301","0","0","0","N","0","0","0","2","02301","0","","1.0","","1","N","N","","0","","0","0","0","","0","N","","2","0","0","0","0","0","0","2","0","2","","","","N","","","","","","","","","",""
"2018105112","","2","0","0","0","0","0","0","0","0","1","0","","02","10","2018","2","40.448765","-80.020496","1644","11","0","0","0","0","0","0","0","0","","0","0","0","","","1","","1","","40 26:55.555","","0","80 01:13.787","8","0","0","0","2301","0","0","0","N","0","0","0","2","02301","0","","1.0","","1","N","N","","0","","0","0","0","","0","","","2","1","0","0","0","1","0","2","0","2","","","","N","","","","","","","","","",""
"2018056770","","1","0","0","0","0","0","0","0","0","7","0","","02","5","2018","7","40.364697","-80.020218","0115","11","0","0","0","0","0","0","0","0","","0","0","0","","","0","","0","","40 21:52.910","","0","80 01:12.786","0","0","0","0","2416","0","0","0","N","0","0","0","2","02416","0","","5.0","","9","N","N","","0","","0","0","0","","0","","","1","0","0","0","0","0","0","2","0","1","","","","N","","","","","","","","","",""
"2018113737","","0","0","0","0","0","0","0","0","0","99","0","","02","10","2018","6","40.340168","-80.129317","0051","11","0","0","0","0","0","0","0","0","","0","0","0","","","0","","0","","40 20:24.606","","0","80 07:45.541","0","0","0","0","2119","0","0","0","N","0","0","0","1","68B03","0","","1.0","","1","N","N","","0","","0","0","1","","0","","","1","0","0","0","0","0","0","2","0","1","","","","N","","","","","","","","","",""
"2018100939","","2","0","0","0","0","0","0","0","0","4","0","","02","9","2018","5","40.402015","-80.000595","1116","11","0","0","0","0","0","0","1","0","2","0","0","0","","","0","","1","","40 24:07.255","2","0","80 00:02.143","0","0","0","0","2301","0","0","0","N","0","0","0","3","02301","0","","1.0","","1","N","N","","0","","0","0","0","","2","N","","2","0","0","0","0","0","0","2","0","2","","","","N","","","","","","","","","",""
"2018104428","","0","0","0","0","0","0","0","0","0","1","2","55","02","10","2018","3","40.592164","-79.890884","1650","11","0","0","0","0","0","0","1","1","","0","2","0","","","0","","0","","40 35:31.789","","0","79 53:27.184","0","0","0","0","2209","0","0","0","N","0","0","0","2","68T02","0","","1.0","","1","N","N","","0","","0","0","0","","0","","","2","0","0","0","0","0","0","1","0","2","","","N","Y","4","1","N","N","N","N","Y","N","N",""
"2018115085","","3","0","0","0","0","0","0","0","0","0","0","","02","11","2018","5","40.514803","-80.004306","1133","11","0","0","0","0","0","0","0","0","1","0","0","0","","","1","","3","","40 30:53.291","2","0","80 00:15.503","3","0","0","0","2116","0","0","0","N","0","0","0","3","02116","0","","1.0","","1","N","N","","0","","1","0","0","","3","N","","3","1","0","0","0","0","0","2","0","3","","","","N","","","","","","","","","",""
"2018104600","","1","0","0","0","0","0","0","0","0","7","0","","02","10","2018","4","40.470725","-80.025824","0038","11","0","0","0","0","0","0","0","0","3","0","0","0","","","1","","1","","40 28:14.609","7","0","80 01:32.966","8","0","0","0","2301","0","0","0","N","0","0","0","1","02301","0","","5.0","","1","N","N","","0","","0","0","0","","0","Y","","1","1","1","0","0","1","0","2","0","1","","","","N","","","","","","","","","",""
"2018053079","","2","0","0","0","0","0","0","0","0","4","0","","02","5","2018","4","40.450836","-80.047364","0900","11","0","0","0","0","0","0","0","0","","0","0","0","","","0","","2","","40 27:03.010","","0","80 02:50.511","0","0","0","0","2301","0","0","0","N","0","0","0","6","02301","0","","1.0","","1","N","Y","","0","","0","0","0","","0","","","2","0","4","0","0","0","0","2","0","2","","","","N","","","","","","","","","",""
"2018112530","","1","0","0","0","0","0","0","0","0","4","0","","02","10","2018","6","40.352083","-80.010885","0629","11","0","0","0","0","0","1","0","0","2","0","0","0","","","0","","2","","40 21:07.500","6","0","80 00:39.187","0","0","0","0","2476","0","0","0","N","0","0","0","2","02476","0","","1.0","","1","N","N","","1","","0","0","0","","3","N","","2","0","0","0","0","0","0","2","0","2","","","","N","","","","","","","","","",""
"2018054415","","4","0","0","0","0","0","0","0","0","1","0","","02","5","2018","4","40.428193","-79.719352","1110","11","0","0","0","0","0","0","2","0","2","0","0","0","","","0","","0","","40 25:41.496","4","0","79 43:09.666","0","0","0","0","2446","0","0","0","N","0","0","0","4","02446","0","","1.0","","1","N","N","","0","","0","0","0","","0","N","","4","0","1","0","0","0","0","2","0","4","","","","N","","","","","","","","","",""
"2018114688","","1","0","0","0","0","0","0","0","0","99","0","","02","10","2018","3","40.459255","-80.111648","2330","11","0","0","0","0","0","1","0","0","","0","0","0","","","0","","0","","40 27:33.317","","0","80 06:41.933","0","0","0","0","2126","0","0","0","N","0","0","0","1","68B03","0","","1.0","","1","N","N","","0","","0","0","0","","0","","","1","0","0","0","0","0","0","2","0","1","","","","N","","","","","","","","","",""
"2018048260","","2","0","0","0","0","0","0","0","0","4","0","","02","5","2018","3","40.327132","-80.124743","1804","11","0","0","0","0","0","0","0","0","2","0","0","0","","","0","","1","","40 19:37.674","6","0","80 07:29.074","0","0","0","0","2119","0","0","0","N","0","0","0","2","02119","0","","1.0","","1","N","N","","0","","0","0","0","","0","N","","2","0","0","0","0","0","0","2","0","2","","","","N","","","","","","","","","",""
"2018104512","","1","0","0","0","0","0","0","0","0","7","0","","02","10","2018","5","40.4752","-80.040126","2035","11","0","0","0","0","0","0","0","0","1","0","0","0","","","1","","0","","40 28:30.720","1","0","80 02:24.454","3","0","0","0","2301","0","0","0","N","0","0","0","1","02301","0","","1.0","","1","N","N","","0","","1","0","0","","0","N","","1","1","0","0","0","0","0","2","0","1","","","","N","","","","","","","","","",""