"CRN","ARRIVAL_TM","AUTOMOBILE_COUNT","BELTED_DEATH_COUNT","BELTED_SUSP_SERIOUS_INJ_COUNT","BICYCLE_COUNT","BICYCLE_DEATH_COUNT","BICYCLE_SUSP_SERIOUS_INJ_COUNT","BUS_COUNT","CHLDPAS_DEATH_COUNT","CHLDPAS_SUSP_SERIOUS_INJ_COUNT","COLLISION_TYPE","COMM_VEH_COUNT","CONS_ZONE_SPD_LIM","COUNTY","CRASH_MONTH","CRASH_YEAR","DAY_OF_WEEK","DEC_LATITUDE","DEC_LONGITUDE","DISPATCH_TM","DISTRICT","DRIVER_COUNT_16YR","DRIVER_COUNT_17YR","DRIVER_COUNT_18YR","DRIVER_COUNT_19YR","DRIVER_COUNT_20YR","DRIVER_COUNT_50_64YR","DRIVER_COUNT_65_74YR","DRIVER_COUNT_75PLUS","EST_HRS_CLOSED","FATAL_COUNT","HEAVY_TRUCK_COUNT","HORSE_BUGGY_COUNT","HOUR_OF_DAY","ILLUMINATION","INJURY_COUNT","INTERSECTION_RELATED","INTERSECT_TYPE","LANE_CLOSED","LATITUDE","LN_CLOSE_DIR","LOCATION_TYPE","LONGITUDE","MAX_SEVERITY_LEVEL","MCYCLE_DEATH_COUNT","MCYCLE_SUSP_SERIOUS_INJ_COUNT","MOTORCYCLE_COUNT","MUNICIPALITY","NONMOTR_COUNT","NONMOTR_DEATH_COUNT","NONMOTR_SUSP_SERIOUS_INJ_COUNT","NTFY_HIWY_MAINT","PED_COUNT","PED_DEATH_COUNT","PED_SUSP_SERIOUS_INJ_COUNT","PERSON_COUNT","POLICE_AGCY","POSSIBLE_INJ_COUNT","RDWY_SURF_TYPE_CD","RELATION_TO_ROAD","ROADWAY_CLEARED","ROAD_CONDITION","SCH_BUS_IND","SCH_ZONE_IND","SECONDARY_CRASH","SMALL_TRUCK_COUNT","SPEC_JURIS_CD","SUSP_MINOR_INJ_COUNT","SUSP_SERIOUS_INJ_COUNT","SUV_COUNT","TCD_FUNC_CD","TCD_TYPE","TFC_DETOUR_IND","TIME_OF_DAY","TOTAL_UNITS","TOT_INJ_COUNT","UNBELTED_OCC_COUNT","UNB_DEATH_COUNT","UNB_SUSP_SERIOUS_INJ_COUNT","UNK_INJ_DEG_COUNT","UNK_INJ_PER_COUNT","URBAN_RURAL","VAN_COUNT","VEHICLE_COUNT","WEATHER1","WEATHER2","WORKERS_PRES","WORK_ZONE_IND","WORK_ZONE_LOC","WORK_ZONE_TYPE","WZ_CLOSE_DETOUR","WZ_FLAGGER","WZ_LAW_OFFCR_IND","WZ_LN_CLOSURE","WZ_MOVING","WZ_OTHER","WZ_SHLDER_MDN","WZ_WORKERS_INJ_KILLED"
"2018124771","","0","0","0","0","0","0","0","0","0","7","1","","02","11","2018","4","40.48856","-79.923203","0528","11","0","0","0","0","0","0","0","0","1","0","1","0","","","0","","0","","40 29:18.816","4","0","79 55:23.530","0","0","0","0","2301","0","0","0","N","0","0","0","2","02301","0","","5.0","","1","N","N","","0","","0","0","0","","0","N","","1","0","2","0","0","0","0","2","0","1","","","","N","","","","","","","","","",""
"2018111465","","4","0","0","0","0","0","0","0","0","1","0","","02","10","2018","3","40.390758","-80.074203","1907","11","0","0","0","0","0","1","0","0","3","0","0","0","","","3","","1","","40 23:26.727","2","0","80 04:27.129","4","0","0","0","2117","0","0","0","N","0","0","0","5","02117","2","","1.0","","1","N","N","","0","","0","0","0","","2","N","","4","3","0","0","0","1","0","2","0","4","","","","N","","","","","","","","","",""
"2018056654","","1","0","0","0","0","0","0","0","0","7","0","","02","5","2018","7","40.434467","-79.944994","0448","11","0","0","0","0","0","0","0","0","","0","0","0","","","0","","0","","40 26:04.080","","0","79 56:41.980","0","0","0","0","2301","0","0","0","N","0","0","0","1","02301","0","","5.0","","1","N","N","","0","","0","0","0","","0","","","1","0","0","0","0","0","0","2","0","1","","","","N","","","","","","","","","",""
"2018054609","","0","0","0","0","0","0","0","0","0","99","0","","02","5","2018","4","40.484008","-80.275622","2115","11","0","0","0","0","0","0","0","0","","0","0","0","","","0","","0","","40 29:02.429","","0","80 16:32.240","0","0","0","0","2203","0","0","0","N","0","0","0","2","68B03","0","","1.0","","1","N","N","","0","","0","0","1","","0","","","1","0","0","0","0","0","0","1","0","1","","","","N","","","","","","","","","",""
"2018056363","","1","0","0","0","0","0","0","0","0","1","0","","02","5","2018","2","40.465808","-80.060928","2057","11","0","0","0","0","0","1","0","0","","0","0","0","","","0","","2","","40 27:56.907","","0","80 03:39.341","0","0","0","0","2444","0","0","0","N","0","0","0","3","02444","0","","1.0","","1","N","N","","1","","0","0","0","","0","","","2","0","0","0","0","0","0","2","0","2","","","","N","","","","","","","","","",""
"2018122959","","0","0","0","0","0","0","0","0","0","99","0","","02","11","2018","1","40.21987","-79.846175","1811","11","0","0","0","0","0","0","0","0","","0","0","0","","","0","","0","","40 13:11.532","","0","79 50:46.231","0","0","0","0","2204","0","0","0","N","0","0","0","5","02204","0","","1.0","","1","N","N","","0","","0","0","1","","0","","","1","0","0","0","0","0","0","2","0","1","","","","N","","","","","","","","","",""
"2018050104","","0","0","0","0","0","0","0","0","0","4","0","","02","5","2018","2","40.517556","-79.805753","1439","11","0","0","0","0","0","1","0","0","","0","0","0","","","1","","2","","40 31:03.201","","0","79 48:20.711","8","0","0","0","2466","0","0","0","N","0","0","0","2","02466","0","","1.0","","1","N","N","","2","","0","0","0","","0","","","2","1","0","0","0","1","0","2","0","2","","","","N","","","","","","","","","",""
"2018122467","","1","0","0","0","0","0","0","0","0","7","0","","02","10","2018","5","40.663741","-80.090847","1827","11","0","0","0","0","0","1","0","0","","0","0","0","","","0","","0","","40 39:49.466","","0","80 05:27.050","0","0","0","0","2212","0","0","0","Y","0","0","0","1","68B03","0","","4.0","","1","N","N","","0","","0","0","0","","0","","","1","0","0","0","0","0","0","2","0","1","","","","N","","","","","","","","","",""
"2018050522","","0","0","0","0","0","0","0","0","0","1","0","45","02","5","2018","2","40.4679","-80.001829","0703","11","0","0","0","0","0","1","0","0","2","0","0","0","","","1","","0","","40 28:04.441","2","0","80 00:06.583","8","0","0","1","2301","0","0","0","N","0","0","0","3","68B03","0","","1.0","","1","N","N","","0","","0","0","1","","0","N","","2","1","0","0","0","1","0","2","0","2","","","Y","Y","2","1","N","N","N","Y","N","N","Y",""
"2018118147","","1","0","0","0","0","0","0","0","0","1","1","","02","11","2018","4","40.429287","-79.999239","0834","11","0","0","0","0","0","0","0","0","","0","1","0","","","1","","1","","40 25:45.434","","0","79 59:57.262","3","0","0","0","2301","0","0","0","N","0","0","0","2","02301","0","","1.0","","1","N","N","","0","","1","0","0","","2","","","2","1","0","0","0","0","1","2","0","2","","","","N","","","","","","","","","",""
"2018055643","","1","0","0","0","0","0","0","0","0","4","0","","02","5","2018","3","40.459674","-79.925858","1709","11","0","0","0","0","0","0","0","1","","0","0","0","","","1","","0","","40 27:34.826","","7","79 55:33.089","4","0","0","0","2301","0","0","0","N","0","0","0","2","02301","1","","1.0","","1","N","N","","0","","0","0","1","","0","","","2","1","0","0","0","0","0","2","0","2","","","","N","","","","","","","","","",""
"2018054831","","1","0","0","0","0","0","0","0","0","4","0","","02","5","2018","1","40.332884","-79.984691","0009","11","0","0","0","0","0","0","0","0","2","0","0","0","","","0","","2","","40 19:58.384","4","0","79 59:04.888","0","0","0","0","2403","0","0","0","N","0","0","0","3","02403","0","","4.0","","9","N","N","","0","","0","0","1","","2","Y","","2","0","0","0","0","0","0","2","0","2","","","","N","","","","","","","","","",""
"2018050732","","2","0","0","0","0","0","0","0","0","1","0","","02","5","2018","4","40.449706","-80.025099","1207","11","0","0","0","0","1","0","0","0","","0","0","0","","","0","","1","","40 26:58.940","","2","80 01:30.356","0","0","0","0","2301","0","0","0","N","0","0","0","10","02301","0","","1.0","","1","N","N","","0","","0","0","1","","2","","","3","0","0","0","0","0","0","2","0","3","","","","N","","","","","","","","","",""
"2018120676","","0","0","0","0","0","0","0","0","0","0","0","","02","11","2018","7","40.450485","-79.843853","0021","11","0","0","0","0","0","0","0","0","","0","0","0","","","0","","0","","40 27:01.745","","0","79 50:37.871","0","0","0","0","2419","0","0","0","N","0","0","0","2","02419","0","","1.0","","1","N","N","","0","","0","0","0","","0","","","1","0","0","0","0","0","0","2","1","1","","","","N","","","","","","","","","",""
"2018124762","","1","0","0","0","0","0","0","0","0","7","0","","02","11","2018","5","40.488485","-79.801081","0142","11","0","0","0","0","0","0","0","0","2","0","0","0","","","0","","0","","40 29:18.547","6","0","79 48:03.890","0","0","0","0","2113","0","0","0","N","0","0","0","1","02113","0","","5.0","","2","N","N","","0","","0","0","0","","0","N","","1","0","0","0","0","0","0","2","0","1","","","","N","","","","","","","","","",""
"2018051730","","2","0","0","0","0","0","0","0","0","4","0","","02","5","2018","6","40.487853","-80.056456","1223","11","0","0","0","0","0","0","1","0","1","0","0","0","","","2","","2","","40 29:16.272","2","0","80 03:23.243","4","0","0","0","2404","0","0","0","N","0","0","0","2","02404","2","","1.0","","1","N","N","","0","","0","0","0","","3","N","","2","2","0","0","0","0","0","2","0","2","","","","N","","","","","","","","","",""
"2018056895","","1","0","0","0","0","0","0","0","0","4","0","","02","5","2018","7","40.347674","-79.951733","1207","11","0","0","0","0","0","0","0","0","1","0","0","0","","","0","","1","","40 20:51.627","3","0","79 57:06.238","0","0","0","0","2473","0","0","0","N","0","0","0","7","02473","0","","1.0","","1","N","N","","0","","0","0","0","","2","N","","2","0","0","0","0","0","0","2","1","2","","","","N","","","","","","","","","",""
"2018116681","","1","0","0","0","0","0","0","0","0","99","0","","02","11","2018","1","40.54401","-79.823896","0150","11","0","0","0","0","0","0","0","0","","0","0","0","","","0","","0","","40 32:38.436","","0","79 49:26.024","0","0","0","0","2208","0","0","0","N","0","0","0","1","68T02","0","","1.0","","1","N","N","","0","","0","0","0","","0","","","1","0","0","0","0","0","0","2","0","1","","","","N","","","","","","","","","",""
"2018103924","","1","0","0","0","0","0","0","0","0","4","1","","02","10","2018","5","40.34441","-79.88402","0748","11","0","0","0","0","0","0","0","0","2","0","1","0","","","1","","3","","40 20:39.876","3","3","79 53:02.472","8","0","0","0","2433","0","0","0","N","0","0","0","2","02433","0","","1.0","","1","N","N","","0","","0","0","0","","3","N","","2","1","0","0","0","1","0","2","0","2","","","","N","","","","","","","","","",""
"2018126986","","1","0","0","0","0","0","0","0","0","5","1","","02","11","2018","3","40.277946","-79.905074","1420","11","0","0","0","0","0","1","0","0","","0","1","0","","","1","","0","","40 16:40.607","","0","79 54:18.266","3","0","0","0","2440","0","0","0","N","0","0","0","2","02440","0","","1.0","","1","N","N","","0","","1","0","0","","0","N","","2","1","0","0","0","0","0","2","0","2","","","","N","","","","","","","","","",""
"2018122197","","1","0","0","0","0","0","0","0","0","7","0","","02","11","2018","5","40.397949","-79.790284","1826","11","0","0","0","0","0","1","0","0","1","0","0","0","","","0","","0","","40 23:52.618","4","0","79 47:25.021","0","0","0","0","2446","0","0","0","N","0","0","0","2","02446","0","","5.0","","7","N","N","","0","","0","0","0","","0","N","","1","0","0","0","0","0","0","2","0","1","","","","N","","","","","","","","","",""
"2018051282","","0","0","0","0","0","0","0","0","0","7","0","","02","5","2018","2","40.446012","-79.978133","0242","11","0","0","0","0","0","0","0","0","3","0","0","0","","","0","","0","","40 26:45.642","2","0","79 58:41.278","0","0","0","0","2301","0","0","0","N","0","0","0","0","02301","0","","4.0","","1","N","N","","1","","0","0","0","","0","N","","1","0","0","0","0","0","0","2","0","1","","","","N","","","","","","","","","",""
"2018027196","","2","0","0","0","0","0","0","0","0","4","0","","02","3","2018","2","40.452483","-80.172584","1127","11","0","0","0","0","0","0","2","0","","0","0","0","","","0","","1","","40 27:08.938","","2","80 10:21.302","0","0","0","0","2214","0","0","0","N","0","0","0","3","02214","0","","1.0","","1","N","N","","0","","0","0","0","","2","","","2","0","0","0","0","0","0","2","0","2","","","","N","","","","","","","","","",""
"2018051281","","2","0","0","0","0","0","0","0","0","2","0","","02","5","2018","5","40.376203","-80.002603","2312","11","0","0","0","0","0","1","0","0","1","0","0","0","","","0","","0","","40 22:34.330","3","0","80 00:09.370","0","0","0","0","2301","0","0","0","N","0","0","0","1","02301","0","","4.0","","1","N","N","","0","","0","0","0","","3","N","","2","0","0","0","0","0","0","2","0","2","","","","N","","","","","","","","","",""
"2018112498","","1","0","0","0","0","0","0","0","0","7","0","","02","10","2018","5","40.475761","-79.764587","1359","11","0","0","0","0","0","0","0","0","","0","0","0","","","1","","0","","40 28:32.740","","0","79 45:52.512","3","0","0","0","2466","0","0","0","N","0","0","0","1","02466","0","","5.0","","1","N","N","","0","","1","0","0","","0","N","","1","1","1","0","0","0","0","2","0","1","","","","N","","","","","","","","","",""
"2018056881","","1","0","0","0","0","0","0","0","0","4","0","","02","5","2018","7","40.43587","-79.972667","1413","11","0","0","0","0","0","1","0","0","2","0","0","0","","","1","","2","","40 26:09.132","2","0","79 58:21.601","8","0","0","0","2301","0","0","0","N","0","0","0","4","02301","0","","1.0","","1","N","N","","0","","0","0","1","","2","N","","2","1","0","0","0","1","0","2","0","2","","","","N","","","","","","","","","",""
"2018054560","","2","0","0","0","0","0","0","0","0","1","0","","02","5","2018","7","40.482263","-79.820603","1911","11","0","0","0","0","1","1","0","0","2","0","0","0","","","0","","0","","40 28:56.145","4","0","79 49:14.171","0","0","0","0","2113","0","0","0","N","0","0","0","3","02113","0","","1.0","","9","N","N","","1","","0","0","0","","0","Y","","3","0","0","0","0","0","0","2","0","3","","","","N","","","","","","","","","",""
"2018053947","","1","0","0","0","0","0","0","0","0","1","1","","02","5","2018","3","40.364482","-80.021632","0820","11","0","0","0","0","0","2","0","0","","0","1","0","","","1","","0","","40 21:52.136","","0","80 01:17.876","8","0","0","0","2416","0","0","0","N","0","0","0","9","02416","0","","1.0","","1","N","N","","0","","0","0","1","","0","","","5","1","0","0","0","1","0","2","2","5","","","","N","","","","","","","","","",""
"2018115603","","1","0","0","0","0","0","0","0","0","7","0","","02","11","2018","5","40.445288","-80.188206","2200","11","0","0","0","0","0","0","0","0","4","0","0","0","","","1","","0","","40 26:43.036","6","0","80 11:17.541","3","0","0","0","2214","0","0","0","Y","0","0","0","1","02214","0","","5.0","","1","N","N","","0","","1","0","0","","0","Y","","1","1","0","0","0","0","0","2","0","1","","","","N","","","","","","","","","",""
"2018024328","","2","0","0","0","0","0","0","0","0","5","0","","02","2","2018","2","40.368553","-80.092431","1432","11","0","0","0","0","0","0","1","0","","0","0","0","","","0","","0","","40 22:06.790","","0","80 05:32.750","0","0","0","0","2117","0","0","0","N","0","0","0","1","02117","0","","1.0","","1","N","N","","0","","0","0","0","","0","","","2","0","0","0","0","0","0","2","0","2","","","","N","","","","","","","","","",""
"2018114980","","2","0","0","0","0","0","0","0","0","4","0","","02","11","2018","5","40.351741","-80.011492","0729","11","0","0","0","0","0","0","0","0","2","0","0","0","","","2","","2","","40 21:06.266","7","0","80 00:41.371","3","0","0","0","2476","0","0","0","N","0","0","0","3","02476","0","","1.0","","9","N","N","","0","","2","0","0","","2","N","","2","2","0","0","0","0","0","2","0","2","","","","N","","","","","","","","","",""
"2018054363","","3","0","0","0","0","0","0","0","0","4","0","","02","5","2018","7","40.423217","-79.927503","0118","11","0","0","0","0","0","0","0","1","","0","0","0","","","0","","0","","40 25:23.580","","0","79 55:39.010","0","0","0","0","2301","0","0","0","N","0","0","0","4","02301","0","","1.0","","9","N","N","","0","","0","0","0","","2","","","3","0","0","0","0","0","0","2","0","3","","","","N","","","","","","","","","",""
"2018047316","","2","0","0","0","0","0","0","0","0","1","0","","02","4","2018","7","40.359903","-79.99075","1853","11","0","0","0","0","0","0","0","0","","0","0","0","","","0","","0","","40 21:35.650","","0","79 59:26.700","0","0","0","0","2476","0","0","0","N","0","0","0","2","02476","0","","1.0","","1","N","N","","0","","0","0","0","","2","","","2","0","0","0","0","0","0","2","0","2","","","","N","","","","","","","","","",""
"2018063451","","1","0","0","0","0","0","0","0","0","1","0","","02","5","2018","1","40.421446","-80.031004","1523","11","0","0","0","0","0","0","0","0","2","0","0","0","","","0","","0","","40 25:17.204","3","0","80 01:51.616","0","0","0","0","2301","0","0","0","N","0","0","0","3","68B03","0","","1.0","","1","N","N","","1","","0","0","1","","0","N","","3","0","0","0","0","0","0","2","0","3","","","","N","","","","","","","","","",""
"2018122231","","1","0","0","0","0","0","0","0","0","7","0","","02","11","2018","1","40.526975","-80.053763","0329","11","0","0","0","0","0","0","0","0","1","0","0","0","","","0","","2","","40 31:37.110","1","0","80 03:13.545","0","0","0","0","2116","0","0","0","N","0","0","0","1","02116","0","","5.0","","1","N","N","","0","","0","0","0","","0","N","","1","0","0","0","0","0","0","2","0","1","","","","N","","","","","","","","","",""
"2018113916","","1","0","0","0","0","0","0","0","0","7","0","","02","10","2018","5","40.358084","-79.851938","2350","11","0","0","0","0","0","0","0","0","1","0","0","0","","","0","","0","","40 21:29.104","5","0","79 51:06.976","0","0","0","0","2473","0","0","0","Y","0","0","0","2","02473","0","","4.0","","1","N","N","","0","","0","0","0","","0","N","","1","0","0","0","0","0","0","2","0","1","","","","N","","","","","","","","","",""
"2018048075","","0","0","0","0","0","0","0","0","0","2","0","","02","4","2018","7","40.54654","-80.241853","1115","11","0","0","0","0","0","0","0","0","1","0","0","0","","","0","","0","","40 32:47.544","2","0","80 14:30.672","0","0","0","0","2213","0","0","0","N","0","0","0","1","02213","0","","2.0","","1","N","N","","2","","0","0","1","","0","N","","3","0","0","0","0","0","0","2","0","3","","","","N","","","","","","","","","",""
"2018101564","","0","0","0","0","0","0","0","0","0","0","0","","02","9","2018","6","40.384794","-79.87377","2339","11","0","0","0","0","0","0","0","0","2","1","0","0","","","0","","3","","40 23:05.259","2","0","79 52:25.573","1","1","0","1","2473","0","0","0","N","0","0","0","1","02473","0","2","1.0","","1","N","N","","0","0","0","0","0","","0","Y","","1","0","0","0","0","0","0","2","0","1","","","","N","","","","","","","","","",""
"2018051603","","1","0","0","0","0","0","0","0","0","8","0","","02","5","2018","6","40.47276","-80.072843","1717","11","0","0","0","0","0","0","1","0","1","0","0","0","","","1","","0","","40 28:21.936","7","0","80 04:22.234","4","0","0","0","2122","1","0","0","N","1","0","0","2","02122","1","","1.0","","1","N","N","","0","","0","0","0","","0","Y","","2","1","0","0","0","0","0","2","0","1","","","","N","","","","","","","","","",""
"2018048287","","0","0","0","0","0","0","0","0","0","7","0","","02","5","2018","3","40.363856","-79.875267","1554","11","0","0","0","0","0","0","0","0","1","0","0","0","","","0","","0","","40 21:49.880","6","0","79 52:30.960","0","0","0","0","2473","0","0","0","N","0","0","0","1","02473","0","","2.0","","1","N","N","","0","","0","0","1","","0","N","","1","0","0","0","0","0","0","2","0","1","","","","N","","","","","","","","","",""
"2018128284","","2","0","0","0","0","0","0","0","0","2","0","","02","12","2018","1","40.453316","-79.887198","0405","11","0","0","0","0","0","0","0","0","2","0","0","0","","","1","","2","","40 27:11.937","4","0","79 53:13.912","4","0","0","0","2301","0","0","0","N","0","0","0","1","02301","1","","4.0","","1","N","N","","0","","0","0","0","","0","N","","2","1","0","0","0","0","0","2","0","2","","","","N","","","","","","","","","",""
"2018123939","","1","0","0","0","0","0","0","0","0","7","0","","02","11","2018","3","40.436366","-80.038509","0914","11","0","0","0","0","0","0","0","0","1","0","0","0","","","1","","0","","40 26:10.916","5","0","80 02:18.631","3","0","0","0","2301","0","0","0","N","0","0","0","2","02301","0","","4.0","","9","N","N","","0","","1","0","0","","0","N","","1","1","0","0","0","0","0","2","0","1","","","","N","","","","","","","","","",""
"2018053024","","2","0","0","0","0","0","0","0","0","4","0","","02","5","2018","3","40.483642","-80.042097","0225","11","0","0","0","0","0","0","0","0","","0","0","0","","","0","","0","","40 29:01.110","","0","80 02:31.550","0","0","0","0","2301","0","0","0","N","0","0","0","1","02301","0","","1.0","","1","N","N","","0","","0","0","0","","0","","","2","0","0","0","0","0","0","2","0","2","","","","N","","","","","","","","","",""
"2018055864","","1","0","0","0","0","0","0","0","0","7","0","","02","5","2018","4","40.486962","-80.05504","1050","11","0","0","0","0","0","0","0","0","","0","0","0","","","1","","0","","40 29:13.064","","0","80 03:18.144","8","0","0","0","2404","0","0","0","N","0","0","0","1","02404","0","","5.0","","1","N","N","","0","","0","0","0","","0","","","1","1","1","0","0","1","0","2","0","1","","","","N","","","","","","","","","",""
"2018126294","","1","0","0","0","0","0","0","0","0","7","0","","02","11","2018","3","40.54785","-79.945054","0842","11","0","0","0","0","0","0","0","0","1","0","0","0","","","0","","0","","40 32:52.259","4","0","79 56:42.194","0","0","0","0","2118","0","0","0","N","0","0","0","1","02118","0","","5.0","","6","N","N","","0","","0","0","0","","0","N","","1","0","0","0","0","0","0","2","0","1","","","","N","","","","","","","","","",""
"2018048258","","2","0","0","0","0","0","0","0","0","4","0","","02","4","2018","2","40.425793","-80.041536","1729","11","0","0","0","0","0","0","0","1","1","0","0","0","","","3","","2","","40 25:32.855","5","0","80 02:29.530","3","0","0","0","2435","0","0","0","N","0","0","0","3","02435","0","","1.0","","1","N","N","","0","","1","0","0","","2","N","","2","3","0","0","0","2","0","2","0","2","","","","N","","","","","","","","","",""
"2018107834","","0","0","0","0","0","0","0","0","0","7","0","","02","10","2018","5","40.492385","-79.910377","1202","11","0","0","0","0","0","0","0","0","2","0","0","0","","","0","","7","","40 29:32.586","1","2","79 54:37.358","0","0","0","0","2112","0","0","0","N","0","0","0","1","68D02","0","","4.0","","1","N","N","","0","","0","0","1","","0","N","","1","0","0","0","0","0","0","2","0","1","","","","N","","","","","","","","","",""
"2018122272","","1","0","0","0","0","0","2","0","0","7","2","","02","11","2018","3","40.427411","-79.95341","0337","11","0","0","0","0","0","0","0","0","","0","0","0","","","0","","0","","40 25:38.678","","0","79 57:12.277","0","0","0","0","2301","0","0","0","N","0","0","0","1","68B03","0","","5.0","","9","N","N","","0","","0","0","0","","0","","","3","0","0","0","0","0","0","2","0","3","","","","N","","","","","","","","","",""
"2018059401","","0","0","0","1","0","1","0","0","0","8","0","","02","5","2018","6","40.330805","-79.892025","1602","11","0","0","0","0","0","0","0","0","","0","0","0","","","1","","1","","40 19:50.897","","0","79 53:31.290","2","0","0","0","2433","1","0","1","N","0","0","0","2","02433","0","","1.0","","1","N","N","","1","","0","1","0","","0","N","","2","1","0","0","0","0","0","2","0","1","","","","N","","","","","","","","","",""
"2018126068","","2","0","0","0","0","0","0","0","0","1","0","","02","11","2018","6","40.415044","-80.011295","2300","11","0","0","0","0","0","0","0","0","","0","0","0","","","0","","2","","40 24:54.158","","0","80 00:40.662","0","0","0","0","2301","0","0","0","N","0","0","0","2","02301","0","","1.0","","1","N","N","","0","","0","0","0","","0","","","2","0","0","0","0","0","0","2","0","2","","","","N","","","","","","","","","",""
"2018054497","","2","0","0","0","0","0","0","0","0","4","0","","02","5","2018","7","40.548621","-80.036975","1317","11","0","0","0","0","0","1","0","1","","0","0","0","","","1","","2","","40 32:55.036","","0","80 02:13.109","3","0","0","0","2116","0","0","0","N","0","0","0","3","02116","0","","1.0","","1","N","N","","0","","1","0","0","","2","N","","2","1","1","0","0","0","0","2","0","2","","","","N","","","","","","","","","",""
"2018103918","","2","0","0","0","0","0","0","0","0","1","0","","02","9","2018","6","40.592289","-79.947912","2040","11","0","0","0","0","0","1","0","0","","0","0","0","","","1","","0","","40 35:32.239","","0","79 56:52.482","3","0","0","0","2207","0","0","0","N","0","0","0","2","02207","0","","1.0","","1","N","N","","0","","1","0","0","","0","","","2","1","0","0","0","0","0","2","0","2","","","","N","","","","","","","","","",""
"2018124198","","2","0","0","0","0","0","0","0","0","4","0","","02","11","2018","2","40.34913","-80.049924","2054","11","0","0","0","0","0","1","0","0","","0","0","0","","","2","","2","","40 20:56.868","","0","80 02:59.726","8","0","0","0","2407","0","0","0","N","0","0","0","3","02407","0","","1.0","","9","N","N","","0","","0","0","0","","2","","","2","2","0","0","0","2","0","2","0","2","","","","N","","","","","","","","","",""
"2018054506","","2","0","0","0","0","0","0","0","0","4","0","","02","5","2018","7","40.468435","-80.020043","1435","11","0","0","0","0","0","0","0","0","","0","0","0","","","0","","2","","40 28:06.365","","0","80 01:12.153","0","0","0","0","2301","0","0","0","N","0","0","0","2","02301","0","","1.0","","9","N","N","","0","","0","0","0","","3","","","2","0","0","0","0","0","0","2","0","2","","","","N","","","","","","","","","",""
"2018049721","","2","0","0","0","0","0","0","0","0","1","0","","02","5","2018","5","40.49718","-80.017943","1932","11","0","0","0","0","0","1","0","0","","0","0","0","","","1","","2","","40 29:49.848","","0","80 01:04.594","8","0","0","0","2301","0","0","0","N","0","0","0","2","02301","0","","1.0","","1","N","N","","0","","0","0","0","","0","","","2","1","0","0","0","1","0","2","0","2","","","","N","","","","","","","","","",""
"2018121557","","1","0","0","0","0","0","0","0","0","8","0","","02","11","2018","5","40.344078","-79.971589","1732","11","0","0","0","0","0","0","0","1","","0","0","0","","","3","","2","","40 20:38.681","","0","79 58:17.721","3","0","0","0","2403","3","0","0","N","3","0","0","4","02403","0","","1.0","","9","N","N","","0","","3","0","0","","2","","","4","3","0","0","0","0","0","2","0","1","","","","N","","","","","","","","","",""
"2018122417","","2","0","0","0","0","0","0","0","0","1","0","","02","11","2018","6","40.465315","-80.074639","1834","11","0","0","0","0","0","1","0","0","1","0","0","0","","","0","","5","","40 27:55.134","1","0","80 04:28.700","0","0","0","0","2444","0","0","0","N","0","0","0","2","02444","0","","1.0","","9","N","N","","0","","0","0","0","","2","Y","","2","0","1","0","0","0","0","2","0","2","","","","N","","","","","","","","","",""
"2018103646","","2","0","0","0","0","0","0","0","0","4","0","","02","10","2018","5","40.441109","-79.945054","1300","11","0","0","0","0","0","0","0","0","","0","0","0","","","0","","0","","40 26:27.992","","0","79 56:42.194","0","0","0","0","2301","0","0","0","N","0","0","0","3","02301","0","","1.0","","9","N","N","","0","","0","0","1","","0","","","3","0","0","0","0","0","0","2","0","3","","","","N","","","","","","","","","",""
"2018020295","","1","0","0","0","0","0","0","0","0","1","0","","02","2","2018","4","40.374548","-80.093148","0859","11","0","0","0","0","0","0","0","0","","0","0","0","","","1","","2","","40 22:28.372","","0","80 05:35.332","8","0","0","0","2117","0","0","0","N","0","0","0","2","02117","0","","1.0","","1","N","N","","0","","0","0","1","","0","N","","2","1","0","0","0","1","0","2","0","2","","","","N","","","","","","","","","",""
"2018046819","","1","0","0","0","0","0","0","0","0","6","0","","02","4","2018","6","40.412886","-79.818003","0056","11","0","0","0","0","0","0","0","0","","0","0","0","","","0","","0","","40 24:46.390","","0","79 49:04.810","0","0","0","0","2467","0","0","0","N","0","0","0","1","02467","0","","2.0","","1","N","N","","1","","0","0","0","","0","","","2","0","0","0","0","0","0","2","0","2","","","","N","","","","","","","","","",""
"2018117329","","1","0","0","0","0","0","0","0","0","4","0","","02","11","2018","3","40.431933","-79.839183","1541","11","0","0","0","1","0","1","0","0","1","0","0","0","","","2","","2","","40 25:54.959","3","0","79 50:21.059","3","0","0","0","2419","0","0","0","N","0","0","0","2","02419","0","","1.0","","1","N","N","","1","","2","0","0","","3","Y","","2","2","0","0","0","0","0","2","0","2","","","","N","","","","","","","","","",""
"2018054770","","2","0","0","0","0","0","0","0","0","4","0","","02","5","2018","7","40.426936","-79.980739","1909","11","0","0","0","0","0","0","0","0","","0","0","0","","","0","","1","","40 25:36.971","","0","79 58:50.661","0","0","0","0","2301","0","0","0","N","0","0","0","3","02301","0","","1.0","","1","N","N","","0","","0","0","0","","2","","","2","0","0","0","0","0","0","2","0","2","","","","N","","","","","","","","","",""
"2018051553","","2","0","0","0","0","0","0","0","0","1","0","","02","5","2018","6","40.434078","-79.848838","1614","11","0","0","0","0","0","0","0","0","2","0","0","0","","","0","","2","","40 26:02.680","3","0","79 50:55.816","0","0","0","0","2419","0","0","0","N","0","0","0","2","02431","0","","1.0","","1","N","N","","0","","0","0","0","","2","N","","2","0","0","0","0","0","0","2","0","2","","","","N","","","","","","","","","",""