"CRN","ARRIVAL_TM","AUTOMOBILE_COUNT","BELTED_DEATH_COUNT","BELTED_SUSP_SERIOUS_INJ_COUNT","BICYCLE_COUNT","BICYCLE_DEATH_COUNT","BICYCLE_SUSP_SERIOUS_INJ_COUNT","BUS_COUNT","CHLDPAS_DEATH_COUNT","CHLDPAS_SUSP_SERIOUS_INJ_COUNT","COLLISION_TYPE","COMM_VEH_COUNT","CONS_ZONE_SPD_LIM","COUNTY","CRASH_MONTH","CRASH_YEAR","DAY_OF_WEEK","DEC_LATITUDE","DEC_LONGITUDE","DISPATCH_TM","DISTRICT","DRIVER_COUNT_16YR","DRIVER_COUNT_17YR","DRIVER_COUNT_18YR","DRIVER_COUNT_19YR","DRIVER_COUNT_20YR","DRIVER_COUNT_50_64YR","DRIVER_COUNT_65_74YR","DRIVER_COUNT_75PLUS","EST_HRS_CLOSED","FATAL_COUNT","HEAVY_TRUCK_COUNT","HORSE_BUGGY_COUNT","HOUR_OF_DAY","ILLUMINATION","INJURY_COUNT","INTERSECTION_RELATED","INTERSECT_TYPE","LANE_CLOSED","LATITUDE","LN_CLOSE_DIR","LOCATION_TYPE","LONGITUDE","MAX_SEVERITY_LEVEL","MCYCLE_DEATH_COUNT","MCYCLE_SUSP_SERIOUS_INJ_COUNT","MOTORCYCLE_COUNT","MUNICIPALITY","NONMOTR_COUNT","NONMOTR_DEATH_COUNT","NONMOTR_SUSP_SERIOUS_INJ_COUNT","NTFY_HIWY_MAINT","PED_COUNT","PED_DEATH_COUNT","PED_SUSP_SERIOUS_INJ_COUNT","PERSON_COUNT","POLICE_AGCY","POSSIBLE_INJ_COUNT","RDWY_SURF_TYPE_CD","RELATION_TO_ROAD","ROADWAY_CLEARED","ROAD_CONDITION","SCH_BUS_IND","SCH_ZONE_IND","SECONDARY_CRASH","SMALL_TRUCK_COUNT","SPEC_JURIS_CD","SUSP_MINOR_INJ_COUNT","SUSP_SERIOUS_INJ_COUNT","SUV_COUNT","TCD_FUNC_CD","TCD_TYPE","TFC_DETOUR_IND","TIME_OF_DAY","TOTAL_UNITS","TOT_INJ_COUNT","UNBELTED_OCC_COUNT","UNB_DEATH_COUNT","UNB_SUSP_SERIOUS_INJ_COUNT","UNK_INJ_DEG_COUNT","UNK_INJ_PER_COUNT","URBAN_RURAL","VAN_COUNT","VEHICLE_COUNT","WEATHER1","WEATHER2","WORKERS_PRES","WORK_ZONE_IND","WORK_ZONE_LOC","WORK_ZONE_TYPE","WZ_CLOSE_DETOUR","WZ_FLAGGER","WZ_LAW_OFFCR_IND","WZ_LN_CLOSURE","WZ_MOVING","WZ_OTHER","WZ_SHLDER_MDN","WZ_WORKERS_INJ_KILLED"
"2018054301","","2","0","0","0","0","0","0","0","0","5","0","","02","5","2018","6","40.489546","-79.928926","2135","11","0","0","0","0","0","0","0","1","","0","0","0","","","2","","0","","40 29:22.365","","7","79 55:44.135","3","0","0","0","2301","0","0","0","N","0","0","0","3","02301","0","","1.0","","1","N","N","","0","","2","0","0","","0","","","2","2","0","0","0","0","0","2","0","2","","","","N","","","","","","","","","",""
"2018049357","","1","0","0","0","0","0","0","0","0","7","0","","02","5","2018","4","40.447513","-79.849305","2351","11","0","0","0","0","0","0","0","0","1","0","0","0","","","1","","0","","40 26:51.046","2","0","79 50:57.498","3","0","0","0","2419","0","0","0","N","0","0","0","2","02419","0","","2.0","","1","N","N","","0","","1","0","0","","0","N","","1","1","1","0","0","0","0","2","0","1","","","","N","","","","","","","","","",""
"2018124687","","1","0","0","0","0","0","0","0","0","7","0","","02","11","2018","4","40.416008","-79.946721","2246","11","0","0","0","0","0","1","0","0","1","0","0","0","","","0","","2","","40 24:57.630","4","0","79 56:48.194","0","0","0","0","2301","0","0","0","N","0","0","0","1","02301","0","","4.0","","1","N","N","","0","","0","0","0","","0","N","","1","0","0","0","0","0","0","2","0","1","","","","N","","","","","","","","","",""
"2018103660","","1","0","0","0","0","0","0","0","0","99","0","","02","10","2018","4","40.476277","-79.877869","2233","11","0","0","0","0","0","0","0","0","1","0","0","0","","","0","","0","","40 28:34.598","5","0","79 52:40.330","9","0","0","0","2113","0","0","0","N","0","0","0","1","02113","0","","1.0","","1","N","N","","0","","0","0","0","","0","N","","1","0","0","0","0","0","1","2","0","1","","","","N","","","","","","","","","",""
"2018127016","","1","0","0","0","0","0","0","0","0","7","0","","02","11","2018","4","40.596664","-80.113799","1911","11","0","0","1","0","0","0","0","0","2","0","0","0","","","0","","0","","40 35:47.990","1","0","80 06:49.675","0","0","0","0","2481","0","0","0","Y","0","0","0","2","02481","0","","2.0","","9","N","N","","0","","0","0","0","","0","N","","1","0","0","0","0","0","0","1","0","1","","","","N","","","","","","","","","",""
"2018123678","","2","0","0","0","0","0","0","0","0","2","0","","02","10","2018","5","40.534224","-80.049972","2235","11","0","0","0","0","1","0","0","0","1","0","0","0","","","1","","3","","40 32:03.205","6","0","80 02:59.900","3","0","0","0","2116","0","0","0","N","0","0","0","2","02116","0","","1.0","","1","N","N","","0","","1","0","0","","3","Y","","2","1","0","0","0","0","0","2","0","2","","","","N","","","","","","","","","",""
"2018054913","","1","0","0","0","0","0","0","0","0","99","0","","02","5","2018","2","40.619421","-79.911536","0520","11","0","0","0","0","0","0","0","0","","0","0","0","","","0","","0","","40 37:09.915","","0","79 54:41.530","0","0","0","0","2220","0","0","0","N","0","0","0","1","02220","0","","1.0","","1","N","N","","0","","0","0","0","","0","","","1","0","0","0","0","0","0","2","0","1","","","","N","","","","","","","","","",""
"2018124130","","2","0","0","0","0","0","0","0","0","4","0","","02","11","2018","2","40.519731","-80.217795","2142","11","0","0","0","0","0","0","0","0","","0","0","0","","","1","","1","","40 31:11.032","","0","80 13:04.063","4","0","0","0","2213","0","0","0","N","0","0","0","2","02213","1","","1.0","","9","N","N","","0","","0","0","0","","2","","","2","1","0","0","0","0","0","2","0","2","","","","N","","","","","","","","","",""
"2018121141","","1","0","0","0","0","0","0","0","0","8","0","","02","11","2018","4","40.468695","-79.962272","1837","11","0","0","0","0","0","0","0","0","","0","0","0","","","1","","1","","40 28:07.301","","0","79 57:44.178","3","0","0","0","2301","1","0","0","N","1","0","0","2","02301","0","","1.0","","1","N","N","","0","","1","0","0","","2","","","2","1","0","0","0","0","0","2","0","1","","","","N","","","","","","","","","",""
"2018127966","","2","0","0","0","0","0","0","0","0","2","0","","02","11","2018","1","40.370571","-80.087474","2328","11","0","0","0","0","0","0","0","0","1","0","0","0","","","0","","0","","40 22:14.057","4","0","80 05:14.905","0","0","0","0","2117","0","0","0","N","0","0","0","2","02117","0","","1.0","","9","N","N","","0","","0","0","0","","0","N","","2","0","0","0","0","0","0","2","0","2","","","","N","","","","","","","","","",""
"2018055690","","0","0","0","0","0","0","0","0","0","7","0","","02","5","2018","1","40.356058","-79.899395","0141","11","0","0","0","0","0","0","0","0","1","0","0","0","","","0","","2","","40 21:21.807","4","0","79 53:57.822","9","0","0","0","2473","0","0","0","Y","0","0","0","4","02473","0","","4.0","","9","N","N","","1","","0","0","0","","0","N","","1","0","0","0","0","0","1","2","0","1","","","","N","","","","","","","","","",""
"2018126098","","2","0","0","0","0","0","0","0","0","4","0","","02","11","2018","5","40.361469","-79.873045","2343","11","0","0","1","0","0","0","0","0","1","0","0","0","","","0","","0","","40 21:41.290","5","0","79 52:22.962","0","0","0","0","2473","0","0","0","N","0","0","0","1","02473","0","","4.0","","1","N","N","","1","","0","0","0","","0","Y","","3","0","0","0","0","0","0","2","0","3","","","","N","","","","","","","","","",""
"2018123432","","2","0","0","0","0","0","0","0","0","4","0","","02","11","2018","1","40.412903","-80.010035","1825","11","0","0","0","0","0","0","0","0","","0","0","0","","","1","","1","","40 24:46.450","","0","80 00:36.125","3","0","0","0","2301","0","0","0","N","0","0","0","2","02301","0","","1.0","","9","N","N","","0","","1","0","0","","2","","","2","1","0","0","0","0","0","2","0","2","","","","N","","","","","","","","","",""
"2018127012","","1","0","0","0","0","0","0","0","0","7","0","","02","11","2018","4","40.352076","-79.850981","2042","11","0","0","0","0","0","0","0","0","","0","0","0","","","0","","1","","40 21:07.473","","0","79 51:03.531","0","0","0","0","2304","0","0","0","N","0","0","0","1","02304","0","","5.0","","1","N","N","","0","","0","0","0","","2","","","1","0","0","0","0","0","0","2","0","1","","","","N","","","","","","","","","",""
"2018123585","","0","0","0","0","0","0","0","0","0","7","0","","02","11","2018","4","40.504276","-80.193506","1735","11","0","0","0","0","0","0","0","0","1","0","0","0","","","0","","0","","40 30:15.394","3","0","80 11:36.622","0","0","0","0","2213","0","0","0","N","0","0","0","1","02213","0","","4.0","","1","N","N","","0","","0","0","1","","0","N","","1","0","0","0","0","0","0","2","0","1","","","","N","","","","","","","","","",""
"2018122470","","3","0","0","0","0","0","0","0","0","1","0","","02","10","2018","6","40.430014","-79.879993","1512","11","0","0","0","0","0","0","0","0","","0","0","0","","","0","","0","","40 25:48.052","","0","79 52:47.975","0","0","0","0","2426","0","0","0","N","0","0","0","4","68B03","0","","1.0","","1","N","N","","0","","0","0","0","","0","","","3","0","0","0","0","0","0","2","0","3","","","","N","","","","","","","","","",""
"2018121517","","1","0","0","0","0","0","0","0","0","7","0","","02","11","2018","5","40.483748","-80.049984","1532","11","0","0","0","0","0","1","0","0","3","0","0","0","","","1","","0","","40 29:01.494","2","0","80 02:59.942","8","0","0","0","2301","0","0","0","Y","0","0","0","4","02301","0","","2.0","","9","N","N","","1","","0","0","0","","0","N","","2","1","1","0","0","1","0","2","0","2","","","","N","","","","","","","","","",""
"2018122131","","0","0","0","0","0","0","0","0","0","7","0","","02","11","2018","5","40.46174","-79.716445","1833","11","0","0","0","0","0","1","0","0","1","0","0","0","","","0","","0","","40 27:42.264","3","0","79 42:59.202","0","0","0","0","2466","0","0","0","N","0","0","0","2","02466","0","","5.0","","7","N","N","","0","","0","0","2","","0","N","","2","0","0","0","0","0","0","2","0","2","","","","N","","","","","","","","","",""
"2018078908","","2","0","0","0","0","0","0","0","0","1","0","","02","5","2018","2","40.441357","-79.85815","1600","11","0","0","0","0","0","0","0","0","1","0","0","0","","","0","","0","","40 26:28.886","3","0","79 51:29.339","0","0","0","0","2419","0","0","0","N","0","0","0","6","68B03","0","","1.0","","1","N","N","","2","","0","0","1","","0","N","","5","0","0","0","0","0","0","2","0","5","","","","N","","","","","","","","","",""
"2018105847","","2","0","0","0","0","0","0","0","0","1","0","","02","10","2018","7","40.48833","-79.912419","1400","11","0","0","0","0","0","2","0","0","1","0","0","0","","","0","N","0","","40 29:17.987","2","3","79 54:44.710","0","0","0","0","2301","0","0","0","N","0","0","0","3","02301","0","","1.0","","1","N","N","","0","","0","0","1","","0","N","","3","0","0","0","0","0","0","2","0","3","","","","N","","","","","","","","","",""
"2018108216","","2","0","0","0","0","0","0","0","0","4","0","","02","10","2018","2","40.376298","-79.79873","2329","11","0","0","0","0","0","1","0","0","1","0","0","0","","","0","","0","","40 22:34.673","3","0","79 47:55.427","0","0","0","0","2111","0","0","0","N","0","0","0","3","02111","0","","1.0","","1","N","N","","0","","0","0","0","","0","N","","2","0","0","0","0","0","0","2","0","2","","","","N","","","","","","","","","",""
"2018121729","","0","0","0","0","0","0","0","0","0","5","1","","02","11","2018","6","40.332402","-79.985388","0530","11","0","0","0","0","0","2","0","0","3","0","1","0","","","0","","2","","40 19:56.647","1","0","79 59:07.398","0","0","0","0","2403","0","0","0","N","0","0","0","2","02403","0","","1.0","","9","N","N","","1","","0","0","0","","0","N","","2","0","0","0","0","0","0","2","0","2","","","","N","","","","","","","","","",""
"2018056012","","2","0","0","0","0","0","0","0","0","4","0","","02","5","2018","2","40.668041","-80.022726","1639","11","1","0","0","0","0","0","1","0","2","0","0","0","","","2","","0","","40 40:04.946","3","7","80 01:21.813","3","0","0","0","2216","0","0","0","N","0","0","0","4","02505","0","","1.0","","1","N","N","","0","","2","0","0","","0","N","","2","2","0","0","0","0","0","2","0","2","","","","N","","","","","","","","","",""
"2018122469","","2","0","0","0","0","0","0","0","0","1","0","","02","10","2018","2","40.429494","-79.885978","1135","11","0","0","0","0","0","0","0","0","","0","0","0","","","0","","0","","40 25:46.177","","0","79 53:09.520","0","0","0","0","2426","0","0","0","N","0","0","0","4","68B03","0","","1.0","","9","N","N","","0","","0","0","0","","0","","","2","0","0","0","0","0","0","2","0","2","","","","N","","","","","","","","","",""
"2018102173","","1","0","0","0","0","0","0","0","0","7","0","","02","9","2018","6","40.578639","-80.154265","2251","11","0","1","0","0","0","0","0","0","","0","0","0","","","0","","0","","40 34:43.101","","0","80 09:15.354","0","0","0","0","2459","0","0","0","N","0","0","0","5","02459","0","","4.0","","1","N","N","","0","","0","0","0","","0","","","1","0","0","0","0","0","0","1","0","1","","","","N","","","","","","","","","",""
"2018050809","","1","0","0","0","0","0","0","0","0","1","0","","02","5","2018","3","40.478356","-80.042717","0820","11","0","0","0","0","0","1","0","0","","0","0","0","","","1","","0","","40 28:42.081","","0","80 02:33.782","3","0","0","0","2301","0","0","0","N","0","0","0","2","02301","0","","1.0","","1","N","N","","1","","1","0","0","","2","","","2","1","0","0","0","0","0","2","0","2","","","","N","","","","","","","","","",""
"2018056629","","1","0","0","0","0","0","0","0","0","4","0","","02","5","2018","6","40.457848","-79.974203","2319","11","0","0","0","0","0","0","0","0","","0","0","0","","","1","","1","","40 27:28.252","","0","79 58:27.130","4","0","0","0","2301","0","0","0","N","0","0","0","4","02301","1","","1.0","","1","N","N","","0","","0","0","1","","3","","","2","1","0","0","0","0","0","2","0","2","","","","N","","","","","","","","","",""
"2018119613","","1","0","1","0","0","0","0","0","0","2","0","","02","11","2018","7","40.476174","-80.051492","1516","11","0","0","0","1","0","1","0","0","4","1","0","0","","","2","","0","","40 28:34.226","6","3","80 03:05.371","1","0","0","0","2122","0","0","0","N","0","0","0","3","02122","0","1","1.0","","1","N","N","","1","0","0","2","0","","0","Y","","2","2","2","1","1","0","0","2","0","2","","","","N","","","","","","","","","",""
"2018127302","","0","0","0","0","0","0","0","0","0","7","0","","02","11","2018","1","40.471818","-80.210101","1104","11","0","0","0","0","0","0","0","0","","0","0","0","","","0","","0","","40 28:18.546","","0","80 12:36.363","0","0","0","0","2203","0","0","0","N","0","0","0","1","68B03","0","","2.0","","1","N","N","","0","","0","0","1","","0","","","1","0","0","0","0","0","0","2","0","1","","","","N","","","","","","","","","",""
"2018120668","","0","0","0","0","0","0","1","0","0","2","2","","02","11","2018","3","40.408959","-79.904408","0511","11","0","0","0","0","0","1","0","0","3","0","1","0","","","9","","0","","40 24:32.253","6","0","79 54:15.867","3","0","0","0","2438","0","0","0","N","0","0","0","15","02503","0","","1.0","","9","N","N","","0","","9","0","0","","0","Y","","2","9","0","0","0","0","0","2","0","2","","","","N","","","","","","","","","",""
"2018102805","","1","0","0","0","0","0","0","0","0","1","0","45","02","9","2018","6","40.478904","-80.007653","1648","11","0","0","0","0","0","0","0","0","","0","0","0","","","1","","0","","40 28:44.053","","0","80 00:27.551","3","0","0","0","2301","0","0","0","N","0","0","0","2","68B03","0","","1.0","","1","N","N","","0","","1","0","1","","0","","","2","1","0","0","0","0","0","2","0","2","","","N","Y","4","1","N","N","N","N","N","N","Y",""
"2018108038","","1","0","0","0","0","0","0","0","0","4","0","","02","10","2018","7","40.552109","-80.023334","1932","11","0","0","0","0","0","0","1","0","","0","0","0","","","0","","1","","40 33:07.592","","0","80 01:24.002","0","0","0","0","2116","0","0","0","N","0","0","0","4","02116","0","","1.0","","1","N","N","","0","","0","0","1","","2","","","2","0","0","0","0","0","0","2","0","2","","","","N","","","","","","","","","",""
"2018056293","","2","0","0","0","0","0","0","0","0","5","0","","02","5","2018","1","40.517658","-79.844178","2213","11","0","0","0","0","0","0","0","0","","0","0","0","","","0","","0","","40 31:03.570","","0","79 50:39.040","0","0","0","0","2451","0","0","0","N","0","0","0","1","02451","0","","4.0","","1","N","N","","0","","0","0","0","","3","","","2","0","0","0","0","0","0","2","0","2","","","","N","","","","","","","","","",""
"2018120573","","0","0","0","0","0","0","0","0","0","7","0","","02","11","2018","3","40.511537","-79.800722","1617","11","0","0","0","0","0","0","0","0","2","0","0","0","","","0","","0","","40 30:41.533","6","0","79 48:02.598","0","0","0","0","2113","0","0","0","N","0","0","0","1","02113","0","","5.0","","1","N","N","","0","","0","0","1","","0","N","","1","0","0","0","0","0","0","2","0","1","","","","N","","","","","","","","","",""
"2018126800","","1","0","0","0","0","0","0","0","0","4","0","","02","11","2018","4","40.33245","-79.93379","1135","11","0","0","0","0","0","0","0","0","1","0","0","0","","","1","","1","","40 19:56.821","1","0","79 56:01.645","8","0","0","0","2473","0","0","0","N","0","0","0","3","02473","0","","1.0","","9","N","N","","1","","0","0","0","","2","N","","2","1","0","0","0","1","0","2","0","2","","","","N","","","","","","","","","",""
"2018050655","","2","0","0","0","0","0","0","0","0","1","0","","02","4","2018","6","40.475732","-80.07287","","11","0","0","0","0","0","0","0","0","1","0","0","0","","","1","","2","","40 28:32.635","4","0","80 04:22.332","3","0","0","0","2122","0","0","0","N","0","0","0","2","02122","0","","1.0","","1","N","N","","0","","1","0","0","0","0","Y","","2","1","0","0","0","0","0","2","0","2","","","","N","","","","","","","","","",""
"2018121090","","0","0","0","0","0","0","0","0","0","4","1","","02","11","2018","4","40.619583","-79.944576","","11","0","0","0","0","0","1","0","0","","0","1","0","","","0","","0","","40 37:10.499","","0","79 56:40.474","0","0","0","0","2217","0","0","0","N","0","0","0","2","02505","0","","6.0","","1","N","N","","1","","0","0","0","0","0","","","2","0","0","0","0","0","0","2","0","2","","","","N","","","","","","","","","",""
"2018057133","","1","0","0","0","0","0","0","0","0","99","0","","02","5","2018","5","40.645621","-80.071191","","11","0","0","0","0","0","0","1","0","","0","0","0","","","1","","0","","40 38:44.234","","0","80 04:16.289","3","0","0","0","2212","0","0","0","N","0","0","0","1","02505","0","","1.0","","1","N","N","","0","","1","0","0","0","0","","","1","1","0","0","0","0","0","2","0","1","","","","N","","","","","","","","","",""
"2018106493","","0","0","0","0","0","0","0","0","0","7","0","","02","10","2018","5","40.62653","-79.968383","","11","0","0","0","0","1","0","0","0","2","0","0","0","","","1","","0","","40 37:35.507","2","0","79 58:06.177","8","0","0","0","2217","0","0","0","N","0","0","0","1","02505","0","","4.0","","1","N","N","","0","","0","0","1","0","0","N","","1","1","0","0","0","1","0","2","0","1","","","","N","","","","","","","","","",""
"2018056886","","1","0","0","0","0","0","0","0","0","1","0","","02","5","2018","3","40.410343","-80.082181","","11","0","0","0","0","0","1","0","0","","0","0","0","","","0","","0","","40 24:37.236","","0","80 04:55.853","0","0","0","0","2415","0","0","0","N","0","0","0","2","02415","0","","1.0","","9","N","N","","1","","0","0","0","3","2","","","2","0","0","0","0","0","0","2","0","2","","","","N","","","","","","","","","",""
"2018019069","","2","0","0","0","0","0","0","0","0","2","0","","02","2","2018","2","40.525729","-79.871074","","11","0","1","0","0","0","0","0","0","","0","0","0","","","3","","0","","40 31:32.626","","0","79 52:15.867","3","0","0","0","2432","0","0","0","N","0","0","0","3","02432","1","","1.0","","1","N","N","","0","","2","0","0","0","0","","","2","3","0","0","0","0","0","2","0","2","","","","N","","","","","","","","","",""
"2018127189","","1","0","0","0","0","0","0","0","0","4","1","","02","11","2018","4","40.567102","-80.212318","","11","0","0","0","0","0","1","0","0","1","0","1","0","","","0","","2","","40 34:01.566","1","0","80 12:44.344","0","0","0","0","2441","0","0","0","N","0","0","0","2","02441","0","","1.0","","9","N","N","","0","","0","0","0","3","2","N","","2","0","0","0","0","0","0","2","0","2","","","","N","","","","","","","","","",""
"2018027237","","1","0","0","0","0","0","0","0","0","1","0","","02","3","2018","3","40.451917","-80.105408","","11","0","0","0","1","0","0","0","0","","0","0","0","","","1","","0","","40 27:06.900","","0","80 06:19.470","8","0","0","0","2126","0","0","0","N","0","0","0","2","02126","0","","1.0","","1","N","N","","0","","0","0","1","3","3","","","2","1","0","0","0","1","0","2","0","2","","","","N","","","","","","","","","",""
"2018056008","","1","0","0","1","0","0","0","0","0","8","0","","02","5","2018","4","40.457675","-79.906358","","11","0","0","0","0","0","0","0","0","","0","0","0","","","1","","1","","40 27:27.630","","0","79 54:22.888","3","0","0","0","2301","1","0","0","N","0","0","0","2","02301","0","","1.0","","1","N","N","","0","","1","0","0","3","3","","","2","1","0","0","0","0","0","2","0","1","","","","N","","","","","","","","","",""
"2018056353","","0","0","0","0","0","0","0","0","0","5","0","","02","5","2018","5","40.368557","-79.781066","","11","0","0","0","0","0","1","1","0","2","0","0","0","","","1","","0","","40 22:06.804","4","0","79 46:51.838","8","0","0","0","2111","0","0","0","N","0","0","0","2","02111","0","","1.0","","1","N","N","","1","","0","0","0","0","0","N","","2","1","0","0","0","1","0","2","1","2","","","","N","","","","","","","","","",""
"2018123646","","1","0","0","0","0","0","1","0","0","4","1","","02","11","2018","2","40.487484","-79.918227","","11","0","0","0","0","0","1","0","0","","0","0","0","","","0","","2","","40 29:14.942","","0","79 55:05.618","0","0","0","0","2301","0","0","0","N","0","0","0","2","02503","0","","1.0","","9","N","N","","0","","0","0","0","3","2","","","2","0","0","0","0","0","0","2","0","2","","","","N","","","","","","","","","",""
"2018127957","","1","0","0","0","0","0","0","0","0","7","0","","02","12","2018","7","40.383749","-79.992975","","11","0","0","0","0","1","0","0","0","1","0","0","0","","","0","","0","","40 23:01.497","2","0","79 59:34.710","0","0","0","0","2301","0","0","0","N","0","0","0","1","02301","0","","5.0","","9","N","N","","0","","0","0","0","0","0","N","","1","0","0","0","0","0","0","2","0","1","","","","N","","","","","","","","","",""
"2018047205","","2","0","0","0","0","0","0","0","0","1","0","","02","4","2018","7","40.576847","-79.778301","","11","0","0","0","0","0","0","0","0","2","0","0","0","","","0","","2","","40 34:36.648","1","0","79 46:41.882","0","0","0","0","2104","0","0","0","N","0","0","0","6","02104","0","","1.0","","1","N","N","","0","","0","0","0","3","2","N","","2","0","0","0","0","0","0","2","0","2","","","","N","","","","","","","","","",""
"2018122971","","2","0","0","0","0","0","0","0","0","4","0","","02","11","2018","6","40.366063","-80.106993","","11","0","1","0","0","0","1","0","0","1","0","0","0","","","0","","2","","40 21:57.828","4","0","80 06:25.174","0","0","0","0","2102","0","0","0","N","0","0","0","2","02102","0","","1.0","","1","N","N","","0","","0","0","0","3","2","N","","2","0","0","0","0","0","0","2","0","2","","","","N","","","","","","","","","",""
"2018054687","","1","0","0","0","0","0","0","0","0","4","0","","02","5","2018","1","40.497315","-79.817077","","11","0","0","0","0","0","0","0","0","","0","0","0","","","1","","0","","40 29:50.335","","0","79 49:01.477","3","0","0","0","2113","0","0","0","N","0","0","0","4","02113","0","","1.0","","1","N","N","","1","","1","0","0","0","0","","","3","1","0","0","0","0","0","2","1","3","","","","N","","","","","","","","","",""
"2018127274","","1","0","0","0","0","0","0","0","0","7","0","","02","11","2018","6","40.430198","-79.957286","","11","0","0","0","0","0","0","0","0","","0","0","0","","","0","","0","","40 25:48.713","","0","79 57:26.228","0","0","0","0","2301","0","0","0","N","0","0","0","1","68B03","0","","4.0","","9","N","N","","0","","0","0","0","0","0","","","1","0","0","0","0","0","0","2","0","1","","","","N","","","","","","","","","",""
"2018124101","","1","0","0","0","0","0","0","0","0","1","0","","02","11","2018","2","40.397798","-79.999551","","11","0","0","0","0","0","0","0","0","1","0","0","0","","","1","","0","","40 23:52.073","2","0","79 59:58.383","3","0","0","0","2301","0","0","0","N","0","0","0","2","02301","0","","1.0","","9","N","N","","1","","1","0","0","0","0","N","","2","1","0","0","0","0","0","2","0","2","","","","N","","","","","","","","","",""
"2018124777","","1","0","0","0","0","0","0","0","0","7","0","","02","11","2018","5","40.462585","-79.857116","","11","0","0","0","0","0","0","0","0","","0","0","0","","","0","","0","","40 27:45.305","","0","79 51:25.618","0","0","0","0","2113","0","0","0","N","0","0","0","1","02113","0","","5.0","","1","N","N","","0","","0","0","0","0","0","N","","1","0","0","0","0","0","0","2","0","1","","","","N","","","","","","","","","",""
"2018122825","","0","0","0","0","0","0","0","0","0","7","0","","02","11","2018","1","40.427511","-79.928148","","11","0","0","0","0","0","0","0","0","","0","0","0","","","1","","7","","40 25:39.039","","2","79 55:41.334","3","0","0","0","2301","0","0","0","Y","0","0","0","1","68B03","0","","4.0","","1","N","N","","0","","1","0","1","0","0","","","1","1","0","0","0","0","0","2","0","1","","","","N","","","","","","","","","",""
"2018126056","","2","0","0","0","0","0","0","0","0","4","0","","02","11","2018","2","40.438034","-79.913079","","11","0","0","0","0","1","0","0","1","2","0","0","0","","","2","","1","","40 26:16.922","7","0","79 54:47.084","8","0","0","0","2301","0","0","0","Y","0","0","0","2","02301","0","","1.0","","9","N","N","","0","","0","0","0","3","2","N","","2","2","1","0","0","2","0","2","0","2","","","","N","","","","","","","","","",""
"2018123951","","1","0","0","0","0","0","0","0","0","6","0","","02","11","2018","2","40.579097","-80.044198","","11","0","0","0","0","1","0","0","0","2","0","0","0","","","0","","2","","40 34:44.750","5","0","80 02:39.113","0","0","0","0","2108","0","0","0","N","0","0","0","4","02108","0","","1.0","","9","N","N","","1","","0","0","0","3","3","Y","","2","0","0","0","0","0","0","2","0","2","","","","N","","","","","","","","","",""
"2018118103","","0","0","0","0","0","0","0","0","0","7","0","","02","1","2018","6","40.379261","-80.004992","","11","0","0","0","0","0","0","0","0","","0","0","0","","","0","","0","","40 22:45.340","","0","80 00:17.970","0","0","0","0","2101","0","0","0","N","0","0","0","0","02101","0","","9.0","","1","N","N","","1","","0","0","0","0","0","","","1","0","0","0","0","0","0","2","0","1","","","","N","","","","","","","","","",""
"2018054570","","2","0","0","0","0","0","0","0","0","4","0","","02","5","2018","7","40.435064","-79.993158","","11","0","0","1","0","0","0","0","0","","0","0","0","","","0","","7","","40 26:06.230","","2","79 59:35.367","0","0","0","0","2301","0","0","0","N","0","0","0","2","02301","0","","1.0","","1","N","N","","0","","0","0","0","0","0","","","2","0","0","0","0","0","0","2","0","2","","","","N","","","","","","","","","",""
"2018057183","","0","0","0","0","0","0","0","0","0","99","0","","02","5","2018","5","40.562694","-79.959111","","11","0","0","0","0","0","0","0","0","","0","0","0","","","0","","0","","40 33:45.699","","0","79 57:32.799","0","0","0","0","2207","0","0","0","N","0","0","0","1","02207","0","","1.0","","1","N","N","","0","","0","0","0","0","0","","","1","0","0","0","0","0","0","2","1","1","","","","N","","","","","","","","","",""
"2018124673","","0","0","0","0","0","0","0","0","0","8","0","","02","11","2018","4","40.357586","-79.844005","","11","0","0","0","0","0","0","0","1","9","1","0","0","","","0","","0","","40 21:27.311","7","3","79 50:38.418","1","0","0","0","2304","1","1","0","N","1","1","0","2","02304","0","1","1.0","","1","N","N","","0","0","0","0","0","0","0","N","","2","0","1","0","0","0","0","2","1","1","","","","N","","","","","","","","","",""
"2018124603","","0","0","0","0","0","0","0","0","0","5","1","","02","11","2018","3","40.514361","-80.153101","","11","0","0","0","0","0","1","0","0","","0","1","0","","","0","","1","","40 30:51.698","","0","80 09:11.163","0","0","0","0","2420","0","0","0","N","0","0","0","2","02420","0","","1.0","","9","N","N","","0","","0","0","1","3","2","","","2","0","0","0","0","0","0","2","0","2","","","","N","","","","","","","","","",""
"2018055589","","2","0","0","0","0","0","0","0","0","1","0","","02","5","2018","1","40.31157","-79.893344","","11","0","0","0","0","0","0","0","0","1","0","0","0","","","0","","0","","40 18:41.652","2","0","79 53:36.040","0","0","0","0","2302","0","0","0","N","0","0","0","1","02302","0","","2.0","","1","N","N","","0","","0","0","0","0","0","N","","2","0","0","0","0","0","0","2","0","2","","","","N","","","","","","","","","",""