"CRN","ARRIVAL_TM","AUTOMOBILE_COUNT","BELTED_DEATH_COUNT","BELTED_SUSP_SERIOUS_INJ_COUNT","BICYCLE_COUNT","BICYCLE_DEATH_COUNT","BICYCLE_SUSP_SERIOUS_INJ_COUNT","BUS_COUNT","CHLDPAS_DEATH_COUNT","CHLDPAS_SUSP_SERIOUS_INJ_COUNT","COLLISION_TYPE","COMM_VEH_COUNT","CONS_ZONE_SPD_LIM","COUNTY","CRASH_MONTH","CRASH_YEAR","DAY_OF_WEEK","DEC_LATITUDE","DEC_LONGITUDE","DISPATCH_TM","DISTRICT","DRIVER_COUNT_16YR","DRIVER_COUNT_17YR","DRIVER_COUNT_18YR","DRIVER_COUNT_19YR","DRIVER_COUNT_20YR","DRIVER_COUNT_50_64YR","DRIVER_COUNT_65_74YR","DRIVER_COUNT_75PLUS","EST_HRS_CLOSED","FATAL_COUNT","HEAVY_TRUCK_COUNT","HORSE_BUGGY_COUNT","HOUR_OF_DAY","ILLUMINATION","INJURY_COUNT","INTERSECTION_RELATED","INTERSECT_TYPE","LANE_CLOSED","LATITUDE","LN_CLOSE_DIR","LOCATION_TYPE","LONGITUDE","MAX_SEVERITY_LEVEL","MCYCLE_DEATH_COUNT","MCYCLE_SUSP_SERIOUS_INJ_COUNT","MOTORCYCLE_COUNT","MUNICIPALITY","NONMOTR_COUNT","NONMOTR_DEATH_COUNT","NONMOTR_SUSP_SERIOUS_INJ_COUNT","NTFY_HIWY_MAINT","PED_COUNT","PED_DEATH_COUNT","PED_SUSP_SERIOUS_INJ_COUNT","PERSON_COUNT","POLICE_AGCY","POSSIBLE_INJ_COUNT","RDWY_SURF_TYPE_CD","RELATION_TO_ROAD","ROADWAY_CLEARED","ROAD_CONDITION","SCH_BUS_IND","SCH_ZONE_IND","SECONDARY_CRASH","SMALL_TRUCK_COUNT","SPEC_JURIS_CD","SUSP_MINOR_INJ_COUNT","SUSP_SERIOUS_INJ_COUNT","SUV_COUNT","TCD_FUNC_CD","TCD_TYPE","TFC_DETOUR_IND","TIME_OF_DAY","TOTAL_UNITS","TOT_INJ_COUNT","UNBELTED_OCC_COUNT","UNB_DEATH_COUNT","UNB_SUSP_SERIOUS_INJ_COUNT","UNK_INJ_DEG_COUNT","UNK_INJ_PER_COUNT","URBAN_RURAL","VAN_COUNT","VEHICLE_COUNT","WEATHER1","WEATHER2","WORKERS_PRES","WORK_ZONE_IND","WORK_ZONE_LOC","WORK_ZONE_TYPE","WZ_CLOSE_DETOUR","WZ_FLAGGER","WZ_LAW_OFFCR_IND","WZ_LN_CLOSURE","WZ_MOVING","WZ_OTHER","WZ_SHLDER_MDN","WZ_WORKERS_INJ_KILLED"
"2018056934","","1","0","0","0","0","0","0","0","0","7","0","","02","5","2018","1","40.388414","-79.944064","","11","0","0","0","0","0","0","0","1","","0","0","0","","","0","","0","","40 23:18.290","","0","79 56:38.630","0","0","0","0","2403","0","0","0","N","0","0","0","1","02403","0","","5.0","","1","N","N","","0","","0","0","0","0","0","","","1","0","0","0","0","0","0","2","0","1","","","","N","","","","","","","","","",""
"2018019600","","1","0","0","0","0","0","0","0","0","1","0","","02","2","2018","3","40.440535","-79.989481","","11","0","0","0","0","0","0","0","0","","0","0","0","","","0","","0","","40 26:25.927","","7","79 59:22.133","0","0","0","0","2301","0","0","0","N","0","0","0","2","02301","0","","1.0","","1","N","N","","0","","0","0","1","3","2","","","2","0","0","0","0","0","0","2","0","2","","","","N","","","","","","","","","",""
"2018050190","","1","0","0","0","0","0","0","0","0","4","0","","02","5","2018","2","40.43076","-80.134569","","11","0","0","0","0","0","0","0","0","2","0","0","0","","","1","","2","","40 25:50.735","2","0","80 08:04.447","3","0","0","0","2115","0","0","0","N","0","0","0","2","02115","0","","1.0","","1","N","N","","1","","1","0","0","0","0","N","","2","1","0","0","0","0","0","2","0","2","","","","N","","","","","","","","","",""
"2018051343","","1","0","0","0","0","0","0","0","0","7","0","","02","5","2018","5","40.455083","-79.945349","","11","0","0","0","0","0","0","0","0","","0","0","0","","","0","","0","","40 27:18.300","","0","79 56:43.255","0","0","0","0","2301","0","0","0","N","0","0","0","1","02301","0","","5.0","","1","N","N","","0","","0","0","0","0","0","","","1","0","0","0","0","0","0","2","0","1","","","","N","","","","","","","","","",""
"2018049073","","1","0","0","0","0","0","0","0","0","5","0","","02","5","2018","6","40.598467","-80.089314","","11","0","0","0","0","0","0","0","0","","0","0","0","","","0","","0","","40 35:54.480","","0","80 05:21.530","0","0","0","0","2481","0","0","0","N","0","0","0","1","02505","0","","1.0","","9","N","N","","0","","0","0","1","0","0","N","","2","0","0","0","0","0","0","2","0","2","","","","N","","","","","","","","","",""
"2018051809","","0","0","0","0","0","0","0","0","0","1","0","","02","5","2018","5","40.626778","-80.034051","","11","0","0","0","1","1","0","0","0","1","0","0","0","","","1","","2","","40 37:36.399","4","0","80 02:02.585","4","0","0","0","2216","0","0","0","N","0","0","0","3","02505","1","","1.0","","1","N","N","","0","","0","0","2","3","3","N","","2","1","0","0","0","0","0","1","0","2","","","","N","","","","","","","","","",""
"2018103217","","1","0","0","0","0","0","0","0","0","7","0","","02","9","2018","3","40.415843","-80.059714","","11","0","0","0","0","0","0","0","0","","0","0","0","","","0","N","0","","40 24:57.036","","0","80 03:34.971","0","0","0","0","2435","0","0","0","N","0","0","0","2","68B03","0","","5.0","","1","N","N","","0","","0","0","1","0","0","","","2","0","0","0","0","0","0","2","0","2","","","","N","","","","","","","","","",""
"2018121763","","2","0","0","0","0","0","0","0","0","4","0","","02","11","2018","4","40.401705","-79.780169","","11","0","0","0","0","0","1","0","0","1","0","0","0","","","1","","0","","40 24:06.137","1","0","79 46:48.607","8","0","0","0","2453","0","0","0","Y","0","0","0","2","02453","0","","1.0","","1","N","N","","0","","0","0","0","0","0","Y","","2","1","0","0","0","1","0","2","0","2","","","","N","","","","","","","","","",""
"2018107827","","1","0","0","0","0","0","0","0","0","1","0","","02","10","2018","4","40.49673","-79.93742","","11","0","0","0","0","0","1","0","0","1","0","0","0","","","0","","3","","40 29:48.228","1","8","79 56:14.712","0","0","0","0","2461","0","0","0","N","0","0","0","4","68D02","0","","1.0","","1","N","N","","0","","0","0","1","0","0","Y","","3","0","0","0","0","0","0","2","1","3","","","","N","","","","","","","","","",""
"2018090401","","2","0","0","0","0","0","0","0","0","4","1","","02","8","2018","4","40.428709","-79.979926","","11","0","0","0","0","0","1","0","0","","0","1","0","","","0","","0","","40 25:43.353","","0","79 58:47.732","0","0","0","0","2301","0","0","0","N","0","0","0","3","02301","0","","4.0","","1","N","N","","0","","0","0","0","0","0","","","3","0","0","0","0","0","0","2","0","3","","","","N","","","","","","","","","",""
"2018051969","","1","0","0","0","0","0","0","0","0","2","0","","02","5","2018","7","40.299425","-79.828735","","11","0","0","0","0","0","2","0","1","3","0","0","0","","","1","","0","","40 17:57.930","5","0","79 49:43.447","8","0","0","0","2105","0","0","0","N","0","0","0","6","02105","0","","1.0","","1","N","N","","0","","0","0","2","0","0","Y","","3","1","0","0","0","1","0","2","0","3","","","","N","","","","","","","","","",""
"2018109464","","1","0","0","0","0","0","0","0","0","4","0","","02","10","2018","5","40.332407","-79.988728","","11","0","0","0","0","0","1","1","0","9","0","0","0","","","0","","0","","40 19:56.666","1","0","79 59:19.421","0","0","0","0","2219","0","0","0","N","0","0","0","3","02219","0","","1.0","","1","N","N","","0","","0","0","1","0","0","N","","2","0","0","0","0","0","0","2","0","2","","","","N","","","","","","","","","",""
"2018100471","","1","0","0","0","0","0","0","0","0","6","1","","02","9","2018","3","40.31943","-79.898528","","11","0","0","0","0","0","1","0","0","2","0","1","0","","","1","","0","","40 19:09.947","1","0","79 53:54.701","8","0","0","0","2440","0","0","0","N","0","0","0","2","02440","0","","1.0","","9","N","N","","0","","0","0","0","0","0","N","","2","1","0","0","0","1","0","2","0","2","","","","N","","","","","","","","","",""
"2018102816","","0","0","0","0","0","0","0","0","0","0","1","","02","9","2018","7","40.550671","-80.086765","","11","0","0","0","0","0","0","0","0","","0","1","0","","","1","","0","","40 33:02.415","","3","80 05:12.355","8","0","0","0","2215","0","0","0","N","0","0","0","1","68B03","0","","4.0","","1","N","N","","0","","0","0","0","0","0","","","1","1","0","0","0","1","0","2","0","1","","","","N","","","","","","","","","",""
"2018063444","","2","0","0","0","0","0","0","0","0","1","0","","02","5","2018","7","40.429964","-79.884093","","11","0","0","0","0","0","0","0","0","2","0","0","0","","","1","","0","","40 25:47.869","4","0","79 53:02.736","8","0","0","0","2426","0","0","0","N","0","0","0","5","68B03","0","","1.0","","1","N","N","","1","","0","0","1","0","0","N","","4","1","0","0","0","1","0","2","0","4","","","","N","","","","","","","","","",""
"2018051529","","1","0","0","0","0","0","0","0","0","4","0","","02","5","2018","3","40.305274","-79.892569","","11","0","0","0","0","1","0","0","1","1","0","0","0","","","3","","1","","40 18:18.985","4","0","79 53:33.249","2","0","0","0","2302","0","0","0","N","0","0","0","3","02302","0","","1.0","","1","N","N","","0","","2","1","1","0","0","Y","","2","3","1","0","1","0","0","2","0","2","","","","N","","","","","","","","","",""
"2018133936","","0","0","0","0","0","0","0","0","0","8","0","","02","12","2018","6","40.348051","-79.864319","","11","0","0","0","0","0","1","0","0","","0","0","0","","","1","","2","","40 20:52.985","","0","79 51:51.548","8","0","0","0","2304","1","0","0","N","1","0","0","2","02304","0","","1.0","","9","N","N","","0","","0","0","1","0","0","","","2","1","0","0","0","1","0","2","0","1","","","","N","","","","","","","","","",""
"2018136297","","1","0","0","0","0","0","0","0","0","5","0","","02","12","2018","5","40.435234","-79.956553","","11","0","0","0","0","0","0","1","0","1","0","0","0","","","0","","0","","40 26:06.841","3","0","79 57:23.592","0","0","0","0","2301","0","0","0","N","0","0","0","1","02301","0","","1.0","","1","N","N","","0","","0","0","1","0","0","Y","","2","0","0","0","0","0","0","2","0","2","","","","N","","","","","","","","","",""
"2018050166","","2","0","0","0","0","0","0","0","0","4","0","","02","5","2018","2","40.4287","-79.98852","","11","0","0","0","0","0","0","0","0","1","0","0","0","","","1","","1","","40 25:43.319","4","0","79 59:18.671","3","0","0","0","2301","0","0","0","N","0","0","0","2","02301","0","","1.0","","1","N","N","","0","","1","0","0","3","2","Y","","2","1","0","0","0","0","0","2","0","2","","","","N","","","","","","","","","",""
"2018051135","","1","0","0","0","0","0","0","0","0","1","0","","02","5","2018","5","40.439503","-80.050181","","11","0","0","0","0","0","0","0","0","","0","0","0","","","0","","0","","40 26:22.210","","0","80 03:00.650","0","0","0","0","2301","0","0","0","N","0","0","0","1","02301","0","","1.0","","1","N","N","","1","","0","0","0","0","0","","","2","0","0","0","0","0","0","2","0","2","","","","N","","","","","","","","","",""
"2018053301","","0","0","0","0","0","0","0","0","0","7","0","","02","5","2018","7","40.522864","-79.784419","","11","0","0","0","0","0","1","0","0","2","0","0","0","","","1","","0","","40 31:22.310","7","0","79 47:03.910","3","0","0","0","2466","0","0","0","N","0","0","0","1","02466","0","","5.0","","1","N","N","","1","","1","0","0","0","0","Y","","1","1","0","0","0","0","0","2","0","1","","","","N","","","","","","","","","",""
"2018049361","","0","0","0","0","0","0","0","0","0","4","0","","02","5","2018","7","40.387742","-79.921711","","11","0","0","0","0","0","1","0","0","2","0","0","0","","","0","","0","","40 23:15.870","3","99","79 55:18.160","0","0","0","0","2301","0","0","0","N","0","0","0","1","02301","0","","1.0","","1","N","N","","0","","0","0","1","0","0","N","","2","0","0","0","0","0","0","2","1","2","","","","N","","","","","","","","","",""
"2018050551","","1","0","0","0","0","0","0","0","0","7","0","","02","5","2018","3","40.448197","-80.023647","","11","0","0","0","0","0","0","0","0","2","0","0","0","","","0","","0","","40 26:53.510","2","7","80 01:25.130","0","0","0","0","2301","0","0","0","N","0","0","0","1","02301","0","","2.0","","1","N","N","","0","","0","0","0","0","0","N","","1","0","0","0","0","0","0","2","0","1","","","","N","","","","","","","","","",""
"2018025877","","2","0","0","0","0","0","0","0","0","5","0","","02","2","2018","2","40.396344","-79.804885","","11","0","0","0","0","0","1","0","0","","0","0","0","","","0","","0","","40 23:46.839","","0","79 48:17.586","0","0","0","0","2479","0","0","0","N","0","0","0","3","02501","0","","1.0","","1","N","N","","0","","0","0","0","0","0","N","","2","0","0","0","0","0","0","2","0","2","","","","N","","","","","","","","","",""
"2018107252","","3","0","0","0","0","0","0","0","0","1","0","","02","10","2018","3","40.399312","-79.877772","","11","0","0","0","0","0","2","0","0","2","0","0","0","","","0","","0","","40 23:57.523","1","0","79 52:39.980","0","0","0","0","2473","0","0","0","N","0","0","0","4","02473","0","","1.0","","1","N","N","","0","","0","0","0","0","0","N","","3","0","0","0","0","0","0","2","0","3","","","","N","","","","","","","","","",""
"2018057569","","1","0","0","0","0","0","0","0","0","1","0","","02","5","2018","3","40.452211","-79.923167","","11","0","0","0","0","0","1","0","0","1","0","0","0","","","1","","0","","40 27:07.960","3","0","79 55:23.400","4","0","0","0","2301","0","0","0","N","0","0","0","5","02301","1","","1.0","","1","N","N","","1","","0","0","1","0","0","N","","3","1","0","0","0","0","0","2","0","3","","","","N","","","","","","","","","",""
"2018101294","","1","0","0","0","0","0","0","0","0","4","2","","02","9","2018","6","40.437953","-80.053855","","11","0","0","0","0","0","0","0","0","","0","2","0","","","0","","2","","40 26:16.632","","7","80 03:13.877","0","0","0","0","2301","0","0","0","N","0","0","0","1","02301","0","","4.0","","9","N","N","","0","","0","0","0","0","0","","","3","0","0","0","0","0","0","2","0","3","","","","N","","","","","","","","","",""
"2018049273","","1","0","0","0","0","0","0","0","0","1","0","","02","5","2018","6","40.470409","-79.923084","","11","0","0","0","0","0","1","0","0","2","0","0","0","","","0","","1","","40 28:13.472","1","0","79 55:23.102","0","0","0","0","2301","0","0","0","N","0","0","0","5","02301","0","","1.0","","1","N","N","","0","","0","0","2","3","3","Y","","3","0","0","0","0","0","0","2","0","3","","","","N","","","","","","","","","",""
"2018097143","","2","0","1","0","0","0","0","0","0","1","0","","02","9","2018","5","40.567102","-80.212318","","11","0","0","0","0","0","0","0","0","2","0","0","0","","","2","","2","","40 34:01.566","2","0","80 12:44.344","2","0","0","0","2441","0","0","0","N","0","0","0","3","02441","0","","1.0","","1","N","N","","0","","1","1","0","3","2","Y","","2","2","0","0","0","0","0","2","0","2","","","","N","","","","","","","","","",""
"2018108752","","0","0","0","0","0","0","0","0","0","4","0","","02","10","2018","5","40.382761","-79.820885","","11","0","0","0","0","0","0","0","0","2","0","0","0","","","2","","2","","40 22:57.938","6","0","79 49:15.187","8","0","0","0","2111","0","0","0","N","0","0","0","2","02111","0","","1.0","","9","N","N","","1","","0","0","1","3","3","N","","2","2","0","0","0","2","0","2","0","2","","","","N","","","","","","","","","",""
"2018108530","","1","0","0","0","0","0","0","0","0","4","0","","02","10","2018","3","40.537388","-80.186044","","11","0","0","0","0","1","0","1","0","1","0","0","0","","","0","","2","","40 32:14.596","1","0","80 11:09.757","0","0","0","0","2458","0","0","0","N","0","0","0","3","02458","0","","1.0","","1","N","N","","1","","0","0","0","3","2","N","","2","0","0","0","0","0","0","2","0","2","","","","N","","","","","","","","","",""
"2018120361","","1","0","0","0","0","0","0","0","0","7","0","","02","11","2018","3","40.352266","-79.835001","","11","0","0","0","0","0","0","0","0","3","0","0","0","","","0","","0","","40 21:08.156","6","0","79 50:06.004","0","0","0","0","2304","0","0","0","N","0","0","0","1","02304","0","","2.0","","9","N","N","","0","","0","0","0","0","0","Y","","1","0","0","0","0","0","0","2","0","1","","","","N","","","","","","","","","",""
"2018103520","","1","0","0","0","0","0","0","0","0","4","0","","02","9","2018","6","40.369061","-79.782514","","11","0","0","0","0","1","1","0","0","2","0","0","0","","","1","","2","","40 22:08.618","3","0","79 46:57.051","3","0","0","0","2111","0","0","0","N","0","0","0","5","02111","0","","1.0","","1","N","N","","0","","1","0","1","0","0","N","","3","1","1","0","0","0","0","2","1","3","","","","N","","","","","","","","","",""
"2018056122","","2","0","0","0","0","0","0","0","0","5","0","","02","5","2018","6","40.520689","-80.169806","","11","0","0","0","0","0","1","0","0","","0","0","0","","","1","","1","","40 31:14.480","","0","80 10:11.302","8","0","0","0","2420","0","0","0","N","0","0","0","3","02420","0","","1.0","","1","N","N","","0","","0","0","0","3","2","","","2","1","0","0","0","1","0","2","0","2","","","","N","","","","","","","","","",""
"2018052688","","0","0","0","0","0","0","0","0","0","7","0","","02","5","2018","5","40.454889","-80.194758","","11","0","0","0","0","0","0","0","0","1","0","0","0","","","1","","0","","40 27:17.600","1","0","80 11:41.130","2","0","1","1","2203","0","0","0","N","0","0","0","1","02203","0","","2.0","","1","N","N","","0","","0","1","0","0","0","N","","1","1","0","0","0","0","0","2","0","1","","","","N","","","","","","","","","",""
"2018136046","","2","0","0","0","0","0","0","0","0","4","0","","02","12","2018","4","40.441642","-80.240327","","11","0","2","0","0","0","0","0","0","","0","0","0","","","1","","1","","40 26:29.911","","0","80 14:25.177","3","0","0","0","2214","0","0","0","N","0","0","0","5","02214","0","","1.0","","1","N","N","","0","","1","0","0","3","3","","","2","1","0","0","0","0","0","2","0","2","","","","N","","","","","","","","","",""
"2018055718","","2","0","0","0","0","0","0","0","0","7","0","","02","5","2018","7","40.474657","-80.006618","","11","0","0","0","0","0","0","0","0","2","0","0","0","","","1","","0","","40 28:28.765","2","0","80 00:23.823","3","0","0","0","2301","0","0","0","N","0","0","0","6","68B03","0","","2.0","","1","N","N","","0","","1","0","0","0","0","N","","2","1","0","0","0","0","0","2","0","2","","","","N","","","","","","","","","",""
"2018080599","","1","0","0","0","0","0","0","0","0","5","0","","02","8","2018","5","40.481524","-80.046061","","11","0","0","0","0","0","0","0","0","1","0","0","0","","","0","","2","","40 28:53.488","1","0","80 02:45.818","0","0","0","0","2301","0","0","0","N","0","0","0","2","02301","0","","1.0","","1","N","N","","0","","0","0","0","0","0","Y","","2","0","0","0","0","0","0","2","0","2","","","","N","","","","","","","","","",""
"2018051162","","0","0","0","0","0","0","0","0","0","1","0","","02","5","2018","6","40.500126","-80.220645","","11","0","0","0","0","0","1","0","0","1","0","0","0","","","0","","0","","40 30:00.455","4","0","80 13:14.322","0","0","0","0","2213","0","0","0","N","0","0","0","2","02213","0","","1.0","","9","N","N","","0","","0","0","2","0","0","N","","2","0","0","0","0","0","0","2","0","2","","","","N","","","","","","","","","",""
"2018058350","","1","0","0","0","0","0","0","0","0","7","0","","02","5","2018","2","40.376561","-80.012739","","11","0","0","0","0","0","1","0","0","3","0","0","0","","","1","","0","","40 22:35.620","6","0","80 00:45.860","3","0","0","0","2416","0","0","0","N","0","0","0","1","02416","0","","5.0","","1","N","N","","0","","1","0","0","0","0","Y","","1","1","0","0","0","0","0","2","0","1","","","","N","","","","","","","","","",""
"2018052480","","1","0","0","0","0","0","0","0","0","4","0","","02","5","2018","3","40.496191","-79.85715","","11","0","0","0","0","0","1","0","0","","0","0","0","","","0","","1","","40 29:46.287","","0","79 51:25.740","0","0","0","0","2408","0","0","0","N","0","0","0","2","02408","0","","1.0","","1","N","N","","0","","0","0","1","0","0","N","","2","0","0","0","0","0","0","2","0","2","","","","N","","","","","","","","","",""
"2018050167","","1","0","0","0","0","0","0","0","0","6","0","","02","5","2018","2","40.511971","-80.102973","","11","0","0","0","0","0","0","0","0","1","0","0","0","","","0","","0","","40 30:43.095","2","0","80 06:10.703","0","0","0","0","2429","0","0","0","N","0","0","0","2","02215","0","","1.0","","1","N","N","","1","","0","0","0","0","0","N","","2","0","0","0","0","0","0","2","0","2","","","","N","","","","","","","","","",""
"2018065081","","1","0","0","0","0","0","0","0","0","1","0","","02","5","2018","4","40.52454","-80.224316","","11","0","0","1","0","0","1","0","0","","0","0","0","","","1","","2","","40 31:28.344","","0","80 13:27.538","3","0","0","0","2213","0","0","0","N","0","0","0","2","02213","0","","1.0","","1","N","N","","0","","1","0","1","0","0","","","2","1","0","0","0","0","0","2","0","2","","","","N","","","","","","","","","",""
"2018050488","","0","0","0","0","0","0","0","0","0","1","0","","02","5","2018","3","40.485548","-79.910482","","11","0","0","0","0","1","0","0","0","1","0","0","0","","","0","","0","","40 29:07.971","4","0","79 54:37.736","0","0","0","0","2301","0","0","0","N","0","0","0","3","02301","0","","1.0","","1","N","N","","0","","0","0","2","3","7","N","","2","0","0","0","0","0","0","2","0","2","","","","N","","","","","","","","","",""
"2018103525","","1","0","0","0","0","0","0","0","0","1","0","","02","10","2018","2","40.57468","-79.990473","","11","0","0","0","0","0","1","0","1","1","0","0","0","","","0","","3","","40 34:28.849","3","0","79 59:25.703","0","0","0","0","2108","0","0","0","N","0","0","0","2","02108","0","","1.0","","1","N","N","","1","","0","0","0","0","0","N","","2","0","0","0","0","0","0","2","0","2","","","","N","","","","","","","","","",""
"2018084843","","1","0","0","0","0","0","0","0","0","7","0","","02","8","2018","3","40.620365","-79.968144","","11","0","0","1","0","0","0","0","0","","0","0","0","","","1","","0","","40 37:13.314","","0","79 58:05.318","3","0","0","0","2217","0","0","0","N","0","0","0","2","02505","0","","2.0","","9","N","N","","0","","1","0","0","0","0","","","1","1","0","0","0","0","0","2","0","1","","","","N","","","","","","","","","",""
"2018049656","","2","0","0","0","0","0","0","0","0","1","0","","02","5","2018","1","40.441369","-79.995433","","11","0","0","0","0","0","0","0","0","","0","0","0","","","0","","0","","40 26:28.930","","0","79 59:43.560","0","0","0","0","2301","0","0","0","N","0","0","0","2","02301","0","","1.0","","1","N","N","","0","","0","0","0","3","2","","","2","0","0","0","0","0","0","2","0","2","","","","N","","","","","","","","","",""
"2018102791","","0","0","0","0","0","0","0","0","0","1","0","","02","9","2018","5","40.423857","-80.108868","","11","0","0","0","0","0","1","1","0","1","0","0","0","","","2","","0","","40 25:25.886","3","0","80 06:31.925","8","0","0","0","2115","0","0","0","N","0","0","0","2","68B03","0","","1.0","","9","N","N","","0","","0","0","2","0","0","N","","2","2","0","0","0","2","0","2","0","2","","","","N","","","","","","","","","",""
"2018050874","","0","0","0","0","0","0","0","0","0","99","0","","02","5","2018","2","40.511747","-80.266499","","11","0","0","0","0","0","1","0","0","","0","0","0","","","0","","0","","40 30:42.289","","2","80 15:59.398","0","0","0","0","2203","0","0","0","N","0","0","0","1","02203","0","","7.0","","1","N","N","","1","","0","0","0","0","0","","","1","0","0","0","0","0","0","2","0","1","","","","N","","","","","","","","","",""
"2018101606","","1","0","0","0","0","0","0","0","0","1","0","","02","8","2018","6","40.42575","-79.910477","","11","0","0","0","0","0","0","0","0","2","0","0","0","","","2","","0","","40 25:32.699","4","0","79 54:37.718","4","0","0","0","2301","0","0","0","N","0","0","0","3","68B03","1","","1.0","","1","N","N","","0","","0","0","2","0","0","N","","3","2","0","0","0","1","0","2","0","3","","","","N","","","","","","","","","",""
"2018107430","","2","0","0","0","0","0","0","0","0","4","0","","02","10","2018","1","40.342596","-79.964654","","11","0","0","0","0","0","0","0","0","2","0","0","0","","","2","","1","","40 20:33.344","4","0","79 57:52.756","8","0","0","0","2454","0","0","0","N","0","0","0","5","02454","0","","1.0","","1","N","N","","0","","0","0","0","3","3","N","","2","2","0","0","0","2","0","2","0","2","","","","N","","","","","","","","","",""
"2018135111","","1","0","0","0","0","0","0","0","0","5","0","","02","12","2018","2","40.419689","-79.928264","","11","0","0","0","0","0","1","0","0","","0","0","0","","","0","","2","","40 25:10.880","","0","79 55:41.750","0","0","0","0","2301","0","0","0","N","0","0","0","1","02301","0","","1.0","","1","N","N","","1","","0","0","0","3","3","","","2","0","0","0","0","0","0","2","0","2","","","","N","","","","","","","","","",""
"2018050113","","1","0","0","0","0","0","0","0","0","1","0","","02","5","2018","6","40.366696","-80.014397","","11","0","0","0","1","0","0","0","0","1","0","0","0","","","0","","1","","40 22:00.106","2","0","80 00:51.829","0","0","0","1","2416","0","0","0","N","0","0","0","3","02416","0","","1.0","","1","N","N","","0","","0","0","1","3","2","Y","","3","0","0","0","0","0","0","2","0","3","","","","N","","","","","","","","","",""
"2018049569","","2","0","0","0","0","0","0","0","0","4","0","","02","5","2018","1","40.451491","-79.953345","","11","0","0","0","0","0","0","0","0","2","0","0","0","","","1","","1","","40 27:05.366","2","0","79 57:12.043","3","0","0","0","2301","0","0","0","N","0","0","0","2","02301","0","","1.0","","9","N","N","","0","","1","0","0","3","3","N","","2","1","0","0","0","0","0","2","0","2","","","","N","","","","","","","","","",""
"2018100625","","1","0","0","0","0","0","0","0","0","4","0","","02","9","2018","4","40.629942","-79.968709","","11","0","1","0","0","0","0","1","0","1","0","0","0","","","1","","2","","40 37:47.791","6","0","79 58:07.351","4","0","0","0","2217","0","0","0","N","0","0","0","2","02505","1","","1.0","","1","N","N","","0","","0","0","1","0","0","Y","","2","1","1","0","0","0","0","2","0","2","","","","N","","","","","","","","","",""
"2018049962","","1","0","0","0","0","0","0","0","0","1","0","","02","5","2018","2","40.48038","-79.875229","","11","0","1","0","0","0","0","0","0","","0","0","0","","","1","","0","","40 28:49.369","","0","79 52:30.823","3","0","0","0","2113","0","0","0","N","0","0","0","2","02113","0","","1.0","","1","N","N","","0","","1","0","1","0","0","","","2","1","0","0","0","0","0","2","0","2","","","","N","","","","","","","","","",""
"2018051008","","1","0","0","0","0","0","0","0","0","4","1","","02","5","2018","4","40.399719","-80.0078","","11","0","0","0","0","0","0","0","0","3","0","1","0","","","0","","0","","40 23:58.990","7","0","80 00:28.080","0","0","0","0","2301","0","0","0","N","0","0","0","2","02301","0","","1.0","","1","N","N","","0","","0","0","0","0","0","Y","","2","0","0","0","0","0","0","2","0","2","","","","N","","","","","","","","","",""
"2018052224","","0","0","0","0","0","0","0","0","0","1","0","","02","5","2018","6","40.477968","-79.768556","","11","0","0","0","0","0","0","0","0","2","0","0","0","","","2","","0","","40 28:40.683","4","0","79 46:06.801","3","0","0","0","2466","0","0","0","N","0","0","0","2","68T02","0","","1.0","","1","N","N","","1","","2","0","1","0","0","N","","2","2","0","0","0","0","0","2","0","2","","","","N","","","","","","","","","",""
"2018051594","","0","0","0","0","0","0","0","0","0","8","0","","02","5","2018","6","40.460425","-79.900581","","11","0","0","0","0","0","0","1","0","","0","0","0","","","1","","0","","40 27:37.530","","0","79 54:02.090","3","0","0","0","2301","1","0","0","N","1","0","0","2","02301","0","","1.0","","1","N","N","","1","","1","0","0","0","0","","","2","1","0","0","0","0","0","2","0","1","","","","N","","","","","","","","","",""
"2018057265","","0","0","0","0","0","0","0","0","0","0","0","","02","5","2018","2","40.467752","-79.861694","","11","0","0","0","0","0","0","0","0","1","0","0","0","","","1","","0","","40 28:03.906","6","0","79 51:42.100","2","0","1","1","2113","0","0","0","N","0","0","0","2","02113","0","","1.0","","1","N","N","","0","","0","1","0","0","0","N","","1","1","0","0","0","0","1","2","0","1","","","","N","","","","","","","","","",""
"2018108492","","1","0","0","0","0","0","0","0","0","1","0","","02","10","2018","5","40.530982","-80.190015","","11","0","0","0","0","0","0","0","0","2","0","0","0","","","0","","2","","40 31:51.534","2","0","80 11:24.055","0","0","0","0","2213","0","0","0","N","0","0","0","2","02213","0","","1.0","","1","N","N","","0","","0","0","1","3","2","N","","2","0","0","0","0","0","0","2","0","2","","","","N","","","","","","","","","",""
"2018050539","","3","0","0","0","0","0","0","0","0","1","0","","02","5","2018","3","40.264584","-79.878596","","11","0","0","0","0","1","1","0","0","2","0","0","0","","","1","","2","","40 15:52.503","1","0","79 52:42.944","3","0","0","0","2105","0","0","0","N","0","0","0","4","02105","0","","1.0","","1","N","N","","0","","1","0","0","2","2","N","","3","1","0","0","0","0","0","1","0","3","","","","N","","","","","","","","","",""