"CRN","ARRIVAL_TM","AUTOMOBILE_COUNT","BELTED_DEATH_COUNT","BELTED_SUSP_SERIOUS_INJ_COUNT","BICYCLE_COUNT","BICYCLE_DEATH_COUNT","BICYCLE_SUSP_SERIOUS_INJ_COUNT","BUS_COUNT","CHLDPAS_DEATH_COUNT","CHLDPAS_SUSP_SERIOUS_INJ_COUNT","COLLISION_TYPE","COMM_VEH_COUNT","CONS_ZONE_SPD_LIM","COUNTY","CRASH_MONTH","CRASH_YEAR","DAY_OF_WEEK","DEC_LATITUDE","DEC_LONGITUDE","DISPATCH_TM","DISTRICT","DRIVER_COUNT_16YR","DRIVER_COUNT_17YR","DRIVER_COUNT_18YR","DRIVER_COUNT_19YR","DRIVER_COUNT_20YR","DRIVER_COUNT_50_64YR","DRIVER_COUNT_65_74YR","DRIVER_COUNT_75PLUS","EST_HRS_CLOSED","FATAL_COUNT","HEAVY_TRUCK_COUNT","HORSE_BUGGY_COUNT","HOUR_OF_DAY","ILLUMINATION","INJURY_COUNT","INTERSECTION_RELATED","INTERSECT_TYPE","LANE_CLOSED","LATITUDE","LN_CLOSE_DIR","LOCATION_TYPE","LONGITUDE","MAX_SEVERITY_LEVEL","MCYCLE_DEATH_COUNT","MCYCLE_SUSP_SERIOUS_INJ_COUNT","MOTORCYCLE_COUNT","MUNICIPALITY","NONMOTR_COUNT","NONMOTR_DEATH_COUNT","NONMOTR_SUSP_SERIOUS_INJ_COUNT","NTFY_HIWY_MAINT","PED_COUNT","PED_DEATH_COUNT","PED_SUSP_SERIOUS_INJ_COUNT","PERSON_COUNT","POLICE_AGCY","POSSIBLE_INJ_COUNT","RDWY_SURF_TYPE_CD","RELATION_TO_ROAD","ROADWAY_CLEARED","ROAD_CONDITION","SCH_BUS_IND","SCH_ZONE_IND","SECONDARY_CRASH","SMALL_TRUCK_COUNT","SPEC_JURIS_CD","SUSP_MINOR_INJ_COUNT","SUSP_SERIOUS_INJ_COUNT","SUV_COUNT","TCD_FUNC_CD","TCD_TYPE","TFC_DETOUR_IND","TIME_OF_DAY","TOTAL_UNITS","TOT_INJ_COUNT","UNBELTED_OCC_COUNT","UNB_DEATH_COUNT","UNB_SUSP_SERIOUS_INJ_COUNT","UNK_INJ_DEG_COUNT","UNK_INJ_PER_COUNT","URBAN_RURAL","VAN_COUNT","VEHICLE_COUNT","WEATHER1","WEATHER2","WORKERS_PRES","WORK_ZONE_IND","WORK_ZONE_LOC","WORK_ZONE_TYPE","WZ_CLOSE_DETOUR","WZ_FLAGGER","WZ_LAW_OFFCR_IND","WZ_LN_CLOSURE","WZ_MOVING","WZ_OTHER","WZ_SHLDER_MDN","WZ_WORKERS_INJ_KILLED"
"2018113739","","1","0","0","0","0","0","0","0","0","99","0","","02","10","2018","6","40.41879","-80.089171","0424","11","0","0","0","0","0","0","0","0","","0","0","0","","","0","","0","","40 25:07.643","","0","80 05:21.015","0","0","0","0","2457","0","0","0","N","0","0","0","1","68B03","0","","1.0","","1","N","N","","0","","0","0","0","","0","","","1","0","0","0","0","0","0","2","0","1","","","","N","","","","","","","","","",""
"2018045152","","2","0","0","0","0","0","0","0","0","2","0","","02","4","2018","7","40.392622","-79.986531","0258","11","0","0","0","0","0","0","0","0","1","0","0","0","","","0","","0","","40 23:33.440","5","0","79 59:11.510","0","0","0","0","2301","0","0","0","N","0","0","0","1","02301","0","","4.0","","1","N","N","","0","","0","0","1","","0","N","","3","0","0","0","0","0","0","2","0","3","","","","N","","","","","","","","","",""
"2018123409","","0","0","0","0","0","0","0","0","0","99","0","","02","11","2018","3","40.438278","-79.960472","1749","11","0","0","0","0","1","0","0","0","","0","0","0","","","0","","0","","40 26:17.800","","0","79 57:37.700","0","0","0","0","2301","0","0","0","N","0","0","0","1","02506","0","","1.0","","9","N","N","","1","","0","0","0","","0","","","1","0","1","0","0","0","0","2","0","1","","","","N","","","","","","","","","",""
"2018109740","","2","0","0","0","0","0","0","0","0","1","0","","02","10","2018","6","40.343586","-80.116417","1436","11","0","0","0","0","1","0","0","0","","0","0","0","","","0","","0","","40 20:36.911","","0","80 06:59.100","0","0","0","0","2119","0","0","0","N","0","0","0","2","02119","0","","1.0","","1","N","N","","0","","0","0","0","","0","","","2","0","0","0","0","0","0","2","0","2","","","","N","","","","","","","","","",""
"2018109266","","2","0","0","0","0","0","0","0","0","1","0","","02","10","2018","5","40.487574","-79.882339","1516","11","0","0","0","0","0","1","0","1","","0","0","0","","","1","N","0","","40 29:15.267","","0","79 52:56.422","3","0","0","0","2112","0","0","0","N","0","0","0","2","02112","0","","1.0","","1","N","N","","0","","1","0","0","","3","","","2","1","0","0","0","0","0","2","0","2","","","","N","","","","","","","","","",""
"2018130583","","1","0","0","0","0","0","0","0","0","7","0","","02","12","2018","6","40.342047","-79.977406","0434","11","0","0","0","0","0","0","0","0","","0","0","0","","","0","","2","","40 20:31.369","","0","79 58:38.661","0","0","0","0","2403","0","0","0","N","0","0","0","1","02403","0","","5.0","","2","N","N","","0","","0","0","0","","3","","","1","0","0","0","0","0","0","2","0","1","","","","N","","","","","","","","","",""
"2018042491","","0","0","0","0","0","0","0","0","0","1","0","","02","4","2018","6","40.487502","-79.882922","1210","11","0","0","0","0","0","1","0","0","","0","0","0","","","0","","1","","40 29:15.007","","0","79 52:58.518","9","0","0","0","2112","0","0","0","N","0","0","0","2","02112","0","","1.0","","1","N","N","","1","","0","0","1","","2","","","2","0","0","0","0","0","1","2","0","2","","","","N","","","","","","","","","",""
"2018058447","","1","0","0","0","0","0","0","0","0","7","0","","02","5","2018","6","40.655387","-80.087324","0529","11","0","0","0","0","0","0","0","0","2","0","0","0","","","1","","0","","40 39:19.394","4","0","80 05:14.367","3","0","0","0","2212","0","0","0","N","0","0","0","1","02505","0","","5.0","","1","N","N","","0","","1","0","0","","2","N","","1","1","0","0","0","0","0","2","0","1","","","","N","","","","","","","","","",""
"2018056563","","2","0","0","0","0","0","0","0","0","1","0","","02","5","2018","4","40.511496","-80.003726","1652","11","0","0","1","0","0","0","0","0","","0","0","0","","","0","","0","","40 30:41.387","","0","80 00:13.412","0","0","0","0","2116","0","0","0","N","0","0","0","3","02116","0","","1.0","","1","N","N","","0","","0","0","0","","0","","","2","0","0","0","0","0","0","2","0","2","","","","N","","","","","","","","","",""
"2018112452","","0","0","0","0","0","0","0","0","0","7","0","","02","8","2018","1","40.441503","-80.008814","0412","11","0","0","0","0","0","0","0","0","","0","0","0","","","0","","0","","40 26:29.410","","0","80 00:31.731","0","0","0","0","2301","0","0","0","N","0","0","0","1","68B03","0","","4.0","","1","N","N","","0","","0","0","1","","0","","","1","0","0","0","0","0","0","2","0","1","","","","N","","","","","","","","","",""
"2018109895","","3","0","0","0","0","0","0","0","0","4","0","","02","10","2018","7","40.366643","-79.790381","0229","11","0","0","0","0","0","0","0","0","2","0","0","0","","","0","","0","","40 21:59.915","5","0","79 47:25.372","0","0","0","0","2111","0","0","0","N","0","0","0","1","02111","0","","1.0","","9","N","N","","0","","0","0","0","","0","N","","3","0","0","0","0","0","0","2","0","3","","","","N","","","","","","","","","",""
"2018036474","","0","0","0","0","0","0","0","0","0","0","0","","02","3","2018","4","40.569117","-80.20405","1928","11","0","1","0","0","0","0","0","0","","0","0","0","","","1","","0","","40 34:08.820","","0","80 12:14.580","8","0","0","0","2107","0","0","0","N","0","0","0","1","02107","0","","5.0","","1","N","N","","0","","0","0","1","","0","","","1","1","0","0","0","1","0","2","0","1","","","","N","","","","","","","","","",""
"2018055312","","1","0","0","0","0","0","0","0","0","8","0","","02","5","2018","3","40.44011","-79.996333","0630","11","0","0","0","0","0","0","0","1","","0","0","0","","","1","","2","","40 26:24.395","","0","79 59:46.799","3","0","0","0","2301","1","0","0","N","1","0","0","2","02301","0","","1.0","","1","N","N","","0","","1","0","0","","2","","","2","1","0","0","0","0","0","2","0","1","","","","N","","","","","","","","","",""
"2018122357","","1","0","0","0","0","0","0","0","0","5","1","","02","11","2018","7","40.456503","-79.990394","0153","11","0","0","0","0","0","2","0","0","","0","1","0","","","0","","0","","40 27:23.412","","0","79 59:25.420","0","0","0","0","2301","0","0","0","N","0","0","0","2","02301","0","","1.0","","1","N","N","","0","","0","0","0","","0","N","","2","0","0","0","0","0","0","2","0","2","","","","N","","","","","","","","","",""
"2018052268","","3","0","0","0","0","0","0","0","0","2","0","","02","5","2018","2","40.457497","-79.893131","0211","11","0","0","0","0","0","0","0","0","","0","0","0","","","0","","0","","40 27:26.990","","0","79 53:35.270","0","0","0","0","2301","0","0","0","N","0","0","0","1","02301","0","","2.0","","1","N","N","","0","","0","0","0","","0","","","3","0","0","0","0","0","0","2","0","3","","","","N","","","","","","","","","",""
"2018113454","","1","0","0","0","0","0","0","0","0","7","0","","02","10","2018","2","40.350113","-79.849489","0047","11","0","0","0","0","0","0","0","0","2","0","0","0","","","1","","2","","40 21:00.405","5","0","79 50:58.159","2","0","0","0","2304","0","0","0","N","0","0","0","2","02304","0","","5.0","","9","N","N","","0","","0","1","0","","0","Y","","1","1","0","0","0","0","0","2","0","1","","","","N","","","","","","","","","",""
"2018126723","","0","0","0","0","0","0","0","0","0","4","0","","02","11","2018","3","40.343383","-80.060258","1525","11","0","0","0","0","0","1","0","0","2","0","0","0","","","2","","1","","40 20:36.178","5","0","80 03:36.928","3","0","0","0","2123","0","0","0","N","0","0","0","2","02123","0","","1.0","","9","N","N","","1","","1","0","1","","2","N","","2","2","0","0","0","1","0","2","0","2","","","","N","","","","","","","","","",""
"2018111359","","2","0","0","0","0","0","0","0","0","1","0","","02","10","2018","3","40.534374","-80.179989","1538","11","0","1","0","0","0","0","0","0","","0","0","0","","","0","","2","","40 32:03.748","","0","80 10:47.962","0","0","0","0","2458","0","0","0","N","0","0","0","2","02458","0","","1.0","","1","N","N","","0","","0","0","0","","0","","","2","0","0","0","0","0","0","2","0","2","","","","N","","","","","","","","","",""
"2018102869","","1","0","0","0","0","0","0","0","0","1","0","","02","9","2018","7","40.511083","-80.094495","1226","11","0","0","0","0","0","0","0","0","","0","0","0","","","0","","0","","40 30:39.900","","0","80 05:40.183","0","0","0","0","2429","0","0","0","N","0","0","0","5","02215","0","","1.0","","1","N","N","","0","","0","0","1","","0","","","2","0","0","0","0","0","0","2","0","2","","","","N","","","","","","","","","",""
"2018056193","","2","0","0","0","0","0","0","0","0","5","0","","02","5","2018","5","40.462013","-79.93182","0954","11","0","0","0","0","0","0","0","0","","0","0","0","","","0","","0","","40 27:43.248","","0","79 55:54.552","0","0","0","0","2301","0","0","0","N","0","0","0","2","02301","0","","1.0","","1","N","N","","0","","0","0","0","","0","","","2","0","0","0","0","0","0","2","0","2","","","","N","","","","","","","","","",""
"2018111363","","2","0","0","0","0","0","0","0","0","1","0","","02","10","2018","4","40.475685","-80.20001","1636","11","1","0","0","0","0","0","0","0","","0","0","0","","","1","N","0","","40 28:32.465","","0","80 12:00.035","4","0","0","0","2213","0","0","0","N","0","0","0","5","02213","1","","1.0","","1","N","N","","0","","0","0","1","","0","","","3","1","0","0","0","0","0","2","0","3","","","","N","","","","","","","","","",""
"2018052759","","1","0","0","0","0","0","0","0","0","7","0","","02","5","2018","2","40.383717","-79.865297","1328","11","0","0","0","0","0","1","0","0","","0","0","0","","","0","","0","","40 23:01.380","","7","79 51:55.070","0","0","0","0","2473","0","0","0","N","0","0","0","1","02473","0","","1.0","","9","N","N","","0","","0","0","0","","0","","","1","0","0","0","0","0","0","2","0","1","","","","N","","","","","","","","","",""
"2018109744","","1","0","0","0","0","0","0","0","0","1","0","","02","10","2018","6","40.389708","-79.933338","1355","11","0","0","0","0","0","0","2","0","2","0","0","0","","","2","","1","","40 23:22.947","1","0","79 56:00.018","8","0","0","0","2301","0","0","0","N","0","0","0","3","02301","0","","1.0","","1","N","N","","0","","0","0","1","","2","N","","2","2","0","0","0","2","0","2","0","2","","","","N","","","","","","","","","",""
"2018130286","","2","0","0","0","0","0","0","0","0","1","0","","02","12","2018","2","40.49718","-79.922979","1801","11","0","0","0","0","0","0","0","0","","0","0","0","","","0","","0","","40 29:49.849","","0","79 55:22.723","0","0","0","0","2461","0","0","0","N","0","0","0","2","68D02","0","","1.0","","8","N","N","","0","","0","0","0","","0","","","2","0","0","0","0","0","0","2","0","2","","","","N","","","","","","","","","",""
"2018109842","","1","0","0","0","0","0","0","0","0","7","0","","02","10","2018","7","40.372389","-80.113943","1452","11","0","1","0","0","0","0","0","0","","0","0","0","","","1","","0","","40 22:20.600","","0","80 06:50.193","4","0","0","0","2102","0","0","0","N","0","0","0","2","68B03","1","","4.0","","8","N","N","","0","","0","0","0","","0","","","2","1","0","0","0","0","0","2","0","2","","","","N","","","","","","","","","",""
"2018126490","","5","0","0","0","0","0","0","0","0","7","0","","02","11","2018","3","40.408654","-80.025552","0652","11","0","1","0","0","0","1","1","0","3","0","0","0","","","0","","2","","40 24:31.154","6","0","80 01:31.987","0","0","0","0","2301","0","0","0","N","0","0","0","7","02301","0","","5.0","","2","N","N","","0","","0","0","0","","0","Y","","5","0","0","0","0","0","0","2","0","5","","","","N","","","","","","","","","",""
"2018056612","","2","0","0","0","0","0","0","0","0","4","0","","02","5","2018","6","40.43755","-79.983208","1734","11","0","0","0","0","0","0","0","0","","0","0","0","","","2","","0","","40 26:15.180","","0","79 58:59.550","3","0","0","0","2301","0","0","0","N","0","0","0","4","02301","1","","1.0","","1","N","N","","0","","1","0","0","","0","","","2","2","0","0","0","0","0","2","0","2","","","","N","","","","","","","","","",""
"2018111693","","2","0","1","0","0","0","0","0","0","5","0","","02","10","2018","1","40.372585","-79.996263","1945","11","0","0","0","0","0","1","1","0","2","0","0","0","","","3","","0","","40 22:21.305","1","0","79 59:46.547","2","0","0","0","2476","0","0","0","N","0","0","0","4","02476","0","","1.0","","1","N","N","","0","","2","1","1","","0","Y","","3","3","0","0","0","0","0","2","0","3","","","","N","","","","","","","","","",""
"2018054374","","2","0","1","0","0","0","0","0","0","4","0","","02","5","2018","5","40.422891","-79.754584","2257","11","0","0","0","0","0","0","0","0","","0","0","0","","","2","","2","","40 25:22.406","","0","79 45:16.502","2","0","0","0","2446","0","0","0","N","0","0","0","2","02446","0","","1.0","","1","N","N","","0","","1","1","0","","0","","","2","2","0","0","0","0","0","2","0","2","","","","N","","","","","","","","","",""
"2018128940","","1","0","0","0","0","0","0","0","0","8","0","","02","12","2018","1","40.351889","-79.862192","1744","11","0","0","0","0","0","0","0","0","","0","0","0","","","1","","1","","40 21:06.799","","0","79 51:43.891","8","0","0","0","2304","1","0","0","N","1","0","0","2","02304","0","","1.0","","9","N","N","","0","","0","0","0","","2","","","2","1","0","0","0","1","0","2","0","1","","","","N","","","","","","","","","",""
"2018130456","","2","0","0","0","0","0","0","0","0","4","0","","02","12","2018","5","40.639708","-79.953879","1747","11","0","0","1","0","0","0","0","0","1","0","0","0","","","1","","1","","40 38:22.949","3","0","79 57:13.965","8","0","0","0","2217","0","0","0","N","0","0","0","2","02505","0","","1.0","","9","N","N","","0","","0","0","0","","3","N","","2","1","0","0","0","1","0","2","0","2","","","","N","","","","","","","","","",""
"2018111085","","1","0","0","0","0","0","0","0","0","7","0","","02","10","2018","6","40.373914","-80.006736","0012","11","0","0","1","0","0","0","0","0","2","0","0","0","","","1","","0","","40 22:26.090","6","3","80 00:24.250","3","0","0","0","2416","0","0","0","N","0","0","0","3","02416","0","","5.0","","1","N","N","","0","","1","0","0","","2","Y","","1","1","3","0","0","0","0","2","0","1","","","","N","","","","","","","","","",""
"2018117591","","1","0","0","0","0","0","0","0","0","99","0","","02","11","2018","3","40.548809","-79.887945","2357","11","0","0","0","0","0","0","0","0","","0","0","0","","","0","","0","","40 32:55.714","","0","79 53:16.602","0","0","0","0","2432","0","0","0","N","0","0","0","1","02432","0","","1.0","","1","N","N","","0","","0","0","0","","0","","","1","0","0","0","0","0","0","2","0","1","","","","N","","","","","","","","","",""
"2018125743","","1","0","0","0","0","0","0","0","0","99","0","","02","11","2018","2","40.45602","-79.822953","0250","11","0","0","0","0","0","0","0","0","","0","0","0","","","0","","0","","40 27:21.673","","0","79 49:22.630","0","0","0","0","2113","0","0","0","N","0","0","0","1","02113","0","","1.0","","9","N","N","","0","","0","0","0","","0","","","1","0","0","0","0","0","0","2","0","1","","","","N","","","","","","","","","",""
"2018051990","","2","0","0","0","0","0","0","0","0","4","0","","02","5","2018","1","40.454076","-79.996814","1022","11","0","0","0","0","0","0","0","2","","0","0","0","","","0","","1","","40 27:14.672","","2","79 59:48.532","0","0","0","0","2301","0","0","0","Y","0","0","0","3","02301","0","","1.0","","9","N","N","","0","","0","0","0","","2","","","2","0","0","0","0","0","0","2","0","2","","","","N","","","","","","","","","",""
"2018056014","","3","0","0","0","0","0","0","0","0","1","0","","02","5","2018","4","40.509953","-79.991971","1536","11","0","0","0","0","0","0","0","1","","0","0","0","","","0","","0","","40 30:35.831","","0","79 59:31.094","0","0","0","0","2116","0","0","0","N","0","0","0","3","02116","0","","1.0","","1","N","N","","0","","0","0","0","","0","","","3","0","0","0","0","0","0","2","0","3","","","","N","","","","","","","","","",""
"2018125442","","1","0","0","0","0","0","0","0","0","7","0","","02","11","2018","1","40.457489","-79.928828","0053","11","0","0","0","0","0","0","0","0","2","0","0","0","","","1","","0","","40 27:26.959","6","0","79 55:43.782","3","0","0","0","2301","0","0","0","N","0","0","0","2","02301","0","","2.0","","9","N","N","","0","","1","0","0","","0","Y","","1","1","0","0","0","0","0","2","0","1","","","","N","","","","","","","","","",""
"2018112761","","1","0","0","0","0","0","0","0","0","7","0","","02","10","2018","6","40.472089","-80.015501","2215","11","0","0","0","0","0","1","0","0","","0","0","0","","","0","","2","","40 28:19.521","","0","80 00:55.802","0","0","0","0","2301","0","0","0","N","0","0","0","1","02301","0","","2.0","","9","N","Y","","0","","0","0","0","","0","","","1","0","0","0","0","0","0","2","0","1","","","","N","","","","","","","","","",""
"2018110436","","0","0","0","0","0","0","0","0","0","4","0","","02","10","2018","1","40.455914","-79.938604","1928","11","0","0","0","0","0","1","0","1","","0","0","0","","","1","","1","","40 27:21.291","","0","79 56:18.974","3","0","0","0","2301","0","0","0","N","0","0","0","2","02301","0","","1.0","","1","N","N","","0","","1","0","1","","2","","","2","1","0","0","0","0","0","2","1","2","","","","N","","","","","","","","","",""
"2018056207","","1","0","0","0","0","0","0","0","0","4","0","","02","5","2018","4","40.392403","-79.88395","1048","11","0","0","0","0","0","0","1","0","1","0","0","0","","","2","","0","","40 23:32.650","1","0","79 53:02.220","4","0","0","0","2473","0","0","0","N","0","0","0","4","02473","2","","1.0","","1","N","N","","1","","0","0","0","","0","N","","2","2","0","0","0","0","0","2","0","2","","","","N","","","","","","","","","",""
"2018052290","","2","0","0","0","0","0","0","0","0","4","0","","02","5","2018","1","40.427956","-79.93505","1338","11","0","0","0","0","0","1","0","0","","0","0","0","","","3","","0","","40 25:40.640","","0","79 56:06.180","8","0","0","0","2301","0","0","0","N","0","0","0","3","02301","0","","1.0","","1","N","N","","0","","0","0","1","","0","","","3","3","0","0","0","3","0","2","0","3","","","","N","","","","","","","","","",""
"2018111864","","0","0","0","0","0","0","0","0","0","1","0","","02","10","2018","6","40.351107","-80.050872","1109","11","0","0","0","0","0","0","0","0","1","0","0","0","","","0","","0","","40 21:03.985","1","0","80 03:03.138","0","0","0","0","2109","0","0","0","N","0","0","0","2","02109","0","","1.0","","1","N","N","","0","","0","0","2","","0","N","","2","0","0","0","0","0","0","2","0","2","","","","N","","","","","","","","","",""
"2018112675","","0","0","0","0","0","0","0","0","0","99","0","","02","10","2018","2","40.522209","-80.224327","0603","11","0","0","0","0","0","1","0","0","","0","0","0","","","0","","0","","40 31:19.953","","0","80 13:27.576","0","0","0","0","2213","0","0","0","N","0","0","0","1","02213","0","","1.0","","1","N","N","","0","","0","0","1","","0","","","1","0","0","0","0","0","0","2","0","1","","","","N","","","","","","","","","",""
"2018053071","","2","0","0","0","0","0","0","0","0","4","0","","02","5","2018","4","40.50632","-79.833531","0810","11","0","0","0","0","0","1","0","0","","0","0","0","","","1","","1","","40 30:22.752","","0","79 50:00.711","8","0","0","0","2113","0","0","0","N","0","0","0","2","02113","0","","1.0","","1","N","N","","0","","0","0","0","","3","","","2","1","0","0","0","1","0","2","0","2","","","","N","","","","","","","","","",""
"2018057292","","1","0","0","0","0","0","0","0","0","1","0","","02","5","2018","6","40.424916","-80.115042","1146","11","0","0","0","0","0","1","0","0","1","0","0","0","","","1","","0","","40 25:29.698","4","0","80 06:54.152","4","0","0","0","2115","0","0","0","N","0","0","0","3","68B03","1","","1.0","","1","N","N","","0","","0","0","2","","0","N","","3","1","0","0","0","0","0","2","0","3","","","","N","","","","","","","","","",""
"2018056140","","2","0","0","0","0","0","0","0","0","4","0","","02","5","2018","5","40.429179","-79.921213","0551","11","0","0","0","0","0","0","0","0","2","0","0","0","","","1","","1","","40 25:45.044","3","0","79 55:16.366","4","0","0","0","2301","0","0","0","N","0","0","0","2","02301","1","","1.0","","1","N","N","","0","","0","0","0","","1","N","","2","1","0","0","0","0","0","2","0","2","","","","N","","","","","","","","","",""
"2018110911","","1","0","0","0","0","0","0","0","0","4","0","","02","10","2018","2","40.555679","-79.812933","1607","11","0","0","0","0","0","1","0","0","","0","0","0","","","1","","2","","40 33:20.444","","2","79 48:46.558","4","0","0","0","2208","0","0","0","N","0","0","0","2","02208","1","","1.0","","1","N","N","","0","","0","0","1","","3","","","2","1","0","0","0","0","0","2","0","2","","","","N","","","","","","","","","",""
"2018053118","","1","0","0","0","0","0","0","0","0","7","0","","02","5","2018","2","40.424803","-80.042649","1209","11","0","0","0","0","0","0","0","0","2","0","0","0","","","2","","2","","40 25:29.291","2","0","80 02:33.538","4","0","0","0","2435","0","0","0","N","0","0","0","3","02435","1","","5.0","","1","N","N","","0","","0","0","0","","2","N","","1","2","1","0","0","1","0","2","0","1","","","","N","","","","","","","","","",""
"2018056748","","0","0","0","0","0","0","0","0","0","4","0","","02","5","2018","7","40.489479","-79.819853","1439","11","0","0","0","0","0","0","0","1","","0","0","0","","","0","","1","","40 29:22.124","","0","79 49:11.470","9","0","0","0","2113","0","0","0","N","0","0","0","2","02113","0","","1.0","","1","N","N","","0","","0","0","2","","3","","","2","0","0","0","0","0","1","2","0","2","","","","N","","","","","","","","","",""
"2018055359","","2","0","0","0","0","0","0","0","0","1","0","","02","5","2018","3","40.434228","-79.995715","0706","11","0","0","0","0","0","0","0","0","2","0","0","0","","","1","","0","","40 26:03.219","1","3","79 59:44.575","4","0","0","0","2301","0","0","0","N","0","0","0","3","02301","1","","1.0","","9","N","N","","0","","0","0","0","","0","N","","2","1","0","0","0","0","0","2","0","2","","","","N","","","","","","","","","",""
"2018057011","","1","0","0","0","0","0","0","0","0","8","0","","02","5","2018","1","40.430138","-80.007385","2051","11","0","0","0","0","1","0","0","0","","0","0","0","","","1","","2","","40 25:48.498","","0","80 00:26.586","3","0","0","0","2301","1","0","0","N","1","0","0","2","02301","0","","1.0","","1","N","N","","0","","1","0","0","","0","","","2","1","1","0","0","0","0","2","0","1","","","","N","","","","","","","","","",""
"2018055104","","0","0","0","0","0","0","0","0","0","6","0","","02","5","2018","2","40.488003","-79.883136","1447","11","0","0","1","0","0","0","0","0","","0","0","0","","","1","","0","","40 29:16.810","","7","79 52:59.290","4","0","0","0","2112","0","0","0","N","0","0","0","3","02112","1","","1.0","","1","N","N","","0","","0","0","2","","8","","","2","1","0","0","0","0","0","2","0","2","","","","N","","","","","","","","","",""
"2018106918","","0","0","0","0","0","0","0","0","0","6","0","","02","10","2018","6","40.474991","-79.792076","1641","11","0","0","1","0","0","0","0","0","3","0","0","0","","","0","","2","","40 28:29.969","5","0","79 47:31.474","0","0","0","0","2113","0","0","0","N","0","0","0","3","02113","0","","1.0","","1","N","N","","0","","0","0","2","","3","Y","","2","0","0","0","0","0","0","2","0","2","","","","N","","","","","","","","","",""
"2018117328","","0","0","0","0","0","0","0","0","0","2","0","","02","11","2018","3","40.39876","-80.082721","1251","11","0","0","0","0","0","1","1","0","1","0","0","0","","","1","","0","","40 23:55.535","6","0","80 04:57.796","3","0","0","0","2117","0","0","0","N","0","0","0","4","02117","0","","1.0","","1","N","N","","0","","1","0","2","","0","N","","2","1","0","0","0","0","0","2","0","2","","","","N","","","","","","","","","",""
"2018113436","","1","0","0","0","0","0","0","0","0","7","0","","02","10","2018","1","40.348398","-79.878109","0324","11","0","0","0","0","0","0","0","0","","0","0","0","","","0","","0","","40 20:54.233","","0","79 52:41.192","0","0","0","0","2304","0","0","0","N","0","0","0","1","02304","0","","5.0","","9","N","N","","0","","0","0","0","","0","","","1","0","0","0","0","0","0","2","0","1","","","","N","","","","","","","","","",""
"2018126083","","0","0","0","0","0","0","0","0","0","7","0","","02","11","2018","2","40.213581","-79.948336","1538","11","0","0","0","0","0","0","0","0","","0","0","0","","","0","","0","","40 12:48.890","","0","79 56:54.011","9","0","0","0","2204","0","0","0","N","0","0","0","1","02204","0","","5.0","","9","N","N","","0","","0","0","0","","0","","","1","0","0","0","0","0","1","2","1","1","","","","N","","","","","","","","","",""
"2018126305","","2","0","0","0","0","0","0","0","0","2","0","","02","11","2018","3","40.654769","-80.052174","0734","11","0","0","0","0","0","1","0","0","2","0","0","0","","","2","","0","","40 39:17.169","6","0","80 03:07.827","3","0","0","0","2216","0","0","0","N","0","0","0","3","02505","0","","1.0","","2","N","N","","0","","2","0","1","","0","N","","3","2","0","0","0","0","0","2","0","3","","","","N","","","","","","","","","",""
"2018052121","","1","0","0","0","0","0","0","0","0","7","0","","02","5","2018","1","40.436173","-79.994728","1803","11","0","0","0","0","0","0","0","0","1","0","0","0","","","0","","0","","40 26:10.224","1","2","79 59:41.021","0","0","0","0","2301","0","0","0","N","0","0","0","1","02301","0","","1.0","","9","N","N","","0","","0","0","0","","0","N","","1","0","0","0","0","0","0","2","0","1","","","","N","","","","","","","","","",""
"2018056020","","4","0","0","0","0","0","0","0","0","1","0","","02","5","2018","4","40.473258","-79.930744","1751","11","0","0","0","0","0","2","0","0","","0","0","0","","","1","","1","","40 28:23.729","","0","79 55:50.679","3","0","0","0","2301","0","0","0","N","0","0","0","4","02301","0","","1.0","","1","N","N","","0","","1","0","0","","2","","","4","1","1","0","0","0","0","2","0","4","","","","N","","","","","","","","","",""
"2018127286","","1","0","0","0","0","0","0","0","0","1","0","","02","11","2018","1","40.452691","-80.176906","1316","11","0","0","0","0","0","1","0","0","1","0","0","0","","","3","","0","","40 27:09.687","3","0","80 10:36.861","3","0","0","0","2214","0","0","0","N","0","0","0","5","68B03","0","","1.0","","1","N","N","","0","","2","0","2","","0","N","","3","3","1","0","0","1","0","2","0","3","","","","N","","","","","","","","","",""
"2018127002","","2","0","0","0","0","0","0","0","0","1","0","","02","11","2018","3","40.33522","-79.947083","2146","11","0","0","0","0","0","2","0","0","","0","0","0","","","1","","2","","40 20:06.792","","0","79 56:49.500","4","0","0","0","2454","0","0","0","N","0","0","0","2","02454","1","","1.0","","9","N","N","","0","","0","0","0","","2","","","2","1","0","0","0","0","0","2","0","2","","","","N","","","","","","","","","",""
"2018112016","","1","0","0","0","0","0","0","0","0","1","0","","02","10","2018","4","40.439049","-79.753787","0802","11","0","0","0","0","0","1","0","0","","0","0","0","","","2","","0","","40 26:20.577","","0","79 45:13.634","3","0","0","0","2446","0","0","0","N","0","0","0","4","68B03","0","","1.0","","1","N","N","","0","","2","0","1","","0","","","3","2","0","0","0","0","0","2","1","3","","","","N","","","","","","","","","",""