"CRN","ARRIVAL_TM","AUTOMOBILE_COUNT","BELTED_DEATH_COUNT","BELTED_SUSP_SERIOUS_INJ_COUNT","BICYCLE_COUNT","BICYCLE_DEATH_COUNT","BICYCLE_SUSP_SERIOUS_INJ_COUNT","BUS_COUNT","CHLDPAS_DEATH_COUNT","CHLDPAS_SUSP_SERIOUS_INJ_COUNT","COLLISION_TYPE","COMM_VEH_COUNT","CONS_ZONE_SPD_LIM","COUNTY","CRASH_MONTH","CRASH_YEAR","DAY_OF_WEEK","DEC_LATITUDE","DEC_LONGITUDE","DISPATCH_TM","DISTRICT","DRIVER_COUNT_16YR","DRIVER_COUNT_17YR","DRIVER_COUNT_18YR","DRIVER_COUNT_19YR","DRIVER_COUNT_20YR","DRIVER_COUNT_50_64YR","DRIVER_COUNT_65_74YR","DRIVER_COUNT_75PLUS","EST_HRS_CLOSED","FATAL_COUNT","HEAVY_TRUCK_COUNT","HORSE_BUGGY_COUNT","HOUR_OF_DAY","ILLUMINATION","INJURY_COUNT","INTERSECTION_RELATED","INTERSECT_TYPE","LANE_CLOSED","LATITUDE","LN_CLOSE_DIR","LOCATION_TYPE","LONGITUDE","MAX_SEVERITY_LEVEL","MCYCLE_DEATH_COUNT","MCYCLE_SUSP_SERIOUS_INJ_COUNT","MOTORCYCLE_COUNT","MUNICIPALITY","NONMOTR_COUNT","NONMOTR_DEATH_COUNT","NONMOTR_SUSP_SERIOUS_INJ_COUNT","NTFY_HIWY_MAINT","PED_COUNT","PED_DEATH_COUNT","PED_SUSP_SERIOUS_INJ_COUNT","PERSON_COUNT","POLICE_AGCY","POSSIBLE_INJ_COUNT","RDWY_SURF_TYPE_CD","RELATION_TO_ROAD","ROADWAY_CLEARED","ROAD_CONDITION","SCH_BUS_IND","SCH_ZONE_IND","SECONDARY_CRASH","SMALL_TRUCK_COUNT","SPEC_JURIS_CD","SUSP_MINOR_INJ_COUNT","SUSP_SERIOUS_INJ_COUNT","SUV_COUNT","TCD_FUNC_CD","TCD_TYPE","TFC_DETOUR_IND","TIME_OF_DAY","TOTAL_UNITS","TOT_INJ_COUNT","UNBELTED_OCC_COUNT","UNB_DEATH_COUNT","UNB_SUSP_SERIOUS_INJ_COUNT","UNK_INJ_DEG_COUNT","UNK_INJ_PER_COUNT","URBAN_RURAL","VAN_COUNT","VEHICLE_COUNT","WEATHER1","WEATHER2","WORKERS_PRES","WORK_ZONE_IND","WORK_ZONE_LOC","WORK_ZONE_TYPE","WZ_CLOSE_DETOUR","WZ_FLAGGER","WZ_LAW_OFFCR_IND","WZ_LN_CLOSURE","WZ_MOVING","WZ_OTHER","WZ_SHLDER_MDN","WZ_WORKERS_INJ_KILLED"
"2018111925","","2","0","0","0","0","0","0","0","0","2","0","","02","10","2018","7","40.397637","-80.083829","1524","11","0","0","0","0","0","1","0","0","","0","0","0","","","0","","0","","40 23:51.492","","7","80 05:01.784","0","0","0","0","2102","0","0","0","N","0","0","0","3","02102","0","","1.0","","1","N","N","","0","","0","0","0","","0","","","2","0","0","0","0","0","0","2","0","2","","","","N","","","","","","","","","",""
"2018111761","","0","0","0","0","0","0","0","0","0","1","0","60","02","10","2018","5","40.547045","-79.828522","1335","11","0","0","0","0","0","2","0","0","","0","0","0","","","0","","0","","40 32:49.361","","0","79 49:42.679","0","0","0","0","2208","0","0","0","N","0","0","0","2","68D02","0","","1.0","","1","N","N","","1","","0","0","1","","1","","","2","0","0","0","0","0","0","2","0","2","","","Y","Y","4","2","N","N","N","N","Y","N","N",""
"2018054739","","1","0","0","0","0","0","0","0","0","1","0","","02","5","2018","4","40.434244","-79.99055","1601","11","0","0","0","0","0","0","0","0","1","0","0","0","","","0","","0","","40 26:03.277","4","0","79 59:25.979","0","0","0","0","2301","0","0","0","N","0","0","0","3","68B03","0","","1.0","","1","N","N","","1","","0","0","1","","0","N","","3","0","0","0","0","0","0","2","0","3","","","","N","","","","","","","","","",""
"2018055996","","1","0","0","0","0","0","0","0","0","4","0","","02","5","2018","4","40.470295","-80.220373","1753","11","0","0","0","0","0","1","0","0","","0","0","0","","","2","","1","","40 28:13.061","","0","80 13:13.344","4","0","0","0","2203","0","0","0","N","0","0","0","2","02203","2","","1.0","","1","N","N","","0","","0","0","1","","2","","","2","2","0","0","0","0","0","2","0","2","","","","N","","","","","","","","","",""
"2018129640","","0","0","0","0","0","0","0","0","0","2","0","","02","12","2018","4","40.459908","-79.860185","0638","11","0","0","0","0","0","1","0","0","2","0","0","0","","","0","","2","","40 27:35.668","5","0","79 51:36.666","0","0","0","0","2113","0","0","0","N","0","0","0","5","02113","0","","1.0","","7","N","N","","0","","0","0","1","","0","N","","2","0","2","0","0","0","0","2","1","2","","","","N","","","","","","","","","",""
"2018055992","","2","0","0","0","0","0","0","0","0","4","0","","02","5","2018","3","40.410104","-80.107838","1932","11","0","0","0","0","0","0","0","0","","0","0","0","","","0","","0","","40 24:36.376","","0","80 06:28.216","0","0","0","0","2102","0","0","0","N","0","0","0","4","68B03","0","","1.0","","9","N","N","","0","","0","0","0","","0","","","2","0","0","0","0","0","0","2","0","2","","","","N","","","","","","","","","",""
"2018127646","","0","0","0","0","0","0","0","0","0","7","0","","02","11","2018","6","40.458618","-79.926254","0215","11","0","0","0","0","0","0","0","0","","0","0","0","","","0","","2","","40 27:31.024","","0","79 55:34.514","9","0","0","0","2301","0","0","0","N","0","0","0","1","02301","0","","5.0","","1","N","N","","0","","0","0","0","","0","N","","1","0","0","0","0","0","1","2","1","1","","","","N","","","","","","","","","",""
"2018056380","","1","0","0","0","0","0","0","0","0","6","0","","02","5","2018","5","40.445523","-80.030128","1845","11","0","0","0","0","0","0","0","0","1","0","0","0","","","0","","0","","40 26:43.883","4","0","80 01:48.459","0","0","0","0","2301","0","0","0","N","0","0","0","2","02301","0","","1.0","","1","N","N","","0","","0","0","1","","0","N","","2","0","0","0","0","0","0","2","0","2","","","","N","","","","","","","","","",""
"2018055466","","1","0","0","0","0","0","0","0","0","4","0","","02","5","2018","3","40.436801","-79.927708","0931","11","0","0","0","0","0","0","0","0","","0","0","0","","","0","","1","","40 26:12.483","","0","79 55:39.748","0","0","0","0","2301","0","0","0","N","0","0","0","4","02301","0","","1.0","","1","N","N","","0","","0","0","1","","3","","","2","0","0","0","0","0","0","2","0","2","","","","N","","","","","","","","","",""
"2018055502","","0","0","0","0","0","0","0","0","0","0","0","","02","5","2018","3","40.478114","-79.760858","1214","11","0","0","0","0","0","0","0","0","","0","0","0","","","1","","0","","40 28:41.210","","0","79 45:39.090","3","0","0","1","2466","0","0","0","N","0","0","0","1","02466","0","","1.0","","9","N","N","","0","","1","0","0","","0","","","1","1","0","0","0","0","0","2","0","1","","","","N","","","","","","","","","",""
"2018124678","","3","0","0","0","0","0","0","0","0","5","0","","02","11","2018","4","40.420011","-79.922728","2125","11","0","0","0","0","0","0","0","0","","0","0","0","","","0","","0","","40 25:12.038","","0","79 55:21.819","0","0","0","0","2301","0","0","0","N","0","0","0","1","02301","0","","1.0","","1","N","N","","0","","0","0","0","","0","","","3","0","0","0","0","0","0","2","0","3","","","","N","","","","","","","","","",""
"2018068185","","1","0","0","0","0","0","0","0","0","5","0","","02","5","2018","6","40.528588","-80.186554","1547","11","0","0","0","0","0","0","1","0","","0","0","0","","","1","","6","","40 31:42.916","","2","80 11:11.593","3","0","0","1","2213","0","0","0","N","0","0","0","2","02213","0","","1.0","","1","N","N","","0","","1","0","0","","0","","","2","1","0","0","0","0","0","2","0","2","","","","N","","","","","","","","","",""
"2018126306","","2","0","0","0","0","0","0","0","0","4","0","","02","11","2018","3","40.376144","-79.984108","0944","11","0","0","0","0","0","0","1","0","1","0","0","0","","","2","","0","","40 22:34.120","5","0","79 59:02.788","8","0","0","0","2413","0","0","0","N","0","0","0","2","02413","0","","1.0","","9","N","N","","0","","0","0","0","","0","N","","2","2","2","0","0","2","0","2","0","2","","","","N","","","","","","","","","",""
"2018125805","","1","0","0","0","0","0","0","0","0","7","0","","02","11","2018","2","40.45192","-79.843819","1016","11","0","0","0","0","0","1","0","0","1","0","0","0","","","0","","0","","40 27:06.913","1","0","79 50:37.748","0","0","0","0","2419","0","0","0","N","0","0","0","2","02419","0","","5.0","","9","N","N","","0","","0","0","0","","0","N","","1","0","0","0","0","0","0","2","0","1","","","","N","","","","","","","","","",""
"2018126246","","1","0","0","0","0","0","0","0","0","2","0","","02","11","2018","2","40.574522","-79.822004","1212","11","0","0","0","0","0","0","0","0","1","0","0","0","","","0","","2","","40 34:28.280","3","0","79 49:19.214","0","0","0","0","2209","0","0","0","N","0","0","0","4","02209","0","","1.0","","9","N","N","","1","","0","0","0","","0","N","","2","0","0","0","0","0","0","1","0","2","","","","N","","","","","","","","","",""
"2018124998","","2","0","0","0","0","0","0","0","0","4","0","","02","11","2018","6","40.463463","-80.007994","0240","11","0","0","0","0","0","0","0","0","2","0","0","0","","","0","","0","","40 27:48.467","6","0","80 00:28.779","0","0","0","0","2301","0","0","0","N","0","0","0","2","02301","0","","6.0","","1","N","N","","0","","0","0","0","","0","N","","2","0","0","0","0","0","0","2","0","2","","","","N","","","","","","","","","",""
"2018055695","","1","0","0","0","0","0","0","0","0","7","0","","02","5","2018","3","40.354248","-79.880852","2222","11","0","0","0","0","0","1","0","0","1","0","0","0","","","0","","0","","40 21:15.291","7","0","79 52:51.067","0","0","0","0","2423","0","0","0","N","0","0","0","1","02304","0","","4.0","","9","N","N","","0","","0","0","0","0","0","N","","1","0","0","0","0","0","0","2","0","1","","","","N","","","","","","","","","",""
"2018129275","","2","0","0","0","0","0","0","0","0","4","0","","02","12","2018","3","40.452914","-80.039369","1227","11","0","0","0","0","0","1","0","0","2","0","0","0","","","1","","2","","40 27:10.489","3","0","80 02:21.730","4","0","0","0","2301","0","0","0","N","0","0","0","3","02301","1","","1.0","","1","N","N","","0","","0","0","1","3","2","Y","","3","1","0","0","0","0","0","2","0","3","","","","N","","","","","","","","","",""
"2018056443","","0","0","0","0","0","0","0","0","0","99","0","","02","5","2018","3","40.637956","-79.938696","2018","11","0","0","0","0","0","0","1","0","","0","0","0","","","0","","0","","40 38:16.641","","0","79 56:19.306","0","0","0","0","2217","0","0","0","N","0","0","0","2","02505","0","","1.0","","1","N","N","","0","","0","0","1","0","0","","","1","0","0","0","0","0","0","2","0","1","","","","N","","","","","","","","","",""
"2018118668","","1","0","0","0","0","0","0","0","0","4","0","","02","11","2018","3","40.368323","-80.084141","1603","11","0","0","0","0","0","0","1","0","1","0","0","0","","","2","","1","","40 22:05.961","2","0","80 05:02.909","4","0","0","0","2117","0","0","0","N","0","0","0","2","02117","2","","1.0","","1","N","N","","1","","0","0","0","3","2","N","","2","2","0","0","0","0","0","2","0","2","","","","N","","","","","","","","","",""
"2018124590","","1","0","0","0","0","0","0","0","0","4","0","","02","11","2018","4","40.472335","-79.928368","1520","11","0","0","0","0","0","1","0","0","","0","0","0","","","0","","2","","40 28:20.405","","0","79 55:42.124","0","0","0","0","2301","0","0","0","N","0","0","0","2","02301","0","","1.0","","1","N","N","","0","","0","0","1","0","0","N","","2","0","0","0","0","0","0","2","0","2","","","","N","","","","","","","","","",""
"2018129120","","1","0","0","0","0","0","0","0","0","7","0","","02","12","2018","1","40.429217","-79.941817","0804","11","0","0","1","0","0","0","0","0","1","0","0","0","","","0","","0","","40 25:45.181","3","0","79 56:30.540","0","0","0","0","2301","0","0","0","N","0","0","0","1","68B03","0","","2.0","","9","N","N","","0","","0","0","0","0","0","N","","1","0","0","0","0","0","0","2","0","1","","","","N","","","","","","","","","",""
"2018122915","","2","0","0","0","0","0","0","0","0","1","0","","02","11","2018","7","40.35451","-80.114766","1155","11","0","0","1","0","0","0","0","0","1","0","0","0","","","0","","2","","40 21:16.237","3","0","80 06:53.157","0","0","0","0","2119","0","0","0","N","0","0","0","6","02119","0","","1.0","","1","N","N","","0","","0","0","0","3","2","N","","2","0","0","0","0","0","0","2","0","2","","","","N","","","","","","","","","",""
"2018073474","","1","0","0","0","0","0","0","0","0","7","0","","02","5","2018","3","40.434433","-80.143881","1943","11","0","0","0","0","0","0","0","0","1","0","0","0","","","0","","0","","40 26:03.960","4","0","80 08:37.972","0","0","0","0","2115","0","0","0","N","0","0","0","1","68B03","0","","4.0","","9","N","N","","0","","0","0","0","0","0","N","","1","0","0","0","0","0","0","2","0","1","","","","N","","","","","","","","","",""
"2018126695","","0","0","0","0","0","0","0","0","0","4","0","","02","11","2018","3","40.545673","-80.193936","0558","11","0","0","0","0","0","0","0","0","2","0","0","0","","","2","","1","","40 32:44.424","1","0","80 11:38.169","3","0","0","0","2427","0","0","0","N","0","0","0","2","02427","0","","1.0","","9","N","N","","0","","2","0","2","3","2","N","","2","2","0","0","0","0","0","2","0","2","","","","N","","","","","","","","","",""
"2018056780","","0","0","0","0","0","0","0","0","0","7","0","","02","5","2018","7","40.452136","-80.058622","1550","11","0","0","0","0","0","0","0","0","1","0","0","0","","","0","","0","","40 27:07.690","5","0","80 03:31.040","0","0","0","0","2301","0","0","0","N","0","0","0","0","02301","0","","4.0","","1","N","N","","0","","0","0","0","2","3","Y","","1","0","0","0","0","0","0","2","1","1","","","","N","","","","","","","","","",""
"2018054907","","2","0","0","0","0","0","0","0","0","5","0","","02","5","2018","2","40.385439","-79.991533","0352","11","0","0","0","0","0","0","0","0","2","0","0","0","","","0","","0","","40 23:07.580","6","0","79 59:29.520","9","0","0","0","2301","0","0","0","N","0","0","0","1","02301","0","","1.0","","1","N","N","","0","","0","0","1","0","0","N","","3","0","0","0","0","0","1","2","0","3","","","","N","","","","","","","","","",""
"2018126946","","1","0","0","0","0","0","0","0","0","7","0","","02","11","2018","5","40.357619","-80.105681","0336","11","0","0","0","0","0","0","0","0","2","1","0","0","","","0","","0","","40 21:27.430","6","0","80 06:20.450","1","0","0","0","2414","0","0","0","N","0","0","0","1","02414","0","2","2.0","","1","N","N","","0","0","0","0","0","0","0","Y","","1","0","1","1","0","0","0","2","0","1","","","","N","","","","","","","","","",""
"2018055474","","0","0","0","0","0","0","0","0","0","7","0","","02","5","2018","3","40.456958","-79.962992","1100","11","0","0","0","0","0","0","1","0","1","0","0","0","","","0","","0","","40 27:25.050","4","0","79 57:46.771","0","0","0","0","2301","0","0","0","Y","0","0","0","1","02301","0","","2.0","","1","N","N","","0","","0","0","0","0","0","N","","1","0","0","0","0","0","0","2","1","1","","","","N","","","","","","","","","",""
"2018038853","","1","0","0","0","0","0","0","0","0","4","0","","02","4","2018","2","40.409225","-79.916581","1550","11","0","0","0","0","0","1","0","0","","0","0","0","","","0","","0","","40 24:33.210","","7","79 54:59.690","0","0","0","0","2438","0","0","0","N","0","0","0","2","02438","0","","1.0","","1","N","N","","0","","0","0","0","3","2","N","","2","0","0","0","0","0","0","2","1","2","","","","N","","","","","","","","","",""
"2018117012","","0","0","0","0","0","0","0","0","0","99","0","","02","11","2018","3","40.488776","-79.872731","0454","11","0","0","0","0","0","0","0","0","","0","0","0","","","0","","0","","40 29:19.594","","0","79 52:21.831","0","0","0","0","2112","0","0","0","Y","0","0","0","1","02112","0","","5.0","","9","N","N","","0","","0","0","1","0","0","","","1","0","0","0","0","0","0","2","0","1","","","","N","","","","","","","","","",""
"2018112031","","1","0","0","0","0","0","0","0","0","99","0","","02","10","2018","2","40.44129","-79.936378","0438","11","0","0","0","0","0","1","0","0","","0","0","0","","","0","","0","","40 26:28.644","","0","79 56:10.960","0","0","0","0","2301","0","0","0","N","0","0","0","1","02301","0","","1.0","","1","N","N","","0","","0","0","0","0","0","","","1","0","0","0","0","0","0","2","0","1","","","","N","","","","","","","","","",""
"2018055777","","1","0","0","0","0","0","0","0","0","4","0","","02","5","2018","3","40.392333","-80.067434","0828","11","0","0","0","0","0","1","0","1","1","0","0","0","","","2","","0","","40 23:32.397","1","7","80 04:02.764","3","0","0","0","2109","0","0","0","N","0","0","0","2","02109","0","","1.0","","9","N","N","","0","","2","0","1","0","0","N","","2","2","0","0","0","0","0","2","0","2","","","","N","","","","","","","","","",""
"2018127305","","3","0","0","0","0","0","0","0","0","1","0","","02","11","2018","2","40.424893","-80.117083","1653","11","0","0","0","0","0","0","0","0","1","0","0","0","","","0","N","0","","40 25:29.615","3","0","80 07:01.499","0","0","0","0","2102","0","0","0","N","0","0","0","3","68B03","0","","1.0","","9","N","N","","0","","0","0","0","0","0","N","","3","0","0","0","0","0","0","2","0","3","","","","N","","","","","","","","","",""
"2018123864","","1","0","0","0","0","0","0","0","0","5","0","","02","11","2018","3","40.445145","-79.828176","0608","11","0","0","0","0","0","2","0","0","","0","0","0","","","1","","2","","40 26:42.523","","0","79 49:41.433","3","0","0","0","2113","0","0","0","N","0","0","0","2","02113","0","","1.0","","9","N","N","","0","","1","0","0","3","2","","","2","1","0","0","0","0","0","2","1","2","","","","N","","","","","","","","","",""
"2018122960","","2","0","0","0","0","0","0","0","0","4","0","","02","11","2018","6","40.386532","-80.088718","2005","11","0","0","0","0","0","0","0","1","1","0","0","0","","","0","","2","","40 23:11.514","3","0","80 05:19.384","0","0","0","0","2117","0","0","0","N","0","0","0","3","02117","0","","1.0","","9","N","N","","0","","0","0","0","0","0","N","","2","0","0","0","0","0","0","2","0","2","","","","N","","","","","","","","","",""
"2018126493","","4","0","0","0","0","0","0","0","0","2","0","","02","11","2018","4","40.384387","-79.980203","0014","11","0","0","0","0","0","0","0","0","1","0","0","0","","","0","","0","","40 23:03.793","1","0","79 58:48.731","0","0","0","0","2301","0","0","0","N","0","0","0","1","02301","0","","6.0","","7","N","N","","0","","0","0","0","0","0","N","","4","0","0","0","0","0","0","2","0","4","","","","N","","","","","","","","","",""
"2018056282","","1","0","0","0","0","0","0","0","0","7","0","","02","5","2018","5","40.464214","-79.900841","1227","11","0","0","0","0","0","1","0","0","1","0","0","0","","","1","","0","","40 27:51.172","2","0","79 54:03.029","8","0","0","0","2301","0","0","0","N","0","0","0","1","02301","0","","4.0","","1","N","N","","0","","0","0","0","0","0","Y","","1","1","0","0","0","1","0","2","0","1","","","","N","","","","","","","","","",""
"2018109721","","1","0","0","0","0","0","0","0","0","1","0","","02","10","2018","6","40.4657","-79.825227","1220","11","0","0","0","0","0","1","1","0","1","0","0","0","","","0","","0","","40 27:56.519","2","0","79 49:30.817","0","0","0","0","2113","0","0","0","N","0","0","0","3","02113","0","","1.0","","1","N","N","","1","","0","0","0","0","0","N","","2","0","0","0","0","0","0","2","0","2","","","","N","","","","","","","","","",""
"2018127043","","1","0","0","0","0","0","0","0","0","7","0","","02","11","2018","4","40.283136","-80.011782","1349","11","0","0","0","0","0","1","0","0","1","0","0","0","","","1","","2","","40 16:59.289","6","0","80 00:42.415","4","0","0","0","2219","0","0","0","N","0","0","0","1","02219","1","","4.0","","2","N","N","","0","","0","0","0","0","0","Y","","1","1","0","0","0","0","0","2","0","1","","","","N","","","","","","","","","",""
"2018113911","","2","0","0","0","0","0","0","0","0","1","0","","02","10","2018","2","40.632657","-80.002206","1836","11","1","0","0","0","0","0","0","0","1","0","0","0","","","0","","2","","40 37:57.564","3","0","80 00:07.943","0","0","0","0","2216","0","0","0","N","0","0","0","3","02505","0","","1.0","","9","N","N","","0","","0","0","1","0","0","N","","3","0","0","0","0","0","0","2","0","3","","","","N","","","","","","","","","",""
"2018128951","","1","0","0","0","0","0","0","0","0","8","0","","02","12","2018","2","40.434398","-79.953183","1843","11","0","0","0","0","0","0","0","0","2","0","0","0","","","1","","1","","40 26:03.832","7","0","79 57:11.458","8","0","0","0","2301","1","0","0","N","1","0","0","2","02301","0","","1.0","","9","N","N","","0","","0","0","0","3","2","N","","2","1","0","0","0","1","0","2","0","1","","","","N","","","","","","","","","",""
"2018056436","","0","0","0","0","0","0","0","0","0","0","0","","02","5","2018","5","40.449279","-79.844658","2340","11","0","0","0","0","0","0","0","0","","0","0","0","","","1","","0","","40 26:57.404","","0","79 50:40.770","8","0","0","1","2419","0","0","0","N","0","0","0","1","02419","0","","1.0","","1","N","N","","0","","0","0","0","0","0","","","1","1","0","0","0","1","0","2","0","1","","","","N","","","","","","","","","",""
"2018127788","","3","0","0","0","0","0","0","0","0","1","0","","02","11","2018","5","40.631929","-79.732905","1723","11","0","0","0","0","0","2","0","0","2","0","0","0","","","2","","7","","40 37:54.944","1","2","79 43:58.458","3","0","0","0","2106","0","0","0","N","0","0","0","6","68D02","0","","1.0","","1","N","N","","1","","2","0","0","0","0","Y","","4","2","0","0","0","0","0","2","0","4","","","","N","","","","","","","","","",""
"2018128238","","0","0","0","0","0","0","0","0","0","7","0","","02","12","2018","7","40.432347","-79.960475","0735","11","0","0","0","0","0","0","0","0","2","0","0","0","","","1","","0","","40 25:56.450","3","0","79 57:37.710","3","0","0","0","2301","0","0","0","N","0","0","0","2","68B03","0","","5.0","","1","N","N","","0","","1","0","2","0","0","N","","2","1","0","0","0","0","0","2","0","2","","","","N","","","","","","","","","",""
"2018055644","","1","0","0","0","0","0","0","0","0","4","0","","02","5","2018","3","40.358243","-79.831789","1712","11","0","0","0","0","0","0","0","0","2","0","0","0","","","1","","2","","40 21:29.676","4","0","79 49:54.440","8","0","0","0","2477","0","0","0","N","0","0","0","2","02477","0","","1.0","","1","N","N","","0","","0","0","1","3","3","Y","","2","1","0","0","0","1","0","2","0","2","","","","N","","","","","","","","","",""
"2018111270","","0","0","0","0","0","0","0","0","0","1","0","","02","10","2018","5","40.422238","-80.099717","1747","11","0","0","0","0","1","0","0","0","","0","0","0","","","0","","0","","40 25:20.057","","0","80 05:58.980","0","0","0","0","2115","0","0","0","N","0","0","0","3","68B01","0","","1.0","","1","N","N","","2","","0","0","0","0","0","","","2","0","0","0","0","0","0","2","0","2","","","","N","","","","","","","","","",""
"2018127995","","3","0","0","0","0","0","0","0","0","1","0","","02","11","2018","3","40.371868","-79.843687","1750","11","0","0","0","0","0","3","0","0","3","0","0","0","","","3","","2","","40 22:18.726","1","0","79 50:37.273","4","0","0","0","2303","0","0","0","N","0","0","0","4","02303","3","","1.0","","1","N","N","","0","","0","0","1","3","2","Y","","4","3","1","0","0","0","0","2","0","4","","","","N","","","","","","","","","",""
"2018055769","","2","0","0","0","0","0","0","0","0","4","0","","02","5","2018","3","40.44776","-80.163967","0021","11","0","0","0","0","0","0","0","0","","0","0","0","","","0","","2","","40 26:51.935","","2","80 09:50.280","0","0","0","0","2115","0","0","0","N","0","0","0","2","02115","0","","1.0","","1","N","N","","0","","0","0","0","3","2","","","2","0","0","0","0","0","0","2","0","2","","","","N","","","","","","","","","",""
"2018126991","","1","0","0","0","0","0","0","0","0","2","0","","02","11","2018","4","40.413987","-79.990521","1750","11","0","0","0","0","0","1","0","0","2","0","0","0","","","1","","2","","40 24:50.353","2","0","79 59:25.875","3","0","0","0","2301","1","0","0","N","1","0","0","4","02301","0","","1.0","","1","N","N","","1","","1","0","0","0","0","Y","","3","1","0","0","0","0","1","2","0","2","","","","N","","","","","","","","","",""
"2018064997","","0","0","0","0","0","0","0","0","0","0","0","65","02","5","2018","3","40.65121","-80.094032","1329","11","0","0","0","0","0","0","0","0","1","0","0","0","","","1","","0","","40 39:04.356","1","0","80 05:38.515","3","0","0","0","2212","0","0","0","N","0","0","0","1","68B03","0","","1.0","","1","N","N","","0","","1","0","0","0","0","N","","1","1","0","0","0","0","0","2","1","1","","","Y","Y","4","2","N","N","N","Y","Y","N","N",""
"2018129604","","0","0","0","0","0","0","0","0","0","7","0","","02","12","2018","1","40.427401","-79.951935","0145","11","0","0","0","0","0","0","0","0","2","0","0","0","","","0","","0","","40 25:38.642","4","0","79 57:06.965","0","0","0","0","2301","0","0","0","N","0","0","0","1","68B01","0","","4.0","","9","N","N","","0","","0","0","1","0","0","N","","1","0","0","0","0","0","0","2","0","1","","","","N","","","","","","","","","",""
"2018127296","","0","0","0","0","0","0","0","0","0","1","0","","02","11","2018","5","40.43998","-80.155013","1032","11","0","0","0","0","0","1","0","0","","0","0","0","","","0","","0","","40 26:23.929","","0","80 09:18.045","0","0","0","0","2115","0","0","0","N","0","0","0","3","68B03","0","","1.0","","9","N","N","","0","","0","0","2","0","0","","","2","0","0","0","0","0","0","2","0","2","","","","N","","","","","","","","","",""
"2018058540","","0","0","0","0","0","0","0","0","0","4","0","","02","5","2018","4","40.378405","-79.989573","1520","11","0","0","0","0","0","1","0","0","","0","0","0","","","1","","2","","40 22:42.257","","0","79 59:22.462","4","0","0","0","2476","0","0","0","N","0","0","0","2","02476","1","","1.0","","1","N","N","","0","","0","0","1","3","3","","","2","1","0","0","0","0","0","2","1","2","","","","N","","","","","","","","","",""
"2018123698","","0","0","0","0","0","0","0","0","0","1","1","","02","11","2018","5","40.32109","-79.942133","0614","11","0","0","0","0","0","1","0","0","2","0","1","0","","","2","","1","","40 19:15.923","1","0","79 56:31.678","3","0","0","0","2454","0","0","0","N","0","0","0","3","02454","0","","1.0","","9","N","N","","0","","1","0","2","3","2","Y","","3","2","0","0","0","1","0","2","0","3","","","","N","","","","","","","","","",""
"2018054975","","1","0","0","0","0","0","0","0","0","1","0","","02","5","2018","2","40.621853","-80.05428","1103","11","0","0","0","0","0","0","1","0","","0","0","0","","","0","","1","","40 37:18.669","","0","80 03:15.408","0","0","0","0","2216","0","0","0","N","0","0","0","6","02505","0","","1.0","","1","N","N","","0","","0","0","0","3","2","","","2","0","0","0","0","0","0","1","1","2","","","","N","","","","","","","","","",""
"2018111882","","1","0","0","0","0","0","0","0","0","1","0","","02","10","2018","2","40.567132","-80.114695","0951","11","0","0","0","0","0","1","0","0","1","0","0","0","","","0","","0","","40 34:01.674","1","0","80 06:52.902","0","0","0","0","2460","0","0","0","","0","0","0","3","68B03","0","","1.0","","1","N","N","","0","","0","0","1","0","0","Y","","2","0","0","0","0","0","0","2","0","2","","","","N","","","","","","","","","",""
"2018127311","","0","0","0","0","0","0","0","0","0","1","0","","02","11","2018","4","40.410536","-80.071126","1911","11","0","0","0","0","0","1","0","0","1","0","0","0","","","0","","0","","40 24:37.931","3","0","80 04:16.054","0","0","0","0","2117","0","0","0","N","0","0","0","2","68B03","0","","1.0","","1","N","N","","2","","0","0","0","0","0","N","","2","0","0","0","0","0","0","2","0","2","","","","N","","","","","","","","","",""
"2018125637","","1","0","0","0","0","0","0","0","0","1","0","","02","11","2018","1","40.447647","-79.827578","1609","11","0","0","0","0","1","0","0","0","1","0","0","0","","","2","","0","","40 26:51.528","5","0","79 49:39.282","3","0","0","0","2113","0","0","0","N","0","0","0","3","02113","0","","1.0","","1","N","N","","1","","2","0","0","0","0","N","","2","2","0","0","0","0","0","2","0","2","","","","N","","","","","","","","","",""
"2018127245","","0","0","0","0","0","0","0","0","0","1","0","","02","11","2018","5","40.626185","-80.056151","0646","11","0","1","0","0","0","0","0","0","","0","0","0","","","0","","1","","40 37:34.267","","0","80 03:22.142","0","0","0","0","2216","0","0","0","N","0","0","0","2","02505","0","","1.0","","1","N","N","","0","","0","0","1","3","3","N","","2","0","0","0","0","0","0","2","1","2","","","","N","","","","","","","","","",""
"2018126985","","0","0","0","0","0","0","0","0","0","1","0","","02","10","2018","5","40.38889","-79.830474","2141","11","0","0","0","0","0","0","0","0","2","0","0","0","","","1","","0","","40 23:20.005","4","0","79 49:49.705","4","0","0","0","2111","0","0","0","N","0","0","0","2","02111","1","","1.0","","9","N","N","","1","","0","0","1","0","0","N","","2","1","2","0","0","0","0","2","0","2","","","","N","","","","","","","","","",""
"2018121337","","2","0","0","0","0","0","0","0","0","1","0","","02","11","2018","5","40.43663","-80.143458","0830","11","0","0","0","0","0","1","0","0","","0","0","0","","","1","","2","","40 26:11.867","","0","80 08:36.447","8","0","0","0","2115","0","0","0","N","0","0","0","2","02115","0","","1.0","","9","N","N","","0","","0","0","0","3","3","","","2","1","0","0","0","1","0","2","0","2","","","","N","","","","","","","","","",""