"CRN","ARRIVAL_TM","AUTOMOBILE_COUNT","BELTED_DEATH_COUNT","BELTED_SUSP_SERIOUS_INJ_COUNT","BICYCLE_COUNT","BICYCLE_DEATH_COUNT","BICYCLE_SUSP_SERIOUS_INJ_COUNT","BUS_COUNT","CHLDPAS_DEATH_COUNT","CHLDPAS_SUSP_SERIOUS_INJ_COUNT","COLLISION_TYPE","COMM_VEH_COUNT","CONS_ZONE_SPD_LIM","COUNTY","CRASH_MONTH","CRASH_YEAR","DAY_OF_WEEK","DEC_LATITUDE","DEC_LONGITUDE","DISPATCH_TM","DISTRICT","DRIVER_COUNT_16YR","DRIVER_COUNT_17YR","DRIVER_COUNT_18YR","DRIVER_COUNT_19YR","DRIVER_COUNT_20YR","DRIVER_COUNT_50_64YR","DRIVER_COUNT_65_74YR","DRIVER_COUNT_75PLUS","EST_HRS_CLOSED","FATAL_COUNT","HEAVY_TRUCK_COUNT","HORSE_BUGGY_COUNT","HOUR_OF_DAY","ILLUMINATION","INJURY_COUNT","INTERSECTION_RELATED","INTERSECT_TYPE","LANE_CLOSED","LATITUDE","LN_CLOSE_DIR","LOCATION_TYPE","LONGITUDE","MAX_SEVERITY_LEVEL","MCYCLE_DEATH_COUNT","MCYCLE_SUSP_SERIOUS_INJ_COUNT","MOTORCYCLE_COUNT","MUNICIPALITY","NONMOTR_COUNT","NONMOTR_DEATH_COUNT","NONMOTR_SUSP_SERIOUS_INJ_COUNT","NTFY_HIWY_MAINT","PED_COUNT","PED_DEATH_COUNT","PED_SUSP_SERIOUS_INJ_COUNT","PERSON_COUNT","POLICE_AGCY","POSSIBLE_INJ_COUNT","RDWY_SURF_TYPE_CD","RELATION_TO_ROAD","ROADWAY_CLEARED","ROAD_CONDITION","SCH_BUS_IND","SCH_ZONE_IND","SECONDARY_CRASH","SMALL_TRUCK_COUNT","SPEC_JURIS_CD","SUSP_MINOR_INJ_COUNT","SUSP_SERIOUS_INJ_COUNT","SUV_COUNT","TCD_FUNC_CD","TCD_TYPE","TFC_DETOUR_IND","TIME_OF_DAY","TOTAL_UNITS","TOT_INJ_COUNT","UNBELTED_OCC_COUNT","UNB_DEATH_COUNT","UNB_SUSP_SERIOUS_INJ_COUNT","UNK_INJ_DEG_COUNT","UNK_INJ_PER_COUNT","URBAN_RURAL","VAN_COUNT","VEHICLE_COUNT","WEATHER1","WEATHER2","WORKERS_PRES","WORK_ZONE_IND","WORK_ZONE_LOC","WORK_ZONE_TYPE","WZ_CLOSE_DETOUR","WZ_FLAGGER","WZ_LAW_OFFCR_IND","WZ_LN_CLOSURE","WZ_MOVING","WZ_OTHER","WZ_SHLDER_MDN","WZ_WORKERS_INJ_KILLED"
"2018090111","","0","0","0","0","0","0","0","0","0","7","0","","02","8","2018","2","40.401139","-79.917833","1710","11","0","0","0","0","0","1","0","0","","1","0","0","","","0","","2","","40 24:04.100","","0","79 55:04.200","1","0","0","0","2472","0","0","0","N","0","0","0","1","02472","0","2","5.0","","1","N","N","","0","0","0","0","0","","3","","","1","0","1","1","0","0","0","2","1","1","","","","N","","","","","","","","","",""
"2018093232","","3","0","0","0","0","0","0","0","0","1","0","","02","6","2018","5","40.425643","-79.903531","1836","11","0","0","0","0","0","2","0","0","1","0","0","0","","","1","","0","","40 25:32.314","3","0","79 54:12.712","3","0","0","0","2301","0","0","0","N","0","0","0","3","68B03","0","","1.0","","1","N","N","","0","","1","0","0","","0","N","","3","1","0","0","0","0","0","2","0","3","","","","N","","","","","","","","","",""
"2018091624","","1","0","0","0","0","0","0","0","0","8","0","","02","9","2018","7","40.352299","-79.977613","2138","11","0","0","0","0","0","0","0","0","3","0","0","0","","","1","","2","","40 21:08.275","1","0","79 58:39.408","2","0","0","0","2476","1","0","1","N","1","0","1","2","02476","0","","1.0","","1","N","N","","0","","0","1","0","","2","Y","","2","1","0","0","0","0","0","2","0","1","","","","N","","","","","","","","","",""
"2018093778","","3","0","0","0","0","0","0","0","0","1","0","","02","9","2018","7","40.410965","-80.006047","2342","11","0","0","0","0","0","2","0","0","1","0","0","0","","","3","","2","","40 24:39.473","2","0","80 00:21.770","3","0","0","0","2301","0","0","0","N","0","0","0","7","02301","2","","1.0","","9","N","N","","0","","1","0","2","","2","N","","5","3","0","0","0","0","1","2","0","5","","","","N","","","","","","","","","",""
"2018092057","","3","0","0","0","0","0","0","0","0","1","0","","02","8","2018","4","40.400858","-80.063829","1733","11","0","0","0","0","0","1","0","1","2","0","0","0","","","2","","0","","40 24:03.087","2","0","80 03:49.785","8","0","0","0","2117","0","0","0","N","0","0","0","6","02117","0","","1.0","","1","N","N","","1","","0","0","0","","2","N","","4","2","0","0","0","2","0","2","0","4","","","","N","","","","","","","","","",""
"2018091269","","2","0","0","0","0","0","0","0","0","4","0","","02","8","2018","5","40.617082","-80.089444","2151","11","0","0","0","1","0","0","0","0","2","0","0","0","","","0","","2","","40 37:01.494","2","0","80 05:21.998","0","0","0","0","2212","0","0","0","N","0","0","0","2","02505","0","","1.0","","1","N","N","","0","","0","0","0","","2","N","","2","0","0","0","0","0","0","2","0","2","","","","N","","","","","","","","","",""
"2018093233","","2","0","0","0","0","0","0","0","0","1","0","","02","6","2018","2","40.501975","-80.025037","1441","11","0","0","0","0","0","1","0","0","","0","0","0","","","1","","0","","40 30:07.109","","0","80 01:30.134","4","0","0","0","2116","0","0","0","N","0","0","0","2","68B03","1","","1.0","","1","N","N","","0","","0","0","0","","0","","","2","1","0","0","0","0","0","2","0","2","","","","N","","","","","","","","","",""
"2018093450","","0","0","0","0","0","0","0","0","0","4","0","","02","9","2018","5","40.392286","-80.04699","2117","11","0","0","0","0","0","0","0","0","1","0","0","0","","","2","","1","","40 23:32.229","1","0","80 02:49.163","3","0","0","0","2109","0","0","0","N","0","0","0","3","02109","0","","1.0","","1","N","N","","0","","2","0","2","","3","N","","2","2","0","0","0","0","0","2","0","2","","","","N","","","","","","","","","",""
"2018093823","","2","0","0","0","0","0","0","0","0","2","0","","02","9","2018","1","40.460232","-79.842633","0159","11","0","0","0","0","1","0","0","0","1","0","0","0","","","2","","5","","40 27:36.835","5","0","79 50:33.477","3","0","0","0","2113","0","0","0","N","0","0","0","4","02113","0","","1.0","","9","N","N","","0","","2","0","0","","2","Y","","2","2","0","0","0","0","0","2","0","2","","","","N","","","","","","","","","",""
"2018092635","","1","0","1","0","0","0","0","0","0","4","0","","02","9","2018","7","40.406379","-79.826847","1544","11","0","0","0","0","0","0","0","0","2","0","0","0","","","6","","1","","40 24:22.965","","0","79 49:36.649","2","0","0","0","2467","0","0","0","N","0","0","0","7","02467","0","","1.0","","1","N","N","","0","","5","1","2","","2","Y","","3","6","0","0","0","0","0","2","0","3","","","","N","","","","","","","","","",""
"2018096249","","0","0","0","0","0","0","0","0","0","0","0","","02","9","2018","6","40.408404","-80.017734","1520","11","0","0","0","0","0","0","1","0","","0","0","0","","","1","","2","","40 24:30.254","","0","80 01:03.844","8","0","0","1","2301","0","0","0","N","0","0","0","3","02301","0","","1.0","","1","Y","N","","0","","0","0","1","","0","","","2","1","0","0","0","1","0","2","0","2","","","","N","","","","","","","","","",""
"2018083961","","0","0","0","0","0","0","0","0","0","1","0","","02","8","2018","1","40.326651","-79.930323","0406","11","0","0","0","0","1","0","0","0","","0","0","0","","","0","","0","","40 19:35.945","","0","79 55:49.161","0","0","0","0","2473","0","0","0","N","0","0","0","2","02473","0","","1.0","","1","N","N","","2","","0","0","0","","0","","","2","0","0","0","0","0","0","2","0","2","","","","N","","","","","","","","","",""
"2018079408","","2","0","0","0","0","0","0","0","0","1","0","","02","7","2018","2","40.447744","-79.937611","1211","11","0","0","0","0","0","1","1","0","","0","0","0","","","0","","0","","40 26:51.880","","0","79 56:15.400","0","0","0","0","2301","0","0","0","N","0","0","0","2","02301","0","","1.0","","9","N","N","","0","","0","0","0","","2","","","2","0","0","0","0","0","0","2","0","2","","","","N","","","","","","","","","",""
"2018081563","","2","0","0","0","0","0","0","0","0","4","0","","02","8","2018","1","40.440407","-79.994824","0016","11","0","0","0","0","0","0","0","0","1","0","0","0","","","0","","2","","40 26:25.466","4","0","79 59:41.368","0","0","0","0","2301","0","0","0","N","0","0","0","2","02301","0","","1.0","","1","N","N","","0","","0","0","0","","2","N","","2","0","0","0","0","0","0","2","0","2","","","","N","","","","","","","","","",""
"2018081741","","0","0","0","0","0","0","0","0","0","1","0","","02","8","2018","7","40.374684","-79.975571","1058","11","0","0","0","0","0","2","0","0","1","0","0","0","","","0","","0","","40 22:28.862","1","0","79 58:32.055","0","0","0","0","2413","0","0","0","N","0","0","0","3","02413","0","","1.0","","1","N","N","","0","","0","0","1","","0","N","","3","0","0","0","0","0","0","2","2","3","","","","N","","","","","","","","","",""
"2018084118","","1","0","0","0","0","0","0","0","0","4","0","","02","8","2018","2","40.429999","-79.957723","0739","11","0","0","0","0","0","0","0","0","1","0","0","0","","","1","","2","","40 25:47.997","3","0","79 57:27.802","3","0","0","0","2301","0","0","0","N","0","0","0","3","02301","0","","1.0","","1","N","N","","0","","1","0","0","","2","N","","2","1","0","0","0","0","0","2","1","2","","","","N","","","","","","","","","",""
"2018079411","","0","0","0","0","0","0","0","0","0","2","0","","02","7","2018","3","40.377345","-79.850709","0008","11","0","0","0","0","0","0","0","0","3","0","0","0","","","1","","7","","40 22:38.442","7","8","79 51:02.552","8","0","0","0","2303","0","0","0","N","0","0","0","1","02303","0","","1.0","","1","N","N","","0","","0","0","2","","0","Y","","2","1","0","0","0","1","0","2","0","2","","","","N","","","","","","","","","",""
"2018082099","","2","0","0","0","0","0","0","0","0","4","0","","02","8","2018","3","40.448628","-80.002278","0010","11","0","0","0","0","0","0","0","0","1","0","0","0","","","0","","1","","40 26:55.061","1","0","80 00:08.202","0","0","0","0","2301","0","0","0","N","0","0","0","2","02301","0","","1.0","","1","N","N","","0","","0","0","0","","2","N","","2","0","0","0","0","0","0","2","0","2","","","","N","","","","","","","","","",""
"2018084595","","2","0","0","0","0","0","0","0","0","4","0","","02","8","2018","3","40.433364","-79.918536","1107","11","0","0","0","0","0","0","0","0","","0","0","0","","","0","","0","","40 26:00.110","","0","79 55:06.730","0","0","0","0","2301","0","0","0","N","0","0","0","2","02301","0","","1.0","","9","N","N","","0","","0","0","0","","0","","","2","0","0","0","0","0","0","2","0","2","","","","N","","","","","","","","","",""
"2018079900","","1","0","0","0","0","0","0","0","0","4","0","","02","7","2018","3","40.326972","-80.064861","0938","11","0","0","0","0","0","0","0","1","1","0","0","0","","","2","","0","","40 19:37.100","1","0","80 03:53.500","3","0","0","0","2123","0","0","0","N","0","0","0","2","02123","0","","1.0","","1","N","N","","0","","2","0","1","","0","N","","2","2","1","0","0","0","0","2","0","2","","","","N","","","","","","","","","",""
"2018084644","","1","0","0","0","0","0","0","0","0","1","0","","02","8","2018","3","40.426617","-79.927333","1257","11","0","0","0","0","0","1","1","1","","0","0","0","","","1","","0","","40 25:35.820","","0","79 55:38.400","8","0","0","0","2301","0","0","0","N","0","0","0","3","02301","0","","1.0","","1","N","N","","1","","0","0","1","","0","","","3","1","0","0","0","1","0","2","0","3","","","","N","","","","","","","","","",""
"2018094168","","1","0","0","0","0","0","0","0","0","7","0","","02","9","2018","1","40.374876","-79.94083","0507","11","0","0","0","0","0","0","0","0","","0","0","0","","","0","","0","","40 22:29.552","","0","79 56:26.989","0","0","0","0","2403","0","0","0","N","0","0","0","1","02403","0","","5.0","","9","N","N","","0","","0","0","0","","0","","","1","0","0","0","0","0","0","2","0","1","","","","N","","","","","","","","","",""
"2018079376","","1","0","0","0","0","0","0","0","0","7","0","","02","7","2018","2","40.485245","-80.025166","0815","11","0","0","0","0","0","0","0","0","","0","0","0","","","0","","2","","40 29:06.881","","0","80 01:30.597","0","0","0","0","2301","0","0","0","N","0","0","0","1","02301","0","","5.0","","1","N","N","","0","","0","0","0","","3","","","1","0","0","0","0","0","0","2","0","1","","","","N","","","","","","","","","",""
"2018084349","","1","0","0","0","0","0","0","0","0","5","0","45","02","7","2018","7","40.461182","-79.999735","2109","11","0","0","0","0","0","1","0","0","2","0","0","0","","","1","","0","","40 27:40.254","2","0","79 59:59.046","8","0","0","1","2301","0","0","0","N","0","0","0","2","68B03","0","","1.0","","1","N","N","","0","","0","0","0","","0","N","","2","1","0","0","0","1","1","2","0","2","","","N","Y","2","1","N","N","N","N","N","Y","N",""
"2018090735","","2","0","0","0","0","0","0","0","0","1","0","","02","8","2018","4","40.532533","-79.968021","1535","11","0","0","0","0","0","1","0","0","","0","0","0","","","0","","1","","40 31:57.117","","0","79 58:04.877","0","0","0","0","2118","0","0","0","N","0","0","0","3","02118","0","","1.0","","1","N","N","","1","","0","0","0","","0","","","3","0","0","0","0","0","0","2","0","3","","","","N","","","","","","","","","",""
"2018094484","","2","0","0","0","0","0","0","0","0","4","0","","02","9","2018","2","40.451267","-80.068442","1918","11","0","0","0","0","0","0","0","0","","0","0","0","","","1","","0","","40 27:04.560","","7","80 04:06.390","8","0","0","0","2301","0","0","0","N","0","0","0","4","02301","0","","1.0","","9","N","N","","0","","0","0","0","","0","","","2","1","0","0","0","1","0","2","0","2","","","","N","","","","","","","","","",""
"2018083966","","2","0","0","0","0","0","0","0","0","1","0","","02","7","2018","1","40.507407","-80.006197","1800","11","0","0","0","0","0","1","0","0","","0","0","0","","","0","","0","","40 30:26.664","","0","80 00:22.308","0","0","0","0","2116","0","0","0","N","0","0","0","3","02116","0","","1.0","","1","N","N","","0","","0","0","0","","0","","","3","0","0","0","0","0","0","2","1","3","","","","N","","","","","","","","","",""
"2018086576","","0","0","0","0","0","0","0","0","0","7","0","30","02","8","2018","7","40.276025","-79.890995","1612","11","0","0","0","0","0","1","0","0","","0","0","0","","","0","","0","","40 16:33.690","","3","79 53:27.583","0","0","0","0","2428","0","0","0","N","0","0","0","1","02428","0","","1.0","","1","N","N","","0","","0","0","1","","8","","","1","0","0","0","0","0","0","2","0","1","","","Y","Y","4","1","","","N","Y","","","",""
"2018096109","","1","0","0","0","0","0","0","0","0","5","0","","02","9","2018","6","40.437408","-79.979458","0716","11","0","0","0","0","0","1","0","0","2","0","0","0","","","0","","0","","40 26:14.670","3","0","79 58:46.049","0","0","0","0","2301","0","0","0","N","0","0","0","4","02301","0","","1.0","","1","N","N","","0","","0","0","1","","0","N","","2","0","3","0","0","0","0","2","0","2","","","","N","","","","","","","","","",""
"2018081569","","2","0","0","0","0","0","0","0","0","4","0","","02","8","2018","1","40.46077","-79.91592","0138","11","0","0","0","0","0","0","0","0","","0","0","0","","","1","","1","","40 27:38.771","","0","79 54:57.312","3","0","0","0","2301","0","0","0","N","0","0","0","2","02301","0","","1.0","","1","N","N","","0","","1","0","0","","2","","","2","1","0","0","0","0","0","2","0","2","","","","N","","","","","","","","","",""
"2018083808","","0","0","0","0","0","0","0","0","0","7","0","","02","8","2018","7","40.460968","-79.920144","2105","11","0","0","0","0","0","0","0","0","","0","0","0","","","1","","0","","40 27:39.485","","0","79 55:12.519","4","0","0","0","2301","0","0","0","N","0","0","0","3","02301","1","","5.0","","1","N","N","","0","","0","0","1","","0","","","1","1","0","0","0","0","0","2","0","1","","","","N","","","","","","","","","",""
"2018083969","","3","0","0","0","0","0","0","0","0","1","0","","02","8","2018","6","40.431189","-79.729572","1244","11","0","0","0","0","0","1","0","0","","0","0","0","","","0","","0","","40 25:52.281","","0","79 43:46.458","0","0","0","0","2446","0","0","0","N","0","0","0","4","02446","0","","1.0","","1","N","N","","0","","0","0","1","","0","","","4","0","0","0","0","0","0","2","0","4","","","","N","","","","","","","","","",""
"2018090349","","1","0","0","0","0","0","0","0","0","7","0","","02","8","2018","1","40.503311","-80.157801","0123","11","0","0","0","0","0","0","0","0","6","0","0","0","","","1","","1","","40 30:11.920","5","0","80 09:28.084","8","0","0","0","2213","0","0","0","N","0","0","0","1","02213","0","","5.0","","1","N","N","","0","","0","0","0","","0","Y","","1","1","0","0","0","1","0","2","0","1","","","","N","","","","","","","","","",""
"2018092468","","1","0","0","0","0","0","0","0","0","1","0","","02","9","2018","4","40.526019","-79.821436","0754","11","0","0","0","0","0","1","0","0","","0","0","0","","","0","","2","","40 31:33.668","","0","79 49:17.171","0","0","0","0","2466","0","0","0","N","0","0","0","2","02466","0","","1.0","","1","N","N","","1","","0","0","0","","0","","","2","0","1","0","0","0","0","2","0","2","","","","N","","","","","","","","","",""
"2018081570","","1","0","0","0","0","0","0","0","0","7","0","","02","8","2018","1","40.201794","-79.916478","1254","11","0","0","0","0","0","0","0","0","1","0","0","0","","","1","","0","","40 12:06.460","3","0","79 54:59.320","3","0","0","0","2204","0","0","0","N","0","0","0","1","02204","0","","5.0","","1","N","N","","0","","1","0","0","","0","N","","1","1","0","0","0","0","0","2","0","1","","","","N","","","","","","","","","",""
"2018086386","","0","0","0","0","0","0","0","0","0","1","0","","02","8","2018","6","40.356967","-80.120356","1550","11","0","0","0","0","0","1","0","0","","0","0","0","","","1","","1","","40 21:25.081","","0","80 07:13.280","8","0","0","0","2119","0","0","0","N","0","0","0","2","02119","0","","1.0","","1","N","N","","1","","0","0","1","","2","","","2","1","0","0","0","1","0","2","0","2","","","","N","","","","","","","","","",""
"2018083970","","1","0","0","0","0","0","0","0","0","4","0","","02","8","2018","1","40.350266","-79.894589","1925","11","0","0","0","0","0","0","0","0","2","0","0","0","","","1","","0","","40 21:00.958","4","0","79 53:40.520","8","0","0","0","2423","0","0","0","N","0","0","0","5","02304","0","","1.0","","1","N","N","","0","","0","0","1","","0","N","","2","1","0","0","0","1","0","2","0","2","","","","N","","","","","","","","","",""
"2018094174","","0","0","0","0","0","0","0","0","0","7","0","","02","9","2018","1","40.369338","-79.910621","0138","11","0","0","0","0","0","0","0","0","","0","0","0","","","0","","2","","40 22:09.618","","0","79 54:38.235","0","0","0","0","2301","0","0","0","N","0","0","0","1","02301","0","","2.0","","9","N","N","","0","","0","0","1","","0","","","1","0","0","0","0","0","0","2","0","1","","","","N","","","","","","","","","",""
"2018096112","","1","0","0","0","0","0","0","0","0","6","0","","02","9","2018","2","40.373583","-79.972083","0701","11","0","0","0","0","0","1","1","0","","0","0","0","","","0","","0","","40 22:24.900","","0","79 58:19.500","0","0","0","0","2413","0","0","0","N","0","0","0","2","02413","0","","1.0","","9","N","N","","0","","0","0","1","","0","","","2","0","0","0","0","0","0","2","0","2","","","","N","","","","","","","","","",""
"2018092644","","0","0","0","0","0","0","0","0","0","7","0","","02","9","2018","4","40.453883","-80.065041","1323","11","0","0","0","0","0","0","0","0","1","0","0","0","","","0","","1","","40 27:13.978","4","0","80 03:54.147","9","0","0","0","2301","0","0","0","N","0","0","0","1","02301","0","","4.0","","1","N","N","","0","","0","0","2","","3","N","","2","0","0","0","0","0","1","2","0","2","","","","N","","","","","","","","","",""
"2018083816","","0","0","0","0","0","0","0","0","0","99","0","","02","8","2018","1","40.470578","-79.895825","0308","11","0","0","0","0","0","0","0","0","","0","0","0","","","1","","0","","40 28:14.080","","0","79 53:44.970","2","0","1","1","2301","0","0","0","N","0","0","0","1","02301","0","","1.0","","1","N","N","","0","","0","1","0","","0","","","1","1","0","0","0","0","0","2","0","1","","","","N","","","","","","","","","",""
"2018094175","","1","0","0","0","0","0","0","0","0","7","0","","02","9","2018","1","40.41416","-80.009656","0627","11","0","0","0","0","0","0","0","0","","0","0","0","","","0","","1","","40 24:50.977","","2","80 00:34.763","0","0","0","0","2301","0","0","0","N","0","0","0","1","02301","0","","1.0","","9","N","N","","0","","0","0","0","","2","","","1","0","0","0","0","0","0","2","0","1","","","","N","","","","","","","","","",""
"2018092471","","2","0","0","0","0","0","0","0","0","4","0","","02","9","2018","3","40.366043","-80.1072","1244","11","0","0","0","0","0","2","0","0","1","0","1","0","","","1","","0","","40 21:57.756","4","7","80 06:25.920","3","0","0","0","2102","0","0","0","N","0","0","0","4","02102","0","","1.0","","1","N","N","","0","","1","0","0","","2","N","","3","1","0","0","0","0","0","2","0","3","","","","N","","","","","","","","","",""
"2018096145","","0","0","0","0","0","0","0","0","0","4","0","","02","9","2018","5","40.368917","-79.830722","0747","11","0","0","0","0","0","0","1","0","2","0","0","0","","","1","","0","","40 22:08.100","4","0","79 49:50.600","3","0","0","0","2111","0","0","0","N","0","0","0","2","02111","0","","1.0","","1","N","N","","0","","1","0","2","","0","N","","2","1","0","0","0","0","0","2","0","2","","","","N","","","","","","","","","",""
"2018088671","","1","0","0","0","0","0","0","0","0","7","0","","02","8","2018","6","40.433858","-79.938183","0933","11","0","0","0","0","0","0","0","1","","0","0","0","","","1","","0","","40 26:01.890","","0","79 56:17.460","4","0","0","0","2301","0","0","0","N","0","0","0","1","02301","1","","5.0","","1","N","N","","0","","0","0","0","","0","N","","1","1","0","0","0","0","0","2","0","1","","","","N","","","","","","","","","",""
"2018083819","","2","0","0","0","0","0","0","0","0","4","0","","02","8","2018","1","40.457419","-79.905117","0222","11","0","0","0","0","0","0","0","0","2","0","0","0","","","1","","0","","40 27:26.710","5","0","79 54:18.420","3","0","0","0","2301","0","0","0","N","0","0","0","1","02301","0","","4.0","","1","N","N","","0","","1","0","0","","0","Y","","2","1","0","0","0","0","0","2","0","2","","","","N","","","","","","","","","",""
"2018086389","","0","0","0","0","0","0","0","0","0","1","0","","02","8","2018","7","40.418883","-79.926749","1125","11","0","0","0","0","0","0","0","0","2","0","0","0","","","1","","0","","40 25:07.980","4","0","79 55:36.297","4","0","0","1","2301","0","0","0","N","0","0","0","3","02301","1","","1.0","","1","N","N","","0","","0","0","1","","0","N","","2","1","0","0","0","0","0","2","0","2","","","","N","","","","","","","","","",""
"2018081754","","0","0","0","0","0","0","0","0","0","4","0","","02","8","2018","1","40.5101","-79.980484","0220","11","0","0","0","0","0","0","0","0","1","0","0","0","","","1","","0","","40 30:36.360","6","0","79 58:49.741","8","0","0","0","2118","0","0","0","N","0","0","0","1","02118","0","","1.0","","1","N","N","","1","","0","0","2","","0","Y","","3","1","1","0","0","1","0","2","0","3","","","","N","","","","","","","","","",""
"2018086594","","2","0","0","0","0","0","0","0","0","4","0","","02","8","2018","7","40.401362","-80.063046","1650","11","0","0","0","0","0","0","0","1","","0","0","0","","","0","","0","","40 24:04.902","","7","80 03:46.965","9","0","0","0","2117","0","0","0","N","0","0","0","2","02117","0","","1.0","","1","N","N","","0","","0","0","0","","0","","","2","0","0","0","0","0","1","2","0","2","","","","N","","","","","","","","","",""
"2018092286","","2","0","0","0","0","0","0","0","0","1","0","","02","9","2018","2","40.492973","-79.762468","2135","11","0","1","0","0","0","0","0","0","","0","0","0","","","0","","0","","40 29:34.701","","0","79 45:44.886","0","0","0","0","2466","0","0","0","N","0","0","0","2","02466","0","","1.0","","1","N","N","","0","","0","0","0","","0","","","2","0","0","0","0","0","0","2","0","2","","","","N","","","","","","","","","",""
"2018094176","","0","0","0","0","0","0","0","0","0","7","0","","02","9","2018","2","40.354657","-79.842564","0201","11","0","0","0","0","0","0","0","0","","0","0","0","","","1","","0","","40 21:16.764","","3","79 50:33.232","8","0","0","0","2304","0","0","0","N","0","0","0","1","02304","0","","3.0","","9","N","N","","0","","0","0","1","","0","","","1","1","1","0","0","1","0","2","0","1","","","","N","","","","","","","","","",""
"2018092472","","0","0","0","0","0","0","0","0","0","1","0","","02","9","2018","4","40.496448","-80.068189","0743","11","0","0","0","0","0","0","0","0","2","0","0","0","","","2","","0","","40 29:47.212","1","0","80 04:05.481","3","0","0","0","2402","0","0","0","N","0","0","0","2","02402","0","","1.0","","1","N","N","","0","","1","0","1","","8","N","","2","2","0","0","0","1","0","2","1","2","","","","N","","","","","","","","","",""
"2018090743","","1","0","0","0","0","0","0","0","0","7","0","","02","8","2018","5","40.436053","-79.963542","0819","11","0","0","0","0","0","0","0","0","","0","0","0","","","1","","0","","40 26:09.790","","0","79 57:48.750","3","0","0","0","2301","0","0","0","N","0","0","0","1","02301","0","","5.0","","1","N","N","","0","","1","0","0","","0","","","1","1","0","0","0","0","0","2","0","1","","","","N","","","","","","","","","",""
"2018083828","","0","0","0","0","0","0","0","0","0","7","0","","02","8","2018","6","40.285806","-79.927167","2304","11","0","0","1","0","0","0","0","0","","0","0","0","","","0","","0","","40 17:08.900","","0","79 55:37.800","0","0","0","0","2440","0","0","0","N","0","0","0","1","02440","0","","5.0","","9","N","N","","0","","0","0","1","","0","","","1","0","0","0","0","0","0","2","0","1","","","","N","","","","","","","","","",""
"2018086390","","1","0","0","0","0","0","0","0","0","7","0","","02","8","2018","7","40.473154","-79.826622","1220","11","0","0","0","0","0","1","0","0","","0","0","0","","","1","","0","","40 28:23.354","","0","79 49:35.840","3","0","0","0","2113","0","0","0","N","0","0","0","1","02113","0","","4.0","","1","N","N","","0","","1","0","0","","0","","","1","1","0","0","0","0","0","2","0","1","","","","N","","","","","","","","","",""
"2018086623","","2","0","0","0","0","0","0","0","0","1","0","","02","8","2018","6","40.434056","-79.869129","1819","11","0","0","0","0","0","0","0","0","1","0","0","0","","","0","","0","","40 26:02.600","4","0","79 52:08.865","0","0","0","0","2478","0","0","0","N","0","0","0","6","68B03","0","","1.0","","1","N","N","","0","","0","0","3","","0","N","","5","0","0","0","0","0","0","2","0","5","","","","N","","","","","","","","","",""
"2018094008","","1","0","0","0","0","0","0","0","0","4","0","","02","9","2018","1","40.42058","-79.933365","1539","11","0","0","0","0","0","0","0","0","2","0","0","0","","","0","","1","","40 25:14.088","4","0","79 56:00.113","0","0","0","0","2301","0","0","0","N","0","0","0","2","02301","0","","1.0","","9","N","N","","0","","0","0","1","","3","Y","","2","0","0","0","0","0","0","2","0","2","","","","N","","","","","","","","","",""
"2018090326","","1","0","0","0","0","0","0","0","0","5","0","","02","8","2018","5","40.475339","-80.064912","0058","11","0","0","0","0","0","0","0","0","","0","0","0","","","0","","0","","40 28:31.220","","0","80 03:53.684","0","0","0","0","2444","0","0","0","N","0","0","0","1","02444","0","","2.0","","1","N","N","","1","","0","0","0","","0","","","2","0","0","0","0","0","0","2","0","2","","","","N","","","","","","","","","",""
"2018088673","","2","0","0","0","0","0","0","0","0","1","0","","02","8","2018","3","40.545738","-80.065062","1518","11","0","0","0","0","0","1","1","0","","0","0","0","","","0","","0","","40 32:44.658","","0","80 03:54.224","0","0","0","0","2481","0","0","0","N","0","0","0","2","02481","0","","1.0","","1","N","N","","0","","0","0","0","","0","N","","2","0","0","0","0","0","0","2","0","2","","","","N","","","","","","","","","",""
"2018083829","","0","0","0","0","0","0","0","0","0","2","0","","02","8","2018","7","40.54525","-79.972389","1952","11","0","0","0","0","0","1","1","0","2","0","0","0","","","1","","0","","40 32:42.899","5","0","79 58:20.601","8","0","0","1","2118","0","0","0","N","0","0","0","2","02118","0","","1.0","","1","N","N","","1","","0","0","0","","0","Y","","2","1","0","0","0","1","0","2","0","2","","","","N","","","","","","","","","",""
"2018086624","","5","0","0","0","0","0","0","0","0","4","0","","02","8","2018","2","40.442114","-79.823553","1130","11","0","0","0","0","0","1","1","1","","0","0","0","","","5","","6","","40 26:31.610","","2","79 49:24.789","3","0","0","0","2419","0","0","0","N","0","0","0","8","68B03","0","","1.0","","1","N","N","","0","","4","0","0","","0","","","5","5","0","0","0","1","0","2","0","5","","","","N","","","","","","","","","",""
"2018094014","","2","0","0","0","0","0","0","0","0","2","0","","02","9","2018","1","40.322611","-79.850556","1547","11","0","0","0","0","0","0","0","0","","0","0","0","","","0","","0","","40 19:21.400","","0","79 51:02.000","0","0","0","0","2442","0","0","0","N","0","0","0","1","02442","0","","2.0","","9","N","N","","0","","0","0","0","","0","N","","2","0","0","0","0","0","0","2","0","2","","","","N","","","","","","","","","",""
"2018092291","","2","0","0","0","0","0","0","0","0","4","0","","02","8","2018","6","40.356538","-80.119405","2108","11","0","0","0","0","0","1","0","0","1","0","0","0","","","2","","2","","40 21:23.538","4","2","80 07:09.858","4","0","0","0","2119","0","0","0","N","0","0","0","3","02102","2","","1.0","","1","N","N","","0","","0","0","0","","2","Y","","2","2","0","0","0","0","0","2","0","2","","","","N","","","","","","","","","",""