"CRN","ARRIVAL_TM","AUTOMOBILE_COUNT","BELTED_DEATH_COUNT","BELTED_SUSP_SERIOUS_INJ_COUNT","BICYCLE_COUNT","BICYCLE_DEATH_COUNT","BICYCLE_SUSP_SERIOUS_INJ_COUNT","BUS_COUNT","CHLDPAS_DEATH_COUNT","CHLDPAS_SUSP_SERIOUS_INJ_COUNT","COLLISION_TYPE","COMM_VEH_COUNT","CONS_ZONE_SPD_LIM","COUNTY","CRASH_MONTH","CRASH_YEAR","DAY_OF_WEEK","DEC_LATITUDE","DEC_LONGITUDE","DISPATCH_TM","DISTRICT","DRIVER_COUNT_16YR","DRIVER_COUNT_17YR","DRIVER_COUNT_18YR","DRIVER_COUNT_19YR","DRIVER_COUNT_20YR","DRIVER_COUNT_50_64YR","DRIVER_COUNT_65_74YR","DRIVER_COUNT_75PLUS","EST_HRS_CLOSED","FATAL_COUNT","HEAVY_TRUCK_COUNT","HORSE_BUGGY_COUNT","HOUR_OF_DAY","ILLUMINATION","INJURY_COUNT","INTERSECTION_RELATED","INTERSECT_TYPE","LANE_CLOSED","LATITUDE","LN_CLOSE_DIR","LOCATION_TYPE","LONGITUDE","MAX_SEVERITY_LEVEL","MCYCLE_DEATH_COUNT","MCYCLE_SUSP_SERIOUS_INJ_COUNT","MOTORCYCLE_COUNT","MUNICIPALITY","NONMOTR_COUNT","NONMOTR_DEATH_COUNT","NONMOTR_SUSP_SERIOUS_INJ_COUNT","NTFY_HIWY_MAINT","PED_COUNT","PED_DEATH_COUNT","PED_SUSP_SERIOUS_INJ_COUNT","PERSON_COUNT","POLICE_AGCY","POSSIBLE_INJ_COUNT","RDWY_SURF_TYPE_CD","RELATION_TO_ROAD","ROADWAY_CLEARED","ROAD_CONDITION","SCH_BUS_IND","SCH_ZONE_IND","SECONDARY_CRASH","SMALL_TRUCK_COUNT","SPEC_JURIS_CD","SUSP_MINOR_INJ_COUNT","SUSP_SERIOUS_INJ_COUNT","SUV_COUNT","TCD_FUNC_CD","TCD_TYPE","TFC_DETOUR_IND","TIME_OF_DAY","TOTAL_UNITS","TOT_INJ_COUNT","UNBELTED_OCC_COUNT","UNB_DEATH_COUNT","UNB_SUSP_SERIOUS_INJ_COUNT","UNK_INJ_DEG_COUNT","UNK_INJ_PER_COUNT","URBAN_RURAL","VAN_COUNT","VEHICLE_COUNT","WEATHER1","WEATHER2","WORKERS_PRES","WORK_ZONE_IND","WORK_ZONE_LOC","WORK_ZONE_TYPE","WZ_CLOSE_DETOUR","WZ_FLAGGER","WZ_LAW_OFFCR_IND","WZ_LN_CLOSURE","WZ_MOVING","WZ_OTHER","WZ_SHLDER_MDN","WZ_WORKERS_INJ_KILLED"
"2018079708","","0","0","0","0","0","0","0","0","0","5","0","","02","7","2018","3","40.451302","-80.013641","0526","11","0","0","0","0","0","0","0","0","","0","0","0","","","0","","0","","40 27:04.687","","0","80 00:49.106","0","0","0","0","2301","0","0","0","N","0","0","0","1","02301","0","","2.0","","1","N","N","","0","","0","0","2","0","0","","","2","0","0","0","0","0","0","2","0","2","","","","N","","","","","","","","","",""
"2018082137","","1","0","0","0","0","0","0","0","0","4","0","","02","7","2018","3","40.4495","-80.107461","1410","11","0","0","0","0","0","0","0","0","2","0","0","0","","","1","","1","","40 26:58.199","3","6","80 06:26.860","3","0","0","0","2115","0","0","0","N","0","0","0","3","02115","0","","1.0","","1","N","N","","0","","1","0","1","3","2","N","","2","1","0","0","0","0","0","2","0","2","","","","N","","","","","","","","","",""
"2018082363","","2","0","0","0","0","0","0","0","0","5","0","","02","8","2018","3","40.398829","-80.085358","1740","11","0","0","0","0","1","0","0","0","","0","0","0","","","0","","0","","40 23:55.786","","0","80 05:07.287","0","0","0","0","2415","0","0","0","N","0","0","0","2","02415","0","","1.0","","1","N","N","","0","","0","0","0","0","0","N","","2","0","1","0","0","0","0","2","0","2","","","","N","","","","","","","","","",""
"2018084731","","2","0","0","0","0","0","0","0","0","4","0","","02","7","2018","3","40.497854","-79.943877","2012","11","0","0","0","1","0","0","0","0","","0","0","0","","","0","","1","","40 29:52.276","","0","79 56:37.957","0","0","0","0","2430","0","0","0","N","0","0","0","2","02430","0","","1.0","","1","N","N","","0","","0","0","0","3","2","","","2","0","2","0","0","0","0","2","0","2","","","","N","","","","","","","","","",""
"2018087340","","2","0","0","0","0","0","0","0","0","4","0","","02","8","2018","2","40.448418","-80.160731","1334","11","0","0","0","0","0","0","0","0","1","0","0","0","","","1","","1","","40 26:54.304","1","0","80 09:38.633","8","0","0","0","2115","0","0","0","N","0","0","0","3","02115","0","","1.0","","1","N","N","","0","","0","0","0","3","2","N","","2","1","0","0","0","1","0","2","0","2","","","","N","","","","","","","","","",""
"2018082791","","1","0","0","0","0","0","0","0","0","7","0","","02","7","2018","3","40.532116","-79.712779","2045","11","0","0","0","0","0","0","0","0","","0","0","0","","","0","","1","","40 31:55.616","","0","79 42:46.006","0","0","0","0","2466","0","0","0","N","0","0","0","1","02466","0","","5.0","","1","N","N","","0","","0","0","0","0","0","","","1","0","1","0","0","0","0","1","0","1","","","","N","","","","","","","","","",""
"2018085164","","2","0","0","0","0","0","0","0","0","1","0","","02","8","2018","7","40.456361","-79.940645","1622","11","0","0","0","1","0","0","0","0","2","0","0","0","","","0","","0","","40 27:22.901","4","0","79 56:26.321","0","0","0","0","2301","0","0","0","N","0","0","0","1","02301","0","","1.0","","1","N","N","","0","","0","0","0","0","0","Y","","2","0","0","0","0","0","0","2","0","2","","","","N","","","","","","","","","",""
"2018081988","","1","0","0","0","0","0","0","0","0","4","0","","02","8","2018","2","40.449721","-80.108073","1731","11","0","0","0","0","0","2","0","0","","0","0","0","","","2","","1","","40 26:58.995","","0","80 06:29.062","3","0","0","0","2115","0","0","0","N","0","0","0","3","02115","0","","1.0","","1","N","N","","0","","2","0","1","3","2","","","3","2","1","0","0","0","0","2","1","3","","","","N","","","","","","","","","",""
"2018086795","","2","0","0","0","0","0","0","0","0","7","0","","02","8","2018","5","40.439008","-80.02095","0201","11","0","0","0","0","0","0","0","0","3","0","0","0","","","1","","0","","40 26:20.430","6","0","80 01:15.420","8","0","0","0","2301","0","0","0","N","0","0","0","2","02301","0","","5.0","","1","N","N","","0","","0","0","0","3","3","Y","","2","1","1","0","0","1","1","2","0","2","","","","N","","","","","","","","","",""
"2018080194","","1","0","0","0","0","0","0","0","0","1","0","","02","8","2018","4","40.351083","-79.864083","1016","11","0","0","0","0","0","0","1","0","1","0","0","0","","","0","","0","","40 21:03.900","3","0","79 51:50.700","0","0","0","0","2304","0","0","0","N","0","0","0","1","02304","0","","6.0","","9","N","N","","0","","0","0","2","0","0","Y","","3","0","0","0","0","0","0","2","0","3","","","","N","","","","","","","","","",""
"2018082792","","2","0","0","0","0","0","0","0","0","1","0","","02","8","2018","4","40.391332","-79.986675","2319","11","0","0","1","0","0","0","0","0","2","0","0","0","","","1","","2","","40 23:28.795","1","0","79 59:12.030","3","0","0","0","2301","0","0","0","N","0","0","0","4","02301","0","","1.0","","1","N","N","","0","","1","0","0","3","2","Y","","2","1","0","0","0","0","0","2","0","2","","","","N","","","","","","","","","",""
"2018087724","","1","0","0","0","0","0","0","0","0","7","0","","02","8","2018","3","40.523577","-79.758483","0314","11","0","0","0","0","0","0","0","0","","0","0","0","","","1","","0","","40 31:24.877","","0","79 45:30.539","8","0","0","0","2466","0","0","0","N","0","0","0","1","02466","0","","5.0","","1","N","N","","0","","0","0","0","0","0","","","1","1","0","0","0","1","0","2","0","1","","","","N","","","","","","","","","",""
"2018081990","","2","0","0","0","0","0","0","0","0","4","0","","02","8","2018","2","40.430121","-80.008536","1720","11","0","0","0","0","0","0","0","0","","0","0","0","","","2","","2","","40 25:48.437","","0","80 00:30.731","3","0","0","0","2301","0","0","0","N","0","0","0","3","02301","0","","1.0","","1","N","N","","0","","2","0","0","3","3","","","2","2","0","0","0","0","0","2","0","2","","","","N","","","","","","","","","",""
"2018082171","","1","0","0","0","0","0","0","0","0","4","0","","02","8","2018","6","40.365511","-80.108183","1345","11","0","0","0","0","0","1","0","0","","0","0","0","","","0","","0","","40 21:55.838","","7","80 06:29.458","0","0","0","0","2102","0","0","0","N","0","0","0","2","02102","0","","1.0","","1","N","N","","0","","0","0","1","3","2","","","2","0","0","0","0","0","0","2","0","2","","","","N","","","","","","","","","",""
"2018079960","","3","0","0","0","0","0","0","0","0","2","0","","02","7","2018","3","40.39879","-80.025466","1557","11","0","1","0","0","0","0","0","0","1","0","0","0","","","2","","0","","40 23:55.644","3","7","80 01:31.678","4","0","0","0","2301","0","0","0","N","0","0","0","5","02301","2","","1.0","","9","N","N","","0","","0","0","1","3","3","N","","4","2","0","0","0","0","0","2","0","4","","","","N","","","","","","","","","",""
"2018080166","","0","0","0","0","0","0","0","0","0","7","0","","02","8","2018","4","40.300543","-79.814606","0705","11","0","0","0","0","0","0","0","0","","0","0","0","","","0","","0","","40 18:01.954","","0","79 48:52.583","0","0","0","0","2105","0","0","0","N","0","0","0","1","02105","0","","2.0","","9","N","N","","1","","0","0","0","0","0","","","1","0","0","0","0","0","0","1","0","1","","","","N","","","","","","","","","",""
"2018080195","","1","0","0","0","0","0","0","0","0","4","0","","02","7","2018","2","40.575561","-80.02642","1605","11","0","0","0","1","0","0","0","0","","0","0","0","","","0","","0","","40 34:32.018","","7","80 01:35.112","0","0","0","0","2108","0","0","0","N","0","0","0","2","02108","0","","5.0","","1","N","N","","0","","0","0","1","0","0","","","2","0","0","0","0","0","0","2","0","2","","","","N","","","","","","","","","",""
"2018085171","","2","0","0","0","0","0","0","0","0","1","0","","02","8","2018","4","40.443708","-80.00572","1554","11","0","0","0","0","0","0","0","0","2","0","0","0","","","2","","0","","40 26:37.348","4","1","80 00:20.593","3","0","0","0","2301","0","0","0","N","0","0","0","4","02301","1","","1.0","","1","N","N","","1","","1","0","0","0","0","N","","3","2","0","0","0","0","0","2","0","3","","","","N","","","","","","","","","",""
"2018081993","","1","0","0","0","0","0","0","0","0","1","0","","02","8","2018","2","40.415451","-79.92486","1810","11","0","0","0","0","0","0","0","0","","0","0","0","","","1","","1","","40 24:55.623","","0","79 55:29.496","8","0","0","0","2301","0","0","0","N","0","0","0","2","02301","0","","1.0","","1","N","N","","0","","0","0","1","3","2","","","2","1","0","0","0","1","0","2","0","2","","","","N","","","","","","","","","",""
"2018086798","","1","0","0","0","0","0","0","0","0","7","0","","02","8","2018","2","40.455596","-79.972901","0104","11","0","0","0","0","0","0","0","0","","0","0","0","","","1","","2","","40 27:20.144","","0","79 58:22.442","8","0","0","0","2301","0","0","0","N","0","0","0","1","02301","0","","5.0","","1","N","N","","0","","0","0","0","3","3","","","1","1","0","0","0","1","0","2","0","1","","","","N","","","","","","","","","",""
"2018082146","","1","0","0","0","0","0","0","0","0","4","0","","02","8","2018","6","40.541049","-79.784119","1256","11","0","0","0","0","0","1","0","1","2","0","0","0","","","2","","1","","40 32:27.776","7","0","79 47:02.829","8","0","0","0","2462","0","0","0","N","0","0","0","2","02462","0","","1.0","","1","N","N","","0","","0","0","1","3","2","N","","2","2","0","0","0","2","0","2","0","2","","","","N","","","","","","","","","",""
"2018079964","","1","0","0","0","0","0","0","0","0","4","0","","02","7","2018","2","40.397138","-79.763194","1621","11","1","0","1","0","0","0","0","0","","0","0","0","","","1","","2","","40 23:49.696","","0","79 45:47.498","2","0","0","0","2446","0","0","0","N","0","0","0","3","02446","0","","1.0","","1","N","N","","0","","0","1","1","3","3","","","2","1","1","0","1","0","0","2","0","2","","","","N","","","","","","","","","",""
"2018087289","","1","0","0","0","0","0","0","0","0","4","0","","02","8","2018","6","40.519789","-80.217893","0737","11","0","0","0","0","0","0","0","1","","0","0","0","","","0","","1","","40 31:11.240","","0","80 13:04.414","0","0","0","0","2213","0","0","0","N","0","0","0","2","02213","0","","1.0","","1","N","N","","1","","0","0","0","3","2","","","2","0","0","0","0","0","0","2","0","2","","","","N","","","","","","","","","",""
"2018080169","","1","0","0","0","0","0","0","0","0","5","0","","02","7","2018","3","40.604974","-79.947077","1234","11","0","0","0","0","0","1","0","0","","0","0","0","","","0","","0","","40 36:17.906","","0","79 56:49.477","0","0","0","0","2207","0","0","0","N","0","0","0","2","02207","0","","1.0","","1","N","N","","0","","0","0","1","0","0","","","2","0","0","0","0","0","0","2","0","2","","","","N","","","","","","","","","",""
"2018085175","","1","0","0","0","0","0","0","0","0","6","0","","02","8","2018","1","40.360258","-80.034717","1459","11","0","0","0","0","0","0","0","0","1","0","0","0","","","1","","0","","40 21:36.930","5","0","80 02:04.980","3","0","0","0","2416","0","0","0","N","0","0","0","4","02416","0","","1.0","","1","N","N","","0","","1","0","1","0","0","N","","2","1","0","0","0","0","0","2","0","2","","","","N","","","","","","","","","",""
"2018080700","","0","0","0","0","0","0","0","0","0","4","0","","02","8","2018","5","40.448239","-79.986874","1447","11","0","0","0","0","0","1","0","0","","0","0","0","","","0","","2","","40 26:53.660","","0","79 59:12.746","0","0","0","0","2301","0","0","0","N","0","0","0","2","02301","0","","1.0","","1","N","N","","0","","0","0","1","3","2","","","2","0","0","0","0","0","0","2","1","2","","","","N","","","","","","","","","",""
"2018087785","","2","0","0","0","0","0","0","0","0","1","0","","02","8","2018","3","40.429936","-80.028684","0646","11","0","0","0","0","0","1","0","0","","0","0","0","","","0","","6","","40 25:47.769","","2","80 01:43.261","9","0","0","0","2301","0","0","0","N","0","0","0","2","02301","0","","7.0","","9","N","N","","0","","0","0","0","0","0","","","2","0","0","0","0","0","1","2","0","2","","","","N","","","","","","","","","",""
"2018082148","","2","0","0","0","0","0","0","0","0","1","0","","02","8","2018","3","40.478495","-79.955568","0800","11","0","0","0","0","0","1","0","0","","0","0","0","","","0","","1","","40 28:42.582","","0","79 57:20.045","0","0","0","0","2301","0","0","0","N","0","0","0","3","02301","0","","1.0","","1","N","N","","0","","0","0","1","3","2","","","3","0","0","0","0","0","0","2","0","3","","","","N","","","","","","","","","",""
"2018082175","","1","0","0","0","0","0","0","0","0","4","0","","02","8","2018","2","40.57613","-80.014765","1545","11","0","0","0","0","0","1","1","0","1","0","0","0","","","0","","1","","40 34:34.067","2","0","80 00:53.154","0","0","0","0","2108","0","0","0","N","0","0","0","2","02108","0","","1.0","","1","N","N","","0","","0","0","0","0","0","N","","2","0","2","0","0","0","0","2","1","2","","","","N","","","","","","","","","",""
"2018079966","","1","0","0","0","0","0","0","0","0","7","0","","02","7","2018","3","40.393972","-80.195583","1714","11","0","1","0","0","0","0","0","0","","0","0","0","","","1","","0","","40 23:38.300","","0","80 11:44.100","3","0","0","0","2214","0","0","0","N","0","0","0","1","02214","0","","5.0","","9","N","N","","0","","1","0","0","0","0","","","1","1","0","0","0","0","0","1","0","1","","","","N","","","","","","","","","",""
"2018084739","","1","0","0","0","0","0","0","0","0","0","0","","02","8","2018","3","40.448631","-79.796434","1426","11","0","0","0","1","0","0","0","0","1","0","0","0","","","0","","0","","40 26:55.072","4","0","79 47:47.162","0","0","0","0","2113","0","0","0","N","0","0","0","1","02113","0","","5.0","","1","N","N","","0","","0","0","0","3","3","N","","1","0","0","0","0","0","0","2","0","1","","","","N","","","","","","","","","",""
"2018080170","","1","0","0","0","0","0","0","0","0","2","0","","02","7","2018","3","40.327944","-79.8925","1015","11","0","0","0","0","0","1","0","0","1","0","0","0","","","1","","0","","40 19:40.600","5","0","79 53:33.000","3","0","0","0","2433","0","0","0","N","0","0","0","2","02433","0","","1.0","","1","N","N","","1","","1","0","0","0","0","Y","","2","1","1","0","0","0","0","2","0","2","","","","N","","","","","","","","","",""
"2018080198","","2","0","0","0","0","0","0","0","0","4","0","","02","7","2018","2","40.594653","-79.993861","1400","11","0","0","0","0","0","0","0","0","","0","0","0","","","0","","0","","40 35:40.750","","7","79 59:37.898","0","0","0","0","2108","0","0","0","N","0","0","0","2","02108","0","","1.0","","1","N","N","","0","","0","0","0","0","0","","","2","0","0","0","0","0","0","2","0","2","","","","N","","","","","","","","","",""
"2018079758","","1","0","0","0","0","0","0","0","0","4","0","","02","7","2018","1","40.458084","-79.93459","1343","11","0","0","0","0","0","0","0","0","","0","0","0","","","0","","1","","40 27:29.102","","0","79 56:04.524","0","0","0","0","2301","0","0","0","N","0","0","0","3","02301","0","","1.0","","1","N","N","","0","","0","0","1","3","2","","","2","0","0","0","0","0","0","2","0","2","","","","N","","","","","","","","","",""
"2018082179","","1","0","0","0","0","0","0","0","0","4","0","","02","8","2018","3","40.46223","-79.969618","1032","11","0","0","0","0","0","0","0","1","","0","0","0","","","1","","1","","40 27:44.029","","1","79 58:10.625","3","0","0","0","2301","0","0","0","N","0","0","0","6","02301","0","","1.0","","1","N","N","","0","","1","0","1","0","0","","","2","1","0","0","0","0","0","2","0","2","","","","N","","","","","","","","","",""
"2018079969","","2","0","0","0","0","0","0","0","0","1","0","","02","7","2018","3","40.415451","-79.92486","1651","11","0","0","0","0","0","1","0","0","","0","0","0","","","1","","2","","40 24:55.623","","0","79 55:29.496","3","0","0","0","2301","0","0","0","N","0","0","0","2","02301","0","","1.0","","9","N","N","","0","","1","0","0","3","2","","","2","1","0","0","0","0","0","2","0","2","","","","N","","","","","","","","","",""
"2018080199","","0","0","0","0","0","0","0","0","0","2","0","","02","7","2018","3","40.578557","-80.011144","0927","11","0","0","1","0","0","1","0","0","2","0","0","0","","","2","","0","","40 34:42.805","5","0","80 00:40.120","3","0","0","0","2108","0","0","0","N","0","0","0","2","02108","1","","1.0","","1","N","N","","1","","1","0","1","0","0","Y","","2","2","0","0","0","0","0","2","0","2","","","","N","","","","","","","","","",""
"2018084257","","2","0","0","0","0","0","0","0","0","1","0","","02","8","2018","2","40.465145","-79.889106","1337","11","0","0","0","0","0","0","0","0","","0","0","0","","","1","","2","","40 27:54.523","","0","79 53:20.783","4","0","0","0","2113","0","0","0","N","0","0","0","6","02113","1","","1.0","","9","N","N","","0","","0","0","0","0","0","","","2","1","0","0","0","0","0","2","0","2","","","","N","","","","","","","","","",""
"2018082181","","1","0","0","0","0","0","0","0","0","8","0","","02","7","2018","3","40.412278","-79.876092","1415","11","0","0","0","0","0","1","0","0","","0","0","0","","","1","","3","","40 24:44.200","","0","79 52:33.930","8","0","0","0","2456","1","0","0","N","1","0","0","2","02456","0","","1.0","","1","N","N","","0","","0","0","0","3","1","N","","2","1","0","0","0","1","0","2","0","1","","","","N","","","","","","","","","",""
"2018079971","","2","0","0","0","0","0","0","0","0","1","0","","02","7","2018","3","40.453898","-79.971201","1735","11","0","0","0","0","0","1","0","0","2","0","0","0","","","0","","0","","40 27:14.031","1","0","79 58:16.325","0","0","0","0","2301","0","0","0","N","0","0","0","3","02301","0","","1.0","","9","N","N","","0","","0","0","0","0","0","N","","2","0","0","0","0","0","0","2","0","2","","","","N","","","","","","","","","",""
"2018087357","","1","0","0","0","0","0","0","0","0","4","0","","02","8","2018","3","40.454367","-79.947678","0900","11","0","0","0","0","0","1","0","0","","0","0","0","","","0","","1","","40 27:15.720","","0","79 56:51.642","0","0","0","0","2301","0","0","0","N","0","0","0","2","02301","0","","1.0","","9","N","N","","1","","0","0","0","2","2","","","2","0","0","0","0","0","0","2","0","2","","","","N","","","","","","","","","",""
"2018080204","","2","0","0","0","0","0","0","0","0","4","0","","02","8","2018","4","40.449839","-79.929647","1046","11","0","0","0","0","0","0","0","1","1","0","0","0","","","1","","1","","40 26:59.420","3","0","79 55:46.729","8","0","0","0","2301","0","0","0","N","0","0","0","2","02301","0","","1.0","","9","N","N","","0","","0","0","0","3","2","N","","2","1","1","0","0","1","0","2","0","2","","","","N","","","","","","","","","",""
"2018085470","","1","0","0","1","0","0","0","0","0","8","0","","02","8","2018","4","40.392443","-80.015177","1732","11","0","0","0","0","0","1","0","0","","0","0","0","","","1","","2","","40 23:32.794","","0","80 00:54.637","8","0","0","0","2301","1","0","0","N","0","0","0","2","02301","0","","1.0","","1","N","N","","0","","0","0","0","0","0","","","2","1","0","0","0","1","0","2","0","1","","","","N","","","","","","","","","",""
"2018080742","","1","0","0","0","0","0","0","0","0","4","0","","02","8","2018","5","40.46555","-79.947281","1621","11","0","0","0","0","0","0","0","0","","0","0","0","","","2","","0","","40 27:55.980","","7","79 56:50.210","4","0","0","0","2301","0","0","0","N","0","0","0","6","02301","2","","1.0","","1","N","N","","0","","0","0","1","0","0","","","2","2","0","0","0","0","0","2","0","2","","","","N","","","","","","","","","",""
"2018084260","","0","0","0","0","0","0","0","0","0","7","0","","02","8","2018","1","40.548481","-79.999064","1825","11","0","1","0","0","0","0","0","0","1","0","0","0","","","0","","0","","40 32:54.530","1","0","79 59:56.630","0","0","0","0","2116","0","0","0","N","0","0","0","1","02116","0","","2.0","","1","N","N","","0","","0","0","1","0","0","N","","1","0","0","0","0","0","0","2","0","1","","","","N","","","","","","","","","",""
"2018079767","","1","0","0","0","0","0","0","0","0","5","0","","02","7","2018","3","40.439124","-79.993611","1052","11","0","0","0","0","0","1","0","0","1","0","0","0","","","0","","6","","40 26:20.846","3","2","79 59:37.001","0","0","0","0","2301","0","0","0","N","0","0","0","2","02301","0","","1.0","","1","N","N","","0","","0","0","0","0","0","N","","2","0","0","0","0","0","0","2","1","2","","","","N","","","","","","","","","",""
"2018085471","","0","0","0","0","0","0","0","0","0","7","0","","02","8","2018","4","40.437571","-80.252635","1814","11","0","0","0","0","0","1","0","0","","0","0","0","","","1","","0","","40 26:15.256","","0","80 15:09.486","2","0","0","0","2214","0","0","0","N","0","0","0","1","02214","0","","5.0","","1","N","N","","0","","0","1","1","0","0","","","1","1","1","0","1","0","0","2","0","1","","","","N","","","","","","","","","",""
"2018080744","","1","0","0","0","0","0","0","0","0","4","0","","02","7","2018","4","40.438864","-79.762538","1816","11","0","0","0","0","0","1","0","0","1","0","0","0","","","2","","0","","40 26:19.910","3","0","79 45:45.138","8","0","0","0","2446","0","0","0","N","0","0","0","4","02446","0","","1.0","","9","N","N","","0","","0","0","0","3","2","N","","2","2","0","0","0","2","0","2","1","2","","","","N","","","","","","","","","",""
"2018079768","","1","0","0","0","0","0","0","0","0","4","0","","02","7","2018","3","40.453609","-79.915354","1028","11","0","0","0","0","0","0","1","0","1","0","0","0","","","0","","2","","40 27:12.994","3","0","79 54:55.273","0","0","0","0","2301","0","0","0","N","0","0","0","2","02301","0","","1.0","","1","N","N","","0","","0","0","1","3","2","N","","2","0","0","0","0","0","0","2","0","2","","","","N","","","","","","","","","",""
"2018079973","","2","0","0","0","0","0","0","0","0","4","0","","02","7","2018","3","40.533753","-80.071156","1518","11","0","0","0","0","0","0","0","0","1","0","0","0","","","5","","2","","40 32:01.510","5","0","80 04:16.161","3","0","0","0","2215","0","0","0","N","0","0","0","6","02215","0","","1.0","","9","N","N","","0","","5","0","0","3","2","N","","2","5","3","0","0","0","0","2","0","2","","","","N","","","","","","","","","",""
"2018084961","","0","0","0","0","0","0","0","0","0","7","0","","02","8","2018","2","40.4974","-79.870009","0030","11","0","0","0","0","0","0","0","0","","0","0","0","","","0","","1","","40 29:50.641","","0","79 52:12.033","0","0","0","0","2112","0","0","0","N","0","0","0","1","02112","0","","5.0","","1","N","N","","0","","0","0","1","0","0","","","1","0","0","0","0","0","0","2","0","1","","","","N","","","","","","","","","",""
"2018086847","","2","0","0","0","0","0","0","0","0","4","0","","02","8","2018","1","40.454068","-79.95341","0423","11","0","0","0","0","0","0","0","0","","0","0","0","","","0","","2","","40 27:14.644","","0","79 57:12.277","0","0","0","0","2301","0","0","0","N","0","0","0","3","02301","0","","1.0","","1","N","N","","0","","0","0","0","3","2","","","2","0","0","0","0","0","0","2","0","2","","","","N","","","","","","","","","",""
"2018079770","","2","0","0","0","0","0","0","0","0","1","0","","02","7","2018","3","40.485976","-79.911811","1120","11","0","0","0","0","0","0","0","0","","0","0","0","","","0","","0","","40 29:09.514","","2","79 54:42.518","0","0","0","0","2301","0","0","0","N","0","0","0","2","02301","0","","1.0","","1","N","N","","0","","0","0","0","0","0","N","","2","0","0","0","0","0","0","2","0","2","","","","N","","","","","","","","","",""
"2018084749","","0","0","0","0","0","0","0","0","0","7","0","","02","8","2018","3","40.620684","-80.054754","0804","11","1","0","0","0","0","0","0","0","1","0","0","0","","","0","","0","","40 37:14.462","2","7","80 03:17.113","0","0","0","0","2216","0","0","0","N","0","0","0","2","02505","0","","5.0","","1","N","N","","0","","0","0","1","0","0","N","","1","0","0","0","0","0","0","2","0","1","","","","N","","","","","","","","","",""
"2018087362","","1","0","0","0","0","0","0","0","0","7","0","","02","8","2018","3","40.436475","-79.994789","1006","11","0","0","0","0","0","0","0","0","","0","0","0","","","2","","0","","40 26:11.311","","2","79 59:41.239","8","0","0","0","2301","0","0","0","N","0","0","0","3","02301","0","","1.0","","9","N","N","","0","","0","0","0","0","0","","","1","2","0","0","0","2","0","2","0","1","","","","N","","","","","","","","","",""
"2018080211","","1","0","0","0","0","0","0","0","0","4","0","","02","8","2018","4","40.427417","-80.054646","1138","11","0","0","0","1","0","0","0","0","1","0","0","0","","","0","","0","","40 25:38.700","6","7","80 03:16.726","0","0","0","0","2301","0","0","0","N","0","0","0","3","02301","0","","1.0","","1","N","N","","0","","0","0","1","0","0","N","","2","0","0","0","0","0","0","2","0","2","","","","N","","","","","","","","","",""
"2018084534","","1","0","0","0","0","0","0","0","0","4","0","","02","8","2018","2","40.437699","-79.975917","1400","11","0","0","0","0","0","0","1","0","1","0","0","0","","","0","","1","","40 26:15.716","2","0","79 58:33.302","0","0","0","0","2301","0","0","0","N","0","0","0","2","02301","0","","1.0","","1","N","N","","1","","0","0","0","0","0","Y","","2","0","0","0","0","0","0","2","0","2","","","","N","","","","","","","","","",""
"2018079978","","1","0","0","0","0","0","0","0","0","1","0","","02","7","2018","3","40.508379","-79.851879","1655","11","1","0","0","0","0","1","0","0","","0","0","0","","","0","","0","","40 30:30.163","","0","79 51:06.764","0","0","0","0","2112","0","0","0","N","0","0","0","4","02112","0","","1.0","","9","N","N","","0","","0","0","1","0","0","","","2","0","0","0","0","0","0","2","0","2","","","","N","","","","","","","","","",""
"2018082380","","1","0","0","0","0","0","0","0","0","0","0","","02","8","2018","1","40.593206","-79.996975","1802","11","0","0","0","0","0","0","0","0","3","0","0","0","","","0","","0","","40 35:35.542","1","0","79 59:49.109","0","0","0","0","2108","0","0","0","N","0","0","0","1","02501","0","","5.0","","1","N","N","","0","","0","0","0","0","0","N","","1","0","0","0","0","0","0","1","0","1","","","","N","","","","","","","","","",""
"2018084269","","1","0","0","0","0","0","0","0","0","4","0","","02","7","2018","7","40.499383","-80.020949","1853","11","0","0","0","0","0","0","0","0","","0","0","0","","","0","","0","","40 29:57.779","","7","80 01:15.418","0","0","0","0","2116","0","0","0","N","0","0","0","6","02116","0","","1.0","","1","N","N","","0","","0","0","1","0","0","","","2","0","0","0","0","0","0","2","0","2","","","","N","","","","","","","","","",""
"2018079988","","2","0","0","0","0","0","0","0","0","4","0","","02","7","2018","2","40.428409","-79.974575","2145","11","0","0","0","0","0","1","0","0","","0","0","0","","","0","","2","","40 25:42.273","","0","79 58:28.471","0","0","0","0","2301","0","0","0","N","0","0","0","2","02301","0","","1.0","","1","N","N","","0","","0","0","0","3","2","N","","2","0","0","0","0","0","0","2","0","2","","","","N","","","","","","","","","",""
"2018084753","","1","0","0","0","0","0","0","0","0","2","0","","02","8","2018","7","40.459025","-79.89812","2228","11","0","0","0","0","0","0","0","0","","0","0","0","","","0","","2","","40 27:32.489","","0","79 53:53.232","9","0","0","0","2301","0","0","0","N","0","0","0","1","02301","0","","1.0","","1","N","N","","0","","0","0","0","0","0","","","2","0","0","0","0","0","1","2","0","2","","","","N","","","","","","","","","",""