"CRN","ARRIVAL_TM","AUTOMOBILE_COUNT","BELTED_DEATH_COUNT","BELTED_SUSP_SERIOUS_INJ_COUNT","BICYCLE_COUNT","BICYCLE_DEATH_COUNT","BICYCLE_SUSP_SERIOUS_INJ_COUNT","BUS_COUNT","CHLDPAS_DEATH_COUNT","CHLDPAS_SUSP_SERIOUS_INJ_COUNT","COLLISION_TYPE","COMM_VEH_COUNT","CONS_ZONE_SPD_LIM","COUNTY","CRASH_MONTH","CRASH_YEAR","DAY_OF_WEEK","DEC_LATITUDE","DEC_LONGITUDE","DISPATCH_TM","DISTRICT","DRIVER_COUNT_16YR","DRIVER_COUNT_17YR","DRIVER_COUNT_18YR","DRIVER_COUNT_19YR","DRIVER_COUNT_20YR","DRIVER_COUNT_50_64YR","DRIVER_COUNT_65_74YR","DRIVER_COUNT_75PLUS","EST_HRS_CLOSED","FATAL_COUNT","HEAVY_TRUCK_COUNT","HORSE_BUGGY_COUNT","HOUR_OF_DAY","ILLUMINATION","INJURY_COUNT","INTERSECTION_RELATED","INTERSECT_TYPE","LANE_CLOSED","LATITUDE","LN_CLOSE_DIR","LOCATION_TYPE","LONGITUDE","MAX_SEVERITY_LEVEL","MCYCLE_DEATH_COUNT","MCYCLE_SUSP_SERIOUS_INJ_COUNT","MOTORCYCLE_COUNT","MUNICIPALITY","NONMOTR_COUNT","NONMOTR_DEATH_COUNT","NONMOTR_SUSP_SERIOUS_INJ_COUNT","NTFY_HIWY_MAINT","PED_COUNT","PED_DEATH_COUNT","PED_SUSP_SERIOUS_INJ_COUNT","PERSON_COUNT","POLICE_AGCY","POSSIBLE_INJ_COUNT","RDWY_SURF_TYPE_CD","RELATION_TO_ROAD","ROADWAY_CLEARED","ROAD_CONDITION","SCH_BUS_IND","SCH_ZONE_IND","SECONDARY_CRASH","SMALL_TRUCK_COUNT","SPEC_JURIS_CD","SUSP_MINOR_INJ_COUNT","SUSP_SERIOUS_INJ_COUNT","SUV_COUNT","TCD_FUNC_CD","TCD_TYPE","TFC_DETOUR_IND","TIME_OF_DAY","TOTAL_UNITS","TOT_INJ_COUNT","UNBELTED_OCC_COUNT","UNB_DEATH_COUNT","UNB_SUSP_SERIOUS_INJ_COUNT","UNK_INJ_DEG_COUNT","UNK_INJ_PER_COUNT","URBAN_RURAL","VAN_COUNT","VEHICLE_COUNT","WEATHER1","WEATHER2","WORKERS_PRES","WORK_ZONE_IND","WORK_ZONE_LOC","WORK_ZONE_TYPE","WZ_CLOSE_DETOUR","WZ_FLAGGER","WZ_LAW_OFFCR_IND","WZ_LN_CLOSURE","WZ_MOVING","WZ_OTHER","WZ_SHLDER_MDN","WZ_WORKERS_INJ_KILLED"
"2018084795","","1","0","0","0","0","0","0","0","0","1","0","","02","8","2018","3","40.480181","-80.104614","1602","11","0","0","0","0","0","1","0","0","1","0","0","0","","","0","","2","","40 28:48.651","4","0","80 06:16.610","0","0","0","0","2126","0","0","0","N","0","0","0","2","02115","0","","1.0","","9","N","N","","0","","0","0","1","0","0","N","","2","0","0","0","0","0","0","2","0","2","","","","N","","","","","","","","","",""
"2018087364","","1","0","0","0","0","0","0","0","0","1","0","","02","8","2018","2","40.581613","-80.054311","1745","11","0","0","0","0","0","1","0","0","2","0","0","0","","","0","","2","","40 34:53.807","3","0","80 03:15.521","0","0","0","0","2108","0","0","0","N","0","0","0","2","02108","0","","1.0","","1","N","N","","0","","0","0","1","0","0","Y","","2","0","0","0","0","0","0","2","0","2","","","","N","","","","","","","","","",""
"2018084971","","1","0","0","0","0","0","0","0","0","7","0","","02","8","2018","6","40.364094","-80.021103","2036","11","0","0","0","0","0","1","0","0","","0","0","0","","","0","","0","","40 21:50.740","","7","80 01:15.970","0","0","0","0","2416","0","0","0","N","0","0","0","1","02416","0","","5.0","","9","N","N","","0","","0","0","0","0","0","","","1","0","0","0","0","0","0","2","0","1","","","","N","","","","","","","","","",""
"2018085307","","1","0","0","0","0","0","0","0","0","7","0","","02","8","2018","4","40.457493","-79.997914","1418","11","0","0","0","0","0","0","0","0","","0","0","0","","","0","","0","","40 27:26.975","","0","79 59:52.489","0","0","0","0","2301","0","0","0","Y","0","0","0","1","02301","0","","5.0","","1","N","N","","0","","0","0","0","0","0","N","","1","0","1","0","0","0","0","2","0","1","","","","N","","","","","","","","","",""
"2018086850","","1","0","0","0","0","0","0","0","0","2","0","","02","8","2018","7","40.391281","-79.98555","0410","11","0","0","0","0","0","0","0","0","","0","0","0","","","0","","0","","40 23:28.610","","0","79 59:07.980","9","0","0","0","2301","0","0","0","N","0","0","0","1","02301","0","","4.0","","1","N","N","","0","","0","0","1","0","0","","","2","0","0","0","0","0","1","2","0","2","","","","N","","","","","","","","","",""
"2018079790","","0","0","0","0","0","0","0","0","0","4","0","","02","7","2018","3","40.53853","-79.962455","0818","11","0","0","0","0","0","0","0","0","2","0","0","0","","","2","","1","","40 32:18.707","2","0","79 57:44.839","3","0","0","0","2118","0","0","0","N","0","0","0","2","02118","0","","1.0","","1","N","N","","0","","2","0","2","3","2","Y","","2","2","0","0","0","0","0","2","0","2","","","","N","","","","","","","","","",""
"2018082208","","2","0","0","0","0","0","0","0","0","4","0","","02","8","2018","3","40.402622","-80.021098","1230","11","0","0","0","0","0","0","1","0","2","0","0","0","","","1","","0","","40 24:09.438","2","7","80 01:15.953","8","0","0","0","2301","0","0","0","N","0","0","0","2","02301","0","","1.0","","1","N","N","","0","","0","0","0","0","0","N","","2","1","0","0","0","1","0","2","0","2","","","","N","","","","","","","","","",""
"2018087015","","0","0","0","0","0","0","0","0","0","1","0","","02","8","2018","2","40.395622","-80.086635","1240","11","0","0","0","0","0","1","1","0","","0","0","0","","","1","","1","","40 23:44.240","","0","80 05:11.887","4","0","0","0","2117","0","0","0","N","0","0","0","3","02117","1","","1.0","","1","N","N","","0","","0","0","2","3","2","N","","2","1","0","0","0","0","0","2","0","2","","","","N","","","","","","","","","",""
"2018084754","","1","0","0","0","0","0","0","0","0","7","0","","02","8","2018","1","40.397925","-80.022956","0240","11","0","0","0","0","0","0","0","0","","0","0","0","","","1","","0","","40 23:52.530","","0","80 01:22.640","3","0","0","0","2301","0","0","0","N","0","0","0","2","02301","0","","5.0","","1","N","N","","0","","1","0","0","0","0","","","1","1","0","0","0","0","0","2","0","1","","","","N","","","","","","","","","",""
"2018082864","","2","0","0","0","0","0","0","0","0","4","0","","02","8","2018","6","40.552819","-80.106903","1929","11","0","0","0","0","0","0","0","1","","0","0","0","","","0","","2","","40 33:10.150","","0","80 06:24.852","0","0","0","0","2215","0","0","0","N","0","0","0","5","02215","0","","1.0","","1","N","N","","0","","0","0","1","3","3","","","3","0","0","0","0","0","0","2","0","3","","","","N","","","","","","","","","",""
"2018080753","","1","0","0","0","0","0","0","0","0","2","0","","02","8","2018","5","40.559061","-79.772085","1650","11","0","0","0","0","0","0","1","0","2","0","0","0","","","2","","0","","40 33:32.621","2","0","79 46:19.506","3","0","0","0","2121","0","0","0","N","0","0","0","5","02121","0","","1.0","","1","N","N","","0","","2","0","1","0","0","N","","2","2","0","0","0","0","0","1","0","2","","","","N","","","","","","","","","",""
"2018079796","","0","0","0","0","0","0","0","0","0","4","0","","02","7","2018","2","40.443683","-79.955831","1135","11","0","0","0","0","0","1","0","0","","0","0","0","","","1","","0","","40 26:37.260","","0","79 57:20.990","8","0","0","0","2301","0","0","0","N","0","0","0","2","02301","0","","1.0","","1","N","N","","0","","0","0","2","0","0","","","2","1","0","0","0","1","0","2","0","2","","","","N","","","","","","","","","",""
"2018082210","","1","0","0","0","0","0","0","0","0","1","0","","02","8","2018","6","40.594719","-79.991418","1331","11","0","0","0","0","0","1","1","0","","0","0","0","","","1","","0","","40 35:40.988","","0","79 59:29.104","4","0","0","0","2108","0","0","0","N","0","0","0","5","02108","1","","1.0","","1","N","N","","1","","0","0","1","0","0","","","3","1","0","0","0","0","0","2","0","3","","","","N","","","","","","","","","",""
"2018084756","","1","0","0","0","0","0","0","0","0","4","0","","02","8","2018","2","40.447689","-80.16432","2135","11","0","0","0","0","0","1","0","0","","0","0","0","","","0","","2","","40 26:51.680","","2","80 09:51.553","0","0","0","0","2115","0","0","0","N","0","0","0","2","02115","0","","1.0","","1","N","N","","0","","0","0","1","3","2","N","","2","0","0","0","0","0","0","2","0","2","","","","N","","","","","","","","","",""
"2018087367","","1","0","0","0","0","0","0","0","0","4","0","","02","8","2018","2","40.554111","-80.018139","1306","11","0","0","0","0","0","1","0","0","","0","0","0","","","0","","0","","40 33:14.800","","7","80 01:05.300","0","0","0","0","2108","0","0","0","N","0","0","0","2","02108","0","","1.0","","1","N","N","","0","","0","0","1","3","3","","","2","0","0","0","0","0","0","2","0","2","","","","N","","","","","","","","","",""
"2018085461","","0","0","0","0","0","0","0","0","0","7","0","","02","8","2018","4","40.338052","-79.912227","1528","11","0","0","0","0","0","0","0","0","2","0","0","0","","","1","","0","","40 20:16.986","5","0","79 54:44.017","2","0","0","0","2473","0","0","0","N","0","0","0","1","02473","0","","5.0","","1","N","N","","0","","0","1","0","0","0","Y","","1","1","1","0","1","0","0","2","1","1","","","","N","","","","","","","","","",""
"2018085495","","2","0","0","0","0","0","0","0","0","1","0","","02","8","2018","4","40.431086","-80.026371","2129","11","0","0","0","0","0","1","0","0","1","0","0","0","","","0","","0","","40 25:51.909","2","3","80 01:34.935","0","0","0","0","2301","0","0","0","N","0","0","0","2","02301","0","","1.0","","1","N","N","","0","","0","0","0","0","0","N","","2","0","0","0","0","0","0","2","0","2","","","","N","","","","","","","","","",""
"2018082225","","4","0","0","0","0","0","0","0","0","1","0","","02","7","2018","7","40.427087","-79.891611","0947","11","0","0","0","0","0","1","0","0","2","0","0","0","","","1","","0","","40 25:37.512","4","0","79 53:29.800","3","0","0","0","2301","0","0","0","N","0","0","0","8","68B03","0","","1.0","","1","N","N","","0","","1","0","0","0","0","N","","5","1","0","0","0","0","1","2","0","5","","","","N","","","","","","","","","",""
"2018082392","","1","0","0","0","0","0","0","0","0","4","0","","02","8","2018","4","40.441622","-80.02147","0101","11","0","0","0","0","0","1","0","0","","0","0","0","","","0","","0","","40 26:29.840","","7","80 01:17.292","0","0","0","0","2301","0","0","0","N","0","0","0","2","02301","0","","1.0","","9","N","N","","0","","0","0","0","3","2","","","2","0","0","0","0","0","0","2","1","2","","","","N","","","","","","","","","",""
"2018084760","","2","0","0","0","0","0","0","0","0","1","0","","02","8","2018","3","40.472807","-80.035573","1600","11","0","0","0","0","0","0","0","0","","0","0","0","","","1","","2","","40 28:22.105","","0","80 02:08.062","4","0","0","0","2301","0","0","0","N","0","0","0","3","02301","1","","1.0","","9","N","N","","0","","0","0","0","0","0","","","2","1","0","0","0","0","0","2","0","2","","","","N","","","","","","","","","",""
"2018085463","","3","0","0","0","0","0","0","0","0","1","0","","02","8","2018","4","40.333801","-79.935116","1643","11","0","0","0","0","0","0","0","0","1","0","0","0","","","0","","0","","40 20:01.682","2","0","79 56:06.417","0","0","0","0","2473","0","0","0","N","0","0","0","3","02473","0","","1.0","","1","N","N","","0","","0","0","0","0","0","Y","","3","0","0","0","0","0","0","2","0","3","","","","N","","","","","","","","","",""
"2018085498","","3","0","0","0","0","0","0","0","0","1","0","","02","8","2018","4","40.443361","-79.925922","2159","11","0","0","0","0","0","0","0","0","","0","0","0","","","0","","0","","40 26:36.100","","0","79 55:33.320","0","0","0","0","2301","0","0","0","N","0","0","0","1","02301","0","","1.0","","1","N","N","","0","","0","0","0","0","0","","","3","0","0","0","0","0","0","2","0","3","","","","N","","","","","","","","","",""
"2018080758","","0","0","0","0","0","0","0","0","0","7","0","","02","8","2018","5","40.452714","-79.837234","1403","11","0","0","0","0","0","0","1","0","4","0","0","0","","","3","","2","","40 27:09.770","7","0","79 50:14.042","3","0","0","0","2113","0","0","0","N","0","0","0","3","02113","0","","5.0","","1","N","N","","1","","3","0","0","3","3","Y","","1","3","3","0","0","0","0","2","0","1","","","","N","","","","","","","","","",""
"2018083059","","3","0","0","0","0","0","0","0","0","1","0","","02","8","2018","7","40.456523","-79.892525","1650","11","0","0","0","0","0","2","0","0","","0","0","0","","","0","","0","","40 27:23.482","","0","79 53:33.090","0","0","0","0","2301","0","0","0","N","0","0","0","3","02301","0","","1.0","","1","N","N","","0","","0","0","0","3","2","","","3","0","0","0","0","0","0","2","0","3","","","","N","","","","","","","","","",""
"2018084285","","0","0","0","0","0","0","0","0","0","1","0","","02","8","2018","1","40.368315","-79.983518","2229","11","0","0","0","0","0","0","0","0","","0","0","0","","","0","","2","","40 22:05.935","","0","79 59:00.666","0","0","0","0","2413","0","0","0","N","0","0","0","2","02413","0","","1.0","","1","N","N","","0","","0","0","2","3","2","","","2","0","0","0","0","0","0","2","0","2","","","","N","","","","","","","","","",""
"2018082226","","2","0","0","0","0","0","0","0","0","1","0","","02","7","2018","7","40.429647","-79.885267","1145","11","0","0","0","0","0","2","0","0","1","0","0","0","","","0","","0","","40 25:46.729","3","4","79 53:06.961","0","0","0","0","2426","0","0","0","N","0","0","0","4","68B03","0","","1.0","","1","N","N","","0","","0","0","1","0","0","N","","3","0","0","0","0","0","0","2","0","3","","","","N","","","","","","","","","",""
"2018084548","","1","0","0","0","0","0","0","0","0","1","0","","02","8","2018","6","40.476095","-79.96997","2239","11","0","0","0","0","0","0","0","0","1","0","0","0","","","0","","0","","40 28:33.941","2","0","79 58:11.893","0","0","0","0","2445","0","0","0","N","0","0","0","2","02445","0","","1.0","","9","N","N","","0","","0","0","1","0","0","N","","2","0","0","0","0","0","0","2","0","2","","","","N","","","","","","","","","",""
"2018087021","","1","0","0","0","0","0","0","0","0","1","0","","02","8","2018","2","40.424965","-79.953026","1154","11","0","0","0","0","0","1","1","0","","0","0","0","","","0","","2","","40 25:29.874","","1","79 57:10.894","0","0","0","0","2301","0","0","0","N","0","0","0","2","02301","0","","1.0","","1","N","N","","1","","0","0","0","3","3","","","2","0","0","0","0","0","0","2","0","2","","","","N","","","","","","","","","",""
"2018084761","","0","0","0","0","0","0","0","0","0","2","0","","02","8","2018","3","40.594155","-79.977152","1440","11","0","0","0","0","0","0","0","0","2","0","0","0","","","2","","0","","40 35:38.958","6","0","79 58:37.747","8","0","0","0","2207","0","0","0","N","0","0","0","3","02207","0","","1.0","","1","N","N","","0","","0","0","0","0","0","Y","","2","2","0","0","0","2","0","2","2","2","","","","N","","","","","","","","","",""
"2018087371","","1","0","0","0","0","0","0","0","0","1","0","","02","8","2018","1","40.567388","-80.00696","1305","11","0","0","0","0","0","0","0","0","","0","0","0","","","0","","1","","40 34:02.595","","0","80 00:25.056","0","0","0","0","2108","0","0","0","N","0","0","0","4","02108","0","","1.0","","1","N","N","","1","","0","0","0","3","2","","","2","0","0","0","0","0","0","2","0","2","","","","N","","","","","","","","","",""
"2018080556","","2","0","0","0","0","0","0","0","0","2","0","","02","7","2018","7","40.480903","-79.971161","1501","11","0","0","0","0","0","0","0","1","1","0","0","0","","","1","","0","","40 28:51.250","6","0","79 58:16.178","3","0","0","0","2445","0","0","0","N","0","0","0","1","02445","0","","6.0","","1","N","N","","0","","1","0","0","0","0","Y","","2","1","0","0","0","0","0","2","0","2","","","","N","","","","","","","","","",""
"2018086856","","2","0","0","0","0","0","0","0","0","3","0","","02","8","2018","4","40.331167","-79.839639","1347","11","0","0","0","0","0","0","0","1","2","0","0","0","","","1","","0","","40 19:52.200","6","7","79 50:22.700","4","0","0","0","2304","0","0","0","N","0","0","0","2","02304","1","","6.0","","1","N","N","","0","","0","0","0","0","0","N","","2","1","0","0","0","0","0","2","0","2","","","","N","","","","","","","","","",""
"2018087374","","1","0","0","0","0","0","0","0","0","5","0","","02","8","2018","3","40.442184","-79.956098","0925","11","0","0","0","0","0","1","0","0","2","0","0","0","","","1","","0","","40 26:31.864","3","0","79 57:21.954","8","0","0","0","2301","0","0","0","N","0","0","0","3","02506","0","","5.0","","9","N","N","","1","","0","0","0","3","7","Y","","2","1","0","0","0","1","0","2","0","2","","","","N","","","","","","","","","",""
"2018082872","","1","0","0","0","0","0","0","0","0","1","0","","02","8","2018","4","40.463502","-79.97691","2315","11","0","0","0","0","0","2","0","0","","0","0","0","","","0","","0","","40 27:48.608","","3","79 58:36.877","0","0","0","0","2301","0","0","0","N","0","0","0","3","02301","0","","1.0","","1","N","N","","0","","0","0","1","0","0","","","2","0","0","0","0","0","0","2","0","2","","","","N","","","","","","","","","",""
"2018079560","","1","0","0","0","0","0","0","0","0","5","1","","02","7","2018","2","40.439625","-79.955747","1721","11","0","0","0","0","0","0","0","0","","0","1","0","","","0","","0","","40 26:22.650","","7","79 57:20.690","0","0","0","0","2301","0","0","0","N","0","0","0","3","02301","0","","1.0","","1","N","N","","0","","0","0","0","0","0","","","2","0","0","0","0","0","0","2","0","2","","","","N","","","","","","","","","",""
"2018084300","","1","0","0","0","0","0","0","0","0","4","0","","02","8","2018","1","40.394923","-79.886915","1924","11","0","0","0","0","0","0","1","0","","0","0","0","","","0","","1","","40 23:41.722","","0","79 53:12.893","0","0","0","0","2473","0","0","0","N","0","0","0","3","02473","0","","1.0","","1","N","N","","1","","0","0","0","0","0","","","2","0","0","0","0","0","0","2","0","2","","","","N","","","","","","","","","",""
"2018084556","","1","0","0","0","0","0","0","0","0","7","0","","02","8","2018","2","40.576668","-80.054965","1313","11","0","0","0","1","0","0","0","0","1","0","0","0","","","1","","0","","40 34:36.004","2","0","80 03:17.875","8","0","0","0","2108","0","0","0","N","0","0","0","1","02108","0","","2.0","","9","N","N","","0","","0","0","0","0","0","N","","1","1","0","0","0","1","0","2","0","1","","","","N","","","","","","","","","",""
"2018087026","","0","0","0","0","0","0","0","0","0","4","0","","02","8","2018","2","40.427128","-79.976379","1419","11","0","0","0","0","0","0","0","0","1","0","0","0","","","1","N","1","","40 25:37.659","1","0","79 58:34.965","8","0","0","0","2301","0","0","0","N","0","0","0","3","02301","0","","1.0","","1","N","N","","0","","0","0","2","3","3","Y","","2","1","0","0","0","1","0","2","0","2","","","","N","","","","","","","","","",""
"2018082660","","0","0","0","0","0","0","0","0","0","1","0","","02","8","2018","3","40.487273","-79.895523","2350","11","0","0","0","0","0","0","0","0","","0","0","0","","","0","","2","","40 29:14.182","","0","79 53:43.882","0","0","0","0","2301","0","0","0","N","0","0","0","2","02301","0","","1.0","","1","Y","N","","2","","0","0","0","3","2","","","2","0","0","0","0","0","0","2","0","2","","","","N","","","","","","","","","",""
"2018087540","","0","0","0","0","0","0","0","0","0","4","0","","02","8","2018","3","40.526027","-80.250864","1655","11","0","1","0","0","0","1","0","0","","0","0","0","","","0","","2","","40 31:33.697","","0","80 15:03.110","0","0","0","0","2213","0","0","0","N","0","0","0","3","02213","0","","1.0","","9","N","N","","1","","0","0","1","3","3","","","2","0","0","0","0","0","0","2","0","2","","","","N","","","","","","","","","",""
"2018080767","","2","0","0","0","0","0","0","0","0","1","0","","02","8","2018","5","40.336789","-79.948945","1653","11","0","0","0","1","0","0","0","1","","0","0","0","","","0","","0","","40 20:12.442","","7","79 56:56.202","0","0","0","0","2473","0","0","0","N","0","0","0","3","02473","0","","1.0","","1","N","N","","0","","0","0","0","0","0","","","2","0","0","0","0","0","0","2","0","2","","","","N","","","","","","","","","",""
"2018082231","","0","0","0","0","0","0","0","0","0","1","0","","02","7","2018","7","40.426643","-79.893112","2147","11","0","0","0","0","0","0","0","0","","0","0","0","","","1","","0","","40 25:35.915","","2","79 53:35.203","8","0","0","2","2301","0","0","0","N","0","0","0","2","68B03","0","","7.0","","1","N","N","","0","","0","0","0","0","0","","","2","1","0","0","0","1","0","2","0","2","","","","N","","","","","","","","","",""
"2018087153","","2","0","0","0","0","0","0","0","0","4","0","","02","8","2018","2","40.435887","-79.972679","1640","11","0","0","0","0","0","1","0","0","","0","0","0","","","0","","2","","40 26:09.193","","0","79 58:21.644","0","0","0","0","2301","0","0","0","N","0","0","0","3","02301","0","","1.0","","1","N","N","","0","","0","0","0","3","2","","","2","0","0","0","0","0","0","2","0","2","","","","N","","","","","","","","","",""
"2018087376","","1","0","0","0","0","0","0","0","0","7","0","","02","8","2018","1","40.417511","-79.986","2153","11","0","0","0","0","0","0","0","0","1","0","0","0","","","1","","0","","40 25:03.040","4","0","79 59:09.600","2","0","0","0","2301","0","0","0","N","0","0","0","1","02301","0","","2.0","","1","N","N","","0","","0","1","0","0","0","N","","1","1","0","0","0","0","0","2","0","1","","","","N","","","","","","","","","",""
"2018087542","","1","0","0","0","0","0","0","0","0","1","0","","02","8","2018","6","40.499934","-80.213998","1645","11","0","0","0","0","0","0","0","0","","0","0","0","","","0","","0","","40 29:59.763","","0","80 12:50.394","0","0","0","0","2213","0","0","0","N","0","0","0","2","02213","0","","1.0","","9","N","N","","1","","0","0","0","0","0","","","2","0","0","0","0","0","0","2","0","2","","","","N","","","","","","","","","",""
"2018082235","","0","0","0","0","0","0","0","0","0","1","0","","02","7","2018","3","40.442776","-80.160175","1531","11","0","0","0","1","0","0","0","0","","0","0","0","","","1","","0","","40 26:33.995","","0","80 09:36.631","8","0","0","0","2115","0","0","0","N","0","0","0","3","68B03","0","","1.0","","1","N","N","","1","","0","0","1","0","0","","","2","1","0","0","0","1","0","2","0","2","","","","N","","","","","","","","","",""
"2018086726","","1","0","0","0","0","0","0","0","0","1","0","","02","8","2018","1","40.344853","-79.883178","1343","11","0","0","0","0","0","1","0","0","2","0","0","0","","","3","","0","","40 20:41.469","4","0","79 52:59.442","3","0","0","0","2304","0","0","0","N","0","0","0","4","02304","0","","2.0","","1","N","N","","1","","2","0","0","0","0","Y","","2","3","0","0","0","1","0","2","0","2","","","","N","","","","","","","","","",""
"2018082237","","0","0","0","0","0","0","0","0","0","7","0","","02","7","2018","5","40.541985","-80.121989","1150","11","0","0","0","0","0","0","0","0","2","0","0","0","","","0","","0","","40 32:31.145","2","0","80 07:19.160","0","0","0","1","2460","0","0","0","Y","0","0","0","1","68B03","0","","4.0","","1","N","N","","0","","0","0","0","0","0","N","","1","0","0","0","0","0","0","1","0","1","","","","N","","","","","","","","","",""
"2018087161","","1","0","0","0","0","0","0","0","0","7","0","","02","8","2018","7","40.418049","-79.966892","1525","11","0","0","0","0","0","0","0","0","1","0","0","0","","","1","","2","","40 25:04.976","4","0","79 58:00.811","3","0","0","0","2301","0","0","0","N","0","0","0","1","02301","0","","2.0","","1","N","N","","0","","1","0","0","3","3","N","","1","1","0","0","0","0","0","2","0","1","","","","N","","","","","","","","","",""
"2018082475","","4","0","0","0","0","0","0","0","0","1","0","","02","8","2018","3","40.413781","-79.922733","0614","11","0","0","0","0","0","0","0","0","2","0","0","0","","","0","","2","","40 24:49.612","1","0","79 55:21.837","0","0","0","0","2301","0","0","0","N","0","0","0","4","02301","0","","1.0","","1","N","N","","0","","0","0","0","3","2","Y","","4","0","0","0","0","0","0","2","0","4","","","","N","","","","","","","","","",""
"2018082667","","2","0","0","0","0","0","0","0","0","4","0","","02","8","2018","1","40.345358","-79.815411","1228","11","0","0","0","0","1","0","0","1","","0","0","0","","","0","","1","","40 20:43.289","","0","79 48:55.481","0","0","0","0","2477","0","0","0","N","0","0","0","4","02477","0","","1.0","","1","N","N","","0","","0","0","0","3","3","","","2","0","0","0","0","0","0","2","0","2","","","","N","","","","","","","","","",""
"2018085005","","2","0","0","0","0","0","0","0","0","2","0","","02","8","2018","4","40.421939","-80.046186","0744","11","0","0","0","0","0","2","0","0","1","0","0","0","","","0","","2","","40 25:18.982","3","0","80 02:46.269","0","0","0","0","2435","0","0","0","N","0","0","0","2","02435","0","","1.0","","1","N","N","","0","","0","0","0","3","2","N","","2","0","0","0","0","0","0","2","0","2","","","","N","","","","","","","","","",""
"2018080543","","1","0","0","0","0","0","0","0","0","1","0","","02","8","2018","5","40.411015","-80.005934","0457","11","0","0","0","0","1","1","0","0","1","0","0","0","","","0","","2","","40 24:39.653","1","0","80 00:21.363","0","0","0","0","2301","0","0","0","N","0","0","0","2","02301","0","","1.0","","1","N","N","","0","","0","0","0","3","2","Y","","2","0","0","0","0","0","0","2","1","2","","","","N","","","","","","","","","",""
"2018080586","","0","0","0","0","0","0","0","0","0","7","0","","02","8","2018","5","40.450022","-80.008981","0808","11","0","0","0","0","0","0","0","0","3","0","0","0","","","0","","0","","40 27:00.080","2","1","80 00:32.330","0","0","0","0","2301","0","0","0","N","0","0","0","1","02301","0","","1.0","","1","N","N","","0","","0","0","0","3","8","N","","1","0","0","0","0","0","0","2","1","1","","","","N","","","","","","","","","",""
"2018086728","","2","0","0","0","0","0","0","0","0","4","0","","02","8","2018","1","40.534914","-80.175285","1649","11","0","0","0","0","0","0","0","0","2","0","0","0","","","0","","1","","40 32:05.690","2","0","80 10:31.025","0","0","0","0","2458","0","0","0","N","0","0","0","2","02458","0","","1.0","","1","N","N","","0","","0","0","0","3","3","N","","2","0","0","0","0","0","0","2","0","2","","","","N","","","","","","","","","",""
"2018087164","","0","0","0","0","0","0","0","0","0","7","0","","02","8","2018","2","40.402058","-80.031289","1817","11","0","0","0","0","0","1","0","0","","0","0","0","","","0","","0","","40 24:07.410","","0","80 01:52.640","0","0","0","0","2301","0","0","0","N","0","0","0","1","02301","0","","2.0","","1","N","N","","0","","0","0","1","0","0","","","1","0","0","0","0","0","0","2","0","1","","","","N","","","","","","","","","",""
"2018084817","","0","0","0","0","0","0","0","0","0","7","0","","02","8","2018","3","40.278175","-79.855839","1937","11","0","0","0","0","0","0","0","0","1","0","0","0","","","0","","0","","40 16:41.429","6","0","79 51:21.020","0","0","0","0","2105","0","0","0","N","0","0","0","1","02105","0","","5.0","","9","N","N","","0","","0","0","1","0","0","N","","1","0","1","0","0","0","0","1","0","1","","","","N","","","","","","","","","",""
"2018082669","","1","0","0","0","0","0","0","0","0","2","0","","02","8","2018","3","40.473894","-79.935783","2126","11","0","0","0","0","0","0","1","0","","0","0","0","","","1","","0","","40 28:26.020","","0","79 56:08.820","4","0","0","0","2301","0","0","0","N","0","0","0","1","02301","1","","4.0","","1","N","N","","0","","0","0","1","0","0","","","2","1","0","0","0","0","0","2","0","2","","","","N","","","","","","","","","",""
"2018085038","","0","0","0","0","0","0","0","0","0","4","0","","02","8","2018","4","40.464139","-79.828472","0941","11","0","0","0","0","0","0","1","0","","0","0","0","","","0","","0","","40 27:50.900","","0","79 49:42.500","0","0","0","0","2113","0","0","0","N","0","0","0","2","02113","0","","1.0","","1","N","N","","0","","0","0","2","0","0","","","2","0","0","0","0","0","0","2","0","2","","","","N","","","","","","","","","",""
"2018087839","","1","0","0","0","0","0","0","0","0","4","0","","02","8","2018","5","40.447686","-80.164335","1258","11","0","0","0","0","0","0","0","0","","0","0","0","","","0","","2","","40 26:51.669","","2","80 09:51.606","0","0","0","0","2115","0","0","0","N","0","0","0","2","02115","0","","1.0","","1","N","N","","1","","0","0","0","3","2","","","2","0","0","0","0","0","0","2","0","2","","","","N","","","","","","","","","",""
"2018079573","","1","0","0","0","0","0","0","0","0","1","0","","02","7","2018","2","40.425386","-79.96445","1831","11","0","0","0","0","0","2","0","0","2","0","0","0","","","1","","2","","40 25:31.390","3","0","79 57:52.021","8","0","0","0","2301","0","0","0","N","0","0","0","5","02301","0","","1.0","","1","N","N","","1","","0","0","0","3","2","N","","2","1","0","0","0","1","0","2","0","2","","","","N","","","","","","","","","",""
"2018084309","","1","0","0","0","0","0","0","0","0","4","0","","02","8","2018","2","40.490611","-79.836139","1802","11","0","0","0","0","0","1","0","0","","0","0","0","","","0","","0","","40 29:26.200","","0","79 50:10.100","9","0","0","0","2113","0","0","0","N","0","0","0","2","02113","0","","1.0","","9","N","N","","0","","0","0","0","0","0","","","2","0","0","0","0","0","1","2","1","2","","","","N","","","","","","","","","",""