"CRN","ARRIVAL_TM","AUTOMOBILE_COUNT","BELTED_DEATH_COUNT","BELTED_SUSP_SERIOUS_INJ_COUNT","BICYCLE_COUNT","BICYCLE_DEATH_COUNT","BICYCLE_SUSP_SERIOUS_INJ_COUNT","BUS_COUNT","CHLDPAS_DEATH_COUNT","CHLDPAS_SUSP_SERIOUS_INJ_COUNT","COLLISION_TYPE","COMM_VEH_COUNT","CONS_ZONE_SPD_LIM","COUNTY","CRASH_MONTH","CRASH_YEAR","DAY_OF_WEEK","DEC_LATITUDE","DEC_LONGITUDE","DISPATCH_TM","DISTRICT","DRIVER_COUNT_16YR","DRIVER_COUNT_17YR","DRIVER_COUNT_18YR","DRIVER_COUNT_19YR","DRIVER_COUNT_20YR","DRIVER_COUNT_50_64YR","DRIVER_COUNT_65_74YR","DRIVER_COUNT_75PLUS","EST_HRS_CLOSED","FATAL_COUNT","HEAVY_TRUCK_COUNT","HORSE_BUGGY_COUNT","HOUR_OF_DAY","ILLUMINATION","INJURY_COUNT","INTERSECTION_RELATED","INTERSECT_TYPE","LANE_CLOSED","LATITUDE","LN_CLOSE_DIR","LOCATION_TYPE","LONGITUDE","MAX_SEVERITY_LEVEL","MCYCLE_DEATH_COUNT","MCYCLE_SUSP_SERIOUS_INJ_COUNT","MOTORCYCLE_COUNT","MUNICIPALITY","NONMOTR_COUNT","NONMOTR_DEATH_COUNT","NONMOTR_SUSP_SERIOUS_INJ_COUNT","NTFY_HIWY_MAINT","PED_COUNT","PED_DEATH_COUNT","PED_SUSP_SERIOUS_INJ_COUNT","PERSON_COUNT","POLICE_AGCY","POSSIBLE_INJ_COUNT","RDWY_SURF_TYPE_CD","RELATION_TO_ROAD","ROADWAY_CLEARED","ROAD_CONDITION","SCH_BUS_IND","SCH_ZONE_IND","SECONDARY_CRASH","SMALL_TRUCK_COUNT","SPEC_JURIS_CD","SUSP_MINOR_INJ_COUNT","SUSP_SERIOUS_INJ_COUNT","SUV_COUNT","TCD_FUNC_CD","TCD_TYPE","TFC_DETOUR_IND","TIME_OF_DAY","TOTAL_UNITS","TOT_INJ_COUNT","UNBELTED_OCC_COUNT","UNB_DEATH_COUNT","UNB_SUSP_SERIOUS_INJ_COUNT","UNK_INJ_DEG_COUNT","UNK_INJ_PER_COUNT","URBAN_RURAL","VAN_COUNT","VEHICLE_COUNT","WEATHER1","WEATHER2","WORKERS_PRES","WORK_ZONE_IND","WORK_ZONE_LOC","WORK_ZONE_TYPE","WZ_CLOSE_DETOUR","WZ_FLAGGER","WZ_LAW_OFFCR_IND","WZ_LN_CLOSURE","WZ_MOVING","WZ_OTHER","WZ_SHLDER_MDN","WZ_WORKERS_INJ_KILLED"
"2018107238","","0","0","0","0","0","0","0","0","0","7","0","","02","10","2018","7","40.536944","-79.719","1515","11","0","0","0","0","0","0","0","0","","0","0","0","","","0","","0","","40 32:13.000","","7","79 43:08.400","0","0","0","0","2466","0","0","0","Y","0","0","0","2","02466","0","","2.0","","1","N","N","","0","","0","0","1","0","0","","","1","0","0","0","0","0","0","1","0","1","","","","N","","","","","","","","","",""
"2018106058","","1","0","0","0","0","0","0","0","0","1","0","","02","9","2018","7","40.434381","-79.793244","1632","11","0","0","0","0","0","1","1","0","","0","0","0","","","0","","0","","40 26:03.772","","0","79 47:35.677","0","0","0","0","2446","0","0","0","N","0","0","0","2","02446","0","","1.0","","1","N","N","","0","","0","0","1","0","0","","","2","0","0","0","0","0","0","2","0","2","","","","N","","","","","","","","","",""
"2018104446","","3","0","0","0","0","0","0","0","0","1","0","","02","10","2018","7","40.533036","-80.187779","1153","11","0","0","1","0","0","0","0","0","","0","0","0","","","1","","0","","40 31:58.929","","3","80 11:16.004","4","0","0","0","2458","0","0","0","N","0","0","0","8","02458","1","","1.0","","1","N","N","","0","","0","0","0","0","0","","","3","1","0","0","0","0","0","2","0","3","","","","N","","","","","","","","","",""
"2018106436","","0","0","0","0","0","0","0","0","0","1","0","","02","10","2018","4","40.512692","-80.222393","2045","11","0","0","0","0","0","0","0","0","2","0","0","0","","","2","","0","","40 30:45.691","1","0","80 13:20.613","4","0","0","0","2213","0","0","0","N","0","0","0","3","02213","2","","1.0","","9","N","N","","1","","0","0","1","3","2","N","","2","2","0","0","0","0","0","2","0","2","","","","N","","","","","","","","","",""
"2018108945","","1","0","0","0","0","0","0","0","0","7","0","","02","10","2018","7","40.458281","-79.757788","2358","11","0","0","0","0","0","0","0","1","","0","0","0","","","0","","0","","40 27:29.812","","0","79 45:28.037","0","0","0","0","2446","0","0","0","Y","0","0","0","1","02446","0","","2.0","","1","N","N","","0","","0","0","0","0","0","","","1","0","0","0","0","0","0","2","0","1","","","","N","","","","","","","","","",""
"2018109564","","2","0","0","0","0","0","0","0","0","4","0","","02","10","2018","6","40.484872","-79.856284","0840","11","0","0","0","0","0","1","0","0","","0","0","0","","","0","","0","","40 29:05.538","","0","79 51:22.621","0","0","0","0","2113","0","0","0","N","0","0","0","3","02113","0","","1.0","","1","N","N","","0","","0","0","1","0","0","","","3","0","0","0","0","0","0","2","0","3","","","","N","","","","","","","","","",""
"2018104607","","2","0","0","0","0","0","0","0","0","5","0","","02","10","2018","7","40.407909","-79.831033","1513","11","0","0","0","0","0","1","0","0","","0","0","0","","","0","","0","","40 24:28.473","","99","79 49:51.717","0","0","0","0","2467","0","0","0","N","0","0","0","2","02467","0","","4.0","","1","N","N","","0","","0","0","0","0","0","","","2","0","0","0","0","0","0","2","0","2","","","","N","","","","","","","","","",""
"2018105555","","2","0","0","0","0","0","0","0","0","1","0","","02","9","2018","1","40.345815","-80.114113","1251","11","0","0","0","0","0","1","0","0","1","0","0","0","","","1","","0","","40 20:44.934","2","0","80 06:50.805","3","0","0","0","2119","0","0","0","N","0","0","0","2","02119","0","","1.0","","1","N","N","","0","","1","0","0","0","0","N","","2","1","0","0","0","0","0","2","0","2","","","","N","","","","","","","","","",""
"2018107427","","1","0","0","0","0","0","0","0","0","99","0","","02","10","2018","7","40.326943","-79.938864","2121","11","0","0","0","0","0","0","0","0","","0","0","0","","","0","","0","","40 19:36.994","","0","79 56:19.911","0","0","0","0","2440","0","0","0","N","0","0","0","1","02440","0","","1.0","","1","N","N","","0","","0","0","0","0","0","","","1","0","0","0","0","0","0","2","0","1","","","","N","","","","","","","","","",""
"2018109360","","0","0","0","0","0","0","0","0","0","4","0","","02","10","2018","7","40.354831","-80.036642","0844","11","0","0","0","0","0","0","0","0","","0","0","0","","","0","","1","","40 21:17.390","","0","80 02:11.910","0","0","0","0","2109","0","0","0","N","0","0","0","2","02109","0","","1.0","","9","N","N","","0","","0","0","2","3","2","","","2","0","0","0","0","0","0","2","0","2","","","","N","","","","","","","","","",""
"2018107253","","1","0","0","0","0","0","0","0","0","1","0","","02","10","2018","7","40.390609","-80.01577","2158","11","0","0","0","0","0","1","0","0","","0","0","0","","","0","","0","","40 23:26.192","","0","80 00:56.771","0","0","0","0","2301","0","0","0","N","0","0","0","2","02301","0","","6.0","","1","N","N","","0","","0","0","0","0","0","","","2","0","0","0","0","0","0","2","1","2","","","","N","","","","","","","","","",""
"2018104452","","1","0","0","0","0","0","0","0","0","4","0","","02","10","2018","7","40.590297","-79.948359","1215","11","0","0","1","0","0","1","0","0","2","0","0","0","","","0","","1","","40 35:25.068","2","0","79 56:54.093","0","0","0","0","2207","0","0","0","N","0","0","0","3","02207","0","","1.0","","1","N","N","","0","","0","0","1","3","2","Y","","2","0","0","0","0","0","0","2","0","2","","","","N","","","","","","","","","",""
"2018106285","","1","0","0","0","0","0","0","0","0","4","0","","02","10","2018","7","40.412972","-79.9085","1807","11","0","2","0","0","0","0","0","0","3","0","0","0","","","3","","0","","40 24:46.700","6","7","79 54:30.600","8","0","0","0","2438","0","0","0","N","0","0","0","3","02438","0","","1.0","","1","N","N","","0","","0","0","1","3","3","Y","","2","3","0","0","0","3","0","2","0","2","","","","N","","","","","","","","","",""
"2018104609","","1","0","0","0","0","0","0","0","0","7","0","","02","10","2018","1","40.448514","-79.98718","0254","11","0","0","0","0","0","0","0","0","","0","0","0","","","0","","2","","40 26:54.650","","0","79 59:13.849","0","0","0","0","2301","0","0","0","N","0","0","0","3","02301","0","","2.0","","1","N","N","","0","","0","0","0","0","0","","","1","0","0","0","0","0","0","2","0","1","","","","N","","","","","","","","","",""
"2018107259","","1","0","0","0","0","0","0","0","0","7","0","","02","10","2018","7","40.292828","-79.810136","0301","11","0","0","0","0","0","1","0","0","3","0","0","0","","","1","","2","","40 17:34.180","6","0","79 48:36.489","8","0","0","0","2105","0","0","0","N","0","0","0","1","02105","0","","5.0","","1","N","N","","0","","0","0","0","0","0","N","","1","1","0","0","0","1","0","2","0","1","","","","N","","","","","","","","","",""
"2018109363","","1","0","0","0","0","0","0","0","0","4","0","","02","10","2018","3","40.362035","-80.011224","1129","11","0","0","0","0","0","1","0","0","1","0","0","0","","","1","","1","","40 21:43.327","6","0","80 00:40.407","3","0","0","0","2416","0","0","0","N","0","0","0","2","02416","0","","1.0","","1","N","N","","1","","1","0","0","3","3","N","","2","1","0","0","0","0","0","2","0","2","","","","N","","","","","","","","","",""
"2018106090","","0","0","0","0","0","0","0","0","0","7","0","","02","10","2018","4","40.384957","-79.994985","2032","11","0","0","0","0","0","0","0","0","1","0","0","0","","","0","","0","","40 23:05.845","1","0","79 59:41.946","0","0","0","0","2301","0","0","0","N","0","0","0","2","02301","0","","2.0","","1","N","N","","1","","0","0","0","0","0","N","","1","0","1","0","0","0","0","2","0","1","","","","N","","","","","","","","","",""
"2018104453","","1","0","0","0","0","0","0","0","0","8","0","","02","10","2018","7","40.444206","-79.954569","1437","11","0","0","0","0","0","0","0","0","1","0","0","0","","","1","","0","","40 26:39.143","2","0","79 57:16.447","8","0","0","0","2301","1","0","0","N","1","0","0","3","02301","0","","1.0","","9","N","N","","0","","0","0","0","3","8","N","","2","1","0","0","0","1","0","2","0","1","","","","N","","","","","","","","","",""
"2018109766","","2","0","0","0","0","0","0","0","0","4","0","","02","10","2018","6","40.405917","-80.014972","1637","11","0","1","0","0","0","0","0","1","","0","0","0","","","1","","0","","40 24:21.300","","7","80 00:53.900","4","0","0","0","2301","0","0","0","N","0","0","0","3","02301","1","","1.0","","1","N","N","","0","","0","0","0","0","0","","","2","1","0","0","0","0","0","2","0","2","","","","N","","","","","","","","","",""
"2018109114","","2","0","0","0","0","0","0","0","0","1","0","","02","10","2018","5","40.470944","-80.027773","0830","11","0","0","0","0","0","0","0","0","","0","0","0","","","0","","2","","40 28:15.398","","0","80 01:39.982","0","0","0","0","2301","0","0","0","N","0","0","0","1","02301","0","","1.0","","1","N","N","","0","","0","0","0","0","0","","","2","0","0","0","0","0","0","2","0","2","","","","N","","","","","","","","","",""
"2018107292","","1","0","0","0","0","0","0","0","0","7","0","","02","10","2018","7","40.344656","-79.863574","0508","11","0","0","0","0","0","0","0","0","1","0","0","0","","","0","","1","","40 20:40.761","1","0","79 51:48.867","9","0","0","0","2304","0","0","0","N","0","0","0","1","02304","0","","4.0","","9","N","N","","0","","0","0","0","0","0","N","","1","0","0","0","0","0","1","2","0","1","","","","N","","","","","","","","","",""
"2018104052","","1","0","0","0","0","0","0","0","0","7","0","","02","7","2018","1","40.498258","-80.122398","1601","11","0","0","0","0","0","0","0","0","","0","0","0","","","1","","0","","40 29:53.730","","0","80 07:20.634","3","0","0","0","2115","0","0","0","Y","0","0","0","1","68B03","0","","4.0","","1","N","N","","0","","1","0","0","0","0","","","1","1","0","0","0","0","0","2","0","1","","","","N","","","","","","","","","",""
"2018104248","","3","0","0","0","0","0","0","0","0","1","0","25","02","10","2018","7","40.40487","-79.884237","0025","11","0","0","0","0","0","0","0","0","","0","0","0","","","0","","0","","40 24:17.532","","0","79 53:03.252","0","0","0","0","2475","0","0","0","N","0","0","0","3","02475","0","","1.0","","1","N","N","","0","","0","0","0","3","2","","","3","0","0","0","0","0","0","2","0","3","","","Y","Y","4","1","","","N","","","","",""
"2018109778","","2","0","0","0","0","0","0","0","0","1","0","","02","10","2018","6","40.524516","-79.828187","1604","11","0","0","1","0","0","1","0","0","","0","0","0","","","0","","0","","40 31:28.257","","0","79 49:41.473","0","0","0","0","2451","0","0","0","N","0","0","0","2","02451","0","","1.0","","1","N","N","","0","","0","0","0","0","0","","","2","0","0","0","0","0","0","2","0","2","","","","N","","","","","","","","","",""
"2018107261","","1","0","0","0","0","0","0","0","0","7","0","","02","10","2018","7","40.473258","-79.930744","0330","11","0","0","0","0","0","0","0","0","1","0","0","0","","","0","","1","","40 28:23.729","3","0","79 55:50.679","0","0","0","0","2301","0","0","0","Y","0","0","0","1","02301","0","","4.0","","9","N","N","","0","","0","0","0","3","2","Y","","1","0","0","0","0","0","0","2","0","1","","","","N","","","","","","","","","",""
"2018109131","","0","0","0","0","0","0","0","0","0","8","0","","02","10","2018","4","40.451276","-79.954071","1331","11","0","0","0","0","0","1","0","0","","0","0","0","","","1","","2","","40 27:04.595","","0","79 57:14.657","8","0","0","0","2301","1","0","0","N","1","0","0","2","02301","0","","1.0","","1","N","N","","0","","0","0","1","3","3","","","2","1","0","0","0","1","0","2","0","1","","","","N","","","","","","","","","",""
"2018104053","","0","0","0","0","0","0","0","0","0","1","1","","02","7","2018","2","40.428423","-79.889313","1520","11","0","0","0","0","0","0","2","0","","0","1","0","","","3","","0","","40 25:42.323","","0","79 53:21.527","3","0","0","0","2426","0","0","0","N","0","0","0","4","68B03","2","","1.0","","1","N","N","","0","","1","0","1","0","0","","","2","3","0","0","0","0","0","2","0","2","","","","N","","","","","","","","","",""
"2018106291","","0","0","0","0","0","0","0","0","0","6","0","","02","10","2018","2","40.47272","-79.935903","1011","11","0","0","0","0","0","0","0","0","","0","0","0","","","1","","3","","40 28:21.792","","0","79 56:09.250","8","0","0","0","2301","0","0","0","N","0","0","0","5","02301","0","","1.0","","1","N","N","","0","","0","0","2","3","3","N","","2","1","0","0","0","1","0","2","0","2","","","","N","","","","","","","","","",""
"2018108957","","2","0","0","0","0","0","0","0","0","2","0","","02","10","2018","4","40.527427","-79.879659","1517","11","0","0","0","0","0","0","0","1","2","0","0","0","","","3","","0","","40 31:38.738","5","0","79 52:46.773","2","0","0","0","2432","0","0","0","N","0","0","0","3","02432","0","","1.0","","1","N","N","","0","","2","1","0","0","0","Y","","2","3","0","0","0","0","0","2","0","2","","","","N","","","","","","","","","",""
"2018109135","","1","0","0","0","0","0","0","0","0","5","1","","02","7","2018","6","40.51216","-80.104304","1222","11","0","0","0","0","0","0","0","0","2","0","1","0","","","0","","0","","40 30:43.775","2","0","80 06:15.493","0","0","0","0","2429","0","0","0","N","0","0","0","2","02215","0","","1.0","","1","N","N","","0","","0","0","0","0","0","N","","2","0","0","0","0","0","0","2","0","2","","","","N","","","","","","","","","",""
"2018109158","","1","0","0","0","0","0","0","0","0","4","0","","02","10","2018","5","40.449839","-79.929647","1147","11","0","0","0","0","0","0","0","1","","0","0","0","","","0","","1","","40 26:59.420","","0","79 55:46.729","0","0","0","0","2301","0","0","0","N","0","0","0","2","02301","0","","1.0","","1","N","N","","0","","0","0","1","3","2","","","2","0","0","0","0","0","0","2","0","2","","","","N","","","","","","","","","",""
"2018104054","","1","0","0","0","0","0","0","0","0","7","0","","02","7","2018","3","40.442064","-79.799043","1553","11","0","0","0","0","0","0","0","0","2","0","0","0","","","1","","0","","40 26:31.430","4","3","79 47:56.555","4","0","0","0","2113","0","0","0","N","0","0","0","2","68B03","1","","2.0","","9","N","N","","0","","0","0","0","0","0","N","","1","1","1","0","0","0","1","2","0","1","","","","N","","","","","","","","","",""
"2018109376","","1","0","0","0","0","0","0","0","0","1","0","","02","10","2018","5","40.441877","-79.993871","1625","11","0","0","0","0","0","0","0","0","","0","0","0","","","2","","0","","40 26:30.758","","0","79 59:37.937","3","0","0","0","2301","0","0","0","N","0","0","0","4","02301","1","","1.0","","1","N","N","","1","","1","0","1","0","0","","","3","2","0","0","0","0","0","2","0","3","","","","N","","","","","","","","","",""
"2018109418","","1","0","0","0","0","0","0","0","0","4","0","","02","10","2018","5","40.438601","-79.986449","1703","11","0","0","0","0","0","0","0","0","","0","0","0","","","1","","1","","40 26:18.965","","0","79 59:11.217","2","0","1","1","2301","0","0","0","N","0","0","0","3","02301","0","","1.0","","1","N","N","","0","","0","1","0","3","2","","","2","1","1","0","0","0","0","2","0","2","","","","N","","","","","","","","","",""
"2018109788","","2","0","0","0","0","0","0","0","0","1","0","","02","10","2018","6","40.490544","-80.060043","1820","11","0","0","0","0","0","1","0","0","1","0","0","0","","","0","","0","","40 29:25.959","1","0","80 03:36.155","0","0","0","0","2404","0","0","0","N","0","0","0","7","02404","0","","1.0","","1","N","N","","0","","0","0","1","0","0","N","","4","0","1","0","0","0","0","2","1","4","","","","N","","","","","","","","","",""
"2018105623","","0","0","0","0","0","0","0","0","0","0","0","","02","10","2018","2","40.323406","-79.831992","2051","11","0","0","0","0","0","0","1","0","1","0","0","0","","","0","","0","","40 19:24.260","2","0","79 49:55.170","0","0","0","0","2304","0","0","0","N","0","0","0","1","02304","0","","5.0","","1","N","N","","0","","0","0","1","0","0","N","","1","0","0","0","0","0","0","2","0","1","","","","N","","","","","","","","","",""
"2018107299","","2","0","0","0","0","0","0","0","0","4","0","","02","10","2018","1","40.355758","-79.897519","0043","11","0","0","0","0","0","1","0","0","2","0","0","0","","","2","","0","","40 21:20.729","3","0","79 53:51.067","3","0","0","0","2423","0","0","0","N","0","0","0","2","02304","0","","1.0","","1","N","N","","0","","1","0","0","0","0","N","","2","2","0","0","0","1","0","2","0","2","","","","N","","","","","","","","","",""
"2018107442","","1","0","0","0","0","0","0","0","0","4","0","","02","10","2018","1","40.433479","-79.996325","1518","11","0","0","0","0","0","0","1","0","1","0","0","0","","","0","","0","","40 26:00.526","1","3","79 59:46.770","0","0","0","0","2301","0","0","0","N","0","0","0","2","02301","0","","1.0","","1","N","N","","0","","0","0","1","0","0","Y","","2","0","0","0","0","0","0","2","0","2","","","","N","","","","","","","","","",""
"2018109420","","2","0","0","0","0","0","0","0","0","4","0","","02","10","2018","5","40.448239","-79.986874","1654","11","0","0","0","0","0","0","1","0","","0","0","0","","","0","","2","","40 26:53.660","","0","79 59:12.746","0","0","0","0","2301","0","0","0","N","0","0","0","2","02301","0","","1.0","","1","N","N","","0","","0","0","0","3","2","","","2","0","0","0","0","0","0","2","0","2","","","","N","","","","","","","","","",""
"2018104459","","1","0","0","0","0","0","0","0","0","7","0","","02","10","2018","7","40.307938","-80.090936","1323","11","0","1","0","0","0","0","0","0","","0","0","0","","","1","","0","","40 18:28.577","","0","80 05:27.368","3","0","0","0","2123","0","0","0","N","0","0","0","1","02123","0","","5.0","","9","N","N","","0","","1","0","0","0","0","","","1","1","0","0","0","0","0","2","0","1","","","","N","","","","","","","","","",""
"2018106294","","0","0","0","0","0","0","0","0","0","1","0","","02","10","2018","5","40.415608","-80.008543","1004","11","0","0","0","0","0","1","0","0","","0","0","0","","","0","","0","","40 24:56.188","","4","80 00:30.753","0","0","0","0","2301","0","0","0","N","0","0","0","2","02301","0","","1.0","","9","N","N","","0","","0","0","1","0","0","","","3","0","0","0","0","0","0","2","1","2","","","","N","","","","","","","","","",""
"2018106313","","2","0","0","0","0","0","0","0","0","5","0","","02","10","2018","6","40.501338","-80.054619","2241","11","0","0","0","0","0","0","0","0","1","0","0","0","","","0","","0","","40 30:04.815","4","0","80 03:16.630","0","0","0","0","2404","0","0","0","N","0","0","0","1","02404","0","","1.0","","1","N","N","","0","","0","0","0","0","0","N","","2","0","0","0","0","0","0","2","0","2","","","","N","","","","","","","","","",""
"2018105941","","1","0","0","0","0","0","0","0","0","1","0","","02","10","2018","3","40.448948","-79.992567","0930","11","0","0","0","0","0","0","0","0","2","0","0","0","","","0","","0","","40 26:56.214","2","3","79 59:33.240","0","0","0","0","2301","0","0","0","N","0","0","0","2","68B03","0","","1.0","","1","N","N","","0","","0","0","1","0","0","N","","2","0","0","0","0","0","0","2","0","2","","","","N","","","","","","","","","",""
"2018109793","","2","0","0","0","0","0","0","0","0","1","0","","02","10","2018","6","40.43653","-79.998674","1922","11","0","0","0","0","0","0","0","0","1","0","0","0","","","0","","2","","40 26:11.508","4","0","79 59:55.225","0","0","0","0","2301","0","0","0","N","0","0","0","2","02301","0","","1.0","","1","N","N","","0","","0","0","0","3","2","N","","2","0","0","0","0","0","0","2","0","2","","","","N","","","","","","","","","",""
"2018105625","","0","0","0","0","0","0","0","0","0","1","0","","02","10","2018","3","40.628169","-80.05586","1915","11","0","0","0","0","0","1","0","0","1","0","0","0","","","0","","0","","40 37:41.409","1","0","80 03:21.095","0","0","0","0","2216","0","0","0","N","0","0","0","2","02505","0","","1.0","","1","N","N","","0","","0","0","2","0","0","Y","","2","0","0","0","0","0","0","2","0","2","","","","N","","","","","","","","","",""
"2018107655","","3","0","0","0","0","0","0","0","0","5","1","","02","8","2018","5","40.41729","-80.056479","0707","11","0","0","0","0","0","0","0","0","1","0","1","0","","","1","","0","","40 25:02.243","3","0","80 03:23.324","8","0","0","0","2435","0","0","0","N","0","0","0","6","68B03","0","","1.0","","1","N","N","","0","","0","0","1","0","0","N","","5","1","0","0","0","1","1","2","0","5","","","","N","","","","","","","","","",""
"2018109423","","2","0","0","0","0","0","0","0","0","1","0","","02","10","2018","5","40.452873","-79.964887","1738","11","0","0","0","0","0","0","1","1","","0","0","0","","","0","","5","","40 27:10.342","","0","79 57:53.593","9","0","0","0","2301","0","0","0","N","0","0","0","6","02301","0","","1.0","","1","N","N","","0","","0","0","2","3","2","","","4","0","1","0","0","0","1","2","0","4","","","","N","","","","","","","","","",""
"2018109584","","2","0","0","0","0","0","0","0","0","2","0","","02","10","2018","5","40.463601","-79.952994","1317","11","0","0","0","0","0","0","0","0","1","0","0","0","","","2","","5","","40 27:48.963","2","0","79 57:10.778","4","0","0","0","2301","0","0","0","N","0","0","0","5","02301","1","","1.0","","1","N","N","","0","","0","0","0","3","2","N","","2","2","0","0","0","1","0","2","0","2","","","","N","","","","","","","","","",""
"2018106298","","2","0","0","0","0","0","0","0","0","1","0","","02","9","2018","7","40.398132","-80.083334","0951","11","0","0","0","0","0","1","0","0","1","0","0","0","","","0","","0","","40 23:53.276","3","0","80 05:00.002","0","0","0","0","2117","0","0","0","N","0","0","0","2","02117","0","","1.0","","1","N","N","","0","","0","0","0","0","0","N","","2","0","0","0","0","0","0","2","0","2","","","","N","","","","","","","","","",""
"2018106317","","1","0","0","0","0","0","0","0","0","7","0","","02","9","2018","6","40.540618","-79.84075","2206","11","0","0","0","0","0","1","0","0","2","0","0","0","","","1","","0","","40 32:26.225","2","0","79 50:26.700","4","0","0","0","2208","0","0","0","N","0","0","0","1","68D02","1","","4.0","","1","N","N","","0","","0","0","0","0","0","N","","1","1","0","0","0","0","0","2","0","1","","","","N","","","","","","","","","",""
"2018105629","","0","0","0","0","0","0","0","0","0","1","0","","02","9","2018","3","40.411021","-79.955515","1726","11","0","0","0","0","0","0","0","0","","0","0","0","","","0","","1","","40 24:39.676","","0","79 57:19.854","0","0","0","0","2301","0","0","0","N","0","0","0","3","02301","0","","1.0","","1","N","N","","0","","0","0","3","3","2","","","3","0","0","0","0","0","0","2","0","3","","","","N","","","","","","","","","",""
"2018107658","","1","0","0","0","0","0","0","0","0","7","0","","02","10","2018","1","40.368778","-79.970833","0013","11","0","0","0","0","0","0","0","0","1","0","0","0","","","0","","0","","40 22:07.600","4","0","79 58:15.000","0","0","0","0","2413","0","0","0","Y","0","0","0","1","02413","0","","4.0","","1","N","N","","0","","0","0","0","0","0","N","","1","0","0","0","0","0","0","2","0","1","","","","N","","","","","","","","","",""
"2018104489","","0","0","0","0","0","0","0","0","0","4","0","","02","9","2018","5","40.346","-80.147611","1727","11","0","0","0","0","0","1","0","0","1","0","0","0","","","0","","0","","40 20:45.600","6","0","80 08:51.400","0","0","0","0","2119","0","0","0","N","0","0","0","2","02119","0","","1.0","","9","N","N","","1","","0","0","0","0","0","N","","2","0","0","0","0","0","0","2","1","2","","","","N","","","","","","","","","",""
"2018109169","","2","0","0","0","0","0","0","0","0","6","0","","02","10","2018","5","40.501944","-80.073194","1220","11","0","0","0","0","0","0","0","0","2","0","0","0","","","0","","0","","40 30:07.000","","0","80 04:23.500","0","0","0","0","2402","0","0","0","N","0","0","0","2","02402","0","","1.0","","1","N","N","","0","","0","0","0","0","0","N","","2","0","1","0","0","0","0","2","0","2","","","","N","","","","","","","","","",""
"2018105599","","1","0","0","0","0","0","0","0","0","8","0","","02","10","2018","3","40.44875","-79.961598","1509","11","1","0","0","0","0","0","0","0","3","0","0","0","","","7","","0","","40 26:55.499","6","0","79 57:41.752","8","0","0","0","2301","7","0","0","N","7","0","0","9","02301","0","","5.0","","1","N","N","","0","","0","0","0","0","0","N","","8","7","0","0","0","7","0","2","0","1","","","","N","","","","","","","","","",""
"2018107306","","2","0","0","0","0","0","0","0","0","1","0","","02","10","2018","6","40.395885","-79.997811","0608","11","0","0","0","0","0","0","0","0","1","0","0","0","","","1","","0","","40 23:45.186","3","0","79 59:52.118","3","0","0","0","2301","0","0","0","N","0","0","0","6","02301","0","","1.0","","1","N","N","","0","","1","0","2","0","0","N","","4","1","0","0","0","0","0","2","0","4","","","","N","","","","","","","","","",""
"2018109170","","0","0","0","0","0","0","0","0","0","1","0","","02","10","2018","5","40.462593","-79.9749","1241","11","0","0","0","0","0","1","0","0","1","0","0","0","","","1","","0","","40 27:45.334","5","3","79 58:29.641","8","0","0","0","2301","0","0","0","N","0","0","0","2","02301","0","","1.0","","1","N","N","","0","","0","0","1","0","0","N","","2","1","0","0","0","1","0","2","1","2","","","","N","","","","","","","","","",""
"2018109601","","2","0","0","0","0","0","0","0","0","4","0","","02","10","2018","6","40.425906","-79.966129","1027","11","0","0","0","0","0","1","0","0","","0","0","0","","","0","","1","","40 25:33.260","","0","79 57:58.065","0","0","0","0","2301","0","0","0","N","0","0","0","3","02301","0","","1.0","","1","N","N","","0","","0","0","0","0","0","","","2","0","0","0","0","0","0","2","0","2","","","","N","","","","","","","","","",""
"2018104472","","2","0","0","0","0","0","0","0","0","1","0","","02","10","2018","7","40.481852","-79.952956","1511","11","0","0","0","0","0","0","0","2","","0","0","0","","","1","","0","","40 28:54.668","","0","79 57:10.640","3","0","0","0","2301","0","0","0","N","0","0","0","4","02301","0","","1.0","","9","N","N","","1","","1","0","0","3","2","","","3","1","0","0","0","0","0","2","0","3","","","","N","","","","","","","","","",""
"2018106304","","2","0","0","0","0","0","0","0","0","1","0","","02","10","2018","4","40.376694","-79.894236","1750","11","0","0","0","0","0","1","0","0","","0","0","0","","","1","","1","","40 22:36.097","","0","79 53:39.251","3","0","0","0","2473","0","0","0","N","0","0","0","5","02473","0","","1.0","","1","N","N","","0","","1","0","0","3","2","","","2","1","0","0","0","0","0","2","0","2","","","","N","","","","","","","","","",""
"2018104495","","1","0","0","0","0","0","0","0","0","1","0","","02","10","2018","7","40.417167","-79.975528","1759","11","0","0","0","0","0","0","0","0","","0","0","0","","","1","","0","","40 25:01.800","","0","79 58:31.900","8","0","0","0","2301","0","0","0","N","0","0","0","2","02301","0","","4.0","","1","N","N","","0","","0","0","1","0","0","","","2","1","0","0","0","1","0","2","0","2","","","","N","","","","","","","","","",""
"2018103920","","1","0","0","0","0","0","0","0","0","4","0","","02","10","2018","4","40.45504","-79.890423","0642","11","0","0","0","0","0","1","0","0","","0","0","0","","","1","","1","","40 27:18.145","","0","79 53:25.524","8","0","0","0","2301","0","0","0","N","0","0","0","2","02301","0","","1.0","","1","N","N","","0","","0","0","1","3","2","","","2","1","0","0","0","1","0","2","0","2","","","","N","","","","","","","","","",""