"CRN","ARRIVAL_TM","AUTOMOBILE_COUNT","BELTED_DEATH_COUNT","BELTED_SUSP_SERIOUS_INJ_COUNT","BICYCLE_COUNT","BICYCLE_DEATH_COUNT","BICYCLE_SUSP_SERIOUS_INJ_COUNT","BUS_COUNT","CHLDPAS_DEATH_COUNT","CHLDPAS_SUSP_SERIOUS_INJ_COUNT","COLLISION_TYPE","COMM_VEH_COUNT","CONS_ZONE_SPD_LIM","COUNTY","CRASH_MONTH","CRASH_YEAR","DAY_OF_WEEK","DEC_LATITUDE","DEC_LONGITUDE","DISPATCH_TM","DISTRICT","DRIVER_COUNT_16YR","DRIVER_COUNT_17YR","DRIVER_COUNT_18YR","DRIVER_COUNT_19YR","DRIVER_COUNT_20YR","DRIVER_COUNT_50_64YR","DRIVER_COUNT_65_74YR","DRIVER_COUNT_75PLUS","EST_HRS_CLOSED","FATAL_COUNT","HEAVY_TRUCK_COUNT","HORSE_BUGGY_COUNT","HOUR_OF_DAY","ILLUMINATION","INJURY_COUNT","INTERSECTION_RELATED","INTERSECT_TYPE","LANE_CLOSED","LATITUDE","LN_CLOSE_DIR","LOCATION_TYPE","LONGITUDE","MAX_SEVERITY_LEVEL","MCYCLE_DEATH_COUNT","MCYCLE_SUSP_SERIOUS_INJ_COUNT","MOTORCYCLE_COUNT","MUNICIPALITY","NONMOTR_COUNT","NONMOTR_DEATH_COUNT","NONMOTR_SUSP_SERIOUS_INJ_COUNT","NTFY_HIWY_MAINT","PED_COUNT","PED_DEATH_COUNT","PED_SUSP_SERIOUS_INJ_COUNT","PERSON_COUNT","POLICE_AGCY","POSSIBLE_INJ_COUNT","RDWY_SURF_TYPE_CD","RELATION_TO_ROAD","ROADWAY_CLEARED","ROAD_CONDITION","SCH_BUS_IND","SCH_ZONE_IND","SECONDARY_CRASH","SMALL_TRUCK_COUNT","SPEC_JURIS_CD","SUSP_MINOR_INJ_COUNT","SUSP_SERIOUS_INJ_COUNT","SUV_COUNT","TCD_FUNC_CD","TCD_TYPE","TFC_DETOUR_IND","TIME_OF_DAY","TOTAL_UNITS","TOT_INJ_COUNT","UNBELTED_OCC_COUNT","UNB_DEATH_COUNT","UNB_SUSP_SERIOUS_INJ_COUNT","UNK_INJ_DEG_COUNT","UNK_INJ_PER_COUNT","URBAN_RURAL","VAN_COUNT","VEHICLE_COUNT","WEATHER1","WEATHER2","WORKERS_PRES","WORK_ZONE_IND","WORK_ZONE_LOC","WORK_ZONE_TYPE","WZ_CLOSE_DETOUR","WZ_FLAGGER","WZ_LAW_OFFCR_IND","WZ_LN_CLOSURE","WZ_MOVING","WZ_OTHER","WZ_SHLDER_MDN","WZ_WORKERS_INJ_KILLED"
"2018107307","","0","0","0","0","0","0","0","0","0","7","0","","02","10","2018","1","40.440014","-79.96762","0257","11","0","0","0","0","0","0","0","0","","0","0","0","","","0","","2","","40 26:24.049","","0","79 58:03.431","0","0","0","0","2301","0","0","0","N","0","0","0","0","02301","0","","5.0","","1","N","N","","0","","0","0","1","3","3","","","1","0","0","0","0","0","0","2","0","1","","","","N","","","","","","","","","",""
"2018105975","","2","0","0","0","0","0","0","0","0","4","0","","02","9","2018","7","40.430394","-79.797523","1556","11","0","0","0","0","0","0","0","0","","0","0","0","","","0","","2","","40 25:49.418","","7","79 47:51.082","0","0","0","0","2446","0","0","0","N","0","0","0","6","02446","0","","9.0","","1","N","N","","0","","0","0","0","0","0","","","2","0","0","0","0","0","0","2","0","2","","","","N","","","","","","","","","",""
"2018104473","","1","0","0","0","0","0","0","0","0","1","0","","02","10","2018","7","40.465136","-79.979524","1515","11","0","0","0","0","0","0","0","0","2","0","0","0","","","1","","0","","40 27:54.489","3","0","79 58:46.285","4","0","0","0","2301","0","0","0","N","0","0","0","2","02301","1","","1.0","","9","N","N","","0","","0","0","1","0","0","N","","2","1","0","0","0","0","0","2","0","2","","","","N","","","","","","","","","",""
"2018106305","","0","0","0","0","0","0","0","0","0","8","0","","02","10","2018","5","40.450758","-80.001348","1210","11","0","0","0","0","0","0","0","0","","0","0","0","","","1","","2","","40 27:02.727","","0","80 00:04.854","8","0","0","0","2301","1","0","0","N","1","0","0","2","02301","0","","1.0","","9","N","N","","0","","0","0","1","3","2","","","2","1","0","0","0","1","0","2","0","1","","","","N","","","","","","","","","",""
"2018109624","","0","0","0","0","0","0","0","0","0","1","0","","02","10","2018","6","40.440532","-80.061286","1909","11","0","0","0","0","0","0","0","0","","0","0","0","","","0","","0","","40 26:25.916","","0","80 03:40.630","0","0","0","0","2421","0","0","0","N","0","0","0","2","02421","0","","1.0","","1","N","N","","0","","0","0","2","0","0","","","2","0","0","0","0","0","0","2","0","2","","","","N","","","","","","","","","",""
"2018103922","","2","0","0","0","0","0","0","0","0","4","0","","02","9","2018","7","40.335248","-79.890767","0008","11","0","0","0","0","0","0","0","0","2","0","0","0","","","1","","0","","40 20:06.894","1","0","79 53:26.760","8","0","0","0","2433","0","0","0","N","0","0","0","1","02433","0","","1.0","","9","N","N","","0","","0","0","0","0","0","Y","","2","1","0","0","0","1","0","2","0","2","","","","N","","","","","","","","","",""
"2018109174","","1","0","0","0","0","0","0","0","0","1","0","","02","10","2018","5","40.438792","-79.83002","1039","11","0","0","0","0","0","1","0","0","","0","0","0","","","0","","0","","40 26:19.650","","0","79 49:48.072","0","0","0","0","2419","0","0","0","N","0","0","0","2","02419","0","","1.0","","1","N","N","","0","","0","0","1","0","0","","","2","0","0","0","0","0","0","2","0","2","","","","N","","","","","","","","","",""
"2018105977","","0","0","0","0","0","0","0","0","0","4","0","","02","10","2018","4","40.418862","-80.201769","1513","11","0","1","0","0","0","0","0","0","2","0","0","0","","","0","","2","","40 25:07.902","2","0","80 12:06.368","0","0","0","0","2214","0","0","0","N","0","0","0","4","02214","0","","1.0","","1","N","N","","1","","0","0","1","0","0","N","","2","0","0","0","0","0","0","1","0","2","","","","N","","","","","","","","","",""
"2018104498","","1","0","0","0","0","0","0","0","0","4","0","","02","10","2018","7","40.355835","-79.834271","1530","11","0","0","0","0","1","0","1","0","","0","0","0","","","1","","0","","40 21:21.005","","7","79 50:03.375","3","0","0","0","2304","0","0","0","N","0","0","0","3","02304","0","","1.0","","9","N","N","","0","","1","0","1","0","0","","","3","1","3","0","0","0","0","2","1","3","","","","N","","","","","","","","","",""
"2018103926","","0","0","0","0","0","0","0","0","0","7","0","","02","10","2018","4","40.403121","-79.908332","1337","11","0","0","0","0","0","0","0","0","2","0","0","0","","","0","","1","","40 24:11.235","6","0","79 54:29.995","0","0","0","0","2438","0","0","0","N","0","0","0","1","02438","0","","2.0","","1","N","N","","1","","0","0","0","0","0","Y","","1","0","0","0","0","0","0","2","0","1","","","","N","","","","","","","","","",""
"2018107310","","0","0","0","0","0","0","0","0","0","7","1","","02","10","2018","6","40.304298","-79.996349","0549","11","0","0","0","0","0","0","0","0","","0","1","0","","","1","","0","","40 18:15.472","","7","79 59:46.856","4","0","0","0","2219","0","0","0","N","0","0","0","1","02501","1","","5.0","","1","N","N","","0","","0","0","0","0","0","","","1","1","0","0","0","0","0","2","0","1","","","","N","","","","","","","","","",""
"2018104077","","1","0","0","0","0","0","0","0","0","1","0","","02","10","2018","5","40.487462","-79.896188","1300","11","0","0","0","0","0","0","0","0","","0","0","0","","","1","","0","","40 29:14.864","","0","79 53:46.278","3","0","0","0","2301","0","0","0","N","0","0","0","5","02301","0","","1.0","","1","N","N","","2","","1","0","0","0","0","","","3","1","0","0","0","0","0","2","0","3","","","","N","","","","","","","","","",""
"2018109607","","2","0","0","0","0","0","0","0","0","1","0","","02","10","2018","6","40.436359","-79.976594","1115","11","0","0","0","0","0","0","0","0","1","0","0","0","","","0","","2","","40 26:10.894","2","0","79 58:35.738","0","0","0","0","2301","0","0","0","N","0","0","0","3","02301","0","","1.0","","1","N","N","","0","","0","0","0","0","0","N","","2","0","0","0","0","0","0","2","0","2","","","","N","","","","","","","","","",""
"2018103927","","1","0","0","0","0","0","0","0","0","7","0","","02","10","2018","6","40.433037","-80.029231","0315","11","0","0","0","0","0","0","0","0","","0","0","0","","","0","","7","","40 25:58.933","","2","80 01:45.231","0","0","0","0","2301","0","0","0","N","0","0","0","1","02301","0","","5.0","","1","N","N","","0","","0","0","0","0","0","","","1","0","0","0","0","0","0","2","0","1","","","","N","","","","","","","","","",""
"2018104079","","2","0","0","0","0","0","0","0","0","1","0","","02","10","2018","3","40.432501","-79.790363","2047","11","0","0","0","0","0","2","0","0","1","0","0","0","","","2","","2","","40 25:57.003","4","0","79 47:25.306","3","0","0","0","2446","0","0","0","N","0","0","0","3","02446","0","","1.0","","9","N","N","","0","","2","0","0","3","2","N","","2","2","0","0","0","0","0","2","0","2","","","","N","","","","","","","","","",""
"2018105960","","0","0","0","0","0","0","0","0","0","1","0","","02","10","2018","6","40.594622","-80.100223","1637","11","0","1","0","0","0","0","0","0","","0","0","0","","","0","","2","","40 35:40.639","","0","80 06:00.801","0","0","0","0","2481","0","0","0","N","0","0","0","2","02481","0","","1.0","","1","N","N","","1","","0","0","1","0","0","N","","2","0","0","0","0","0","0","2","0","2","","","","N","","","","","","","","","",""
"2018106308","","1","0","0","0","0","0","0","0","0","1","0","99","02","10","2018","5","40.505667","-79.883","1208","11","0","0","0","0","1","0","1","0","1","0","0","0","","","1","","0","","40 30:20.400","1","0","79 52:58.800","3","0","0","0","2432","0","0","0","N","0","0","0","2","02432","0","","1.0","","9","N","N","","0","","1","0","1","2","7","N","","2","1","0","0","0","0","0","2","0","2","","","Y","Y","1","1","","Y","N","","","","",""
"2018104507","","0","0","0","0","0","0","0","0","0","7","0","","02","10","2018","3","40.34913","-80.049924","2146","11","0","0","0","0","0","1","0","0","","0","0","0","","","0","","2","","40 20:56.868","","0","80 02:59.726","0","0","0","0","2407","0","0","0","N","0","0","0","1","02407","0","","3.0","","9","N","N","","1","","0","0","0","3","2","","","1","0","0","0","0","0","0","2","0","1","","","","N","","","","","","","","","",""
"2018105646","","0","0","0","0","0","0","0","0","0","7","0","","02","10","2018","1","40.560611","-79.896417","1450","11","0","0","0","0","0","0","0","0","2","0","0","0","","","1","","0","","40 33:38.200","7","0","79 53:47.100","4","0","0","0","2209","0","0","0","N","0","0","0","1","02209","1","","5.0","","1","N","N","","0","","0","0","1","0","0","Y","","1","1","0","0","0","0","0","2","0","1","","","","N","","","","","","","","","",""
"2018109320","","0","0","0","0","0","0","0","0","0","6","0","","02","10","2018","5","40.46452","-79.930097","1554","11","0","0","0","1","0","2","0","0","1","0","0","0","","","0","","1","","40 27:52.271","2","0","79 55:48.349","9","0","0","0","2301","0","0","0","N","0","0","0","4","02301","0","","1.0","","1","N","N","","0","","0","0","3","3","3","N","","4","0","0","0","0","0","4","2","1","4","","","","N","","","","","","","","","",""
"2018104321","","1","0","0","0","0","0","0","0","0","4","0","","02","10","2018","7","40.463757","-79.923792","0135","11","0","0","0","0","0","0","0","0","","0","0","0","","","1","","1","","40 27:49.524","","0","79 55:25.651","4","0","0","0","2301","0","0","0","N","0","0","0","2","02301","1","","1.0","","1","N","N","","0","","0","0","1","2","1","","","2","1","0","0","0","0","0","2","0","2","","","","N","","","","","","","","","",""
"2018107477","","1","0","0","0","0","0","0","0","0","4","0","","02","10","2018","2","40.34837","-79.944808","1824","11","0","0","0","0","0","1","0","1","5","0","0","0","","","0","","1","","40 20:54.133","4","0","79 56:41.310","0","0","0","0","2473","0","0","0","N","0","0","0","2","02473","0","","1.0","","1","N","N","","0","","0","0","1","3","2","N","","2","0","0","0","0","0","0","2","0","2","","","","N","","","","","","","","","",""
"2018109453","","1","0","0","0","0","0","0","0","0","4","0","","02","10","2018","4","40.544114","-80.192911","1528","11","0","0","0","0","0","0","0","0","","0","0","0","","","0","","1","","40 32:38.809","","0","80 11:34.478","0","0","0","0","2427","0","0","0","N","0","0","0","5","02427","0","","1.0","","1","N","N","","0","","0","0","1","3","2","","","2","0","0","0","0","0","0","2","0","2","","","","N","","","","","","","","","",""
"2018104323","","1","0","0","0","0","0","0","0","0","4","0","","02","10","2018","7","40.464972","-79.931389","0128","11","0","0","0","0","0","0","0","0","","0","0","0","","","0","","0","","40 27:53.900","","0","79 55:53.000","0","0","0","0","2301","0","0","0","N","0","0","0","3","02301","0","","1.0","","1","N","N","","0","","0","0","1","0","0","","","2","0","0","0","0","0","0","2","0","2","","","","N","","","","","","","","","",""
"2018104089","","0","0","0","0","0","0","0","0","0","8","0","","02","10","2018","5","40.456356","-79.896185","2231","11","0","0","0","0","0","0","0","0","","0","0","0","","","1","","0","","40 27:22.882","","0","79 53:46.265","3","0","0","0","2301","1","0","0","N","1","0","0","2","02301","0","","1.0","","1","N","N","","0","","1","0","1","0","0","","","2","1","0","0","0","0","1","2","0","1","","","","N","","","","","","","","","",""
"2018109658","","0","0","0","0","0","0","0","0","0","2","0","55","02","10","2018","7","40.596727","-79.770256","1046","11","0","0","0","0","0","0","1","0","","0","0","0","","","6","","0","","40 35:48.217","","0","79 46:12.922","4","0","0","0","2104","0","0","0","N","0","0","0","9","68D02","6","","1.0","","9","N","N","","0","","0","0","3","0","0","","","3","6","0","0","0","0","0","1","0","3","","","Y","Y","4","1","N","N","N","Y","N","N","N",""
"2018107491","","1","0","0","0","0","0","0","0","0","8","0","","02","10","2018","1","40.442473","-79.995807","1956","11","0","0","0","0","0","0","0","0","2","0","0","0","","","1","","1","","40 26:32.904","2","0","79 59:44.905","3","0","0","0","2301","1","0","0","N","1","0","0","2","02301","0","","1.0","","1","N","N","","0","","1","0","0","2","2","Y","","2","1","0","0","0","0","0","2","0","1","","","","N","","","","","","","","","",""
"2018107516","","1","0","0","0","0","0","0","0","0","5","0","","02","10","2018","1","40.338702","-79.848411","2056","11","0","0","0","0","0","0","0","0","","0","0","0","","","1","","1","","40 20:19.327","","0","79 50:54.279","4","0","0","0","2304","0","0","0","N","0","0","0","3","02304","1","","1.0","","1","N","N","","0","","0","0","1","3","3","","","2","1","0","0","0","0","0","2","0","2","","","","N","","","","","","","","","",""
"2018107179","","0","0","0","0","0","0","0","0","0","99","0","","02","10","2018","4","40.312267","-79.910265","0827","11","0","0","0","0","0","1","0","0","","0","0","0","","","0","","0","","40 18:44.160","","0","79 54:36.953","0","0","0","0","2440","0","0","0","N","0","0","0","1","02440","0","","1.0","","9","N","N","","0","","0","0","1","0","0","","","1","0","0","0","0","0","0","2","0","1","","","","N","","","","","","","","","",""
"2018104332","","1","0","0","0","0","0","0","0","0","1","0","","02","10","2018","7","40.453688","-79.911859","0045","11","0","0","0","0","0","1","0","0","","0","0","0","","","1","","0","","40 27:13.278","","0","79 54:42.692","3","0","0","0","2301","0","0","0","N","0","0","0","2","02301","0","","1.0","","1","N","N","","0","","1","0","1","0","0","","","2","1","0","0","0","0","0","2","0","2","","","","N","","","","","","","","","",""
"2018106193","","2","0","0","0","0","0","0","0","0","5","0","","02","10","2018","5","40.428056","-79.929222","0437","11","0","0","0","0","0","0","1","0","","0","0","0","","","0","","0","","40 25:41.000","","0","79 55:45.200","0","0","0","0","2301","0","0","0","N","0","0","0","1","02301","0","","2.0","","9","N","N","","0","","0","0","0","0","0","","","2","0","0","0","0","0","0","2","0","2","","","","N","","","","","","","","","",""
"2018105849","","1","0","0","0","0","0","0","0","0","4","0","","02","10","2018","3","40.514005","-79.954373","1347","11","0","0","0","0","0","1","0","1","1","0","0","0","","","0","","0","","40 30:50.417","3","0","79 57:15.741","0","0","0","0","2118","0","0","0","N","0","0","0","2","02118","0","","5.0","","1","N","N","","1","","0","0","0","0","0","N","","2","0","0","0","0","0","0","2","0","2","","","","N","","","","","","","","","",""
"2018107698","","0","0","0","0","0","0","0","0","0","1","0","","02","10","2018","5","40.433223","-79.731508","1255","11","0","0","0","0","0","0","1","0","","0","0","0","","","1","","0","","40 25:59.602","","0","79 43:53.428","3","0","0","0","2446","0","0","0","N","0","0","0","3","02446","0","","1.0","","1","N","N","","0","","1","0","3","3","2","","","3","1","0","0","0","0","0","2","0","3","","","","N","","","","","","","","","",""
"2018104333","","1","0","0","0","0","0","0","0","0","2","0","","02","10","2018","7","40.460882","-79.915177","0345","11","0","0","0","0","0","0","0","0","","0","0","0","","","0","","2","","40 27:39.175","","0","79 54:54.637","0","0","0","0","2301","0","0","0","N","0","0","0","2","02301","0","","1.0","","1","N","N","","1","","0","0","0","0","0","","","2","0","2","0","0","0","0","2","0","2","","","","N","","","","","","","","","",""
"2018107870","","1","0","0","0","0","0","0","0","0","4","0","","02","10","2018","2","40.445944","-79.84844","1230","11","0","0","0","0","0","0","2","0","","0","0","0","","","1","","1","","40 26:45.400","","0","79 50:54.384","3","0","0","0","2419","0","0","0","N","0","0","0","2","02419","0","","1.0","","9","N","N","","0","","1","0","1","3","2","","","2","1","0","0","0","0","0","2","0","2","","","","N","","","","","","","","","",""
"2018107181","","1","0","0","0","0","0","0","0","0","1","0","","02","10","2018","7","40.352997","-79.917268","1458","11","0","1","0","0","0","1","0","0","1","0","0","0","","","1","","2","","40 21:10.788","6","0","79 55:02.166","8","0","0","0","2473","0","0","0","N","0","0","0","2","02473","0","","1.0","","1","N","N","","0","","0","0","1","1","2","N","","2","1","0","0","0","1","0","2","0","2","","","","N","","","","","","","","","",""
"2018107333","","2","0","0","0","0","0","0","0","0","1","0","","02","10","2018","3","40.414732","-79.765199","1258","11","0","0","0","0","0","0","0","0","","0","0","0","","","1","","2","","40 24:53.035","","0","79 45:54.716","3","0","0","0","2446","0","0","0","N","0","0","0","2","02446","0","","1.0","","1","N","N","","0","","1","0","0","0","0","","","2","1","0","0","0","0","0","2","0","2","","","","N","","","","","","","","","",""
"2018107499","","1","0","0","0","0","0","0","0","0","6","0","","02","10","2018","1","40.383389","-79.977167","1920","11","0","0","0","0","0","1","0","0","1","0","0","0","","","0","","0","","40 23:00.200","5","0","79 58:37.800","0","0","0","0","2413","0","0","0","N","0","0","0","2","02413","0","","1.0","","1","N","N","","1","","0","0","0","0","0","Y","","2","0","1","0","0","0","0","2","0","2","","","","N","","","","","","","","","",""
"2018107703","","0","0","0","0","0","0","0","0","0","8","0","","02","10","2018","2","40.449839","-79.929647","0716","11","0","0","0","0","0","1","0","0","1","0","0","0","","","1","","1","","40 26:59.420","4","0","79 55:46.729","3","0","0","0","2301","1","0","0","N","1","0","0","2","02301","0","","1.0","","9","N","N","","0","","1","0","1","3","2","Y","","2","1","0","0","0","0","0","2","0","1","","","","N","","","","","","","","","",""
"2018109460","","2","0","0","0","0","0","0","0","0","1","0","","02","10","2018","5","40.463538","-79.980832","2009","11","0","1","1","0","0","0","0","0","1","0","0","0","","","0","","6","","40 27:48.736","2","0","79 58:50.995","0","0","0","0","2301","0","0","0","N","0","0","0","3","02301","0","","1.0","","1","N","N","","0","","0","0","1","0","0","N","","3","0","0","0","0","0","0","2","0","3","","","","N","","","","","","","","","",""
"2018103776","","1","0","0","0","0","0","0","0","0","7","0","","02","10","2018","5","40.409827","-79.961459","1906","11","0","0","0","0","0","1","0","0","3","0","0","0","","","0","","0","","40 24:35.377","3","0","79 57:41.253","0","0","0","0","2403","0","0","0","N","0","0","0","1","02403","0","","5.0","","3","N","N","","0","","0","0","0","0","0","N","","1","0","0","0","0","0","0","2","0","1","","","","N","","","","","","","","","",""
"2018107338","","1","0","0","0","0","0","0","0","0","1","0","30","02","10","2018","2","40.272669","-79.885207","1523","11","0","0","0","0","0","0","0","0","","0","0","0","","","0","","0","","40 16:21.609","","3","79 53:06.745","0","0","0","0","2428","0","0","0","N","0","0","0","3","02428","0","","1.0","","1","N","N","","2","","0","0","0","3","8","","","3","0","1","0","0","0","0","2","0","3","","","Y","Y","4","1","","","N","Y","","","",""
"2018107527","","3","0","0","0","0","0","0","0","0","1","0","","02","10","2018","1","40.40325","-79.99125","2050","11","0","0","0","0","0","0","0","0","1","0","0","0","","","0","","0","","40 24:11.700","4","0","79 59:28.500","0","0","0","0","2301","0","0","0","N","0","0","0","2","02301","0","","1.0","","1","N","N","","0","","0","0","0","0","0","N","","3","0","0","0","0","0","0","2","0","3","","","","N","","","","","","","","","",""
"2018107706","","1","0","0","0","0","0","0","0","0","4","0","","02","10","2018","7","40.57662","-80.222546","1130","11","0","1","0","0","0","0","0","0","2","0","0","0","","","0","","2","","40 34:35.833","5","0","80 13:21.166","0","0","0","0","2441","0","0","0","N","0","0","0","3","02441","0","","1.0","","1","N","N","","0","","0","0","1","3","2","N","","2","0","0","0","0","0","0","2","0","2","","","","N","","","","","","","","","",""
"2018104532","","3","0","0","0","0","0","0","0","0","7","0","","02","10","2018","7","40.409119","-79.901939","0516","11","0","0","0","0","0","1","0","0","","0","0","0","","","1","","0","","40 24:32.828","","0","79 54:06.980","3","0","0","0","2448","0","0","0","N","0","0","0","7","02448","0","","5.0","","1","N","N","","0","","1","0","1","0","0","","","4","1","1","0","0","0","0","2","0","4","","","","N","","","","","","","","","",""
"2018106176","","0","0","0","0","0","0","0","0","0","5","0","","02","9","2018","1","40.272122","-79.897348","1226","11","0","0","0","0","0","0","1","0","1","0","0","0","","","1","","1","","40 16:19.639","5","0","79 53:50.454","3","0","0","0","2471","0","0","0","N","0","0","0","3","02428","0","","1.0","","1","N","N","","1","","1","0","1","0","0","N","","2","1","0","0","0","0","0","2","0","2","","","","N","","","","","","","","","",""
"2018107194","","0","0","0","0","0","0","0","0","0","7","0","","02","10","2018","7","40.324219","-80.115973","1245","11","0","0","0","0","0","1","0","0","2","0","0","0","","","1","","0","","40 19:27.188","5","0","80 06:57.501","8","0","0","0","2119","0","0","0","N","0","0","0","1","02119","0","","5.0","","1","N","N","","0","","0","0","1","0","0","N","","1","1","0","0","0","1","0","2","0","1","","","","N","","","","","","","","","",""
"2018107530","","0","0","0","0","0","0","0","0","0","7","0","","02","10","2018","1","40.445806","-80.012139","0308","11","0","0","0","0","0","0","0","0","","0","0","0","","","1","","0","","40 26:44.900","","0","80 00:43.700","3","0","0","0","2301","0","0","0","N","0","0","0","1","02301","0","","4.0","","1","N","N","","0","","1","0","1","0","0","","","1","1","0","0","0","0","0","2","0","1","","","","N","","","","","","","","","",""
"2018109469","","2","0","0","0","0","0","0","0","0","4","0","","02","10","2018","6","40.604387","-79.757377","0123","11","0","0","0","1","0","0","0","0","1","0","0","0","","","0","","2","","40 36:15.794","4","0","79 45:26.558","0","0","0","0","2464","0","0","0","N","0","0","0","5","02464","0","","1.0","","1","N","N","","0","","0","0","0","3","2","N","","2","0","0","0","0","0","0","2","0","2","","","","N","","","","","","","","","",""
"2018103961","","1","0","0","0","0","0","0","0","0","8","0","","02","10","2018","6","40.489531","-80.018344","0817","11","0","0","0","0","0","0","1","0","","0","0","0","","","1","","5","","40 29:22.311","","0","80 01:06.040","8","0","0","0","2301","2","0","0","N","2","0","0","3","02301","0","","1.0","","1","N","N","","0","","0","0","0","0","0","","","3","1","0","0","0","1","0","2","0","1","","","","N","","","","","","","","","",""
"2018105835","","3","0","0","0","0","0","0","0","0","1","0","","02","10","2018","4","40.454446","-79.711317","0731","11","0","0","0","0","0","2","0","0","","0","0","0","","","0","","0","","40 27:16.005","","0","79 42:40.742","0","0","0","0","2466","0","0","0","N","0","0","0","3","02466","0","","1.0","","1","N","N","","0","","0","0","0","0","0","","","3","0","0","0","0","0","0","2","0","3","","","","N","","","","","","","","","",""
"2018107531","","3","0","0","0","0","0","0","0","0","1","0","","02","10","2018","1","40.475306","-79.959833","0057","11","0","0","0","0","0","0","0","0","","0","0","0","","","0","","2","","40 28:31.100","","0","79 57:35.400","0","0","0","0","2301","0","0","0","N","0","0","0","1","02301","0","","1.0","","1","N","N","","0","","0","0","1","0","0","","","4","0","0","0","0","0","0","2","0","4","","","","N","","","","","","","","","",""
"2018109520","","4","0","0","0","0","0","0","0","0","1","0","","02","10","2018","6","40.425806","-80.008139","0246","11","0","0","0","0","0","0","0","0","1","0","0","0","","","1","","0","","40 25:32.900","5","0","80 00:29.300","3","0","0","0","2301","0","0","0","N","0","0","0","1","02301","0","","6.0","","1","N","N","","0","","1","0","1","0","0","N","","5","1","0","0","0","0","0","2","0","5","","","","N","","","","","","","","","",""
"2018103787","","2","0","0","0","0","0","0","0","0","4","0","","02","10","2018","4","40.437919","-79.99102","2039","11","0","0","0","0","0","0","0","0","1","0","0","0","","","2","","1","","40 26:16.507","5","0","79 59:27.672","8","0","0","0","2301","0","0","0","N","0","0","0","2","02301","0","","1.0","","1","N","N","","0","","0","0","0","3","2","Y","","2","2","0","0","0","2","0","2","0","2","","","","N","","","","","","","","","",""
"2018109068","","1","0","0","0","0","0","0","0","0","7","0","","02","10","2018","5","40.459254","-80.026399","0014","11","0","0","0","0","0","0","0","0","","0","0","0","","","0","","11","","40 27:33.314","","0","80 01:35.036","9","0","0","0","2301","0","0","0","N","0","0","0","1","02301","0","","5.0","","1","N","N","","0","","0","0","0","0","0","","","1","0","0","0","0","0","1","2","0","1","","","","N","","","","","","","","","",""
"2018109264","","0","0","0","0","0","0","0","0","0","1","0","30","02","10","2018","4","40.276246","-79.890879","1702","11","0","0","0","0","0","0","0","0","","0","0","0","","","0","","0","","40 16:34.484","","8","79 53:27.165","0","0","0","0","2428","0","0","0","N","0","0","0","2","02428","0","","1.0","","1","N","N","","1","","0","0","1","0","0","","","2","0","0","0","0","0","0","2","0","2","","","Y","Y","4","1","","","N","Y","","","",""
"2018109471","","0","0","0","0","0","0","0","0","0","4","0","","02","10","2018","3","40.337859","-79.80909","1912","11","0","0","0","0","0","0","0","0","","0","0","0","","","0","","0","","40 20:16.292","","7","79 48:32.723","0","0","0","0","2477","0","0","0","N","0","0","0","2","02477","0","","1.0","","1","N","N","","1","","0","0","1","0","0","","","2","0","0","0","0","0","0","2","0","2","","","","N","","","","","","","","","",""
"2018106185","","2","0","0","0","0","0","0","0","0","5","0","","02","10","2018","5","40.423784","-79.977641","0135","11","0","0","0","0","0","0","0","0","1","0","0","0","","","0","","2","","40 25:25.623","2","0","79 58:39.508","0","0","0","0","2301","0","0","0","N","0","0","0","1","02301","0","","4.0","","1","N","N","","0","","0","0","0","0","0","N","","2","0","0","0","0","0","0","2","0","2","","","","N","","","","","","","","","",""
"2018106237","","1","0","0","0","0","0","0","0","0","4","0","","02","10","2018","4","40.511945","-79.875223","1403","11","0","0","0","0","0","1","0","0","","0","0","0","","","1","","0","","40 30:43.003","","0","79 52:30.802","3","0","0","0","2432","0","0","0","N","0","0","0","2","02432","0","","1.0","","1","N","N","","1","","1","0","0","0","0","","","2","1","0","0","0","0","0","2","0","2","","","","N","","","","","","","","","",""
"2018104538","","2","0","0","0","0","0","0","0","0","4","0","","02","10","2018","7","40.447154","-79.895123","2303","11","0","0","0","0","0","0","0","0","2","0","0","0","","","1","","1","","40 26:49.753","4","0","79 53:42.442","3","0","0","0","2301","0","0","0","N","0","0","0","4","02301","0","","1.0","","1","N","N","","0","","1","0","0","3","2","N","","2","1","0","0","0","0","0","2","0","2","","","","N","","","","","","","","","",""
"2018103789","","2","0","0","0","0","0","0","0","0","4","0","","02","10","2018","4","40.435128","-79.956419","2212","11","0","0","0","0","0","0","0","0","","0","0","0","","","0","","1","","40 26:06.460","","0","79 57:23.109","0","0","0","0","2301","0","0","0","N","0","0","0","3","02301","0","","1.0","","1","N","N","","0","","0","0","0","3","2","","","2","0","0","0","0","0","0","2","0","2","","","","N","","","","","","","","","",""
"2018105866","","1","0","0","0","0","0","0","0","0","4","0","","02","10","2018","4","40.444165","-80.028125","1024","11","0","0","0","0","0","1","0","0","","0","0","0","","","0","","5","","40 26:38.994","","0","80 01:41.250","0","0","0","0","2301","0","0","0","N","0","0","0","3","02301","0","","1.0","","1","N","N","","1","","0","0","0","3","1","","","2","0","0","0","0","0","0","2","0","2","","","","N","","","","","","","","","",""