"CRN","ARRIVAL_TM","AUTOMOBILE_COUNT","BELTED_DEATH_COUNT","BELTED_SUSP_SERIOUS_INJ_COUNT","BICYCLE_COUNT","BICYCLE_DEATH_COUNT","BICYCLE_SUSP_SERIOUS_INJ_COUNT","BUS_COUNT","CHLDPAS_DEATH_COUNT","CHLDPAS_SUSP_SERIOUS_INJ_COUNT","COLLISION_TYPE","COMM_VEH_COUNT","CONS_ZONE_SPD_LIM","COUNTY","CRASH_MONTH","CRASH_YEAR","DAY_OF_WEEK","DEC_LATITUDE","DEC_LONGITUDE","DISPATCH_TM","DISTRICT","DRIVER_COUNT_16YR","DRIVER_COUNT_17YR","DRIVER_COUNT_18YR","DRIVER_COUNT_19YR","DRIVER_COUNT_20YR","DRIVER_COUNT_50_64YR","DRIVER_COUNT_65_74YR","DRIVER_COUNT_75PLUS","EST_HRS_CLOSED","FATAL_COUNT","HEAVY_TRUCK_COUNT","HORSE_BUGGY_COUNT","HOUR_OF_DAY","ILLUMINATION","INJURY_COUNT","INTERSECTION_RELATED","INTERSECT_TYPE","LANE_CLOSED","LATITUDE","LN_CLOSE_DIR","LOCATION_TYPE","LONGITUDE","MAX_SEVERITY_LEVEL","MCYCLE_DEATH_COUNT","MCYCLE_SUSP_SERIOUS_INJ_COUNT","MOTORCYCLE_COUNT","MUNICIPALITY","NONMOTR_COUNT","NONMOTR_DEATH_COUNT","NONMOTR_SUSP_SERIOUS_INJ_COUNT","NTFY_HIWY_MAINT","PED_COUNT","PED_DEATH_COUNT","PED_SUSP_SERIOUS_INJ_COUNT","PERSON_COUNT","POLICE_AGCY","POSSIBLE_INJ_COUNT","RDWY_SURF_TYPE_CD","RELATION_TO_ROAD","ROADWAY_CLEARED","ROAD_CONDITION","SCH_BUS_IND","SCH_ZONE_IND","SECONDARY_CRASH","SMALL_TRUCK_COUNT","SPEC_JURIS_CD","SUSP_MINOR_INJ_COUNT","SUSP_SERIOUS_INJ_COUNT","SUV_COUNT","TCD_FUNC_CD","TCD_TYPE","TFC_DETOUR_IND","TIME_OF_DAY","TOTAL_UNITS","TOT_INJ_COUNT","UNBELTED_OCC_COUNT","UNB_DEATH_COUNT","UNB_SUSP_SERIOUS_INJ_COUNT","UNK_INJ_DEG_COUNT","UNK_INJ_PER_COUNT","URBAN_RURAL","VAN_COUNT","VEHICLE_COUNT","WEATHER1","WEATHER2","WORKERS_PRES","WORK_ZONE_IND","WORK_ZONE_LOC","WORK_ZONE_TYPE","WZ_CLOSE_DETOUR","WZ_FLAGGER","WZ_LAW_OFFCR_IND","WZ_LN_CLOSURE","WZ_MOVING","WZ_OTHER","WZ_SHLDER_MDN","WZ_WORKERS_INJ_KILLED"
"2018107715","","0","0","0","0","0","0","0","0","0","7","0","","02","10","2018","2","40.435965","-79.994703","0758","11","0","0","0","0","0","0","0","0","2","0","0","0","","","1","","0","","40 26:09.475","1","2","79 59:40.932","3","0","0","0","2301","0","0","0","N","0","0","0","1","02301","0","","2.0","","9","N","N","","0","","1","0","1","0","0","N","","1","1","0","0","0","0","0","2","0","1","","","","N","","","","","","","","","",""
"2018106189","","1","0","0","0","0","0","0","0","0","4","0","","02","10","2018","5","40.458667","-79.907972","0400","11","0","0","0","0","1","0","0","0","1","0","0","0","","","2","","1","","40 27:31.202","6","0","79 54:28.700","2","0","0","0","2301","0","0","0","N","0","0","0","4","02301","0","","1.0","","1","N","N","","0","","0","1","0","3","2","Y","","2","2","0","0","0","1","0","2","1","2","","","","N","","","","","","","","","",""
"2018109726","","1","0","0","0","0","0","0","0","0","7","0","","02","10","2018","5","40.331056","-79.892417","1236","11","0","0","0","0","0","0","1","0","1","0","0","0","","","2","","0","","40 19:51.800","1","0","79 53:32.700","3","0","0","0","2433","0","0","0","N","0","0","0","2","02433","0","","4.0","","1","N","N","","0","","1","0","0","3","3","N","","1","2","0","0","0","1","0","2","0","1","","","","N","","","","","","","","","",""
"2018104205","","2","0","0","0","0","0","0","0","0","1","0","","02","10","2018","5","40.465951","-80.113187","1803","11","0","0","0","0","1","1","0","0","","0","0","0","","","0","","2","","40 27:57.423","","0","80 06:47.473","0","0","0","0","2115","0","0","0","N","0","0","0","2","02115","0","","1.0","","9","N","N","","0","","0","0","0","3","3","","","2","0","0","0","0","0","0","2","0","2","","","","N","","","","","","","","","",""
"2018107717","","1","0","0","0","0","0","0","0","0","4","0","","02","10","2018","6","40.642184","-79.938391","1331","11","0","0","0","0","1","0","0","1","","0","0","0","","","1","","1","","40 38:31.862","","7","79 56:18.208","3","0","0","0","2217","0","0","0","N","0","0","0","2","02505","0","","1.0","","1","N","N","","0","","1","0","1","3","3","","","2","1","0","0","0","0","0","2","0","2","","","","N","","","","","","","","","",""
"2018109076","","0","0","0","0","0","0","0","0","0","7","0","","02","10","2018","5","40.461134","-79.870203","0234","11","0","0","0","0","0","0","0","0","","0","0","0","","","0","","1","","40 27:40.084","","0","79 52:12.731","0","0","0","0","2301","0","0","0","N","0","0","0","1","02301","0","","2.0","","1","N","N","","0","","0","0","1","3","2","","","1","0","0","0","0","0","0","2","0","1","","","","N","","","","","","","","","",""
"2018109242","","0","0","0","0","0","0","0","0","0","4","0","","02","10","2018","4","40.46825","-80.21325","1637","11","0","0","0","0","0","0","0","0","2","0","0","0","","","1","","0","","40 28:05.700","3","0","80 12:47.700","4","0","0","0","2203","0","0","0","N","0","0","0","2","02203","1","","1.0","","1","N","N","","0","","0","0","2","3","3","N","","2","1","0","0","0","0","0","2","0","2","","","","N","","","","","","","","","",""
"2018105879","","1","0","0","0","0","0","0","0","0","4","0","","02","10","2018","2","40.544528","-80.004583","1339","11","0","0","0","0","0","0","0","0","","0","0","0","","","0","","0","","40 32:40.300","","7","80 00:16.500","0","0","0","0","2116","0","0","0","N","0","0","0","3","02116","0","","1.0","","1","N","N","","1","","0","0","0","0","0","","","2","0","0","0","0","0","0","2","0","2","","","","N","","","","","","","","","",""
"2018109729","","1","0","0","0","0","0","0","0","0","1","0","","02","10","2018","5","40.517917","-80.091583","0709","11","0","0","0","0","0","0","0","0","","0","0","0","","","0","","0","","40 31:04.500","","0","80 05:29.700","0","0","0","0","2211","0","0","0","N","0","0","0","2","02215","0","","1.0","","1","N","N","","1","","0","0","0","0","0","","","2","0","0","0","0","0","0","2","0","2","","","","N","","","","","","","","","",""
"2018106411","","2","0","0","0","0","0","0","0","0","4","0","","02","10","2018","4","40.466429","-80.105687","2135","11","0","0","0","0","0","2","0","0","2","0","0","0","","","0","","0","","40 27:59.146","4","0","80 06:20.473","0","0","0","0","2126","0","0","0","N","0","0","0","2","02126","0","","1.0","","1","N","N","","0","","0","0","0","0","0","N","","2","0","0","0","0","0","0","2","0","2","","","","N","","","","","","","","","",""
"2018109077","","2","0","0","0","0","0","0","0","0","1","0","","02","10","2018","4","40.460799","-79.915756","2340","11","0","0","0","0","0","0","1","0","","0","0","0","","","0","","1","","40 27:38.876","","0","79 54:56.721","0","0","0","0","2301","0","0","0","N","0","0","0","2","02301","0","","1.0","","1","N","N","","0","","0","0","0","3","2","","","2","0","0","0","0","0","0","2","0","2","","","","N","","","","","","","","","",""
"2018103980","","1","0","0","0","0","0","0","0","0","4","0","","02","10","2018","5","40.532909","-79.958751","1517","11","0","0","0","0","0","0","1","1","1","0","0","0","","","0","","0","","40 31:58.471","5","0","79 57:31.504","0","0","0","0","2118","0","0","0","N","0","0","0","2","02118","0","","1.0","","1","N","N","","0","","0","0","1","0","0","N","","2","0","0","0","0","0","0","2","0","2","","","","N","","","","","","","","","",""
"2018105883","","1","0","0","0","0","0","0","0","0","4","0","","02","10","2018","4","40.593915","-79.97034","0739","11","0","0","1","0","0","0","0","0","","0","0","0","","","1","","1","","40 35:38.094","","0","79 58:13.224","8","0","0","0","2207","0","0","0","N","0","0","0","2","02207","0","","1.0","","1","N","N","","0","","0","0","1","3","2","N","","2","1","0","0","0","1","0","2","0","2","","","","N","","","","","","","","","",""
"2018106011","","2","0","0","0","0","0","0","0","0","1","0","45","02","10","2018","4","40.464196","-80.194597","1850","11","0","0","0","0","0","0","0","0","","0","0","0","","","0","","6","","40 27:51.107","","2","80 11:40.549","0","0","0","0","2213","0","0","0","N","0","0","0","7","02213","0","","1.0","","1","N","N","","0","","0","0","0","0","0","","","2","0","0","0","0","0","0","2","0","2","","","N","Y","4","1","N","N","N","N","N","Y","N",""
"2018104379","","1","0","0","0","0","0","0","0","0","4","0","","02","10","2018","7","40.424744","-79.973414","1113","11","0","0","0","0","0","0","0","0","1","0","0","0","","","0","","2","","40 25:29.078","1","0","79 58:24.290","0","0","0","0","2301","0","0","0","N","0","0","0","2","02301","0","","1.0","","1","N","N","","0","","0","0","0","3","3","N","","2","0","1","0","0","0","0","2","1","2","","","","N","","","","","","","","","",""
"2018107750","","1","0","0","0","0","0","0","0","0","1","0","","02","10","2018","2","40.458431","-79.999354","0911","11","0","0","0","0","0","0","1","0","","0","0","0","","","1","","6","","40 27:30.350","","2","79 59:57.675","3","0","0","0","2301","0","0","0","N","0","0","0","2","02301","0","","1.0","","9","N","N","","0","","1","0","1","3","3","","","2","1","0","0","0","0","0","2","0","2","","","","N","","","","","","","","","",""
"2018106254","","1","0","0","0","0","0","0","0","0","2","0","","02","10","2018","5","40.435924","-79.995271","0810","11","0","0","0","0","0","0","0","0","","0","0","0","","","0","","2","","40 26:09.328","","1","79 59:42.977","0","0","0","0","2301","0","0","0","N","0","0","0","3","02301","0","","1.0","","9","N","N","","0","","0","0","1","3","2","","","2","0","0","0","0","0","0","2","0","2","","","","N","","","","","","","","","",""
"2018106415","","1","0","0","0","0","0","0","0","0","4","0","","02","9","2018","6","40.374824","-80.115185","1527","11","0","0","0","0","0","2","0","0","","0","0","0","","","1","","1","","40 22:29.367","","0","80 06:54.667","3","0","0","0","2102","0","0","0","N","0","0","0","2","02102","0","","1.0","","1","N","N","","0","","1","0","1","3","2","","","2","1","0","0","0","0","0","2","0","2","","","","N","","","","","","","","","",""
"2018108914","","1","0","0","0","0","0","0","0","0","4","0","","02","10","2018","3","40.435686","-79.770981","1815","11","0","0","0","0","0","0","1","0","1","0","0","0","","","3","","0","","40 26:08.470","3","7","79 46:15.530","8","0","0","0","2446","0","0","0","N","0","0","0","6","02446","0","","1.0","","1","N","N","","1","","0","0","1","3","2","N","","3","3","0","0","0","3","0","2","0","3","","","","N","","","","","","","","","",""
"2018104382","","1","0","0","0","0","0","0","0","0","5","0","","02","10","2018","7","40.45823","-79.838019","1127","11","0","0","0","0","0","0","0","0","","0","0","0","","","0","","0","","40 27:29.628","","0","79 50:16.867","0","0","0","0","2113","0","0","0","N","0","0","0","1","02113","0","","1.0","","1","N","N","","0","","0","0","1","0","0","","","2","0","1","0","0","0","0","2","0","2","","","","N","","","","","","","","","",""
"2018108916","","1","0","0","0","0","0","0","0","0","4","0","","02","10","2018","2","40.453452","-79.931789","1725","11","0","0","0","0","0","1","0","1","","0","0","0","","","0","","1","","40 27:12.427","","0","79 55:54.440","9","0","0","0","2301","0","0","0","N","0","0","0","2","02301","0","","1.0","","9","N","N","","0","","0","0","1","3","3","","","2","0","0","0","0","0","1","2","0","2","","","","N","","","","","","","","","",""
"2018107219","","3","0","0","0","0","0","0","0","0","5","0","","02","10","2018","4","40.673416","-80.098407","1132","11","0","0","0","0","0","2","0","0","1","0","0","0","","","0","","1","","40 40:24.298","1","0","80 05:54.266","0","0","0","0","2212","0","0","0","N","0","0","0","4","02505","0","","1.0","","1","N","N","","1","","0","0","0","3","2","N","","4","0","0","0","0","0","0","2","0","4","","","","N","","","","","","","","","",""
"2018104216","","0","0","0","0","0","0","0","0","0","8","0","","02","10","2018","6","40.439981","-79.957567","1529","11","0","0","0","0","0","0","0","0","","0","0","0","","","1","","1","","40 26:23.931","","0","79 57:27.241","3","0","0","0","2301","1","0","0","N","1","0","0","2","02301","0","","1.0","","1","N","N","","0","","1","0","1","3","3","","","2","1","0","0","0","0","0","2","0","1","","","","N","","","","","","","","","",""
"2018106267","","1","0","0","0","0","0","0","0","0","4","0","","02","10","2018","3","40.578041","-79.953693","1832","11","0","0","0","0","0","0","1","0","3","0","0","0","","","2","","2","","40 34:40.947","7","0","79 57:13.296","2","0","1","1","2207","0","0","0","N","0","0","0","3","02207","0","","1.0","","1","N","N","","0","","0","1","0","3","3","Y","","2","2","0","0","0","1","0","2","0","2","","","","N","","","","","","","","","",""
"2018107731","","1","0","0","0","0","0","0","0","0","3","0","","02","10","2018","3","40.560472","-80.224889","1133","11","0","0","0","0","0","0","0","0","","0","0","0","","","0","","0","","40 33:37.700","","0","80 13:29.600","0","0","0","0","2103","0","0","0","N","0","0","0","1","02103","0","","9.0","","1","N","N","","0","","0","0","0","0","0","","","1","0","0","0","0","0","0","2","0","1","","","","N","","","","","","","","","",""
"2018106422","","2","0","0","0","0","0","0","0","0","1","0","","02","10","2018","5","40.619681","-80.080719","1421","11","0","0","0","0","0","0","2","0","1","0","0","0","","","0","","2","","40 37:10.852","3","0","80 04:50.589","0","0","0","0","2212","0","0","0","N","0","0","0","4","02505","0","","1.0","","1","N","N","","1","","0","0","0","0","0","N","","3","0","0","0","0","0","0","2","0","3","","","","N","","","","","","","","","",""
"2018103991","","1","0","0","0","0","0","0","0","0","1","0","","02","10","2018","6","40.525223","-79.839403","0852","11","0","0","0","0","0","3","0","1","","0","0","0","","","3","","0","","40 31:30.803","","0","79 50:21.851","9","0","0","0","2451","0","0","0","N","0","0","0","5","02451","0","","1.0","","1","N","N","","0","","0","0","3","0","0","","","4","0","0","0","0","0","3","2","0","4","","","","N","","","","","","","","","",""
"2018104220","","0","0","0","0","0","0","0","0","0","4","0","","02","10","2018","2","40.417993","-80.045471","0812","11","0","0","0","0","0","0","0","0","1","0","0","0","","","0","","0","","40 25:04.776","1","7","80 02:43.697","0","0","0","0","2435","0","0","0","Y","0","0","0","4","02435","0","","1.0","","1","Y","N","","0","","0","0","2","0","0","N","","2","0","0","0","0","0","0","2","0","2","","","","N","","","","","","","","","",""
"2018106040","","2","0","0","0","0","0","0","0","0","1","0","","02","10","2018","4","40.432519","-79.958506","1637","11","0","0","0","0","0","0","0","0","1","0","0","0","","","1","","6","","40 25:57.067","1","2","79 57:30.620","3","0","0","0","2301","0","0","0","N","0","0","0","4","02301","0","","1.0","","1","N","N","","0","","1","0","0","3","3","N","","2","1","0","0","0","0","0","2","0","2","","","","N","","","","","","","","","",""
"2018104249","","1","0","0","0","0","0","0","0","0","7","0","","02","10","2018","6","40.47647","-80.030656","2317","11","0","0","0","0","0","0","0","0","1","0","0","0","","","0","","0","","40 28:35.291","4","0","80 01:50.360","9","0","0","0","2301","0","0","0","N","0","0","0","1","02301","0","","5.0","","1","N","N","","0","","0","0","0","0","0","N","","1","0","0","0","0","0","1","2","0","1","","","","N","","","","","","","","","",""
"2018107228","","2","0","0","0","0","0","0","0","0","6","0","","02","10","2018","7","40.427833","-80.063121","1509","11","0","0","0","0","0","0","0","0","2","0","0","0","","","0","","2","","40 25:40.199","7","0","80 03:47.236","0","0","0","0","2435","0","0","0","N","0","0","0","1","02301","0","","4.0","","1","N","N","","0","","0","0","0","0","0","N","","2","0","0","0","0","0","0","2","0","2","","","","N","","","","","","","","","",""
"2018109750","","2","0","0","0","0","0","0","0","0","4","0","","02","10","2018","6","40.449316","-79.999064","1518","11","0","0","0","0","0","0","1","0","1","0","0","0","","","0","","2","","40 26:57.537","3","0","79 59:56.632","0","0","0","0","2301","0","0","0","N","0","0","0","2","02301","0","","1.0","","1","N","N","","0","","0","0","0","0","0","N","","2","0","0","0","0","0","0","2","0","2","","","","N","","","","","","","","","",""
"2018107229","","1","0","0","0","0","0","0","0","0","8","0","","02","10","2018","7","40.463757","-79.923792","1831","11","0","0","0","0","0","0","0","0","","0","0","0","","","1","","1","","40 27:49.524","","0","79 55:25.651","4","0","0","0","2301","1","0","0","N","1","0","0","2","02301","1","","1.0","","1","N","N","","0","","0","0","0","3","2","","","2","1","0","0","0","0","1","2","0","1","","","","N","","","","","","","","","",""
"2018104004","","2","0","0","0","0","0","0","0","0","1","0","","02","9","2018","5","40.491881","-80.061423","0655","11","0","0","0","0","0","0","0","0","","0","0","0","","","0","","0","","40 29:30.771","","7","80 03:41.123","0","0","0","0","2404","0","0","0","N","0","0","0","3","02404","0","","1.0","","1","N","N","","0","","0","0","1","0","0","","","3","0","0","0","0","0","0","2","0","3","","","","N","","","","","","","","","",""
"2018107384","","0","0","0","0","0","0","0","0","0","1","0","","02","10","2018","1","40.427949","-80.000025","1301","11","0","0","0","0","0","0","1","0","","0","0","0","","","0","","0","","40 25:40.615","","4","80 00:00.091","0","0","0","0","2301","0","0","0","N","0","0","0","4","02301","0","","1.0","","1","N","N","","1","","0","0","1","0","0","","","2","0","0","0","0","0","0","2","0","2","","","","N","","","","","","","","","",""
"2018104222","","1","0","0","0","0","0","0","0","0","4","0","","02","10","2018","6","40.414823","-79.815796","1940","11","0","0","0","0","0","1","0","0","","0","0","0","","","1","","2","","40 24:53.363","","0","79 48:56.867","4","0","0","0","2467","0","0","0","N","0","0","0","4","02467","1","","1.0","","1","","","","0","","0","0","1","3","3","","","2","1","0","0","0","0","0","2","0","2","","","","N","","","","","","","","","",""
"2018106043","","1","0","0","0","0","0","0","0","0","2","0","","02","10","2018","4","40.443946","-80.055368","1715","11","0","1","0","0","0","0","0","0","1","0","0","0","","","0","","3","","40 26:38.205","5","0","80 03:19.324","9","0","0","0","2301","0","0","0","N","0","0","0","3","02301","0","","1.0","","9","N","N","","0","","0","0","1","3","3","Y","","2","0","0","0","0","0","1","2","0","2","","","","N","","","","","","","","","",""
"2018106078","","2","0","0","0","0","0","0","0","0","1","0","","02","10","2018","4","40.413806","-79.871861","1725","11","0","0","0","0","0","0","0","0","","0","0","0","","","0","","0","","40 24:49.700","","0","79 52:18.700","0","0","0","0","2463","0","0","0","N","0","0","0","1","02463","0","","2.0","","1","N","N","","0","","0","0","1","0","0","","","3","0","0","0","0","0","0","2","0","3","","","","N","","","","","","","","","",""
"2018110104","","0","0","0","0","0","0","0","0","0","1","0","","02","10","2018","7","40.434398","-79.953183","1544","11","0","0","0","0","0","1","0","0","1","0","0","0","","","1","","1","","40 26:03.832","1","0","79 57:11.458","3","0","0","0","2301","0","0","0","N","0","0","0","5","02301","0","","1.0","","1","N","N","","0","","1","0","2","3","2","N","","2","1","0","0","0","0","0","2","0","2","","","","N","","","","","","","","","",""
"2018068236","","2","0","0","0","0","0","0","0","0","5","0","","02","6","2018","4","40.440728","-80.01885","2055","11","0","0","0","0","1","0","0","0","2","0","0","0","","","0","","0","","40 26:26.622","4","7","80 01:07.860","0","0","0","0","2301","0","0","0","N","0","0","0","2","02301","0","","1.0","","9","N","N","","0","","0","0","0","0","0","N","","2","0","1","0","0","0","0","2","0","2","","","","N","","","","","","","","","",""
"2018104985","","1","0","0","0","0","0","0","0","0","1","0","","02","10","2018","7","40.568099","-80.021893","1234","11","0","0","0","0","0","0","0","0","","0","0","0","","","0","","2","","40 34:05.157","","0","80 01:18.816","0","0","0","0","2108","0","0","0","N","0","0","0","3","02108","0","","1.0","","1","N","N","","0","","0","0","1","3","2","","","2","0","0","0","0","0","0","2","0","2","","","","N","","","","","","","","","",""
"2018062965","","2","0","0","0","0","0","0","0","0","4","0","","02","6","2018","4","40.498554","-79.855458","1155","11","0","0","0","1","0","0","0","0","2","0","0","0","","","0","","0","","40 29:54.796","3","0","79 51:19.650","0","0","0","0","2112","0","0","0","N","0","0","0","3","02112","0","","1.0","","1","N","N","","0","","0","0","0","0","0","N","","2","0","0","0","0","0","0","2","0","2","","","","N","","","","","","","","","",""
"2018109956","","2","0","0","0","0","0","0","0","0","1","0","","02","10","2018","3","40.487075","-79.916478","0912","11","0","0","0","0","0","1","0","0","1","0","0","0","","","0","","0","","40 29:13.469","3","0","79 54:59.319","0","0","0","0","2301","0","0","0","N","0","0","0","2","02301","0","","1.0","","1","N","N","","0","","0","0","0","0","0","N","","2","0","0","0","0","0","0","2","0","2","","","","N","","","","","","","","","",""
"2018106626","","2","0","0","0","0","0","0","0","0","1","0","","02","10","2018","4","40.566078","-80.016444","1407","11","0","0","0","0","0","1","0","0","","0","0","0","","","0","","2","","40 33:57.880","","0","80 00:59.198","0","0","0","0","2108","0","0","0","N","0","0","0","2","02108","0","","1.0","","1","N","N","","0","","0","0","0","0","0","","","2","0","0","0","0","0","0","2","0","2","","","","N","","","","","","","","","",""
"2018108436","","2","0","0","0","0","0","0","0","0","1","0","","02","10","2018","2","40.410318","-79.830922","1645","11","0","0","0","0","0","1","0","0","","0","0","0","","","1","","2","","40 24:37.145","","0","79 49:51.320","4","0","0","0","2467","0","0","0","N","0","0","0","4","02467","1","","1.0","","9","N","N","","0","","0","0","1","0","0","","","3","1","0","0","0","0","0","2","0","3","","","","N","","","","","","","","","",""
"2018065078","","1","0","0","0","0","0","0","0","0","7","0","","02","6","2018","5","40.321125","-79.891581","1251","11","0","0","0","0","0","0","0","0","1","0","0","0","","","1","","0","","40 19:16.050","4","0","79 53:29.690","3","0","0","0","2433","0","0","0","N","0","0","0","2","02433","0","","4.0","","1","N","N","","0","","1","0","0","0","0","Y","","1","1","0","0","0","0","0","2","0","1","","","","N","","","","","","","","","",""
"2018062726","","1","0","0","0","0","0","0","0","0","4","0","","02","6","2018","2","40.324831","-79.957069","1647","11","0","0","0","0","0","0","0","1","","0","0","0","","","0","","0","","40 19:29.390","","7","79 57:25.450","0","0","0","0","2454","0","0","0","N","0","0","0","3","02454","0","","1.0","","1","N","N","","0","","0","0","1","0","0","","","2","0","0","0","0","0","0","2","0","2","","","","N","","","","","","","","","",""
"2018108039","","1","0","0","0","0","0","0","0","0","7","0","","02","10","2018","4","40.464028","-80.068083","2015","11","0","0","0","0","0","0","0","0","2","0","0","0","","","0","","2","","40 27:50.500","4","0","80 04:05.100","0","0","0","0","2444","0","0","0","N","0","0","0","1","02444","0","","4.0","","9","N","N","","0","","0","0","0","0","0","N","","1","0","1","0","0","0","0","2","0","1","","","","N","","","","","","","","","",""
"2018104816","","1","0","0","0","0","0","0","0","0","7","0","","02","10","2018","1","40.409243","-79.899514","0521","11","0","0","0","0","0","0","0","0","2","0","0","0","","","0","","2","","40 24:33.276","7","0","79 53:58.249","0","0","0","0","2448","0","0","0","N","0","0","0","1","02448","0","","5.0","","1","N","N","","0","","0","0","0","0","0","Y","","1","0","0","0","0","0","0","2","0","1","","","","N","","","","","","","","","",""
"2018106629","","1","0","0","0","0","0","0","0","0","7","0","","02","10","2018","6","40.443663","-79.975048","0850","11","0","0","0","0","0","1","0","0","1","0","0","0","","","1","","2","","40 26:37.187","2","0","79 58:30.173","8","0","0","0","2301","0","0","0","N","0","0","0","1","02301","0","","5.0","","1","N","N","","0","","0","0","0","3","3","N","","1","1","0","0","0","1","0","2","0","1","","","","N","","","","","","","","","",""
"2018105158","","1","0","0","1","0","0","0","0","0","8","0","","02","10","2018","2","40.438444","-79.950111","2232","11","0","0","0","0","0","0","0","0","","0","0","0","","","1","","0","","40 26:18.400","","0","79 57:00.400","3","0","0","0","2301","1","0","0","N","0","0","0","1","02301","0","","1.0","","1","N","N","","0","","1","0","0","0","0","","","2","1","0","0","0","0","0","2","0","1","","","","N","","","","","","","","","",""
"2018104647","","2","0","0","0","0","0","0","0","0","2","0","","02","10","2018","7","40.515105","-80.008587","1302","11","0","0","1","0","0","1","0","0","1","0","0","0","","","1","","0","","40 30:54.379","2","7","80 00:30.912","3","0","0","0","2116","0","0","0","N","0","0","0","3","02116","0","","1.0","","1","N","N","","0","","1","0","0","0","0","N","","2","1","0","0","0","0","0","2","0","2","","","","N","","","","","","","","","",""
"2018104819","","2","0","0","0","0","0","0","0","0","4","0","","02","10","2018","1","40.461313","-79.934164","0259","11","0","0","0","0","0","0","0","0","","0","0","0","","","0","","1","","40 27:40.726","","0","79 56:02.990","0","0","0","0","2301","0","0","0","N","0","0","0","2","02301","0","","1.0","","1","N","N","","0","","0","0","0","3","3","","","2","0","2","0","0","0","0","2","0","2","","","","N","","","","","","","","","",""
"2018106630","","0","0","0","0","0","0","0","0","0","7","0","","02","10","2018","5","40.450884","-80.067131","0713","11","0","0","0","0","0","1","0","0","","0","0","0","","","0","","0","","40 27:03.184","","0","80 04:01.670","0","0","0","0","2301","0","0","0","N","0","0","0","1","02301","0","","1.0","","1","N","N","","0","","0","0","1","0","0","","","1","0","0","0","0","0","0","2","0","1","","","","N","","","","","","","","","",""
"2018108234","","2","0","0","0","0","0","0","0","0","1","0","","02","10","2018","2","40.359472","-80.164361","1415","11","0","1","2","0","0","0","0","0","1","0","0","0","","","0","","0","","40 21:34.100","5","0","80 09:51.700","0","0","0","0","2119","0","0","0","N","0","0","0","4","02119","0","","1.0","","9","N","N","","0","","0","0","1","0","0","N","","3","0","0","0","0","0","0","2","0","3","","","","N","","","","","","","","","",""
"2018104968","","1","0","0","0","0","0","0","0","0","4","0","","02","10","2018","2","40.452476","-80.172505","1138","11","0","0","0","0","0","0","0","0","2","0","0","0","","","0","","1","","40 27:08.912","4","0","80 10:21.017","0","0","0","0","2115","0","0","0","N","0","0","0","2","02214","0","","1.0","","1","N","N","","0","","0","0","1","3","2","N","","2","0","0","0","0","0","0","2","0","2","","","","N","","","","","","","","","",""
"2018110539","","1","0","0","0","0","0","0","0","0","99","0","","02","10","2018","2","40.434624","-80.207508","0110","11","0","0","0","0","0","1","0","0","2","0","0","0","","","0","","0","","40 26:04.647","2","0","80 12:27.028","0","0","0","0","2214","0","0","0","N","0","0","0","1","02214","0","","1.0","","1","N","N","","0","","0","0","0","0","0","N","","1","0","0","0","0","0","0","1","0","1","","","","N","","","","","","","","","",""
"2018106463","","0","0","0","0","0","0","0","0","0","7","0","","02","10","2018","5","40.510384","-79.823506","1701","11","0","0","1","0","0","0","0","0","2","0","0","0","","","1","","0","","40 30:37.381","5","0","79 49:24.623","2","0","1","1","2113","0","0","0","N","0","0","0","1","02113","0","","2.0","","98","N","N","","0","","0","1","0","0","0","Y","","1","1","0","0","0","0","0","2","0","1","","","","N","","","","","","","","","",""
"2018104822","","2","0","0","0","0","0","0","0","0","1","0","","02","10","2018","7","40.452312","-79.761266","1418","11","0","0","0","0","0","0","1","0","","0","0","0","","","1","","2","","40 27:08.323","","0","79 45:40.557","3","0","0","0","2446","0","0","0","N","0","0","0","4","02446","0","","1.0","","9","N","N","","0","","1","0","1","0","0","","","3","1","0","0","0","0","0","2","0","3","","","","N","","","","","","","","","",""
"2018065082","","2","0","0","0","0","0","0","0","0","4","0","","02","6","2018","5","40.51657","-80.221003","1544","11","0","0","0","0","0","0","0","0","1","0","0","0","","","1","","0","","40 30:59.651","3","7","80 13:15.609","4","0","0","0","2213","0","0","0","N","0","0","0","2","02213","1","","1.0","","1","N","N","","0","","0","0","0","0","0","N","","2","1","1","0","0","0","0","2","0","2","","","","N","","","","","","","","","",""
"2018068289","","0","0","0","0","0","0","0","0","0","99","0","","02","6","2018","2","40.341154","-80.127389","2126","11","0","0","0","0","0","0","1","0","3","0","0","0","","","3","","0","","40 20:28.154","1","0","80 07:38.599","3","0","0","0","2119","0","0","0","Y","0","0","0","3","68B03","0","","4.0","","1","N","N","","0","","3","0","2","0","0","N","","2","3","0","0","0","0","0","2","0","2","","","","N","","","","","","","","","",""
"2018106464","","1","0","0","0","0","0","0","0","0","7","0","","02","10","2018","5","40.518694","-79.751389","1648","11","0","1","0","0","0","0","0","0","1","0","0","0","","","0","","0","","40 31:07.300","5","0","79 45:05.000","0","0","0","0","2466","0","0","0","N","0","0","0","2","02466","0","","4.0","","3","N","N","","0","","0","0","0","0","0","N","","1","0","2","0","0","0","0","1","0","1","","","","N","","","","","","","","","",""