"CRN","ARRIVAL_TM","AUTOMOBILE_COUNT","BELTED_DEATH_COUNT","BELTED_SUSP_SERIOUS_INJ_COUNT","BICYCLE_COUNT","BICYCLE_DEATH_COUNT","BICYCLE_SUSP_SERIOUS_INJ_COUNT","BUS_COUNT","CHLDPAS_DEATH_COUNT","CHLDPAS_SUSP_SERIOUS_INJ_COUNT","COLLISION_TYPE","COMM_VEH_COUNT","CONS_ZONE_SPD_LIM","COUNTY","CRASH_MONTH","CRASH_YEAR","DAY_OF_WEEK","DEC_LATITUDE","DEC_LONGITUDE","DISPATCH_TM","DISTRICT","DRIVER_COUNT_16YR","DRIVER_COUNT_17YR","DRIVER_COUNT_18YR","DRIVER_COUNT_19YR","DRIVER_COUNT_20YR","DRIVER_COUNT_50_64YR","DRIVER_COUNT_65_74YR","DRIVER_COUNT_75PLUS","EST_HRS_CLOSED","FATAL_COUNT","HEAVY_TRUCK_COUNT","HORSE_BUGGY_COUNT","HOUR_OF_DAY","ILLUMINATION","INJURY_COUNT","INTERSECTION_RELATED","INTERSECT_TYPE","LANE_CLOSED","LATITUDE","LN_CLOSE_DIR","LOCATION_TYPE","LONGITUDE","MAX_SEVERITY_LEVEL","MCYCLE_DEATH_COUNT","MCYCLE_SUSP_SERIOUS_INJ_COUNT","MOTORCYCLE_COUNT","MUNICIPALITY","NONMOTR_COUNT","NONMOTR_DEATH_COUNT","NONMOTR_SUSP_SERIOUS_INJ_COUNT","NTFY_HIWY_MAINT","PED_COUNT","PED_DEATH_COUNT","PED_SUSP_SERIOUS_INJ_COUNT","PERSON_COUNT","POLICE_AGCY","POSSIBLE_INJ_COUNT","RDWY_SURF_TYPE_CD","RELATION_TO_ROAD","ROADWAY_CLEARED","ROAD_CONDITION","SCH_BUS_IND","SCH_ZONE_IND","SECONDARY_CRASH","SMALL_TRUCK_COUNT","SPEC_JURIS_CD","SUSP_MINOR_INJ_COUNT","SUSP_SERIOUS_INJ_COUNT","SUV_COUNT","TCD_FUNC_CD","TCD_TYPE","TFC_DETOUR_IND","TIME_OF_DAY","TOTAL_UNITS","TOT_INJ_COUNT","UNBELTED_OCC_COUNT","UNB_DEATH_COUNT","UNB_SUSP_SERIOUS_INJ_COUNT","UNK_INJ_DEG_COUNT","UNK_INJ_PER_COUNT","URBAN_RURAL","VAN_COUNT","VEHICLE_COUNT","WEATHER1","WEATHER2","WORKERS_PRES","WORK_ZONE_IND","WORK_ZONE_LOC","WORK_ZONE_TYPE","WZ_CLOSE_DETOUR","WZ_FLAGGER","WZ_LAW_OFFCR_IND","WZ_LN_CLOSURE","WZ_MOVING","WZ_OTHER","WZ_SHLDER_MDN","WZ_WORKERS_INJ_KILLED"
"2018062530","","1","0","0","0","0","0","0","0","0","4","0","","02","6","2018","3","40.602295","-79.762722","0930","11","0","0","1","0","0","0","0","0","1","0","0","0","","","2","","1","","40 36:08.262","1","0","79 45:45.799","3","0","0","0","2464","0","0","0","N","0","0","0","3","02464","0","","1.0","","1","N","N","","1","","2","0","0","3","3","Y","","2","2","1","0","0","0","0","2","0","2","","","","N","","","","","","","","","",""
"2018065365","","2","0","0","0","0","0","0","0","0","1","0","","02","6","2018","2","40.416053","-80.030247","1730","11","0","0","0","0","0","1","0","0","","0","0","0","","","0","","0","","40 24:57.790","","0","80 01:48.890","0","0","0","0","2301","0","0","0","N","0","0","0","4","02301","0","","1.0","","1","N","N","","0","","0","0","0","3","2","","","2","0","0","0","0","0","0","2","0","2","","","","N","","","","","","","","","",""
"2018106490","","0","0","0","0","0","0","0","0","0","5","0","","02","10","2018","5","40.448934","-80.000726","1953","11","0","0","0","0","0","0","0","0","1","0","0","0","","","0","","1","","40 26:56.163","4","0","80 00:02.613","0","0","0","0","2301","0","0","0","N","0","0","0","2","02301","0","","1.0","","1","N","N","","0","","0","0","2","3","2","N","","2","0","0","0","0","0","0","2","0","2","","","","N","","","","","","","","","",""
"2018108065","","1","0","0","0","0","0","0","0","0","1","0","","02","10","2018","2","40.421472","-79.931639","1918","11","0","0","0","0","0","0","1","0","1","0","0","0","","","0","","0","","40 25:17.300","3","0","79 55:53.900","0","0","0","0","2301","0","0","0","N","0","0","0","2","02301","0","","1.0","","9","N","N","","0","","0","0","1","0","0","Y","","2","0","0","0","0","0","0","2","0","2","","","","N","","","","","","","","","",""
"2018104889","","1","0","0","0","0","0","0","0","0","4","0","","02","10","2018","5","40.449033","-80.000753","0359","11","0","0","0","0","0","0","0","0","2","0","0","0","","","0","","1","","40 26:56.518","3","0","80 00:02.710","0","0","0","0","2301","0","0","0","N","0","0","0","2","02301","0","","1.0","","1","N","N","","1","","0","0","0","3","1","N","","2","0","0","0","0","0","0","2","0","2","","","","N","","","","","","","","","",""
"2018110170","","2","0","0","0","0","0","0","0","0","7","0","","02","10","2018","1","40.398556","-79.997833","0008","11","0","0","0","0","0","0","0","0","1","0","0","0","","","0","","0","","40 23:54.800","5","0","79 59:52.200","0","0","0","0","2301","0","0","0","N","0","0","0","1","02301","0","","4.0","","9","N","N","","0","","0","0","0","0","0","N","","2","0","0","0","0","0","0","2","0","2","","","","N","","","","","","","","","",""
"2018108481","","0","0","0","0","0","0","0","0","0","7","0","","02","10","2018","3","40.390812","-79.970247","1519","11","0","0","0","0","0","0","0","0","3","0","0","0","","","1","","1","","40 23:26.923","7","0","79 58:12.889","3","0","0","0","2403","0","0","0","N","0","0","0","1","02403","0","","2.0","","1","N","N","","0","","1","0","1","3","3","Y","","1","1","1","0","0","0","0","2","0","1","","","","N","","","","","","","","","",""
"2018065127","","2","0","0","0","0","0","0","0","0","4","0","","02","6","2018","2","40.451508","-80.018919","","11","0","0","0","0","0","1","0","0","","0","0","0","","","0","","1","","40 27:05.428","","0","80 01:08.107","0","0","0","0","2301","0","0","0","N","0","0","0","4","02301","0","","1.0","","1","N","N","","0","","0","0","0","3","2","N","","2","0","0","0","0","0","0","2","0","2","","","","N","","","","","","","","","",""
"2018104680","","1","0","0","0","0","0","0","0","0","7","0","","02","10","2018","1","40.459528","-80.017711","1139","11","0","0","0","0","0","0","0","0","6","0","0","0","","","0","","1","","40 27:34.301","2","0","80 01:03.761","0","0","0","0","2301","0","0","0","Y","0","0","0","1","02301","0","","5.0","","1","N","N","","0","","0","0","0","3","2","N","","1","0","0","0","0","0","0","2","0","1","","","","N","","","","","","","","","",""
"2018108483","","0","0","0","0","0","0","0","0","0","4","0","","02","10","2018","3","40.461134","-79.870203","1519","11","0","0","0","0","0","0","0","0","1","0","0","0","","","0","","1","","40 27:40.084","3","0","79 52:12.731","0","0","0","0","2301","0","0","0","N","0","0","0","4","02301","0","","1.0","","1","N","N","","0","","0","0","2","3","2","N","","2","0","0","0","0","0","0","2","0","2","","","","N","","","","","","","","","",""
"2018108068","","1","0","0","0","0","0","0","0","0","1","0","","02","10","2018","2","40.431009","-80.001599","2005","11","0","0","0","0","0","0","1","0","2","0","0","0","","","1","","1","","40 25:51.634","3","0","80 00:05.756","8","0","0","0","2301","0","0","0","N","0","0","0","2","02301","0","","1.0","","9","N","N","","0","","0","0","1","3","2","N","","2","1","0","0","0","1","0","2","0","2","","","","N","","","","","","","","","",""
"2018109992","","2","0","0","0","0","0","0","0","0","4","0","","02","10","2018","7","40.44828","-80.01045","1130","11","0","0","0","0","0","0","0","1","","0","0","0","","","0","","1","","40 26:53.808","","0","80 00:37.621","0","0","0","0","2301","0","0","0","N","0","0","0","2","02301","0","","1.0","","1","N","N","","0","","0","0","0","3","2","N","","2","0","0","0","0","0","0","2","0","2","","","","N","","","","","","","","","",""
"2018104852","","2","0","0","0","0","0","0","0","0","1","0","","02","10","2018","2","40.485646","-80.008463","1118","11","0","0","0","0","0","0","0","0","2","0","0","0","","","3","","0","","40 29:08.327","1","0","80 00:30.466","3","0","0","0","2301","0","0","0","N","0","0","0","4","68B03","1","","1.0","","1","N","N","","0","","2","0","0","0","0","Y","","3","3","0","0","0","0","0","2","1","3","","","","N","","","","","","","","","",""
"2018110016","","1","0","0","0","0","0","0","0","0","1","0","","02","9","2018","6","40.429676","-79.885552","1255","11","0","0","0","0","0","0","1","0","","0","0","0","","","0","","0","","40 25:46.834","","0","79 53:07.987","0","0","0","0","2426","0","0","0","N","0","0","0","3","68B03","0","","1.0","","1","N","N","","1","","0","0","0","0","0","","","2","0","1","0","0","0","0","2","0","2","","","","N","","","","","","","","","",""
"2018065129","","2","0","0","0","0","0","0","0","0","1","0","","02","6","2018","3","40.462969","-79.981144","0811","11","0","0","0","0","0","1","1","0","","0","0","0","","","3","","0","","40 27:46.687","","0","79 58:52.120","8","0","0","0","2301","0","0","0","N","0","0","0","6","02301","0","","1.0","","1","N","N","","1","","0","0","2","0","0","","","5","3","0","0","0","3","0","2","0","5","","","","N","","","","","","","","","",""
"2018110019","","0","0","0","0","0","0","0","0","0","1","0","","02","9","2018","4","40.613913","-80.094372","1609","11","0","0","0","0","0","1","0","0","","0","0","0","","","0","","0","","40 36:50.086","","2","80 05:39.740","0","0","0","0","2481","0","0","0","N","0","0","0","3","68B03","0","","1.0","","1","N","N","","0","","0","0","2","0","0","","","3","0","0","0","0","0","0","2","1","3","","","","N","","","","","","","","","",""
"2018104866","","3","0","0","0","0","0","0","0","0","1","0","","02","10","2018","7","40.431803","-80.024408","1913","11","0","0","0","0","0","3","0","0","","0","0","0","","","0","","0","","40 25:54.491","","0","80 01:27.870","9","0","0","0","2301","0","0","0","N","0","0","0","4","68B03","0","","1.0","","1","N","N","","0","","0","0","0","0","0","","","3","0","0","0","0","0","1","2","0","3","","","","N","","","","","","","","","",""
"2018110020","","0","0","0","0","0","0","0","0","0","1","0","","02","9","2018","4","40.502466","-80.13603","1615","11","0","0","0","0","0","0","0","0","1","0","0","0","","","0","","6","","40 30:08.879","1","2","80 08:09.708","0","0","0","0","2115","0","0","0","N","0","0","0","2","68B03","0","","1.0","","1","N","N","","0","","0","0","2","0","0","N","","2","0","0","0","0","0","0","2","0","2","","","","N","","","","","","","","","",""
"2018104916","","1","0","0","0","0","0","0","0","0","1","0","","02","10","2018","2","40.414982","-80.009184","0735","11","0","0","0","0","1","1","0","0","1","0","0","0","","","0","","0","","40 24:53.934","2","4","80 00:33.062","0","0","0","0","2301","0","0","0","N","0","0","0","2","02301","0","","1.0","","1","N","N","","0","","0","0","1","0","0","N","","2","0","0","0","0","0","0","2","0","2","","","","N","","","","","","","","","",""
"2018108297","","2","0","0","0","0","0","0","0","0","5","0","","02","10","2018","3","40.439033","-79.897366","0856","11","0","0","0","0","0","0","0","0","1","0","0","0","","","0","","0","","40 26:20.517","2","0","79 53:50.519","0","0","0","0","2301","0","0","0","N","0","0","0","2","02301","0","","1.0","","1","N","N","","0","","0","0","1","0","0","N","","3","0","0","0","0","0","0","2","0","3","","","","N","","","","","","","","","",""
"2018108491","","0","0","0","0","0","0","0","0","0","4","0","","02","10","2018","3","40.482887","-80.199943","1349","11","0","0","0","0","0","1","0","0","","0","0","0","","","0","","2","","40 28:58.392","","2","80 11:59.795","0","0","0","0","2213","0","0","0","N","0","0","0","2","02213","0","","4.0","","1","N","N","","0","","0","0","2","9","2","","","2","0","0","0","0","0","0","2","0","2","","","","N","","","","","","","","","",""
"2018068141","","2","0","0","0","0","0","0","0","0","4","0","","02","6","2018","4","40.448932","-80.00074","1251","11","0","0","0","0","0","1","0","0","","0","0","0","","","1","","1","","40 26:56.154","","0","80 00:02.663","3","0","0","0","2301","0","0","0","N","0","0","0","4","02301","0","","1.0","","1","N","N","","0","","1","0","0","2","2","","","2","1","0","0","0","0","0","2","0","2","","","","N","","","","","","","","","",""
"2018106499","","2","0","0","0","0","0","0","0","0","4","0","","02","10","2018","5","40.362373","-79.826135","1558","11","0","0","0","0","0","2","0","0","","0","0","0","","","1","","1","","40 21:44.541","","0","79 49:34.085","3","0","0","0","2111","0","0","0","N","0","0","0","2","02111","0","","1.0","","1","N","N","","0","","1","0","0","3","2","","","2","1","1","0","0","0","0","2","0","2","","","","N","","","","","","","","","",""
"2018109998","","1","0","0","0","0","0","0","0","0","7","0","","02","10","2018","7","40.592384","-79.888549","0908","11","0","0","0","0","0","0","0","0","","0","0","0","","","0","","0","","40 35:32.584","","0","79 53:18.778","0","0","0","0","2209","0","0","0","N","0","0","0","1","02209","0","","5.0","","9","N","N","","0","","0","0","0","0","0","N","","1","0","0","0","0","0","0","1","0","1","","","","N","","","","","","","","","",""
"2018110029","","2","0","0","0","0","0","0","0","0","1","0","","02","10","2018","6","40.415177","-80.061118","2225","11","0","0","0","0","0","0","0","0","1","0","0","0","","","0","","0","","40 24:54.636","3","0","80 03:40.026","0","0","0","0","2435","0","0","0","N","0","0","0","3","68B03","0","","1.0","","1","N","N","","0","","0","0","1","0","0","N","","3","0","0","0","0","0","0","2","0","3","","","","N","","","","","","","","","",""
"2018108299","","1","0","0","0","0","0","0","0","0","4","0","","02","10","2018","3","40.426264","-79.963573","0907","11","0","0","0","0","0","0","0","0","1","0","0","0","","","0","","1","","40 25:34.552","1","0","79 57:48.863","0","0","0","0","2301","0","0","0","N","0","0","0","3","02301","0","","1.0","","1","N","N","","0","","0","0","1","3","2","N","","3","0","0","0","0","0","0","2","1","3","","","","N","","","","","","","","","",""
"2018108493","","1","0","0","0","0","0","0","0","0","1","0","","02","10","2018","2","40.507949","-80.20414","1314","11","0","0","0","0","0","0","0","0","1","0","0","0","","","0","","2","","40 30:28.618","2","0","80 12:14.904","0","0","0","0","2213","0","0","0","N","0","0","0","5","02213","0","","1.0","","9","N","N","","0","","0","0","1","0","0","N","","2","0","0","0","0","0","0","2","0","2","","","","N","","","","","","","","","",""
"2018108535","","2","0","0","0","0","0","0","0","0","4","0","","02","10","2018","3","40.454705","-79.879266","1821","11","0","0","0","0","0","1","0","0","1","0","0","0","","","0","","1","","40 27:16.938","2","0","79 52:45.357","0","0","0","0","2301","0","0","0","N","0","0","0","3","02301","0","","1.0","","1","N","N","","0","","0","0","0","3","3","Y","","2","0","1","0","0","0","0","2","0","2","","","","N","","","","","","","","","",""
"2018065135","","0","0","0","0","0","0","0","0","0","1","0","","02","6","2018","3","40.466833","-79.978027","0801","11","0","0","0","0","0","0","0","0","","0","0","0","","","1","","6","","40 28:00.599","","0","79 58:40.898","8","0","0","0","2301","0","0","0","N","0","0","0","2","02301","0","","1.0","","1","N","N","","0","","0","0","2","0","0","","","2","1","0","0","0","1","0","2","0","2","","","","N","","","","","","","","","",""
"2018068353","","4","0","0","0","0","0","0","0","0","5","0","","02","6","2018","1","40.427661","-79.976928","0255","11","0","0","0","0","0","0","0","0","","0","0","0","","","0","","0","","40 25:39.580","","0","79 58:36.940","0","0","0","0","2301","0","0","0","N","0","0","0","1","02301","0","","6.0","","1","N","N","","0","","0","0","0","3","2","","","4","0","0","0","0","0","0","2","0","4","","","","N","","","","","","","","","",""
"2018106500","","1","0","0","0","0","0","0","0","0","1","0","","02","10","2018","4","40.55009","-79.99785","2112","11","0","1","0","0","1","0","0","0","2","0","0","0","","","0","","2","","40 33:00.324","5","0","79 59:52.260","0","0","0","0","2116","0","0","0","N","0","0","0","5","02116","0","","1.0","","9","N","N","","1","","0","0","0","0","0","Y","","2","0","0","0","0","0","0","2","0","2","","","","N","","","","","","","","","",""
"2018110030","","0","0","0","0","0","0","0","0","0","7","0","","02","10","2018","1","40.429476","-79.876018","1153","11","0","0","0","0","0","1","0","0","1","0","0","0","","","1","","0","","40 25:46.113","3","0","79 52:33.663","2","0","0","0","2426","0","0","0","N","0","0","0","1","68B03","0","","4.0","","1","N","N","","0","","0","1","1","0","0","N","","1","1","0","0","0","0","0","2","0","1","","","","N","","","","","","","","","",""
"2018110386","","0","0","0","0","0","0","0","0","0","0","0","","02","10","2018","7","40.46804","-79.79166","2356","11","0","0","0","0","0","1","0","0","1","0","0","0","","","0","","2","","40 28:04.944","3","0","79 47:29.975","0","0","0","0","2113","0","0","0","N","0","0","0","2","02113","0","","1.0","","9","N","N","","0","","0","0","1","0","0","N","","1","0","0","0","0","0","0","2","0","1","","","","N","","","","","","","","","",""
"2018106502","","1","0","0","0","0","0","0","0","0","8","0","","02","10","2018","1","40.432971","-79.89416","1941","11","0","0","0","0","0","0","0","0","","0","0","0","","","1","","0","","40 25:58.697","","0","79 53:38.976","3","0","0","0","2463","1","0","0","N","1","0","0","2","02463","0","","1.0","","1","N","N","","0","","1","0","0","0","0","","","2","1","0","0","0","0","0","2","0","1","","","","N","","","","","","","","","",""
"2018110032","","2","0","0","0","0","0","0","0","0","1","0","","02","10","2018","3","40.413108","-80.080003","0539","11","0","0","0","0","0","2","1","0","2","0","0","0","","","3","","0","","40 24:47.188","4","0","80 04:48.010","3","0","0","0","2117","0","0","0","N","0","0","0","5","68B03","0","","1.0","","1","N","N","","1","","3","0","2","0","0","N","","5","3","0","0","0","0","0","2","0","5","","","","N","","","","","","","","","",""
"2018105072","","1","0","0","0","0","0","0","0","0","1","0","","02","9","2018","3","40.522557","-80.224317","0707","11","0","0","0","0","0","0","0","0","","0","0","0","","","1","","2","","40 31:21.204","","0","80 13:27.542","8","0","0","0","2213","0","0","0","N","0","0","0","5","02213","0","","1.0","","9","N","N","","0","","0","0","1","0","0","","","2","1","0","0","0","1","0","2","0","2","","","","N","","","","","","","","","",""
"2018108540","","2","0","0","0","0","0","0","0","0","1","0","","02","10","2018","2","40.626778","-79.941768","1618","11","0","0","0","0","0","0","1","0","2","0","0","0","","","2","","0","","40 37:36.400","1","0","79 56:30.364","8","0","0","0","2217","0","0","0","N","0","0","0","5","02505","0","","1.0","","9","N","N","","0","","0","0","0","0","0","N","","2","2","0","0","0","2","0","2","0","2","","","","N","","","","","","","","","",""
"2018065140","","0","0","0","0","0","0","0","0","0","7","0","","02","6","2018","3","40.467861","-79.848778","0738","11","0","0","0","0","0","1","0","0","","0","0","0","","","1","","0","","40 28:04.300","","0","79 50:55.600","4","0","0","0","2113","0","0","0","N","0","0","0","1","02113","1","","5.0","","1","N","N","","0","","0","0","1","0","0","","","1","1","0","0","0","0","0","2","0","1","","","","N","","","","","","","","","",""
"2018065417","","0","0","0","0","0","0","0","0","0","1","1","","02","6","2018","6","40.654882","-80.092752","1657","11","0","0","0","0","0","0","2","0","","0","1","0","","","0","","0","","40 39:17.575","","0","80 05:33.908","0","0","0","0","2212","0","0","0","N","0","0","0","2","68B03","0","","1.0","","1","N","N","","0","","0","0","1","0","0","","","2","0","0","0","0","0","0","2","0","2","","","","N","","","","","","","","","",""
"2018108082","","2","0","0","0","0","0","0","0","0","1","0","","02","10","2018","2","40.448239","-79.986874","2045","11","0","0","0","0","0","0","0","0","1","0","0","0","","","1","","2","","40 26:53.660","4","0","79 59:12.746","3","0","0","0","2301","0","0","0","N","0","0","0","2","02301","0","","1.0","","1","N","N","","0","","1","0","0","3","2","N","","2","1","0","0","0","0","0","2","0","2","","","","N","","","","","","","","","",""
"2018106553","","1","0","0","0","0","0","0","0","0","7","0","","02","10","2018","5","40.420727","-80.046302","0928","11","0","0","0","0","0","0","0","0","1","0","0","0","","","0","","2","","40 25:14.617","1","2","80 02:46.686","0","0","0","0","2435","0","0","0","N","0","0","0","1","02435","0","","5.0","","1","N","N","","0","","0","0","0","3","2","N","","1","0","0","0","0","0","0","2","0","1","","","","N","","","","","","","","","",""
"2018108308","","2","0","0","0","0","0","0","0","0","1","0","","02","10","2018","2","40.4365","-79.851556","0745","11","0","0","0","0","0","1","0","0","1","0","0","0","","","2","","0","","40 26:11.400","6","0","79 51:05.600","3","0","0","0","2431","0","0","0","N","0","0","0","3","02431","0","","1.0","","9","N","N","","0","","2","0","0","0","0","N","","2","2","1","0","0","0","0","2","0","2","","","","N","","","","","","","","","",""
"2018105074","","0","0","0","0","0","0","0","0","0","1","0","","02","10","2018","3","40.500026","-80.222035","1429","11","1","0","0","0","0","1","0","0","2","0","0","0","","","0","","1","","40 30:00.094","4","0","80 13:19.327","0","0","0","0","2213","0","0","0","N","0","0","0","2","02213","0","","1.0","","1","N","N","","0","","0","0","2","3","2","N","","2","0","0","0","0","0","0","2","0","2","","","","N","","","","","","","","","",""
"2018068145","","0","0","0","0","0","0","0","0","0","1","0","","02","6","2018","4","40.392156","-79.986647","1345","11","0","0","0","0","0","0","0","0","","0","0","0","","","2","","0","","40 23:31.760","","0","79 59:11.930","3","0","0","0","2301","0","0","0","N","0","0","0","5","02301","1","","1.0","","1","N","N","","0","","1","0","1","0","0","","","3","2","0","0","0","0","0","2","2","3","","","","N","","","","","","","","","",""
"2018062556","","2","0","0","0","0","0","0","0","0","6","0","","02","6","2018","3","40.376448","-79.847604","0938","11","0","0","0","0","0","0","0","0","1","0","0","0","","","2","","0","","40 22:35.212","2","7","79 50:51.374","3","0","0","0","2303","0","0","0","N","0","0","0","4","02303","0","","1.0","","1","N","N","","0","","1","0","0","0","0","N","","2","2","0","0","0","1","2","2","0","2","","","","N","","","","","","","","","",""
"2018065418","","1","0","0","0","0","0","0","0","0","1","0","","02","6","2018","6","40.430956","-80.026001","1814","11","0","0","0","0","0","1","0","0","1","0","0","0","","","0","","0","","40 25:51.440","3","4","80 01:33.604","9","0","0","0","2301","0","0","0","N","0","0","0","9","68B03","0","","1.0","","1","N","N","","0","","0","0","2","0","0","N","","3","0","0","0","0","0","1","2","0","3","","","","N","","","","","","","","","",""
"2018104724","","1","0","1","0","0","0","0","0","0","4","0","","02","10","2018","1","40.540126","-79.823506","0909","11","0","0","0","1","0","0","0","1","2","0","0","0","","","1","","2","","40 32:24.452","5","0","79 49:24.623","2","0","0","0","2208","0","0","0","N","0","0","0","2","02208","0","","1.0","","1","N","N","","0","","0","1","1","0","0","N","","2","1","0","0","0","0","0","2","0","2","","","","N","","","","","","","","","",""
"2018106509","","0","0","0","0","0","0","0","0","0","1","0","","02","10","2018","7","40.474428","-79.971074","1509","11","0","0","0","0","0","0","0","0","1","0","0","0","","","0","","0","","40 28:27.940","1","0","79 58:15.865","0","0","0","0","2445","0","0","0","Y","0","0","0","4","02445","0","","1.0","","9","N","N","","1","","0","0","1","0","0","Y","","2","0","0","0","0","0","0","2","0","2","","","","N","","","","","","","","","",""
"2018105075","","1","0","0","0","0","0","0","0","0","1","0","","02","10","2018","4","40.508906","-80.202814","1735","11","0","0","0","0","0","0","0","0","","0","0","0","","","0","","0","","40 30:32.062","","0","80 12:10.130","0","0","0","0","2213","0","0","0","N","0","0","0","2","02213","0","","1.0","","1","N","N","","0","","0","0","1","0","0","","","2","0","0","0","0","0","0","2","0","2","","","","N","","","","","","","","","",""
"2018110048","","1","0","0","0","0","0","0","0","0","1","0","","02","10","2018","2","40.457884","-80.188427","1440","11","0","0","0","0","0","0","0","0","1","0","0","0","","","2","","0","","40 27:28.384","3","0","80 11:18.338","8","0","0","0","2213","0","0","0","N","0","0","0","3","68B03","0","","1.0","","9","N","N","","1","","0","0","1","0","0","N","","3","2","1","0","0","2","0","2","0","3","","","","N","","","","","","","","","",""
"2018110446","","1","0","0","0","0","0","0","0","0","4","0","","02","10","2018","1","40.526527","-80.159081","1637","11","0","0","0","0","0","0","0","0","1","0","0","0","","","1","","1","","40 31:35.498","2","0","80 09:32.693","3","0","0","0","2436","0","0","0","N","0","0","0","2","02458","0","","1.0","","1","N","N","","0","","1","0","1","3","2","N","","2","1","0","0","0","0","0","2","0","2","","","","N","","","","","","","","","",""
"2018104737","","1","0","0","0","0","0","0","0","0","1","0","","02","10","2018","1","40.584209","-80.067027","1326","11","0","0","1","0","0","1","0","0","","0","0","0","","","0","","0","","40 35:03.152","","0","80 04:01.297","0","0","0","0","2481","0","0","0","N","0","0","0","2","02481","0","","1.0","","1","N","N","","1","","0","0","0","3","8","","","2","0","0","0","0","0","0","2","0","2","","","","N","","","","","","","","","",""
"2018106518","","1","0","0","0","0","0","0","0","0","4","0","","02","10","2018","7","40.442545","-79.957443","0026","11","0","0","0","0","0","1","1","0","2","0","0","0","","","0","","1","","40 26:33.161","4","0","79 57:26.794","0","0","0","0","2301","0","0","0","N","0","0","0","3","02506","0","","1.0","","1","N","N","","0","","0","0","2","3","2","N","","3","0","0","0","0","0","0","2","0","3","","","","N","","","","","","","","","",""
"2018104934","","1","0","0","0","0","0","0","0","0","5","0","","02","10","2018","1","40.437796","-79.988355","1306","11","0","0","0","0","0","0","0","0","2","0","0","0","","","1","","1","","40 26:16.064","3","0","79 59:18.079","3","0","0","0","2301","0","0","0","N","0","0","0","8","02301","0","","1.0","","1","N","N","","0","","1","0","1","3","2","Y","","2","1","0","0","0","0","0","2","0","2","","","","N","","","","","","","","","",""
"2018108515","","2","0","0","0","0","0","0","0","0","4","0","","02","10","2018","3","40.434051","-79.995927","1630","11","0","0","0","0","0","0","0","0","1","0","0","0","","","2","N","0","","40 26:02.585","2","3","79 59:45.338","3","0","0","0","2301","0","0","0","N","0","0","0","4","02301","1","","1.0","","1","N","N","","0","","1","0","0","0","0","Y","","2","2","0","0","0","0","0","2","0","2","","","","N","","","","","","","","","",""
"2018110447","","1","0","0","0","0","0","0","0","0","7","0","","02","10","2018","1","40.426582","-80.001095","2041","11","0","0","0","0","0","0","0","0","","0","0","0","","","0","","0","","40 25:35.695","","4","80 00:03.941","0","0","0","0","2301","0","0","0","N","0","0","0","2","02301","0","","1.0","","1","N","N","","0","","0","0","0","0","0","","","1","0","0","0","0","0","0","2","0","1","","","","N","","","","","","","","","",""
"2018106576","","1","0","0","0","0","0","0","0","0","5","0","","02","10","2018","6","40.396583","-79.987583","0026","11","0","0","0","0","0","1","0","0","","0","0","0","","","0","","0","","40 23:47.700","","0","79 59:15.300","0","0","0","0","2301","0","0","0","N","0","0","0","1","02301","0","","4.0","","1","N","N","","0","","0","0","1","0","0","","","2","0","0","0","0","0","0","2","0","2","","","","N","","","","","","","","","",""
"2018108147","","2","0","0","0","0","0","0","0","0","1","0","","02","10","2018","3","40.41659","-80.058143","0635","11","0","0","0","0","0","1","0","0","","0","0","0","","","0","","0","","40 24:59.723","","0","80 03:29.315","0","0","0","0","2435","0","0","0","N","0","0","0","3","68B03","0","","1.0","","1","N","N","","1","","0","0","0","0","0","","","3","0","0","0","0","0","0","2","0","3","","","","N","","","","","","","","","",""
"2018104936","","1","0","0","0","0","0","0","0","0","99","0","","02","10","2018","1","40.428639","-79.991028","1428","11","0","0","0","0","0","1","0","0","","0","0","0","","","0","","2","","40 25:43.100","","0","79 59:27.701","0","0","0","0","2301","0","0","0","N","0","0","0","2","02301","0","","1.0","","1","N","N","","0","","0","0","1","0","0","","","2","0","0","0","0","0","0","2","0","2","","","","N","","","","","","","","","",""
"2018106732","","1","0","0","0","0","0","0","0","0","1","0","","02","10","2018","6","40.487034","-79.886503","1250","11","0","0","0","0","0","1","0","1","1","0","0","0","","","0","","0","","40 29:13.324","1","0","79 53:11.412","0","0","0","0","2301","0","0","0","N","0","0","0","2","02301","0","","1.0","","1","N","N","","0","","0","0","1","0","0","Y","","2","0","0","0","0","0","0","2","0","2","","","","N","","","","","","","","","",""
"2018108318","","1","0","0","0","0","0","0","0","0","1","0","","02","10","2018","3","40.472493","-79.968093","1253","11","0","0","0","0","0","0","0","0","2","0","0","0","","","0","","0","","40 28:20.974","1","3","79 58:05.135","0","0","0","0","2301","0","0","0","N","0","0","0","3","02301","0","","1.0","","1","N","N","","0","","0","0","1","0","0","N","","2","0","0","0","0","0","0","2","0","2","","","","N","","","","","","","","","",""
"2018105114","","2","0","0","0","0","0","0","0","0","1","0","","02","10","2018","2","40.475085","-80.095808","1728","11","0","0","0","0","0","0","0","0","1","0","0","0","","","1","","0","","40 28:30.307","3","0","80 05:44.909","3","0","0","0","2126","0","0","0","N","0","0","0","3","02126","0","","1.0","","1","N","N","","0","","1","0","1","0","0","N","","3","1","0","0","0","0","0","2","0","3","","","","N","","","","","","","","","",""
"2018110452","","2","0","0","0","0","0","0","0","0","4","0","","02","10","2018","1","40.345139","-79.813993","2132","11","0","0","0","0","0","0","0","0","","0","0","0","","","0","","0","","40 20:42.500","","0","79 48:50.376","0","0","0","0","2477","0","0","0","N","0","0","0","1","02477","0","","4.0","","1","N","N","","0","","0","0","0","0","0","","","2","0","0","0","0","0","0","2","0","2","","","","N","","","","","","","","","",""