"CRN","ARRIVAL_TM","AUTOMOBILE_COUNT","BELTED_DEATH_COUNT","BELTED_SUSP_SERIOUS_INJ_COUNT","BICYCLE_COUNT","BICYCLE_DEATH_COUNT","BICYCLE_SUSP_SERIOUS_INJ_COUNT","BUS_COUNT","CHLDPAS_DEATH_COUNT","CHLDPAS_SUSP_SERIOUS_INJ_COUNT","COLLISION_TYPE","COMM_VEH_COUNT","CONS_ZONE_SPD_LIM","COUNTY","CRASH_MONTH","CRASH_YEAR","DAY_OF_WEEK","DEC_LATITUDE","DEC_LONGITUDE","DISPATCH_TM","DISTRICT","DRIVER_COUNT_16YR","DRIVER_COUNT_17YR","DRIVER_COUNT_18YR","DRIVER_COUNT_19YR","DRIVER_COUNT_20YR","DRIVER_COUNT_50_64YR","DRIVER_COUNT_65_74YR","DRIVER_COUNT_75PLUS","EST_HRS_CLOSED","FATAL_COUNT","HEAVY_TRUCK_COUNT","HORSE_BUGGY_COUNT","HOUR_OF_DAY","ILLUMINATION","INJURY_COUNT","INTERSECTION_RELATED","INTERSECT_TYPE","LANE_CLOSED","LATITUDE","LN_CLOSE_DIR","LOCATION_TYPE","LONGITUDE","MAX_SEVERITY_LEVEL","MCYCLE_DEATH_COUNT","MCYCLE_SUSP_SERIOUS_INJ_COUNT","MOTORCYCLE_COUNT","MUNICIPALITY","NONMOTR_COUNT","NONMOTR_DEATH_COUNT","NONMOTR_SUSP_SERIOUS_INJ_COUNT","NTFY_HIWY_MAINT","PED_COUNT","PED_DEATH_COUNT","PED_SUSP_SERIOUS_INJ_COUNT","PERSON_COUNT","POLICE_AGCY","POSSIBLE_INJ_COUNT","RDWY_SURF_TYPE_CD","RELATION_TO_ROAD","ROADWAY_CLEARED","ROAD_CONDITION","SCH_BUS_IND","SCH_ZONE_IND","SECONDARY_CRASH","SMALL_TRUCK_COUNT","SPEC_JURIS_CD","SUSP_MINOR_INJ_COUNT","SUSP_SERIOUS_INJ_COUNT","SUV_COUNT","TCD_FUNC_CD","TCD_TYPE","TFC_DETOUR_IND","TIME_OF_DAY","TOTAL_UNITS","TOT_INJ_COUNT","UNBELTED_OCC_COUNT","UNB_DEATH_COUNT","UNB_SUSP_SERIOUS_INJ_COUNT","UNK_INJ_DEG_COUNT","UNK_INJ_PER_COUNT","URBAN_RURAL","VAN_COUNT","VEHICLE_COUNT","WEATHER1","WEATHER2","WORKERS_PRES","WORK_ZONE_IND","WORK_ZONE_LOC","WORK_ZONE_TYPE","WZ_CLOSE_DETOUR","WZ_FLAGGER","WZ_LAW_OFFCR_IND","WZ_LN_CLOSURE","WZ_MOVING","WZ_OTHER","WZ_SHLDER_MDN","WZ_WORKERS_INJ_KILLED"
"2018062617","","2","0","0","0","0","0","0","0","0","1","0","","02","6","2018","5","40.485828","-79.911722","0759","11","0","0","0","0","0","0","0","0","","0","0","0","","","0","","0","","40 29:08.981","","0","79 54:42.199","0","0","0","0","2301","0","0","0","N","0","0","0","3","02301","0","","1.0","","1","N","N","","0","","0","0","0","0","0","N","","2","0","0","0","0","0","0","2","0","2","","","","N","","","","","","","","","",""
"2018106577","","1","0","0","0","0","0","0","0","0","7","0","","02","10","2018","6","40.396639","-79.9925","0224","11","0","0","0","0","0","0","0","0","","0","0","0","","","0","","0","","40 23:47.900","","0","79 59:33.000","0","0","0","0","2301","0","0","0","Y","0","0","0","1","02301","0","","2.0","","1","N","N","","0","","0","0","0","0","0","","","1","0","0","0","0","0","0","2","0","1","","","","N","","","","","","","","","",""
"2018108149","","1","0","0","0","0","0","0","0","0","1","0","55","02","10","2018","3","40.501097","-80.122761","0930","11","0","0","0","0","0","0","0","0","2","0","0","0","","","2","","0","","40 30:03.948","1","0","80 07:21.938","3","0","0","0","2115","0","0","0","N","0","0","0","3","68B03","0","","1.0","","1","N","N","","0","","2","0","2","3","8","Y","","3","2","0","0","0","0","0","2","0","3","","","N","Y","4","2","N","N","N","Y","N","N","N",""
"2018105116","","1","0","0","0","0","0","0","0","0","4","0","","02","10","2018","2","40.465417","-79.956667","1826","11","0","0","0","0","0","1","0","0","","0","0","0","","","1","","0","","40 27:55.500","","0","79 57:24.000","3","0","0","0","2301","0","0","0","N","0","0","0","2","02301","0","","2.0","","1","N","N","","0","","1","0","1","3","3","","","2","1","0","0","0","0","0","2","0","2","","","","N","","","","","","","","","",""
"2018110069","","1","0","0","0","0","0","0","0","0","7","0","","02","10","2018","6","40.420831","-80.103063","0549","11","0","0","0","0","0","0","0","0","","0","0","0","","","1","","0","","40 25:14.990","","2","80 06:11.027","8","0","0","0","2115","0","0","0","Y","0","0","0","1","68B03","0","","4.0","","1","N","N","","0","","0","0","0","0","0","","","1","1","0","0","0","1","0","2","0","1","","","","N","","","","","","","","","",""
"2018104938","","0","0","0","0","0","0","0","0","0","7","0","","02","10","2018","1","40.317993","-79.908721","1333","11","0","0","0","0","0","1","0","0","2","0","0","0","","","2","","0","","40 19:04.775","6","0","79 54:31.395","2","0","0","0","2440","0","0","0","N","0","0","0","2","02440","0","","5.0","","1","N","N","","0","","0","1","1","0","0","N","","1","2","1","0","1","1","0","2","0","1","","","","N","","","","","","","","","",""
"2018106739","","1","0","0","0","0","0","0","0","0","4","0","","02","10","2018","3","40.430591","-80.134049","1445","11","0","0","0","0","0","0","1","0","","0","0","0","","","0","","2","","40 25:50.127","","0","80 08:02.576","0","0","0","0","2115","0","0","0","N","0","0","0","2","02102","0","","1.0","","1","N","N","","0","","0","0","1","3","3","N","","2","0","0","0","0","0","0","2","0","2","","","","N","","","","","","","","","",""
"2018108566","","1","0","0","0","0","0","0","0","0","1","0","","02","10","2018","3","40.462264","-79.981892","2040","11","0","0","0","0","0","0","0","0","1","0","0","0","","","1","","0","","40 27:44.149","2","0","79 58:54.810","4","0","0","0","2301","0","0","0","N","0","0","0","2","02301","1","","1.0","","1","N","N","","0","","0","0","1","0","0","N","","2","1","0","0","0","0","0","2","0","2","","","","N","","","","","","","","","",""
"2018110456","","1","0","0","0","0","0","0","0","0","4","0","","02","10","2018","1","40.351722","-79.823861","2019","11","0","0","0","0","0","0","0","0","2","0","0","0","","","0","","0","","40 21:06.200","6","0","79 49:25.900","0","0","0","0","2477","0","0","0","N","0","0","0","3","02477","0","","6.0","","1","N","N","","0","","0","0","1","0","0","Y","","2","0","0","0","0","0","0","2","0","2","","","","N","","","","","","","","","",""
"2018110241","","1","0","1","0","0","0","0","0","0","7","0","","02","10","2018","1","40.45468","-80.195135","0100","11","0","0","0","0","1","0","0","0","3","0","0","0","","","2","","0","","40 27:16.847","5","0","80 11:42.485","2","0","0","0","2203","0","0","0","Y","0","0","0","2","02203","0","","5.0","","9","N","N","","0","","0","2","0","0","0","Y","","1","2","1","0","1","0","0","2","0","1","","","","N","","","","","","","","","",""
"2018105121","","1","0","0","0","0","0","0","0","0","4","0","","02","10","2018","2","40.449203","-79.901289","1827","11","0","0","0","0","0","0","0","0","2","0","0","0","","","2","","1","","40 26:57.129","3","0","79 54:04.642","4","0","0","0","2301","0","0","0","N","0","0","0","2","02301","1","","1.0","","1","N","N","","0","","0","0","1","3","2","N","","2","2","0","0","0","1","0","2","0","2","","","","N","","","","","","","","","",""
"2018108571","","0","0","0","0","0","0","0","0","0","7","0","","02","10","2018","3","40.669253","-80.101017","0539","11","0","0","0","0","0","0","0","0","","0","0","0","","","0","","0","","40 40:09.309","","7","80 06:03.661","0","0","0","0","2212","0","0","0","N","0","0","0","2","02505","0","","4.0","","1","N","N","","0","","0","0","1","0","0","","","1","0","1","0","0","0","0","2","0","1","","","","N","","","","","","","","","",""
"2018110459","","0","0","0","0","0","0","0","0","0","2","0","","02","10","2018","1","40.393733","-80.01997","2120","11","0","0","0","0","0","0","0","0","","0","0","0","","","0","","2","","40 23:37.438","","0","80 01:11.892","0","0","0","0","2301","0","0","0","N","0","0","0","1","02301","0","","1.0","","1","N","N","","1","","0","0","1","0","0","","","2","0","0","0","0","0","0","2","0","2","","","","N","","","","","","","","","",""
"2018068177","","2","0","0","0","0","0","0","0","0","1","0","","02","6","2018","7","40.501018","-80.067319","2127","11","0","0","0","0","0","0","0","0","1","0","0","0","","","2","","0","","40 30:03.664","3","0","80 04:02.349","3","0","0","0","2402","0","0","0","N","0","0","0","2","02402","0","","2.0","","1","N","N","","0","","2","0","0","0","0","N","","3","2","2","0","0","0","0","2","1","3","","","","N","","","","","","","","","",""
"2018068374","","2","0","0","0","0","0","0","0","0","1","0","","02","6","2018","4","40.415451","-79.92486","1013","11","0","0","0","0","0","1","0","0","","0","0","0","","","1","","2","","40 24:55.623","","0","79 55:29.496","4","0","0","0","2301","0","0","0","N","0","0","0","2","02301","1","","1.0","","9","N","N","","0","","0","0","0","3","2","","","2","1","0","0","0","0","0","2","0","2","","","","N","","","","","","","","","",""
"2018065187","","0","0","0","0","0","0","0","0","0","4","0","","02","6","2018","2","40.429035","-79.99848","1500","11","0","0","0","0","0","0","0","0","1","0","0","0","","","0","","1","","40 25:44.525","1","0","79 59:54.528","0","0","0","0","2301","0","0","0","N","0","0","0","3","02301","0","","1.0","","1","N","N","","0","","0","0","2","1","2","N","","2","0","0","0","0","0","0","2","0","2","","","","N","","","","","","","","","",""
"2018109880","","1","0","0","0","0","0","0","0","0","5","0","","02","10","2018","6","40.355178","-79.878562","0244","11","0","0","0","0","0","0","0","0","3","0","0","0","","","1","","9","","40 21:18.639","7","0","79 52:42.824","8","0","0","0","2473","0","0","0","N","0","0","0","4","02304","0","","1.0","","1","","","","0","","0","0","0","3","5","Y","","2","1","0","0","0","1","0","2","0","1","","","","N","","","","","","","","","",""
"2018110081","","1","0","0","0","0","0","0","0","0","1","0","","02","10","2018","6","40.632657","-80.002206","1502","11","0","0","0","0","0","0","0","0","","0","0","0","","","0","","1","","40 37:57.564","","0","80 00:07.943","0","0","0","0","2216","0","0","0","N","0","0","0","2","02505","0","","1.0","","1","N","N","","1","","0","0","0","0","0","","","2","0","0","0","0","0","0","2","0","2","","","","N","","","","","","","","","",""
"2018065189","","0","0","0","0","0","0","0","0","0","7","0","","02","6","2018","1","40.370211","-79.9896","1231","11","0","0","0","0","0","0","0","0","","0","0","0","","","0","","0","","40 22:12.760","","0","79 59:22.560","0","0","0","0","2476","0","0","0","N","0","0","0","1","02476","0","","5.0","","1","N","N","","0","","0","0","1","0","0","","","1","0","0","0","0","0","0","2","0","1","","","","N","","","","","","","","","",""
"2018109884","","1","0","0","0","0","0","0","0","0","2","0","","02","10","2018","3","40.492671","-80.109004","0553","11","0","0","0","0","0","1","0","0","1","0","0","0","","","2","","0","","40 29:33.617","7","0","80 06:32.416","3","0","0","0","2126","0","0","0","N","0","0","0","2","02126","0","","1.0","","1","N","N","","0","","2","0","1","0","0","N","","2","2","0","0","0","0","0","2","0","2","","","","N","","","","","","","","","",""
"2018110082","","0","0","0","0","0","0","0","0","0","7","0","","02","10","2018","7","40.561549","-79.782883","0410","11","0","0","0","0","0","0","0","0","1","0","0","0","","","0","","0","","40 33:41.577","6","0","79 46:58.378","0","0","0","0","2121","0","0","0","N","0","0","0","1","02121","0","","5.0","","1","N","N","","1","","0","0","0","0","0","N","","1","0","0","0","0","0","0","1","0","1","","","","N","","","","","","","","","",""
"2018106746","","2","0","0","0","0","0","0","0","0","4","0","","02","10","2018","6","40.454626","-79.94634","1357","11","0","0","0","0","0","1","0","0","2","0","0","0","","","1","","0","","40 27:16.653","3","7","79 56:46.824","8","0","0","0","2301","0","0","0","N","0","0","0","2","02301","0","","1.0","","1","N","N","","0","","0","0","0","0","0","N","","2","1","0","0","0","1","0","2","0","2","","","","N","","","","","","","","","",""
"2018062443","","2","0","0","0","0","0","0","0","0","4","0","","02","6","2018","3","40.46406","-79.94074","0133","11","0","0","0","0","0","0","0","0","2","0","0","0","","","0","","2","","40 27:50.616","1","0","79 56:26.663","0","0","0","0","2301","0","0","0","N","0","0","0","1","02301","0","","1.0","","1","N","N","","0","","0","0","0","0","0","Y","","2","0","0","0","0","0","0","2","0","2","","","","N","","","","","","","","","",""
"2018107976","","0","0","0","0","0","0","0","0","0","4","0","","02","10","2018","2","40.485336","-80.009525","1635","11","0","0","0","0","0","0","0","0","","0","0","0","","","0","","1","","40 29:07.209","","0","80 00:34.289","0","0","0","0","2301","0","0","0","N","0","0","0","3","02301","0","","1.0","","9","N","N","","1","","0","0","1","0","0","","","2","0","0","0","0","0","0","2","0","2","","","","N","","","","","","","","","",""
"2018104750","","0","0","0","0","0","0","0","0","0","7","0","","02","10","2018","7","40.344296","-79.940704","2031","11","0","0","0","0","0","0","0","0","1","0","0","0","","","0","","1","","40 20:39.465","5","0","79 56:26.534","9","0","0","0","2473","0","0","0","N","0","0","0","1","02473","0","","3.0","","1","N","N","","0","","0","0","1","3","2","Y","","1","0","0","0","0","0","1","2","0","1","","","","N","","","","","","","","","",""
"2018105126","","1","0","0","0","0","0","0","0","0","4","0","","02","10","2018","2","40.487273","-79.895523","1537","11","0","0","0","0","0","1","0","0","","0","0","0","","","0","","2","","40 29:14.182","","0","79 53:43.882","0","0","0","0","2301","0","0","0","N","0","0","0","2","02301","0","","1.0","","1","N","N","","0","","0","0","1","0","0","","","2","0","2","0","0","0","0","2","0","2","","","","N","","","","","","","","","",""
"2018062444","","2","0","0","0","0","0","0","0","0","1","0","","02","6","2018","5","40.342511","-80.037153","2114","11","0","0","0","0","0","2","0","0","2","0","0","0","","","1","","0","","40 20:33.039","3","0","80 02:13.750","4","0","0","0","2407","0","0","0","N","0","0","0","4","02407","1","","1.0","","1","N","N","","0","","0","0","1","0","0","Y","","3","1","1","0","0","0","0","2","0","3","","","","N","","","","","","","","","",""
"2018065248","","2","0","0","0","0","0","0","0","0","4","0","","02","6","2018","3","40.435126","-79.956406","1225","11","0","0","0","0","0","0","1","0","1","0","0","0","","","0","","1","","40 26:06.452","4","0","79 57:23.060","9","0","0","0","2301","0","0","0","N","0","0","0","2","02301","0","","1.0","","1","N","N","","0","","0","0","0","3","2","N","","2","0","0","0","0","0","1","2","0","2","","","","N","","","","","","","","","",""
"2018104751","","2","0","0","0","0","0","0","0","0","5","0","","02","10","2018","1","40.437","-79.970417","1514","11","0","0","0","0","0","0","0","0","1","0","0","0","","","0","","0","","40 26:13.200","4","0","79 58:13.500","0","0","0","0","2301","0","0","0","N","0","0","0","3","02301","0","","1.0","","1","N","N","","0","","0","0","0","0","0","Y","","2","0","0","0","0","0","0","2","0","2","","","","N","","","","","","","","","",""
"2018062445","","1","0","0","0","0","0","0","0","0","7","0","","02","6","2018","3","40.464022","-79.888603","0214","11","0","0","0","0","0","0","0","0","","0","0","0","","","0","","0","","40 27:50.480","","0","79 53:18.970","9","0","0","0","2113","0","0","0","N","0","0","0","2","02113","0","","2.0","","1","N","N","","0","","0","0","0","0","0","","","1","0","0","0","0","0","1","2","0","1","","","","N","","","","","","","","","",""
"2018109889","","1","0","0","0","0","0","0","0","0","7","0","","02","10","2018","7","40.468056","-79.963111","0151","11","0","0","0","0","0","0","0","0","1","0","0","0","","","0","","1","","40 28:05.003","2","0","79 57:47.198","0","0","0","0","2301","0","0","0","N","0","0","0","3","02301","0","","4.0","","9","N","N","","0","","0","0","0","0","0","N","","1","0","0","0","0","0","0","2","0","1","","","","N","","","","","","","","","",""
"2018104949","","2","0","0","0","0","0","0","0","0","4","0","","02","10","2018","7","40.346417","-79.946806","1337","11","0","0","0","0","0","0","1","0","1","0","0","0","","","0","","0","","40 20:47.100","1","7","79 56:48.500","0","0","0","0","2473","0","0","0","N","0","0","0","2","02473","0","","1.0","","9","N","N","","0","","0","0","0","0","0","Y","","2","0","0","0","0","0","0","2","0","2","","","","N","","","","","","","","","",""
"2018110472","","1","0","0","0","0","0","0","0","0","7","0","","02","10","2018","1","40.419389","-79.987583","2117","11","0","0","0","0","0","1","0","0","","0","0","0","","","0","","0","","40 25:09.800","","0","79 59:15.300","0","0","0","0","2301","0","0","0","N","0","0","0","1","02301","0","","4.0","","9","N","N","","0","","0","0","0","0","0","","","1","0","0","0","0","0","0","2","0","1","","","","N","","","","","","","","","",""
"2018108206","","1","0","0","0","0","0","0","0","0","0","0","","02","10","2018","7","40.389646","-79.934094","0303","11","0","0","0","0","0","0","0","0","","0","0","0","","","0","","0","","40 23:22.726","","3","79 56:02.738","9","0","0","0","2301","0","0","0","N","0","0","0","2","02301","0","","1.0","","1","N","N","","1","","0","0","0","0","0","","","2","0","0","0","0","0","1","2","0","2","","","","N","","","","","","","","","",""
"2018110091","","1","0","0","0","0","0","0","0","0","4","0","","02","10","2018","7","40.468198","-79.791221","1525","11","0","0","0","0","0","1","0","0","","0","0","0","","","1","","1","","40 28:05.511","","0","79 47:28.394","3","0","0","0","2113","0","0","0","N","0","0","0","4","02113","0","","1.0","","9","N","N","","1","","1","0","0","3","3","","","2","1","0","0","0","0","0","2","0","2","","","","N","","","","","","","","","",""
"2018106758","","1","0","0","0","0","0","0","0","0","4","0","","02","10","2018","6","40.427056","-79.753143","1603","11","0","0","1","0","0","1","0","0","1","0","0","0","","","1","","0","","40 25:37.401","1","7","79 45:11.316","3","0","0","0","2446","0","0","0","N","0","0","0","2","02446","0","","1.0","","1","N","N","","0","","1","0","0","0","0","N","","2","1","0","0","0","0","0","2","1","2","","","","N","","","","","","","","","",""
"2018105134","","1","0","0","0","0","0","0","0","0","4","0","","02","10","2018","2","40.580863","-79.867003","2000","11","0","0","0","0","0","0","0","0","","0","0","0","","","1","","0","","40 34:51.106","","7","79 52:01.211","8","0","0","0","2209","0","0","0","N","0","0","0","2","02209","0","","1.0","","1","N","N","","1","","0","0","0","0","0","","","2","1","0","0","0","1","0","2","0","2","","","","N","","","","","","","","","",""
"2018110473","","1","0","0","0","0","0","0","0","0","7","0","","02","10","2018","1","40.440834","-80.006757","0246","11","0","0","0","0","0","1","0","0","","0","0","0","","","0","","1","","40 26:27.002","","0","80 00:24.325","0","0","0","0","2301","0","0","0","N","0","0","0","5","02301","0","","1.0","","1","N","N","","0","","0","0","0","3","2","","","1","0","0","0","0","0","0","2","0","1","","","","N","","","","","","","","","",""
"2018065174","","2","0","0","0","0","0","0","0","0","1","0","","02","6","2018","5","40.319505","-80.026949","1745","11","0","0","0","0","0","0","1","0","","0","0","0","","","0","","3","","40 19:10.219","","0","80 01:37.018","0","0","0","0","2407","0","0","0","N","0","0","0","2","02407","0","","1.0","","1","N","N","","0","","0","0","0","0","0","","","2","0","0","0","0","0","0","2","0","2","","","","N","","","","","","","","","",""
"2018062485","","2","0","0","0","0","0","0","0","0","4","0","","02","6","2018","2","40.410059","-80.080745","0740","11","0","0","0","0","0","0","0","0","1","0","0","0","","","1","","1","","40 24:36.212","4","0","80 04:50.681","3","0","0","0","2415","0","0","0","N","0","0","0","2","02415","0","","1.0","","1","N","N","","0","","1","0","0","3","3","N","","2","1","0","0","0","0","0","2","0","2","","","","N","","","","","","","","","",""
"2018109892","","1","0","0","0","0","0","0","0","0","4","0","","02","10","2018","7","40.458181","-79.908438","0201","11","0","0","0","0","0","0","0","0","2","0","0","0","","","0","","3","","40 27:29.451","3","0","79 54:30.376","9","0","0","0","2301","0","0","0","N","0","0","0","2","02301","0","","1.0","","9","N","N","","0","","0","0","1","0","0","N","","2","0","0","0","0","0","1","2","0","2","","","","N","","","","","","","","","",""
"2018110477","","1","0","0","0","0","0","0","0","0","99","0","","02","10","2018","1","40.470804","-79.924201","0324","11","0","0","0","0","0","0","0","0","2","0","0","0","","","0","","0","","40 28:14.893","6","0","79 55:27.124","0","0","0","0","2301","0","0","0","N","0","0","0","1","02301","0","","1.0","","9","N","N","","0","","0","0","0","0","0","N","","1","0","0","0","0","0","0","2","0","1","","","","N","","","","","","","","","",""
"2018068211","","2","0","0","0","0","0","0","0","0","4","0","","02","6","2018","3","40.454029","-79.912399","1820","11","0","0","0","0","0","0","1","0","","0","0","0","","","0","","2","","40 27:14.504","","0","79 54:44.638","0","0","0","0","2301","0","0","0","N","0","0","0","2","02301","0","","1.0","","1","N","N","","0","","0","0","0","3","2","","","2","0","0","0","0","0","0","2","0","2","","","","N","","","","","","","","","",""
"2018109942","","1","0","0","0","0","0","0","0","0","1","0","","02","10","2018","5","40.354778","-79.900689","1535","11","0","0","0","0","0","1","0","0","1","0","0","0","","","1","","0","","40 21:17.200","4","0","79 54:02.480","3","0","0","0","2473","0","0","0","N","0","0","0","3","02473","0","","1.0","","1","N","N","","0","","1","0","2","0","0","N","","3","1","0","0","0","0","0","2","0","3","","","","N","","","","","","","","","",""
"2018106761","","3","0","0","0","0","0","0","0","0","1","0","","02","7","2018","1","40.429511","-79.998998","1810","11","0","0","0","0","0","0","1","1","1","0","0","0","","","0","","0","","40 25:46.239","4","3","79 59:56.394","0","0","0","0","2301","0","0","0","N","0","0","0","4","02301","0","","1.0","","1","N","N","","0","","0","0","0","0","0","Y","","3","0","0","0","0","0","0","2","0","3","","","","N","","","","","","","","","",""
"2018110480","","1","0","0","0","0","0","0","0","0","7","0","","02","10","2018","1","40.437704","-79.972679","0225","11","0","0","0","0","0","0","0","0","","0","0","0","","","3","","2","","40 26:15.734","","0","79 58:21.645","3","0","0","0","2301","0","0","0","N","0","0","0","5","02301","2","","4.0","","9","N","N","","0","","1","0","0","3","2","","","1","3","2","0","0","0","2","2","0","1","","","","N","","","","","","","","","",""
"2018108212","","1","0","0","0","0","0","0","0","0","7","0","","02","10","2018","3","40.432104","-79.935003","0223","11","0","0","0","0","0","0","0","0","2","0","0","0","","","3","","3","","40 25:55.574","3","0","79 56:06.011","8","0","0","0","2301","0","0","0","N","0","0","0","3","02301","0","","5.0","","1","N","N","","0","","0","0","0","0","0","Y","","1","3","0","0","0","3","0","2","0","1","","","","N","","","","","","","","","",""
"2018104613","","1","0","0","0","0","0","0","0","0","4","0","","02","10","2018","7","40.377923","-80.055224","1659","11","0","1","0","0","0","0","0","0","1","0","0","0","","","0","","1","","40 22:40.522","4","0","80 03:18.806","0","0","0","0","2109","0","0","0","N","0","0","0","4","02109","0","","1.0","","1","N","N","","0","","0","0","1","3","3","N","","2","0","0","0","0","0","0","2","0","2","","","","N","","","","","","","","","",""
"2018108020","","2","0","0","0","0","0","0","0","0","4","0","","02","10","2018","2","40.496131","-79.976872","1738","11","0","0","0","0","0","0","0","0","","0","0","0","","","0","","1","","40 29:46.072","","0","79 58:36.740","0","0","0","0","2118","0","0","0","N","0","0","0","3","02118","0","","1.0","","9","N","N","","0","","0","0","0","3","3","","","2","0","0","0","0","0","0","2","0","2","","","","N","","","","","","","","","",""
"2018108215","","1","0","0","0","0","0","0","0","0","2","0","","02","10","2018","2","40.432842","-79.936554","1627","11","0","0","0","0","0","0","0","0","","0","0","0","","","0","","3","","40 25:58.231","","0","79 56:11.594","0","0","0","0","2301","0","0","0","N","0","0","0","2","02301","0","","1.0","","9","N","N","","0","","0","0","1","0","0","","","2","0","0","0","0","0","0","2","0","2","","","","N","","","","","","","","","",""
"2018110101","","1","0","0","0","0","0","0","0","0","7","0","","02","10","2018","1","40.474574","-79.898067","1938","11","0","0","0","0","0","0","1","0","1","0","0","0","","","0","","0","","40 28:28.467","5","0","79 53:53.042","0","0","0","0","2301","0","0","0","N","0","0","0","1","02301","0","","5.0","","1","N","N","","0","","0","0","0","0","0","N","","1","0","0","0","0","0","0","2","0","1","","","","N","","","","","","","","","",""
"2018106764","","0","0","0","0","0","0","0","0","0","7","0","","02","10","2018","3","40.399668","-80.064919","1757","11","0","0","0","0","0","0","0","0","1","0","0","0","","","0","","1","","40 23:58.804","2","0","80 03:53.707","0","0","0","0","2117","0","0","0","N","0","0","0","2","02117","0","","2.0","","1","N","N","","0","","0","0","1","3","2","N","","1","0","0","0","0","0","0","2","0","1","","","","N","","","","","","","","","",""
"2018062490","","0","0","0","1","0","1","0","0","0","8","0","","02","6","2018","5","40.309661","-79.891519","2239","11","0","0","0","0","0","1","0","0","1","0","0","0","","","1","","0","","40 18:34.780","6","7","79 53:29.470","2","0","0","0","2302","1","0","1","N","0","0","0","2","02302","0","","1.0","","1","N","N","","1","","0","1","0","0","0","N","","2","1","0","0","0","0","0","2","0","1","","","","N","","","","","","","","","",""
"2018107996","","1","0","0","0","0","0","0","0","0","1","0","","02","10","2018","2","40.391849","-80.069694","1640","11","0","0","1","0","0","0","0","1","","0","0","0","","","1","","0","","40 23:30.658","","0","80 04:10.899","3","0","0","0","2117","0","0","0","N","0","0","0","3","02117","0","","1.0","","1","N","N","","1","","1","0","0","3","2","","","2","1","0","0","0","0","0","2","0","2","","","","N","","","","","","","","","",""
"2018110102","","0","0","0","0","0","0","0","0","0","7","0","","02","10","2018","6","40.637915","-79.812814","2020","11","0","0","0","0","0","0","0","0","2","0","0","0","","","1","","0","","40 38:16.494","3","0","79 48:46.129","3","0","0","0","2220","0","0","0","N","0","0","0","1","02220","0","","5.0","","1","N","N","","1","","1","0","0","0","0","N","","1","1","0","0","0","0","0","1","0","1","","","","N","","","","","","","","","",""
"2018108428","","1","0","0","0","0","0","0","0","0","5","0","","02","10","2018","3","40.447668","-80.007654","1318","11","0","0","0","0","0","0","0","0","","0","0","0","","","0","","1","","40 26:51.604","","0","80 00:27.554","0","0","0","0","2301","0","0","0","N","0","0","0","2","02301","0","","1.0","","1","N","N","","0","","0","0","1","3","2","","","2","0","0","0","0","0","0","2","0","2","","","","N","","","","","","","","","",""
"2018105148","","0","0","0","0","0","0","0","0","0","2","0","","02","8","2018","6","40.545335","-80.038063","1535","11","0","0","0","0","0","0","0","0","1","0","0","0","","","0","","0","","40 32:43.206","4","0","80 02:17.027","0","0","0","0","2116","0","0","0","N","0","0","0","3","02116","0","","1.0","","9","N","N","","1","","0","0","1","0","0","N","","2","0","0","0","0","0","0","2","0","2","","","","N","","","","","","","","","",""
"2018108028","","1","0","0","0","0","0","0","0","0","1","0","","02","10","2018","2","40.455361","-79.994681","1525","11","0","0","0","0","0","0","0","0","","0","0","0","","","1","","1","","40 27:19.298","","0","79 59:40.853","8","0","0","0","2301","0","0","0","N","0","0","0","3","02301","0","","1.0","","9","N","N","","0","","0","0","2","0","0","","","3","1","0","0","0","1","0","2","0","3","","","","N","","","","","","","","","",""
"2018104804","","1","0","0","0","0","0","0","0","0","1","0","","02","10","2018","1","40.448432","-80.158021","1915","11","0","0","0","0","0","1","0","0","","0","0","0","","","1","","2","","40 26:54.356","","0","80 09:28.877","8","0","0","0","2115","0","0","0","N","0","0","0","2","02115","0","","1.0","","1","N","N","","0","","0","0","1","3","2","","","2","1","0","0","0","1","0","2","0","2","","","","N","","","","","","","","","",""
"2018066451","","1","0","0","0","0","0","0","0","0","7","0","","02","6","2018","6","40.375694","-80.161444","1233","11","0","0","0","0","0","0","0","0","","0","0","0","","","0","","0","","40 22:32.500","","0","80 09:41.200","0","0","0","0","2119","0","0","0","N","0","0","0","2","02119","0","","4.0","","9","N","N","","0","","0","0","0","0","0","","","1","0","0","0","0","0","0","2","0","1","","","","N","","","","","","","","","",""
"2018063715","","2","0","0","0","0","0","0","0","0","1","0","","02","6","2018","5","40.420158","-80.007611","1757","11","0","0","0","0","0","0","0","0","","0","0","0","","","0","","2","","40 25:12.568","","0","80 00:27.399","0","0","0","0","2301","0","0","0","N","0","0","0","2","02301","0","","1.0","","1","N","N","","0","","0","0","0","0","0","","","2","0","0","0","0","0","0","2","0","2","","","","N","","","","","","","","","",""
"2018066738","","1","0","0","0","0","0","0","0","0","2","0","","02","6","2018","7","40.3505","-79.86875","1045","11","0","0","0","0","0","1","0","0","3","0","0","0","","","5","","0","","40 21:01.800","6","0","79 52:07.500","8","0","0","0","2304","0","0","0","N","0","0","0","5","02304","0","","1.0","","9","N","N","","0","","0","0","1","0","0","Y","","2","5","0","0","0","5","0","2","0","2","","","","N","","","","","","","","","",""