"CRN","ARRIVAL_TM","AUTOMOBILE_COUNT","BELTED_DEATH_COUNT","BELTED_SUSP_SERIOUS_INJ_COUNT","BICYCLE_COUNT","BICYCLE_DEATH_COUNT","BICYCLE_SUSP_SERIOUS_INJ_COUNT","BUS_COUNT","CHLDPAS_DEATH_COUNT","CHLDPAS_SUSP_SERIOUS_INJ_COUNT","COLLISION_TYPE","COMM_VEH_COUNT","CONS_ZONE_SPD_LIM","COUNTY","CRASH_MONTH","CRASH_YEAR","DAY_OF_WEEK","DEC_LATITUDE","DEC_LONGITUDE","DISPATCH_TM","DISTRICT","DRIVER_COUNT_16YR","DRIVER_COUNT_17YR","DRIVER_COUNT_18YR","DRIVER_COUNT_19YR","DRIVER_COUNT_20YR","DRIVER_COUNT_50_64YR","DRIVER_COUNT_65_74YR","DRIVER_COUNT_75PLUS","EST_HRS_CLOSED","FATAL_COUNT","HEAVY_TRUCK_COUNT","HORSE_BUGGY_COUNT","HOUR_OF_DAY","ILLUMINATION","INJURY_COUNT","INTERSECTION_RELATED","INTERSECT_TYPE","LANE_CLOSED","LATITUDE","LN_CLOSE_DIR","LOCATION_TYPE","LONGITUDE","MAX_SEVERITY_LEVEL","MCYCLE_DEATH_COUNT","MCYCLE_SUSP_SERIOUS_INJ_COUNT","MOTORCYCLE_COUNT","MUNICIPALITY","NONMOTR_COUNT","NONMOTR_DEATH_COUNT","NONMOTR_SUSP_SERIOUS_INJ_COUNT","NTFY_HIWY_MAINT","PED_COUNT","PED_DEATH_COUNT","PED_SUSP_SERIOUS_INJ_COUNT","PERSON_COUNT","POLICE_AGCY","POSSIBLE_INJ_COUNT","RDWY_SURF_TYPE_CD","RELATION_TO_ROAD","ROADWAY_CLEARED","ROAD_CONDITION","SCH_BUS_IND","SCH_ZONE_IND","SECONDARY_CRASH","SMALL_TRUCK_COUNT","SPEC_JURIS_CD","SUSP_MINOR_INJ_COUNT","SUSP_SERIOUS_INJ_COUNT","SUV_COUNT","TCD_FUNC_CD","TCD_TYPE","TFC_DETOUR_IND","TIME_OF_DAY","TOTAL_UNITS","TOT_INJ_COUNT","UNBELTED_OCC_COUNT","UNB_DEATH_COUNT","UNB_SUSP_SERIOUS_INJ_COUNT","UNK_INJ_DEG_COUNT","UNK_INJ_PER_COUNT","URBAN_RURAL","VAN_COUNT","VEHICLE_COUNT","WEATHER1","WEATHER2","WORKERS_PRES","WORK_ZONE_IND","WORK_ZONE_LOC","WORK_ZONE_TYPE","WZ_CLOSE_DETOUR","WZ_FLAGGER","WZ_LAW_OFFCR_IND","WZ_LN_CLOSURE","WZ_MOVING","WZ_OTHER","WZ_SHLDER_MDN","WZ_WORKERS_INJ_KILLED"
"2018067061","","1","0","0","0","0","0","0","0","0","4","0","","02","6","2018","1","40.48957","-80.018353","2130","11","0","0","0","0","0","0","0","0","","0","0","0","","","0","","5","","40 29:22.453","","0","80 01:06.069","0","0","0","0","2301","0","0","0","N","0","0","0","1","02301","0","","1.0","","9","N","N","","0","","0","0","0","0","0","","","2","0","0","0","0","0","0","2","0","1","","","","N","","","","","","","","","",""
"2018061724","","2","0","0","0","0","0","0","0","0","1","0","","02","6","2018","7","40.314704","-79.917033","2150","11","0","0","0","0","0","1","0","0","2","0","0","0","","","0","","0","","40 18:52.933","2","0","79 55:01.317","0","0","0","0","2440","0","0","0","N","0","0","0","3","02440","0","","1.0","","1","N","N","","0","","0","0","0","0","0","Y","","2","0","0","0","0","0","0","2","0","2","","","","N","","","","","","","","","",""
"2018064487","","1","0","0","0","0","0","0","0","0","4","0","","02","6","2018","7","40.656997","-79.934795","1425","11","1","0","0","0","0","0","0","0","","0","0","0","","","0","","2","","40 39:25.190","","0","79 56:05.263","9","0","0","0","2217","0","0","0","N","0","0","0","3","02505","0","","1.0","","1","N","N","","1","","0","0","0","0","0","","","2","0","0","0","0","0","1","2","0","2","","","","N","","","","","","","","","",""
"2018062160","","2","0","0","0","0","0","0","0","0","1","0","","02","6","2018","5","40.455265","-79.997912","1627","11","0","0","0","0","0","1","0","1","","0","0","0","","","0","","0","","40 27:18.954","","0","79 59:52.482","0","0","0","0","2301","0","0","0","N","0","0","0","6","68B03","0","","1.0","","1","N","N","","0","","0","0","0","0","0","","","2","0","0","0","0","0","0","2","0","2","","","","N","","","","","","","","","",""
"2018098233","","2","0","0","0","0","0","0","0","0","4","0","","02","9","2018","7","40.460436","-79.913794","0033","11","0","0","1","0","0","0","0","0","","0","0","0","","","1","","1","","40 27:37.569","","0","79 54:49.658","4","0","0","0","2301","0","0","0","N","0","0","0","2","02301","1","","1.0","","1","N","N","","0","","0","0","0","3","2","","","2","1","0","0","0","0","0","2","0","2","","","","N","","","","","","","","","",""
"2018103675","","0","0","0","0","0","0","0","0","0","4","0","","02","10","2018","5","40.44062","-79.916647","1604","11","0","0","0","0","0","0","0","0","","0","0","0","","","0","","1","","40 26:26.232","","0","79 54:59.929","0","0","0","0","2301","0","0","0","N","0","0","0","3","02301","0","","1.0","","1","N","N","","0","","0","0","2","0","0","","","2","0","0","0","0","0","0","2","0","2","","","","N","","","","","","","","","",""
"2018067040","","1","0","0","0","0","0","0","0","0","7","0","","02","6","2018","1","40.448409","-80.017603","1817","11","0","0","0","0","0","0","0","0","1","0","0","0","","","0","","0","","40 26:54.271","1","2","80 01:03.370","0","0","0","0","2301","0","0","0","N","0","0","0","2","02301","0","","4.0","","1","N","N","","0","","0","0","0","0","0","N","","1","0","0","0","0","0","0","2","0","1","","","","N","","","","","","","","","",""
"2018061726","","3","0","0","0","0","0","0","0","0","2","0","","02","6","2018","7","40.434501","-80.010968","2150","11","0","0","0","0","0","0","0","0","3","0","0","0","","","2","","0","","40 26:04.203","7","0","80 00:39.485","3","0","0","0","2301","0","0","0","N","0","0","0","4","02301","0","","1.0","","1","N","N","","0","","2","0","0","0","0","N","","3","2","0","0","0","0","0","2","0","3","","","","N","","","","","","","","","",""
"2018061888","","1","0","0","0","0","0","0","0","0","7","0","","02","6","2018","1","40.475075","-80.011415","2100","11","0","0","0","0","0","0","0","0","","0","0","0","","","0","","2","","40 28:30.270","","0","80 00:41.094","0","0","0","0","2301","0","0","0","N","0","0","0","2","02301","0","","5.0","","9","N","N","","0","","0","0","0","0","0","","","1","0","0","0","0","0","0","2","0","1","","","","N","","","","","","","","","",""
"2018064729","","1","0","0","0","0","0","0","0","0","1","0","","02","6","2018","2","40.622391","-80.070174","0715","11","0","0","0","0","0","1","0","0","1","0","0","0","","","0","","0","","40 37:20.609","3","0","80 04:12.627","9","0","0","0","2212","0","0","0","N","0","0","0","2","02505","0","","1.0","","1","N","N","","0","","0","0","1","3","2","N","","2","0","0","0","0","0","1","2","0","2","","","","N","","","","","","","","","",""
"2018064972","","1","0","0","0","0","0","0","0","0","4","0","","02","6","2018","2","40.447573","-80.020979","2306","11","0","0","0","0","0","0","0","0","3","0","0","0","","","0","","5","","40 26:51.262","7","0","80 01:15.526","0","0","0","0","2301","0","0","0","N","0","0","0","3","02301","0","","1.0","","1","N","N","","0","","0","0","1","3","2","N","","2","0","2","0","0","0","0","2","0","2","","","","N","","","","","","","","","",""
"2018067064","","1","0","0","0","0","0","0","0","0","1","0","","02","6","2018","1","40.356424","-80.119157","1834","11","0","0","0","0","0","1","0","0","","0","0","0","","","0","","2","","40 21:23.127","","0","80 07:08.965","0","0","0","0","2119","0","0","0","N","0","0","0","5","02119","0","","1.0","","1","N","N","","0","","0","0","1","3","2","","","3","0","0","0","0","0","0","2","1","3","","","","N","","","","","","","","","",""
"2018061729","","0","0","0","0","0","0","0","0","0","7","0","","02","6","2018","7","40.439148","-79.960285","2320","11","0","0","0","0","0","0","0","0","","0","0","0","","","0","","0","","40 26:20.933","","0","79 57:37.026","0","0","0","0","2301","0","0","0","N","0","0","0","1","02506","0","","1.0","","1","N","N","","0","","0","0","1","0","0","","","1","0","0","0","0","0","0","2","0","1","","","","N","","","","","","","","","",""
"2018064489","","1","0","0","0","0","0","0","0","0","4","0","","02","6","2018","7","40.435499","-79.78827","1230","11","0","1","0","0","0","0","0","1","","0","0","0","","","1","","0","","40 26:07.798","","7","79 47:17.771","3","0","0","0","2446","0","0","0","N","0","0","0","3","02446","0","","1.0","","1","N","N","","0","","1","0","1","0","0","","","2","1","0","0","0","0","0","2","0","2","","","","N","","","","","","","","","",""
"2018064730","","2","0","0","0","0","0","0","0","0","1","0","","02","6","2018","6","40.403086","-79.82465","1349","11","0","0","0","0","0","1","0","0","1","0","0","0","","","2","","0","","40 24:11.110","4","3","79 49:28.740","3","0","0","0","2111","0","0","0","N","0","0","0","3","02111","0","","1.0","","1","N","N","","0","","2","0","1","3","2","Y","","3","2","0","0","0","0","0","2","0","3","","","","N","","","","","","","","","",""
"2018064492","","2","0","0","0","0","0","0","0","0","1","0","","02","6","2018","1","40.463409","-79.980806","1444","11","0","0","0","0","0","1","0","0","1","0","0","0","","","0","","0","","40 27:48.274","1","0","79 58:50.903","0","0","0","0","2301","0","0","0","N","0","0","0","3","02301","0","","1.0","","1","N","N","","0","","0","0","0","0","0","Y","","2","0","0","0","0","0","0","2","0","2","","","","N","","","","","","","","","",""
"2018067613","","1","0","0","0","0","0","0","0","0","1","0","","02","6","2018","2","40.435435","-79.994878","0630","11","0","0","0","0","0","0","0","0","","0","0","0","","","0","","0","","40 26:07.566","","3","79 59:41.560","0","0","0","0","2301","0","0","0","N","0","0","0","2","02301","0","","1.0","","1","N","N","","0","","0","0","1","0","0","","","2","0","0","0","0","0","0","2","0","2","","","","N","","","","","","","","","",""
"2018064977","","1","0","0","0","0","0","0","0","0","7","0","","02","6","2018","2","40.449972","-79.829333","2309","11","0","0","0","0","0","0","0","0","","0","0","0","","","0","","0","","40 26:59.900","","0","79 49:45.600","0","0","0","0","2113","0","0","0","N","0","0","0","2","02113","0","","4.0","","1","N","N","","0","","0","0","0","0","0","","","1","0","0","0","0","0","0","2","0","1","","","","N","","","","","","","","","",""
"2018064234","","0","0","0","0","0","0","0","0","0","0","0","","02","6","2018","6","40.490675","-79.868746","1800","11","0","0","0","0","0","0","0","0","","0","0","0","","","1","","0","","40 29:26.430","","0","79 52:07.485","8","0","0","1","2112","0","0","0","N","0","0","0","1","02112","0","","1.0","","1","N","N","","0","","0","0","0","0","0","","","1","1","0","0","0","1","0","2","0","1","","","","N","","","","","","","","","",""
"2018067043","","0","0","0","0","0","0","0","0","0","7","0","","02","6","2018","1","40.325793","-80.06556","0015","11","0","0","0","0","0","0","0","0","3","0","0","0","","","0","","0","","40 19:32.854","6","0","80 03:56.016","0","0","0","0","2123","0","0","0","N","0","0","0","2","02123","0","","1.0","","1","N","N","","0","","0","0","1","3","2","Y","","1","0","0","0","0","0","0","2","0","1","","","","N","","","","","","","","","",""
"2018061733","","3","0","0","0","0","0","0","0","0","4","0","","02","6","2018","1","40.444922","-79.993849","0206","11","0","0","0","0","0","0","0","0","","0","0","0","","","1","","1","","40 26:41.718","","0","79 59:37.856","4","0","0","0","2301","0","0","0","N","0","0","0","3","02301","1","","1.0","","9","N","N","","0","","0","0","0","3","2","","","3","1","1","0","0","0","0","2","0","3","","","","N","","","","","","","","","",""
"2018064736","","1","0","0","0","0","0","0","0","0","8","0","","02","6","2018","2","40.440934","-80.002402","0740","11","0","0","0","0","0","0","0","0","","0","0","0","","","1","","2","","40 26:27.363","","0","80 00:08.647","3","0","0","0","2301","1","0","0","N","1","0","0","2","02301","0","","1.0","","1","N","N","","0","","1","0","0","0","0","","","2","1","0","0","0","0","0","2","0","1","","","","N","","","","","","","","","",""
"2018061953","","1","0","0","0","0","0","0","0","0","7","0","","02","6","2018","1","40.625073","-80.059016","1416","11","0","0","0","0","0","1","0","0","","0","0","0","","","0","","2","","40 37:30.263","","0","80 03:32.456","0","0","0","0","2216","0","0","0","N","0","0","0","1","02505","0","","5.0","","1","N","N","","0","","0","0","0","3","3","N","","1","0","0","0","0","0","0","2","0","1","","","","N","","","","","","","","","",""
"2018099924","","1","0","0","0","0","0","0","0","0","0","0","","02","9","2018","2","40.39919","-79.935717","2318","11","0","0","0","0","0","0","0","0","1","0","0","0","","","0","","0","","40 23:57.085","2","3","79 56:08.582","0","0","0","0","2301","0","0","0","N","0","0","0","4","02301","0","","3.0","","9","N","N","","0","","0","0","0","0","0","N","","2","0","0","0","0","0","0","2","0","1","","","","N","","","","","","","","","",""
"2018067045","","1","0","0","0","0","0","0","0","0","4","0","","02","6","2018","7","40.599576","-79.947521","2142","11","0","0","1","0","0","1","0","0","1","0","0","0","","","1","","1","","40 35:58.473","1","0","79 56:51.075","2","0","1","1","2207","0","0","0","N","0","0","0","2","02207","0","","1.0","","1","N","N","","0","","0","1","0","3","2","Y","","2","1","0","0","0","0","0","2","0","2","","","","N","","","","","","","","","",""
"2018067070","","1","0","0","0","0","0","0","0","0","8","0","","02","6","2018","1","40.439219","-79.960185","2214","11","0","0","0","0","0","0","0","0","","0","0","0","","","1","","0","","40 26:21.190","","7","79 57:36.667","4","0","0","0","2301","1","0","0","N","1","0","0","2","02301","1","","4.0","","1","N","N","","0","","0","0","0","0","0","N","","2","1","0","0","0","0","0","2","0","1","","","","N","","","","","","","","","",""
"2018061735","","1","0","0","0","0","0","0","0","0","4","0","","02","6","2018","1","40.45588","-79.977036","0017","11","0","0","0","0","0","0","0","0","2","0","0","0","","","0","","1","","40 27:21.169","4","0","79 58:37.329","0","0","0","0","2301","0","0","0","N","0","0","0","3","02301","0","","1.0","","1","N","N","","0","","0","0","2","0","0","Y","","4","0","0","0","0","0","0","2","1","4","","","","N","","","","","","","","","",""
"2018067665","","0","0","0","0","0","0","0","0","0","1","0","","02","6","2018","1","40.33288","-79.813674","1203","11","0","0","0","0","0","0","0","0","","0","0","0","","","2","","1","","40 19:58.367","","0","79 48:49.226","3","0","0","0","2477","0","0","0","N","0","0","0","7","02477","1","","1.0","","1","N","N","","0","","1","0","3","3","2","","","3","2","0","0","0","0","0","2","0","3","","","","N","","","","","","","","","",""
"2018103531","","2","0","0","0","0","0","0","0","0","4","0","","02","10","2018","5","40.463757","-79.923792","0834","11","0","0","0","0","0","0","0","0","","0","0","0","","","1","","1","","40 27:49.524","","0","79 55:25.651","8","0","0","0","2301","0","0","0","N","0","0","0","3","02301","0","","1.0","","1","N","N","","0","","0","0","0","3","2","","","2","1","0","0","0","1","2","2","0","2","","","","N","","","","","","","","","",""
"2018067048","","0","0","0","0","0","0","0","0","0","4","0","","02","6","2018","6","40.321803","-80.05721","1712","11","0","0","1","0","0","1","0","0","1","0","0","0","","","1","","0","","40 19:18.489","2","7","80 03:25.957","4","0","0","0","2407","0","0","0","N","0","0","0","2","02407","1","","1.0","","9","Y","N","","0","","0","0","1","0","0","N","","2","1","0","0","0","0","0","2","1","2","","","","N","","","","","","","","","",""
"2018067071","","2","0","0","0","0","0","0","0","0","1","0","","02","6","2018","1","40.376886","-79.909324","2132","11","0","0","0","0","0","1","0","0","2","0","0","0","","","1","","1","","40 22:36.789","5","0","79 54:33.568","3","0","0","0","2301","0","0","0","N","0","0","0","2","02301","0","","1.0","","1","N","N","","0","","1","0","0","3","2","Y","","2","1","0","0","0","0","0","2","0","2","","","","N","","","","","","","","","",""
"2018064496","","2","0","0","0","0","0","0","0","0","1","0","","02","6","2018","4","40.304774","-80.05763","2152","11","0","0","0","0","1","1","0","0","","0","0","0","","","0","","0","","40 18:17.186","","0","80 03:27.469","0","0","0","0","2407","0","0","0","N","0","0","0","3","02407","0","","1.0","","1","N","N","","0","","0","0","0","0","0","","","2","0","0","0","0","0","0","2","0","2","","","","N","","","","","","","","","",""
"2018061897","","2","0","0","0","0","0","0","0","0","4","0","","02","6","2018","1","40.457239","-79.997836","2105","11","0","0","0","0","0","0","0","0","2","0","0","0","","","1","","1","","40 27:26.061","1","0","79 59:52.208","8","0","0","0","2301","0","0","0","N","0","0","0","2","02301","0","","1.0","","9","N","N","","0","","0","0","0","3","2","Y","","2","1","0","0","0","1","0","2","0","2","","","","N","","","","","","","","","",""
"2018062197","","0","0","0","0","0","0","0","0","0","99","0","","02","6","2018","7","40.422394","-80.097448","2036","11","0","0","0","0","0","0","0","0","","0","0","0","","","0","","0","","40 25:20.619","","2","80 05:50.814","0","0","0","0","2115","0","0","0","N","0","0","0","3","68B03","0","","1.0","","1","N","N","","1","","0","0","0","0","0","","","1","0","0","0","0","0","0","2","0","1","","","","N","","","","","","","","","",""
"2018068020","","0","0","0","0","0","0","0","0","0","4","0","","02","6","2018","3","40.458106","-79.908401","0950","11","0","0","0","0","0","0","0","0","","0","0","0","","","0","","2","","40 27:29.181","","0","79 54:30.243","0","0","0","0","2301","0","0","0","N","0","0","0","2","02301","0","","1.0","","1","N","N","","1","","0","0","1","3","3","","","2","0","0","0","0","0","0","2","0","2","","","","N","","","","","","","","","",""
"2018101669","","2","0","0","0","0","0","0","0","0","4","0","","02","9","2018","6","40.380675","-79.861137","1429","11","0","1","0","0","0","0","0","0","1","0","0","0","","","4","","1","","40 22:50.431","7","0","79 51:40.093","3","0","0","0","2303","0","0","0","N","0","0","0","5","02303","2","","1.0","","1","N","N","","0","","2","0","0","3","3","N","","2","4","0","0","0","0","0","2","0","2","","","","N","","","","","","","","","",""
"2018064272","","1","0","0","0","0","0","0","0","0","7","0","","02","6","2018","7","40.523919","-80.023942","0049","11","0","0","0","0","0","0","0","0","","0","0","0","","","1","","0","","40 31:26.110","","0","80 01:26.190","3","0","0","0","2116","0","0","0","N","0","0","0","1","02116","0","","2.0","","1","N","N","","0","","1","0","0","0","0","","","1","1","0","0","0","0","0","2","0","1","","","","N","","","","","","","","","",""
"2018067677","","1","0","0","0","0","0","0","0","0","4","0","","02","6","2018","2","40.572337","-80.036889","1503","11","0","0","0","0","0","0","0","0","2","0","0","0","","","0","","2","","40 34:20.412","2","0","80 02:12.801","0","0","0","0","2108","0","0","0","N","0","0","0","5","02108","0","","1.0","","1","N","N","","0","","0","0","0","0","0","Y","","2","0","0","0","0","0","0","2","1","2","","","","N","","","","","","","","","",""
"2018103537","","2","0","0","0","0","0","0","0","0","5","0","","02","10","2018","4","40.350083","-79.873778","1308","11","0","0","0","0","0","2","0","0","1","0","0","0","","","1","","0","","40 21:00.300","4","0","79 52:25.600","3","0","0","0","2304","0","0","0","N","0","0","0","2","02304","0","","1.0","","1","N","N","","0","","1","0","0","0","0","N","","2","1","0","0","0","0","0","2","0","2","","","","N","","","","","","","","","",""
"2018099911","","0","0","0","0","0","0","0","0","0","6","0","","02","9","2018","3","40.368323","-80.084141","0007","11","0","0","0","0","0","0","0","0","2","0","0","0","","","1","","1","","40 22:05.961","5","0","80 05:02.909","8","0","0","0","2117","0","0","0","N","0","0","0","2","02117","0","","1.0","","9","N","N","","1","","0","0","1","3","2","N","","2","1","0","0","0","1","0","2","0","2","","","","N","","","","","","","","","",""
"2018099929","","1","0","0","0","0","0","0","0","0","7","0","","02","9","2018","3","40.518235","-80.16637","1056","11","0","0","0","0","0","0","0","1","","0","0","0","","","0","","0","","40 31:05.647","","0","80 09:58.933","0","0","0","0","2420","0","0","0","N","0","0","0","1","02420","0","","5.0","","1","N","N","","0","","0","0","1","0","0","","","2","0","0","0","0","0","0","2","0","2","","","","N","","","","","","","","","",""
"2018061494","","1","0","0","0","0","0","0","0","0","7","0","","02","6","2018","7","40.448804","-79.987505","0211","11","0","0","0","0","0","0","0","0","1","0","0","0","","","0","","1","","40 26:55.694","2","0","79 59:15.019","0","0","0","0","2301","0","0","0","N","0","0","0","1","02301","0","","2.0","","1","N","N","","0","","0","0","0","3","2","N","","1","0","0","0","0","0","0","2","0","1","","","","N","","","","","","","","","",""
"2018064274","","2","0","0","0","0","0","0","0","0","5","0","","02","6","2018","7","40.440481","-79.988733","1630","11","0","0","1","0","0","0","0","0","1","0","0","0","","","1","","0","","40 26:25.730","3","0","79 59:19.440","3","0","0","0","2301","0","0","0","N","0","0","0","2","02301","0","","1.0","","1","N","N","","0","","1","0","0","3","2","Y","","2","1","0","0","0","0","0","2","0","2","","","","N","","","","","","","","","",""
"2018068028","","1","0","0","0","0","0","0","0","0","7","0","","02","6","2018","4","40.418308","-80.000438","0410","11","0","0","0","0","0","0","0","0","1","0","0","0","","","1","","1","","40 25:05.910","7","0","80 00:01.576","3","0","0","0","2301","0","0","0","N","0","0","0","3","02301","0","","5.0","","1","N","N","","0","","1","0","0","3","3","N","","1","1","0","0","0","0","1","2","0","1","","","","N","","","","","","","","","",""
"2018103571","","0","0","1","0","0","0","0","0","0","7","0","","02","10","2018","4","40.444471","-79.906953","1106","11","0","1","0","0","0","0","0","0","3","0","0","0","","","1","","0","","40 26:40.097","2","0","79 54:25.031","2","0","0","0","2301","0","0","0","N","0","0","0","1","02301","0","","5.0","","1","","N","","0","","0","1","0","0","0","Y","","1","1","0","0","0","0","0","2","1","1","","","","N","","","","","","","","","",""
"2018064275","","2","0","0","0","0","0","0","0","0","1","0","","02","6","2018","7","40.45602","-79.991784","1729","11","0","0","0","0","0","1","0","0","2","0","0","0","","","0","","0","","40 27:21.671","2","0","79 59:30.421","0","0","0","0","2301","0","0","0","N","0","0","0","2","02301","0","","1.0","","1","N","N","","0","","0","0","0","0","0","N","","2","0","0","0","0","0","0","2","0","2","","","","N","","","","","","","","","",""
"2018061743","","2","0","0","0","0","0","0","0","0","6","0","","02","6","2018","7","40.495563","-79.857986","1308","11","0","0","0","0","0","0","0","2","","0","0","0","","","0","","0","","40 29:44.025","","0","79 51:28.749","0","0","0","0","2408","0","0","0","N","0","0","0","2","02408","0","","1.0","","1","N","N","","0","","0","0","0","0","0","","","2","0","0","0","0","0","0","2","0","2","","","","N","","","","","","","","","",""
"2018067334","","1","0","0","0","0","0","0","0","0","1","0","","02","6","2018","6","40.433873","-79.747816","2214","11","0","0","0","0","0","0","0","0","","0","0","0","","","0","","0","","40 26:01.943","","0","79 44:52.137","0","0","0","0","2446","0","0","0","N","0","0","0","6","68T09","0","","1.0","","1","N","N","","0","","0","0","2","0","0","","","3","0","0","0","0","0","0","2","0","3","","","","N","","","","","","","","","",""
"2018067685","","1","0","0","1","0","0","0","0","0","8","0","","02","6","2018","3","40.428724","-79.987441","1129","11","0","0","0","0","0","1","0","0","","0","0","0","","","1","","1","","40 25:43.408","","0","79 59:14.787","8","0","0","0","2301","1","0","0","N","0","0","0","2","02301","0","","1.0","","1","N","N","","0","","0","0","0","3","3","","","2","1","0","0","0","1","0","2","0","1","","","","N","","","","","","","","","",""
"2018068030","","1","0","0","0","0","0","0","0","0","1","0","90","02","6","2018","3","40.350723","-79.92443","1324","11","0","0","0","0","0","2","0","0","","0","0","0","","","0","","0","","40 21:02.604","","0","79 55:27.949","9","0","0","0","2473","0","0","0","N","0","0","0","7","02473","0","","1.0","","1","N","N","","0","","0","0","2","0","0","","","3","0","0","0","0","0","1","2","0","3","","","Y","Y","4","3","","Y","N","Y","","","Y",""
"2018061496","","1","0","0","0","0","0","0","0","0","7","0","","02","6","2018","7","40.438426","-80.005733","0158","11","0","0","0","0","0","0","0","0","2","0","0","0","","","0","","0","","40 26:18.334","4","2","80 00:20.637","0","0","0","0","2301","0","0","0","N","0","0","0","1","02301","0","","2.0","","1","N","N","","0","","0","0","0","0","0","Y","","1","0","0","0","0","0","0","2","0","1","","","","N","","","","","","","","","",""
"2018061922","","2","0","0","0","0","0","0","0","0","4","0","","02","6","2018","1","40.40452","-80.055524","1202","11","0","0","0","0","0","1","0","0","1","0","0","0","","","0","","2","","40 24:16.271","1","0","80 03:19.888","0","0","0","0","2435","0","0","0","N","0","0","0","4","02435","0","","1.0","","9","N","N","","0","","0","0","0","3","2","N","","2","0","0","0","0","0","0","2","0","2","","","","N","","","","","","","","","",""
"2018064765","","2","0","0","0","0","0","0","0","0","4","0","","02","6","2018","7","40.60019","-80.048234","1906","11","0","0","0","0","0","0","1","0","","0","0","0","","","1","","0","","40 36:00.683","","0","80 02:53.642","4","0","0","0","2108","0","0","0","N","0","0","0","2","02108","1","","1.0","","1","N","N","","0","","0","0","0","0","0","","","2","1","0","0","0","0","0","2","0","2","","","","N","","","","","","","","","",""
"2018061971","","4","0","0","0","0","0","0","0","0","1","0","","02","6","2018","1","40.421912","-80.004279","1413","11","0","0","0","0","0","0","1","0","1","0","0","0","","","0","","0","","40 25:18.882","2","4","80 00:15.406","0","0","0","0","2301","0","0","0","N","0","0","0","4","02301","0","","1.0","","1","N","N","","0","","0","0","0","0","0","N","","4","0","0","0","0","0","0","2","0","4","","","","N","","","","","","","","","",""
"2018067686","","1","0","0","0","0","0","0","0","0","4","0","","02","6","2018","3","40.336296","-79.976898","1114","11","0","0","0","0","0","0","0","1","1","0","0","0","","","1","","0","","40 20:10.667","4","7","79 58:36.831","3","0","0","0","2454","0","0","0","N","0","0","0","2","02454","0","","1.0","","1","N","N","","0","","1","0","1","3","2","N","","2","1","0","0","0","0","0","2","0","2","","","","N","","","","","","","","","",""
"2018068033","","2","0","0","0","0","0","0","0","0","4","0","","02","6","2018","3","40.460333","-79.866326","1428","11","0","0","0","0","0","0","0","0","2","0","0","0","","","3","","0","","40 27:37.198","5","7","79 51:58.773","3","0","0","0","2113","0","0","0","N","0","0","0","4","02113","0","","1.0","","1","N","N","","0","","3","0","0","0","0","Y","","2","3","0","0","0","0","0","2","0","2","","","","N","","","","","","","","","",""
"2018098252","","1","0","0","0","0","0","0","0","0","8","0","","02","9","2018","5","40.465185","-79.957944","0725","11","0","0","0","0","0","0","0","0","","0","0","0","","","1","","1","","40 27:54.667","","0","79 57:28.600","3","0","0","0","2301","1","0","0","N","1","0","0","2","02301","0","","1.0","","1","N","Y","","0","","1","0","0","3","2","","","2","1","0","0","0","0","0","2","0","1","","","","N","","","","","","","","","",""
"2018061497","","1","0","0","0","0","0","0","0","0","1","0","","02","6","2018","4","40.296598","-79.919329","0549","11","0","0","0","0","0","0","1","0","2","0","0","0","","","0","","0","","40 17:47.754","1","0","79 55:09.583","0","0","0","0","2440","0","0","0","N","0","0","0","2","02440","0","","1.0","","1","N","N","","0","","0","0","1","0","0","N","","2","0","0","0","0","0","0","2","0","2","","","","N","","","","","","","","","",""
"2018061541","","2","0","0","0","0","0","0","0","0","1","0","","02","6","2018","7","40.477345","-79.954017","0410","11","0","0","0","0","0","0","0","0","2","0","0","0","","","0","","2","","40 28:38.442","5","0","79 57:14.461","0","0","0","0","2301","0","0","0","N","0","0","0","1","02301","0","","2.0","","1","N","N","","1","","0","0","0","0","0","Y","","3","0","0","0","0","0","0","2","0","3","","","","N","","","","","","","","","",""
"2018064277","","3","0","0","0","0","0","0","0","0","1","0","","02","6","2018","7","40.465758","-80.010197","1839","11","0","0","0","0","0","0","0","0","2","0","0","0","","","0","","0","","40 27:56.730","2","0","80 00:36.710","9","0","0","0","2301","0","0","0","N","0","0","0","2","02301","0","","1.0","","1","N","N","","0","","0","0","0","0","0","Y","","3","0","0","0","0","0","2","2","0","3","","","","N","","","","","","","","","",""
"2018064509","","0","0","0","0","0","0","0","0","0","2","0","","02","6","2018","1","40.381761","-79.976328","1606","11","0","0","0","0","0","0","0","1","","0","0","0","","","0","","0","","40 22:54.340","","0","79 58:34.780","0","0","0","0","2413","0","0","0","N","0","0","0","3","02413","0","","1.0","","1","N","N","","0","","0","0","2","0","0","","","2","0","0","0","0","0","0","2","0","2","","","","N","","","","","","","","","",""
"2018061926","","1","0","0","0","0","0","0","0","0","6","0","","02","6","2018","2","40.454068","-79.95341","0035","11","0","0","0","0","0","0","0","0","","0","0","0","","","0","","2","","40 27:14.644","","0","79 57:12.277","9","0","0","0","2301","0","0","0","N","0","0","0","3","02301","0","","1.0","","1","N","N","","0","","0","0","1","0","0","","","2","0","0","0","0","0","3","2","0","2","","","","N","","","","","","","","","",""