"CRN","ARRIVAL_TM","AUTOMOBILE_COUNT","BELTED_DEATH_COUNT","BELTED_SUSP_SERIOUS_INJ_COUNT","BICYCLE_COUNT","BICYCLE_DEATH_COUNT","BICYCLE_SUSP_SERIOUS_INJ_COUNT","BUS_COUNT","CHLDPAS_DEATH_COUNT","CHLDPAS_SUSP_SERIOUS_INJ_COUNT","COLLISION_TYPE","COMM_VEH_COUNT","CONS_ZONE_SPD_LIM","COUNTY","CRASH_MONTH","CRASH_YEAR","DAY_OF_WEEK","DEC_LATITUDE","DEC_LONGITUDE","DISPATCH_TM","DISTRICT","DRIVER_COUNT_16YR","DRIVER_COUNT_17YR","DRIVER_COUNT_18YR","DRIVER_COUNT_19YR","DRIVER_COUNT_20YR","DRIVER_COUNT_50_64YR","DRIVER_COUNT_65_74YR","DRIVER_COUNT_75PLUS","EST_HRS_CLOSED","FATAL_COUNT","HEAVY_TRUCK_COUNT","HORSE_BUGGY_COUNT","HOUR_OF_DAY","ILLUMINATION","INJURY_COUNT","INTERSECTION_RELATED","INTERSECT_TYPE","LANE_CLOSED","LATITUDE","LN_CLOSE_DIR","LOCATION_TYPE","LONGITUDE","MAX_SEVERITY_LEVEL","MCYCLE_DEATH_COUNT","MCYCLE_SUSP_SERIOUS_INJ_COUNT","MOTORCYCLE_COUNT","MUNICIPALITY","NONMOTR_COUNT","NONMOTR_DEATH_COUNT","NONMOTR_SUSP_SERIOUS_INJ_COUNT","NTFY_HIWY_MAINT","PED_COUNT","PED_DEATH_COUNT","PED_SUSP_SERIOUS_INJ_COUNT","PERSON_COUNT","POLICE_AGCY","POSSIBLE_INJ_COUNT","RDWY_SURF_TYPE_CD","RELATION_TO_ROAD","ROADWAY_CLEARED","ROAD_CONDITION","SCH_BUS_IND","SCH_ZONE_IND","SECONDARY_CRASH","SMALL_TRUCK_COUNT","SPEC_JURIS_CD","SUSP_MINOR_INJ_COUNT","SUSP_SERIOUS_INJ_COUNT","SUV_COUNT","TCD_FUNC_CD","TCD_TYPE","TFC_DETOUR_IND","TIME_OF_DAY","TOTAL_UNITS","TOT_INJ_COUNT","UNBELTED_OCC_COUNT","UNB_DEATH_COUNT","UNB_SUSP_SERIOUS_INJ_COUNT","UNK_INJ_DEG_COUNT","UNK_INJ_PER_COUNT","URBAN_RURAL","VAN_COUNT","VEHICLE_COUNT","WEATHER1","WEATHER2","WORKERS_PRES","WORK_ZONE_IND","WORK_ZONE_LOC","WORK_ZONE_TYPE","WZ_CLOSE_DETOUR","WZ_FLAGGER","WZ_LAW_OFFCR_IND","WZ_LN_CLOSURE","WZ_MOVING","WZ_OTHER","WZ_SHLDER_MDN","WZ_WORKERS_INJ_KILLED"
"2018067508","","1","0","0","0","0","0","0","0","0","1","0","","02","6","2018","2","40.448948","-80.020029","1747","11","0","0","0","0","0","1","0","0","","0","0","0","","","1","","0","","40 26:56.211","","0","80 01:12.106","3","0","0","0","2301","0","0","0","N","0","0","0","1","02301","0","","1.0","","1","N","N","","0","","1","0","0","0","0","","","2","1","0","0","0","0","0","2","0","1","","","","N","","","","","","","","","",""
"2018061781","","1","0","0","0","0","0","0","0","0","5","0","","02","6","2018","1","40.387845","-79.996391","0849","11","0","0","0","0","0","1","1","0","2","0","0","0","","","0","","2","","40 23:16.241","2","0","79 59:47.008","0","0","0","0","2301","0","0","0","N","0","0","0","2","02301","0","","1.0","","9","N","N","","1","","0","0","0","3","2","N","","2","0","0","0","0","0","0","2","0","2","","","","N","","","","","","","","","",""
"2018067510","","2","0","0","0","0","0","0","0","0","4","0","","02","6","2018","2","40.429385","-79.987209","1941","11","0","0","0","0","0","0","0","0","","0","0","0","","","0","","0","","40 25:45.786","","0","79 59:13.952","0","0","0","0","2301","0","0","0","N","0","0","0","1","02301","0","","1.0","","1","N","N","","0","","0","0","0","0","0","","","3","0","0","0","0","0","0","2","0","2","","","","N","","","","","","","","","",""
"2018103465","","1","0","0","0","0","0","0","0","0","4","0","","02","8","2018","1","40.421607","-80.031012","0001","11","0","0","0","0","0","1","0","0","","0","0","0","","","1","","0","","40 25:17.785","","0","80 01:51.642","3","0","0","1","2301","0","0","0","N","0","0","0","2","68B03","0","","1.0","","1","N","N","","0","","1","0","0","0","0","","","2","1","0","0","0","0","1","2","0","2","","","","N","","","","","","","","","",""
"2018101607","","0","0","0","0","0","0","0","0","0","7","0","","02","9","2018","7","40.467383","-80.035438","0116","11","0","0","0","0","0","0","0","0","","0","0","0","","","0","","3","","40 28:02.577","","0","80 02:07.577","0","0","0","0","2301","0","0","0","N","0","0","0","1","02301","0","","2.0","","1","N","N","","0","","0","0","1","0","0","","","1","0","0","0","0","0","0","2","0","1","","","","N","","","","","","","","","",""
"2018062267","","3","0","0","0","0","0","0","0","0","1","0","","02","6","2018","2","40.413464","-80.042733","1700","11","0","0","0","0","0","1","0","0","1","0","0","0","","","0","","1","","40 24:48.470","5","0","80 02:33.838","0","0","0","0","2301","0","0","0","N","0","0","0","3","02301","0","","1.0","","1","N","N","","0","","0","0","0","0","0","Y","","3","0","0","0","0","0","0","2","0","3","","","","N","","","","","","","","","",""
"2018067846","","1","0","0","0","0","0","0","0","0","4","0","","02","6","2018","3","40.441551","-80.223738","1626","11","1","0","0","0","0","1","0","0","1","0","0","0","","","0","","1","","40 26:29.583","1","0","80 13:25.456","0","0","0","0","2214","0","0","0","N","0","0","0","3","02214","0","","1.0","","1","N","N","","0","","0","0","2","3","3","Y","","3","0","0","0","0","0","0","2","0","3","","","","N","","","","","","","","","",""
"2018103469","","1","0","0","0","0","0","0","0","0","1","0","","02","8","2018","1","40.424123","-80.030681","2112","11","0","0","0","0","0","1","0","0","1","0","0","0","","","1","","6","","40 25:26.842","4","2","80 01:50.452","8","0","0","0","2301","0","0","0","N","0","0","0","5","68B03","0","","1.0","","1","N","N","","0","","0","0","1","3","4","N","","3","1","0","0","0","1","0","2","1","3","","","","N","","","","","","","","","",""
"2018101608","","0","0","0","0","0","0","0","0","0","7","0","","02","9","2018","7","40.342773","-80.172289","0107","11","0","0","0","0","0","0","0","0","2","0","0","0","","","0","","0","","40 20:33.984","6","0","80 10:20.239","0","0","0","0","2119","0","0","0","N","0","0","0","1","02119","0","","2.0","","9","N","N","","1","","0","0","0","0","0","Y","","1","0","1","0","0","0","0","1","0","1","","","","N","","","","","","","","","",""
"2018102127","","1","0","0","0","0","0","0","0","0","5","0","","02","10","2018","2","40.448628","-80.002278","0139","11","0","0","0","0","0","1","0","0","1","0","0","0","","","0","","1","","40 26:55.061","3","0","80 00:08.202","0","0","0","0","2301","0","0","0","N","0","0","0","3","02301","0","","1.0","","1","N","N","","1","","0","0","0","3","2","N","","2","0","0","0","0","0","0","2","0","2","","","","N","","","","","","","","","",""
"2018096990","","0","0","0","0","0","0","0","0","0","0","0","","02","9","2018","6","40.568438","-80.023834","1523","11","0","0","0","0","0","1","0","0","3","0","0","0","","","0","","1","","40 34:06.376","1","0","80 01:25.801","0","0","0","0","2108","0","0","0","N","0","0","0","1","02108","0","","1.0","","1","N","N","","1","","0","0","0","0","0","N","","1","0","1","0","0","0","0","2","0","1","","","","N","","","","","","","","","",""
"2018098719","","1","0","0","0","0","0","0","0","0","4","0","","02","9","2018","7","40.605111","-79.947087","1445","11","0","0","0","0","0","0","0","0","1","0","0","0","","","1","","2","","40 36:18.400","2","0","79 56:49.514","3","0","0","0","2207","0","0","0","N","0","0","0","3","02207","0","","1.0","","1","N","N","","0","","1","0","1","3","2","N","","3","1","0","0","0","0","0","2","1","3","","","","N","","","","","","","","","",""
"2018098930","","1","0","0","0","0","0","0","0","0","1","0","","02","9","2018","4","40.465498","-80.066381","1748","11","0","0","0","0","0","1","1","0","2","0","0","0","","","0","","0","","40 27:55.794","2","0","80 03:58.971","0","0","0","0","2444","0","0","0","N","0","0","0","3","02444","0","","1.0","","1","N","N","","0","","0","0","1","3","2","N","","2","0","2","0","0","0","0","2","0","2","","","","N","","","","","","","","","",""
"2018099131","","0","0","0","0","0","0","0","0","0","4","0","","02","9","2018","7","40.622931","-80.053797","1330","11","0","0","0","0","0","0","0","0","","0","0","0","","","0","","0","","40 37:22.553","","0","80 03:13.668","0","0","0","0","2216","0","0","0","N","0","0","0","3","02505","0","","1.0","","1","N","N","","0","","0","0","1","0","0","","","2","0","0","0","0","0","0","1","1","2","","","","N","","","","","","","","","",""
"2018102847","","2","0","0","0","0","0","0","0","0","1","0","","02","8","2018","6","40.441424","-79.858049","2340","11","0","0","0","0","0","0","0","0","1","0","0","0","","","0","","0","","40 26:29.125","3","0","79 51:28.977","0","0","0","0","2419","0","0","0","N","0","0","0","3","68B03","0","","1.0","","1","N","N","","1","","0","0","0","0","0","N","","3","0","0","0","0","0","0","2","0","3","","","","N","","","","","","","","","",""
"2018101141","","3","0","0","0","0","0","0","0","0","4","0","","02","9","2018","6","40.352794","-80.026154","1732","11","1","1","0","0","0","0","0","0","","0","0","0","","","0","","2","","40 21:10.059","","0","80 01:34.156","0","0","0","0","2407","0","0","0","N","0","0","0","6","02407","0","","1.0","","1","N","N","","0","","0","0","0","0","0","","","3","0","0","0","0","0","0","2","0","3","","","","N","","","","","","","","","",""
"2018096663","","1","0","0","0","0","0","0","0","0","4","0","","02","9","2018","7","40.388089","-80.051163","1051","11","0","0","0","0","0","0","0","0","1","0","0","0","","","1","","1","","40 23:17.120","4","0","80 03:04.186","3","0","0","0","2109","0","0","0","N","0","0","0","2","02109","0","","1.0","","1","N","N","","0","","1","0","1","9","3","N","","2","1","0","0","0","0","0","2","0","2","","","","N","","","","","","","","","",""
"2018100198","","0","0","0","0","0","0","1","0","0","7","1","","02","9","2018","3","40.453456","-79.993012","1508","11","0","0","0","0","0","0","0","0","","0","0","0","","","1","","1","","40 27:12.440","","0","79 59:34.842","3","0","0","0","2301","0","0","0","N","0","0","0","4","02301","0","","4.0","","9","Y","N","","0","","1","0","0","3","3","","","1","1","0","0","0","0","0","2","0","1","","","","N","","","","","","","","","",""
"2018098722","","0","0","0","0","0","0","0","0","0","1","1","","02","9","2018","6","40.457417","-79.973278","0936","11","0","0","0","0","0","1","0","0","","0","1","0","","","1","","0","","40 27:26.700","","0","79 58:23.800","3","0","0","0","2301","0","0","0","N","0","0","0","2","02301","0","","1.0","","1","N","N","","0","","1","0","1","0","0","","","2","1","0","0","0","0","0","2","0","2","","","","N","","","","","","","","","",""
"2018102462","","2","0","0","0","0","0","0","0","0","4","0","","02","10","2018","2","40.457845","-79.960888","1832","11","0","0","0","0","0","0","0","0","1","0","0","0","","","0","","0","","40 27:28.243","3","0","79 57:39.195","0","0","0","0","2301","0","0","0","N","0","0","0","3","02301","0","","1.0","","1","N","N","","0","","0","0","0","0","0","N","","2","0","0","0","0","0","0","2","0","2","","","","N","","","","","","","","","",""
"2018102671","","2","0","0","0","0","0","0","0","0","1","0","","02","10","2018","2","40.620711","-79.91638","1050","11","0","0","0","0","0","0","1","0","1","0","0","0","","","0","","0","","40 37:14.561","4","0","79 54:58.968","0","0","0","0","2220","0","0","0","N","0","0","0","3","02220","0","","1.0","","1","N","N","","0","","0","0","0","0","0","N","","2","0","0","0","0","0","0","2","0","2","","","","N","","","","","","","","","",""
"2018099136","","1","0","0","0","0","0","0","0","0","0","0","","02","9","2018","7","40.448706","-80.023083","1910","11","0","0","0","0","0","0","0","0","1","0","0","0","","","0","","0","","40 26:55.341","1","0","80 01:23.099","0","0","0","0","2301","0","0","0","N","0","0","0","1","02301","0","","3.0","","1","N","N","","0","","0","0","0","0","0","Y","","2","0","0","0","0","0","0","2","0","1","","","","N","","","","","","","","","",""
"2018102134","","2","0","0","0","0","0","0","0","0","4","0","","02","9","2018","1","40.429179","-79.921213","0210","11","0","0","0","0","0","0","0","0","2","0","0","0","","","4","","1","","40 25:45.044","6","0","79 55:16.366","8","0","0","0","2301","0","0","0","N","0","0","0","5","02301","0","","1.0","","1","N","N","","0","","0","0","2","3","1","Y","","4","4","0","0","0","4","0","2","0","4","","","","N","","","","","","","","","",""
"2018096993","","0","0","0","0","0","0","0","0","0","7","0","","02","9","2018","2","40.321611","-79.797694","0835","11","0","0","0","0","0","0","0","0","","0","0","0","","","0","","0","","40 19:17.800","","0","79 47:51.700","0","0","0","0","2477","0","0","0","N","0","0","0","1","02477","0","","5.0","","9","N","N","","1","","0","0","0","0","0","","","1","0","0","0","0","0","0","2","0","1","","","","N","","","","","","","","","",""
"2018100521","","1","0","0","0","0","0","0","0","0","4","0","","02","9","2018","4","40.497056","-79.891083","0955","11","0","0","0","0","1","0","0","0","","0","0","0","","","2","","0","","40 29:49.400","","7","79 53:27.900","8","0","0","0","2432","0","0","0","N","0","0","0","2","02112","0","","1.0","","1","N","N","","0","","0","0","1","3","2","","","2","2","0","0","0","2","0","2","0","2","","","","N","","","","","","","","","",""
"2018102464","","0","0","0","0","0","0","0","0","0","7","0","","02","10","2018","2","40.498865","-80.279663","1806","11","0","0","0","0","0","0","1","0","","0","0","0","","","1","","0","","40 29:55.915","","0","80 16:46.786","3","0","0","0","2203","0","0","0","N","0","0","0","1","02501","0","","2.0","","1","N","N","","0","","1","0","1","0","0","N","","1","1","0","0","0","0","0","1","0","1","","","","N","","","","","","","","","",""
"2018100681","","1","0","0","0","0","0","0","0","0","0","0","","02","9","2018","2","40.495985","-80.183755","1638","11","0","0","1","0","0","0","0","0","1","0","0","0","","","1","","0","","40 29:45.547","2","0","80 11:01.518","3","0","0","0","2213","0","0","0","N","0","0","0","4","02213","0","","1.0","","9","N","N","","0","","1","0","0","0","0","N","","1","1","0","0","0","0","0","2","0","1","","","","N","","","","","","","","","",""
"2018101787","","0","0","0","0","0","0","0","0","0","7","0","","02","9","2018","7","40.440731","-80.000383","1937","11","0","0","0","0","0","0","0","0","","0","0","0","","","0","","1","","40 26:26.631","","0","80 00:01.378","0","0","0","0","2301","0","0","0","N","0","0","0","1","02301","0","","5.0","","1","N","N","","0","","0","0","0","3","2","","","1","0","0","0","0","0","0","2","1","1","","","","N","","","","","","","","","",""
"2018096671","","3","0","0","0","0","0","0","0","0","4","0","","02","9","2018","7","40.458445","-79.91209","0230","11","0","0","0","0","0","0","0","0","2","0","0","0","","","0","","2","","40 27:30.402","3","0","79 54:43.523","0","0","0","0","2301","0","0","0","N","0","0","0","1","02301","0","","4.0","","1","N","N","","0","","0","0","2","0","0","N","","5","0","0","0","0","0","0","2","0","5","","","","N","","","","","","","","","",""
"2018097295","","0","0","0","0","0","0","0","0","0","7","0","","02","9","2018","2","40.386472","-79.894444","2212","11","0","0","0","0","0","0","0","0","","0","0","0","","","1","","0","","40 23:11.300","","0","79 53:40.000","3","0","0","0","2448","0","0","0","N","0","0","0","1","02448","0","","5.0","","9","N","N","","0","","1","0","1","0","0","","","1","1","0","0","0","0","0","2","0","1","","","","N","","","","","","","","","",""
"2018101756","","0","0","0","0","0","0","0","0","0","1","0","","02","9","2018","3","40.446204","-79.895546","2242","11","0","0","0","0","0","0","0","0","1","0","0","0","","","1","","2","","40 26:46.334","1","0","79 53:43.964","4","0","0","0","2301","0","0","0","N","0","0","0","2","02301","1","","4.0","","1","N","N","","0","","0","0","2","0","0","Y","","2","1","0","0","0","0","0","2","0","2","","","","N","","","","","","","","","",""
"2018101971","","1","0","0","0","0","0","0","0","0","4","0","","02","9","2018","7","40.44776","-80.163967","0924","11","0","0","0","0","0","0","0","0","","0","0","0","","","0","","6","","40 26:51.935","","2","80 09:50.280","9","0","0","0","2115","0","0","0","N","0","0","0","2","02115","0","","1.0","","1","N","N","","0","","0","0","1","3","2","","","2","0","0","0","0","0","1","2","0","2","","","","N","","","","","","","","","",""
"2018096980","","0","0","0","0","0","0","0","0","0","8","0","","02","9","2018","2","40.46447","-79.930125","0828","11","0","0","0","0","0","1","0","0","","0","0","0","","","1","","0","","40 27:52.093","","0","79 55:48.449","3","0","0","0","2301","1","0","0","N","1","0","0","4","02301","0","","1.0","","9","N","N","","0","","1","0","1","0","0","","","2","1","0","0","0","0","0","2","0","1","","","","N","","","","","","","","","",""
"2018098727","","1","0","0","0","0","0","0","0","0","4","0","","02","9","2018","5","40.438043","-79.919366","1103","11","0","0","0","0","0","1","0","0","","0","0","0","","","1","","1","","40 26:16.954","","0","79 55:09.717","4","0","0","0","2301","0","0","0","N","0","0","0","7","02301","1","","1.0","","1","N","N","","0","","0","0","1","3","2","","","2","1","1","0","0","0","0","2","0","2","","","","N","","","","","","","","","",""
"2018101760","","2","0","0","0","0","0","0","0","0","5","0","","02","9","2018","6","40.355201","-80.050178","0957","11","0","0","0","0","0","0","0","0","","0","0","0","","","0","","1","","40 21:18.723","","0","80 03:00.639","0","0","0","0","2109","0","0","0","N","0","0","0","4","02109","0","","1.0","","1","N","N","","1","","0","0","0","3","2","","","3","0","0","0","0","0","0","2","0","3","","","","N","","","","","","","","","",""
"2018101791","","1","0","0","0","0","0","0","0","0","4","0","","02","9","2018","7","40.454686","-79.880718","1835","11","0","0","0","0","0","0","0","0","","0","0","0","","","0","","1","","40 27:16.869","","0","79 52:50.583","9","0","0","0","2301","0","0","0","N","0","0","0","2","02301","0","","1.0","","1","N","N","","0","","0","0","1","3","2","","","2","0","0","0","0","0","1","2","0","2","","","","N","","","","","","","","","",""
"2018102140","","1","0","0","0","0","0","0","0","0","1","0","","02","9","2018","1","40.426616","-80.000974","0215","11","0","0","0","0","0","0","0","0","2","0","0","0","","","2","","0","","40 25:35.816","1","4","80 00:03.508","3","0","0","1","2301","0","0","0","N","0","0","0","3","02301","1","","1.0","","1","N","N","","0","","1","0","0","0","0","N","","2","2","0","0","0","0","1","2","0","2","","","","N","","","","","","","","","",""
"2018097165","","1","0","0","0","0","0","0","0","0","5","0","","02","9","2018","2","40.520722","-79.839","1618","11","0","0","0","0","0","0","0","0","","0","0","0","","","0","","0","","40 31:14.600","","0","79 50:20.400","9","0","0","0","2451","0","0","0","N","0","0","0","1","02451","0","","2.0","","9","N","N","","0","","0","0","0","0","0","","","2","0","0","0","0","0","1","2","0","2","","","","N","","","","","","","","","",""
"2018097297","","0","0","0","0","0","0","0","0","0","2","0","","02","9","2018","1","40.336674","-80.024664","0113","11","0","0","0","0","0","0","0","0","","0","0","0","","","1","","2","","40 20:12.026","","0","80 01:28.792","4","0","0","0","2407","0","0","0","N","0","0","0","5","02407","1","","1.0","","9","N","N","","0","","0","0","2","3","2","","","2","1","0","0","0","0","0","2","0","2","","","","N","","","","","","","","","",""
"2018100029","","2","0","0","0","0","0","0","0","0","4","0","","02","9","2018","3","40.537864","-79.834781","0933","11","0","0","0","0","0","1","0","0","2","0","0","0","","","0","","2","","40 32:16.309","1","0","79 50:05.211","0","0","0","0","2208","0","0","0","N","0","0","0","2","02208","0","","1.0","","9","N","N","","0","","0","0","0","3","2","N","","2","0","0","0","0","0","0","2","0","2","","","","N","","","","","","","","","",""
"2018101977","","1","0","0","0","0","0","0","0","0","7","0","","02","9","2018","1","40.351793","-79.863206","0431","11","0","0","0","0","0","0","0","0","2","0","0","0","","","1","","1","","40 21:06.455","7","0","79 51:47.543","4","0","0","0","2304","0","0","0","N","0","0","0","1","02304","1","","5.0","","1","N","N","","0","","0","0","0","3","2","Y","","1","1","0","0","0","0","0","2","0","1","","","","N","","","","","","","","","",""
"2018102098","","0","0","0","0","0","0","0","0","0","7","0","","02","9","2018","4","40.532303","-79.848529","1134","11","0","0","0","0","0","0","0","0","","0","0","0","","","0","","0","","40 31:56.292","","0","79 50:54.703","9","0","0","0","2208","0","0","0","N","0","0","0","1","68D02","0","","4.0","","1","N","N","","0","","0","0","1","0","0","","","1","0","0","0","0","0","1","2","0","1","","","","N","","","","","","","","","",""
"2018102141","","2","0","0","0","0","0","0","0","0","4","0","","02","9","2018","7","40.429657","-79.980456","2355","11","0","0","0","0","1","0","0","0","","0","0","0","","","0","","1","","40 25:46.765","","0","79 58:49.640","0","0","0","0","2301","0","0","0","N","0","0","0","2","02301","0","","1.0","","1","","","","0","","0","0","0","3","3","","","2","0","0","0","0","0","0","2","0","2","","","","N","","","","","","","","","",""
"2018100531","","1","0","0","0","0","0","0","0","0","1","0","","02","9","2018","4","40.602037","-80.080462","0830","11","0","0","1","0","0","0","0","0","","0","0","0","","","2","","0","","40 36:07.333","","0","80 04:49.664","4","0","0","0","2481","0","0","0","N","0","0","0","3","02481","2","","1.0","","9","N","N","","0","","0","0","1","0","0","","","2","2","0","0","0","0","0","2","0","2","","","","N","","","","","","","","","",""
"2018102307","","2","0","0","0","0","0","0","0","0","1","0","","02","10","2018","2","40.386965","-79.823923","1141","11","0","0","0","0","0","1","0","1","","0","0","0","","","4","","0","","40 23:13.075","","7","79 49:26.124","3","0","0","0","2111","0","0","0","N","0","0","0","4","02111","0","","1.0","","1","N","N","","0","","4","0","0","3","3","","","2","4","0","0","0","0","0","2","0","2","","","","N","","","","","","","","","",""
"2018102142","","3","0","0","0","0","0","0","0","0","4","0","","02","10","2018","2","40.422333","-79.997417","0211","11","0","0","0","0","0","0","0","0","","0","0","0","","","0","","0","","40 25:20.400","","0","79 59:50.700","9","0","0","0","2301","0","0","0","N","0","0","0","2","02301","0","","1.0","","1","N","N","","0","","0","0","0","0","0","","","3","0","0","0","0","0","1","2","0","3","","","","N","","","","","","","","","",""
"2018098732","","0","0","0","0","0","0","0","0","0","7","0","","02","9","2018","6","40.667978","-80.020572","0649","11","0","0","0","0","0","0","0","0","2","0","0","0","","","1","","0","","40 40:04.722","3","0","80 01:14.058","8","0","0","0","2216","0","0","0","N","0","0","0","1","02505","0","","5.0","","1","N","N","","0","","0","0","1","0","0","N","","1","1","0","0","0","1","0","2","0","1","","","","N","","","","","","","","","",""
"2018100706","","1","0","0","0","0","0","0","0","0","1","0","","02","9","2018","4","40.586912","-80.20713","1702","11","0","0","0","0","0","1","0","0","","0","0","0","","","0","","0","","40 35:12.883","","0","80 12:25.669","9","0","0","0","2107","0","0","0","N","0","0","0","1","02107","0","","2.0","","1","N","N","","0","","0","0","1","0","0","N","","2","0","0","0","0","0","1","2","0","2","","","","N","","","","","","","","","",""
"2018097310","","2","0","0","0","0","0","0","0","0","2","0","","02","9","2018","5","40.533411","-79.847361","0858","11","0","0","0","0","0","0","0","0","2","0","0","0","","","3","","0","","40 32:00.281","2","3","79 50:50.500","3","0","0","0","2208","0","0","0","N","0","0","0","4","68D02","0","","1.0","","1","N","N","","0","","3","0","2","0","0","N","","4","3","0","0","0","0","1","2","0","4","","","","N","","","","","","","","","",""
"2018101767","","1","0","0","0","0","0","0","0","0","1","0","","02","9","2018","6","40.347084","-79.816602","1914","11","0","0","0","0","0","1","0","0","2","0","0","0","","","1","","0","","40 20:49.503","6","7","79 48:59.768","8","0","0","0","2477","1","0","0","N","1","0","0","3","02477","0","","1.0","","1","N","N","","0","","0","0","1","0","0","Y","","3","1","0","0","0","1","0","2","0","2","","","","N","","","","","","","","","",""
"2018101797","","1","0","0","0","0","0","0","0","0","4","0","","02","9","2018","7","40.444222","-80.000694","1852","11","0","0","0","0","0","2","0","0","","0","0","0","","","0","","0","","40 26:39.200","","0","80 00:02.500","0","0","0","0","2301","0","0","0","N","0","0","0","2","02301","0","","1.0","","1","N","N","","0","","0","0","0","0","0","","","2","0","0","0","0","0","0","2","1","2","","","","N","","","","","","","","","",""
"2018100393","","0","0","0","0","0","0","0","0","0","7","0","","02","9","2018","4","40.447396","-79.973337","0016","11","0","0","0","0","0","0","0","0","3","0","0","0","","","1","","1","","40 26:50.625","2","0","79 58:24.012","3","0","0","0","2301","0","0","0","N","0","0","0","1","02301","0","","2.0","","1","N","N","","0","","1","0","1","3","3","Y","","1","1","1","0","0","0","0","2","0","1","","","","N","","","","","","","","","",""
"2018102145","","1","0","0","0","0","0","0","0","0","7","0","","02","9","2018","1","40.437219","-79.974844","0717","11","0","0","0","0","0","0","0","0","","0","0","0","","","0","","0","","40 26:13.988","","0","79 58:29.438","0","0","0","0","2301","0","0","0","N","0","0","0","1","02301","0","","5.0","","1","N","N","","0","","0","0","0","0","0","","","1","0","0","0","0","0","0","2","0","1","","","","N","","","","","","","","","",""
"2018098740","","1","0","0","0","0","0","0","0","0","1","0","","02","9","2018","5","40.383911","-79.995617","1316","11","0","0","0","0","1","0","0","0","1","0","0","0","","","1","","0","","40 23:02.079","2","0","79 59:44.222","8","0","0","0","2301","0","0","0","N","0","0","0","2","02301","0","","1.0","","1","N","N","","0","","0","0","1","0","0","N","","2","1","1","0","0","1","0","2","0","2","","","","N","","","","","","","","","",""
"2018100673","","1","0","0","0","0","0","0","0","0","4","0","","02","9","2018","4","40.474487","-79.971393","1507","11","0","0","0","0","0","0","0","0","","0","0","0","","","1","","2","","40 28:28.154","","0","79 58:17.015","3","0","0","0","2445","0","0","0","N","0","0","0","2","02445","0","","1.0","","9","N","N","","0","","1","0","1","0","0","","","2","1","0","0","0","0","0","2","0","2","","","","N","","","","","","","","","",""
"2018102531","","0","0","0","0","0","0","0","0","0","4","0","","02","9","2018","1","40.650026","-79.799031","1342","11","0","0","0","0","0","0","0","0","","0","0","0","","","2","","1","","40 39:00.094","","0","79 47:56.512","4","0","0","1","2202","0","0","0","N","0","0","0","7","68D02","1","","1.0","","1","N","N","","0","","0","0","1","3","3","","","2","2","0","0","0","1","0","1","0","2","","","","N","","","","","","","","","",""
"2018101984","","1","0","0","0","0","0","0","0","0","4","0","","02","9","2018","7","40.357559","-80.00054","2352","11","0","0","0","0","0","0","0","0","2","0","0","0","","","0","","2","","40 21:27.214","4","0","80 00:01.943","0","0","0","0","2476","0","0","0","N","0","0","0","2","02476","0","","1.0","","1","N","N","","0","","0","0","1","3","2","N","","2","0","0","0","0","0","0","2","0","2","","","","N","","","","","","","","","",""
"2018100001","","1","0","0","0","0","0","0","0","0","2","0","","02","9","2018","2","40.447833","-79.959417","0814","11","0","0","0","0","0","0","0","0","","0","0","0","","","0","","0","","40 26:52.200","","0","79 57:33.900","9","0","0","0","2301","0","0","0","N","0","0","0","1","02301","0","","6.0","","98","N","N","","0","","0","0","0","0","0","","","2","0","0","0","0","0","1","2","0","2","","","","N","","","","","","","","","",""
"2018096491","","2","0","0","0","0","0","0","0","0","4","0","","02","8","2018","7","40.345809","-79.874582","1908","11","0","1","0","0","0","1","0","0","1","0","0","0","","","1","","1","","40 20:44.914","7","0","79 52:28.495","3","0","0","0","2455","0","0","0","N","0","0","0","3","02455","0","","1.0","","1","N","N","","0","","1","0","0","3","3","Y","","2","1","0","0","0","0","2","2","0","2","","","","N","","","","","","","","","",""
"2018100675","","2","0","0","0","0","0","0","0","0","1","0","","02","9","2018","4","40.396314","-79.998188","1633","11","0","0","0","0","1","0","0","0","2","0","0","0","","","0","","0","","40 23:46.731","1","0","79 59:53.477","0","0","0","0","2301","0","0","0","N","0","0","0","7","02301","0","","1.0","","9","N","N","","1","","0","0","1","0","0","N","","4","0","0","0","0","0","0","2","0","4","","","","N","","","","","","","","","",""
"2018100716","","2","0","0","0","0","0","0","0","0","1","0","","02","9","2018","4","40.453865","-80.040309","1740","11","0","0","0","0","0","1","1","0","1","0","0","0","","","1","","0","","40 27:13.915","3","0","80 02:25.113","4","0","0","0","2301","0","0","0","N","0","0","0","4","02301","1","","1.0","","1","N","N","","0","","0","0","2","0","0","N","","4","1","0","0","0","0","0","2","0","4","","","","N","","","","","","","","","",""
"2018100003","","2","0","0","0","0","0","0","0","0","2","0","","02","9","2018","4","40.422057","-80.048194","0827","11","0","0","0","0","0","1","0","0","1","0","0","0","","","0","","2","","40 25:19.404","2","2","80 02:53.497","0","0","0","0","2435","0","0","0","N","0","0","0","2","02435","0","","1.0","","1","N","N","","0","","0","0","0","3","3","N","","2","0","0","0","0","0","0","2","0","2","","","","N","","","","","","","","","",""