"CRN","ARRIVAL_TM","AUTOMOBILE_COUNT","BELTED_DEATH_COUNT","BELTED_SUSP_SERIOUS_INJ_COUNT","BICYCLE_COUNT","BICYCLE_DEATH_COUNT","BICYCLE_SUSP_SERIOUS_INJ_COUNT","BUS_COUNT","CHLDPAS_DEATH_COUNT","CHLDPAS_SUSP_SERIOUS_INJ_COUNT","COLLISION_TYPE","COMM_VEH_COUNT","CONS_ZONE_SPD_LIM","COUNTY","CRASH_MONTH","CRASH_YEAR","DAY_OF_WEEK","DEC_LATITUDE","DEC_LONGITUDE","DISPATCH_TM","DISTRICT","DRIVER_COUNT_16YR","DRIVER_COUNT_17YR","DRIVER_COUNT_18YR","DRIVER_COUNT_19YR","DRIVER_COUNT_20YR","DRIVER_COUNT_50_64YR","DRIVER_COUNT_65_74YR","DRIVER_COUNT_75PLUS","EST_HRS_CLOSED","FATAL_COUNT","HEAVY_TRUCK_COUNT","HORSE_BUGGY_COUNT","HOUR_OF_DAY","ILLUMINATION","INJURY_COUNT","INTERSECTION_RELATED","INTERSECT_TYPE","LANE_CLOSED","LATITUDE","LN_CLOSE_DIR","LOCATION_TYPE","LONGITUDE","MAX_SEVERITY_LEVEL","MCYCLE_DEATH_COUNT","MCYCLE_SUSP_SERIOUS_INJ_COUNT","MOTORCYCLE_COUNT","MUNICIPALITY","NONMOTR_COUNT","NONMOTR_DEATH_COUNT","NONMOTR_SUSP_SERIOUS_INJ_COUNT","NTFY_HIWY_MAINT","PED_COUNT","PED_DEATH_COUNT","PED_SUSP_SERIOUS_INJ_COUNT","PERSON_COUNT","POLICE_AGCY","POSSIBLE_INJ_COUNT","RDWY_SURF_TYPE_CD","RELATION_TO_ROAD","ROADWAY_CLEARED","ROAD_CONDITION","SCH_BUS_IND","SCH_ZONE_IND","SECONDARY_CRASH","SMALL_TRUCK_COUNT","SPEC_JURIS_CD","SUSP_MINOR_INJ_COUNT","SUSP_SERIOUS_INJ_COUNT","SUV_COUNT","TCD_FUNC_CD","TCD_TYPE","TFC_DETOUR_IND","TIME_OF_DAY","TOTAL_UNITS","TOT_INJ_COUNT","UNBELTED_OCC_COUNT","UNB_DEATH_COUNT","UNB_SUSP_SERIOUS_INJ_COUNT","UNK_INJ_DEG_COUNT","UNK_INJ_PER_COUNT","URBAN_RURAL","VAN_COUNT","VEHICLE_COUNT","WEATHER1","WEATHER2","WORKERS_PRES","WORK_ZONE_IND","WORK_ZONE_LOC","WORK_ZONE_TYPE","WZ_CLOSE_DETOUR","WZ_FLAGGER","WZ_LAW_OFFCR_IND","WZ_LN_CLOSURE","WZ_MOVING","WZ_OTHER","WZ_SHLDER_MDN","WZ_WORKERS_INJ_KILLED"
"2018101806","","2","0","0","0","0","0","0","0","0","1","0","","02","9","2018","7","40.410591","-80.031365","2142","11","0","1","0","0","0","0","0","0","1","0","0","0","","","0","","0","","40 24:38.126","1","0","80 01:52.913","0","0","0","0","2301","0","0","0","N","0","0","0","5","02301","0","","1.0","","1","N","N","","0","","0","0","0","0","0","Y","","2","0","0","0","0","0","0","2","0","2","","","","N","","","","","","","","","",""
"2018100215","","2","0","0","0","0","0","0","0","0","1","0","","02","9","2018","3","40.439977","-80.032239","1622","11","0","0","0","0","0","1","0","0","","0","0","0","","","2","","3","","40 26:23.918","","2","80 01:56.060","8","0","0","0","2301","0","0","0","N","0","0","0","2","02301","0","","1.0","","9","N","N","","0","","0","0","0","3","2","","","2","2","1","0","0","2","0","2","0","2","","","","N","","","","","","","","","",""
"2018100377","","0","0","0","0","0","0","0","0","0","7","0","","02","8","2018","1","40.570825","-79.791888","1110","11","0","0","0","0","0","0","0","0","3","0","0","0","","","1","","0","","40 34:14.970","1","0","79 47:30.798","3","0","0","0","2206","0","0","0","N","0","0","0","4","68D02","0","","5.0","","1","N","N","","1","","1","0","0","0","0","N","","1","1","0","0","0","0","0","2","0","1","","","","N","","","","","","","","","",""
"2018097015","","2","0","0","0","0","0","0","0","0","4","0","","02","9","2018","2","40.437524","-79.998064","1139","11","0","0","0","0","0","2","0","0","1","0","0","0","","","0","","1","","40 26:15.086","1","0","79 59:53.029","0","0","0","0","2301","0","0","0","N","0","0","0","2","02301","0","","1.0","","9","N","N","","0","","0","0","0","3","2","N","","2","0","0","0","0","0","0","2","0","2","","","","N","","","","","","","","","",""
"2018100216","","2","0","0","0","0","0","0","0","0","4","0","","02","9","2018","3","40.443766","-79.998351","1540","11","0","0","0","0","1","0","0","0","1","0","0","0","","","1","","1","","40 26:37.557","2","0","79 59:54.065","3","0","0","0","2301","0","0","0","N","0","0","0","3","02301","0","","1.0","","9","N","N","","0","","1","0","0","3","2","N","","2","1","0","0","0","0","0","2","0","2","","","","N","","","","","","","","","",""
"2018101988","","2","0","0","0","0","0","0","0","0","4","0","","02","9","2018","2","40.4948","-79.859101","1812","11","1","0","0","0","0","0","0","0","","0","0","0","","","0","","3","","40 29:41.280","","0","79 51:32.762","0","0","0","0","2408","0","0","0","N","0","0","0","2","02408","0","","1.0","","1","N","N","","0","","0","0","0","0","0","","","2","0","0","0","0","0","0","2","0","2","","","","N","","","","","","","","","",""
"2018098581","","1","0","0","0","0","0","0","0","0","4","0","","02","9","2018","6","40.365274","-80.108357","1843","11","0","0","0","0","0","0","0","0","1","0","0","0","","","2","","0","","40 21:54.987","2","7","80 06:30.084","3","0","0","0","2102","0","0","0","N","0","0","0","2","02102","0","","1.0","","1","N","N","","0","","2","0","1","3","2","Y","","2","2","1","0","0","0","0","2","0","2","","","","N","","","","","","","","","",""
"2018097017","","0","0","0","0","0","0","0","0","0","4","0","","02","9","2018","2","40.450645","-79.905784","1148","11","0","0","0","0","0","1","0","0","","0","0","0","","","0","","2","","40 27:02.323","","0","79 54:20.822","0","0","0","0","2301","0","0","0","N","0","0","0","2","02301","0","","1.0","","9","N","N","","1","","0","0","0","0","0","","","2","0","0","0","0","0","0","2","1","2","","","","N","","","","","","","","","",""
"2018100678","","2","0","0","0","0","0","0","0","0","1","0","","02","9","2018","4","40.394024","-79.997304","1703","11","1","0","0","0","0","0","0","0","2","0","0","0","","","2","","0","","40 23:38.487","1","0","79 59:50.293","4","0","0","0","2301","0","0","0","N","0","0","0","5","02301","2","","1.0","","9","N","N","","0","","0","0","1","0","0","N","","3","2","0","0","0","0","0","2","0","3","","","","N","","","","","","","","","",""
"2018102549","","1","0","0","0","0","0","0","0","0","1","0","","02","9","2018","4","40.495231","-79.869211","1601","11","0","0","0","0","0","3","0","0","2","0","0","0","","","0","","0","","40 29:42.830","1","0","79 52:09.160","0","0","0","0","2112","0","0","0","N","0","0","0","4","68D02","0","","1.0","","1","N","N","","1","","0","0","1","0","0","N","","3","0","0","0","0","0","0","2","0","3","","","","N","","","","","","","","","",""
"2018099000","","2","0","0","0","0","0","0","0","0","1","0","25","02","9","2018","6","40.581253","-79.778868","2344","11","0","0","0","0","0","0","0","0","1","0","0","0","","","1","","1","","40 34:52.509","1","0","79 46:43.923","3","0","0","0","2104","0","0","0","N","0","0","0","2","02104","0","","1.0","","9","N","N","","0","","1","0","0","3","2","Y","","2","1","0","0","0","0","0","2","0","2","","","N","Y","1","1","","","N","Y","","","",""
"2018096693","","2","0","0","0","0","0","0","0","0","4","0","","02","9","2018","1","40.435705","-79.835401","0915","11","0","0","0","0","0","1","1","0","1","0","0","0","","","1","","0","","40 26:08.538","3","0","79 50:07.445","3","0","0","0","2419","0","0","0","N","0","0","0","2","02419","0","","1.0","","1","N","N","","0","","1","0","0","0","0","N","","2","1","0","0","0","0","0","2","0","2","","","","N","","","","","","","","","",""
"2018098584","","1","0","0","0","0","0","0","0","0","4","0","","02","9","2018","4","40.428693","-79.988817","1825","11","0","0","0","0","0","0","0","0","","0","0","0","","","1","","0","","40 25:43.295","","7","79 59:19.741","3","0","0","1","2301","0","0","0","N","0","0","0","2","02301","0","","1.0","","1","N","N","","0","","1","0","0","0","0","N","","2","1","0","0","0","0","0","2","0","2","","","","N","","","","","","","","","",""
"2018100679","","1","0","0","0","0","0","0","0","0","2","0","","02","9","2018","7","40.536147","-80.253747","1152","11","0","0","0","0","1","0","0","0","2","0","0","0","","","2","","0","","40 32:10.130","1","0","80 15:13.490","3","0","0","0","2213","0","0","0","N","0","0","0","2","02213","0","","1.0","","9","N","N","","0","","2","0","0","0","0","N","","2","2","1","0","0","0","0","2","0","2","","","","N","","","","","","","","","",""
"2018100728","","1","0","0","0","0","0","0","0","0","4","0","","02","9","2018","6","40.450192","-80.107651","2117","11","0","0","0","0","0","1","0","0","2","0","0","0","","","1","","2","","40 27:00.691","5","0","80 06:27.543","4","0","0","0","2126","0","0","0","N","0","0","0","2","02126","1","","1.0","","9","N","N","","0","","0","0","1","3","3","N","","2","1","0","0","0","0","0","2","0","2","","","","N","","","","","","","","","",""
"2018101818","","1","0","0","0","0","0","0","0","0","7","0","","02","9","2018","1","40.420934","-80.04232","0717","11","0","0","0","0","0","0","0","0","2","0","0","0","","","2","","0","","40 25:15.364","4","0","80 02:32.351","4","0","0","0","2435","0","0","0","N","0","0","0","2","68B03","2","","3.0","","9","Y","N","","0","","0","0","0","0","0","N","","1","2","0","0","0","0","0","2","0","1","","","","N","","","","","","","","","",""
"2018100224","","1","0","0","0","0","0","0","0","0","7","0","","02","9","2018","3","40.625755","-80.106666","1658","11","0","0","0","0","0","0","0","0","2","0","0","0","","","1","","0","","40 37:32.717","6","0","80 06:23.996","2","0","0","0","2212","0","0","0","N","0","0","0","1","02505","0","","2.0","","9","N","N","","0","","0","1","0","0","0","N","","1","1","1","0","1","0","0","1","0","1","","","","N","","","","","","","","","",""
"2018098563","","1","0","0","0","0","0","0","0","0","4","0","","02","9","2018","5","40.464498","-79.903111","1653","11","0","0","0","0","0","1","0","0","","0","0","0","","","1","","1","","40 27:52.192","","0","79 54:11.199","3","0","0","0","2301","0","0","0","N","0","0","0","3","02301","0","","1.0","","1","N","N","","0","","1","0","0","3","3","","","2","1","0","0","0","0","0","2","1","2","","","","N","","","","","","","","","",""
"2018100227","","0","0","0","1","0","0","0","0","0","8","0","","02","9","2018","3","40.452526","-79.981129","1757","11","0","0","0","0","0","0","0","0","","0","0","0","","","1","","1","","40 27:09.095","","0","79 58:52.064","8","0","0","0","2301","1","0","0","N","0","0","0","2","02301","0","","1.0","","9","N","N","","1","","0","0","0","0","0","","","2","1","0","0","0","1","0","2","0","1","","","","N","","","","","","","","","",""
"2018100404","","0","0","0","0","0","0","0","0","0","7","0","","02","9","2018","5","40.383074","-80.131071","0212","11","0","0","0","0","0","0","0","0","2","0","0","0","","","1","","0","","40 22:59.067","2","0","80 07:51.857","3","0","0","0","2102","0","0","0","N","0","0","0","1","02102","0","","4.0","","1","N","N","","1","","1","0","0","0","0","N","","1","1","0","0","0","0","0","2","0","1","","","","N","","","","","","","","","",""
"2018100229","","1","0","0","0","0","0","0","0","0","1","0","","02","9","2018","3","40.478733","-79.922884","1516","11","0","0","0","0","0","0","0","0","","0","0","0","","","0","","2","","40 28:43.438","","0","79 55:22.382","0","0","0","0","2301","0","0","0","N","0","0","0","1","02301","0","","1.0","","9","N","N","","0","","0","0","1","","3","","","2","0","0","0","0","0","0","2","0","2","","","","N","","","","","","","","","",""
"2018096702","","1","0","0","0","0","0","0","0","0","4","0","","02","9","2018","1","40.454351","-79.94777","0958","11","0","0","0","0","0","1","0","1","1","0","0","0","","","0","","1","","40 27:15.663","3","0","79 56:51.973","0","0","0","0","2301","0","0","0","N","0","0","0","2","02301","0","","1.0","","1","N","N","","0","","0","0","1","","2","N","","2","0","0","0","0","0","0","2","0","2","","","","N","","","","","","","","","",""
"2018100231","","1","0","0","0","0","0","0","0","0","1","0","","02","9","2018","3","40.415044","-80.011295","1638","11","0","0","0","0","0","1","1","0","2","0","0","0","","","0","","1","","40 24:54.158","7","0","80 00:40.662","0","0","0","0","2301","0","0","0","N","0","0","0","2","02301","0","","1.0","","1","N","N","","0","","0","0","1","","2","N","","2","0","0","0","0","0","0","2","0","2","","","","N","","","","","","","","","",""
"2018099915","","1","0","0","0","0","0","0","0","0","7","0","","02","9","2018","7","40.422732","-79.930044","0354","11","0","0","0","0","0","1","0","0","","0","0","0","","","0","","3","","40 25:21.835","","0","79 55:48.158","0","0","0","0","2301","0","0","0","N","0","0","0","1","02301","0","","5.0","","1","N","N","","0","","0","0","0","","0","","","1","0","0","0","0","0","0","2","0","1","","","","N","","","","","","","","","",""
"2018096522","","0","0","0","0","0","0","0","0","0","4","0","","02","9","2018","5","40.499342","-80.120791","0208","11","0","0","0","0","0","0","0","0","","0","0","0","","","2","","0","","40 29:57.630","","0","80 07:14.847","3","0","0","0","2115","0","0","0","N","0","0","0","2","68B03","0","","1.0","","1","N","N","","0","","2","0","2","","0","","","2","2","0","0","0","0","0","2","0","2","","","","N","","","","","","","","","",""
"2018101827","","0","0","0","0","0","0","0","0","0","7","0","","02","9","2018","5","40.412643","-80.078724","1445","11","0","0","0","0","0","0","0","0","3","0","0","0","","","1","","0","","40 24:45.514","2","0","80 04:43.406","4","0","0","0","2117","0","0","0","N","0","0","0","1","68B03","1","","2.0","","1","N","N","","1","","0","0","0","","0","N","","1","1","0","0","0","0","0","2","0","1","","","","N","","","","","","","","","",""
"2018100233","","0","0","0","0","0","0","0","0","0","8","0","","02","9","2018","3","40.454656","-79.897525","1718","11","0","0","0","0","0","0","0","0","","0","0","0","","","1","","1","","40 27:16.761","","0","79 53:51.089","3","0","0","0","2301","1","0","0","N","1","0","0","2","02301","0","","1.0","","1","N","N","","0","","1","0","0","","2","","","2","1","0","0","0","0","1","2","1","1","","","","N","","","","","","","","","",""
"2018100614","","1","0","0","0","0","0","0","0","0","1","0","","02","9","2018","4","40.474491","-79.9714","1433","11","0","0","0","0","0","2","0","0","3","0","0","0","","","0","","2","","40 28:28.169","2","0","79 58:17.039","0","0","0","0","2445","0","0","0","N","0","0","0","3","02301","0","","1.0","","9","N","N","","0","","0","0","2","","2","N","","3","0","0","0","0","0","0","2","0","3","","","","N","","","","","","","","","",""
"2018100745","","1","0","0","0","0","0","0","0","0","8","0","","02","9","2018","4","40.456544","-79.936485","2108","11","0","0","0","0","0","0","1","0","1","0","0","0","","","1","","1","","40 27:23.558","7","0","79 56:11.345","2","0","0","0","2301","1","0","1","N","1","0","1","3","02301","0","","1.0","","1","N","N","","0","","0","1","0","","2","N","","2","1","0","0","0","0","0","2","0","1","","","","N","","","","","","","","","",""
"2018098785","","2","0","0","0","0","0","0","0","0","4","0","","02","9","2018","6","40.624723","-79.942042","1043","11","0","0","0","0","0","1","1","0","1","0","0","0","","","0","","0","","40 37:29.004","2","7","79 56:31.352","0","0","0","0","2217","0","0","0","N","0","0","0","2","02505","0","","1.0","","1","N","N","","0","","0","0","0","","0","N","","2","0","0","0","0","0","0","2","0","2","","","","N","","","","","","","","","",""
"2018102399","","0","0","0","0","0","0","0","0","0","7","0","","02","9","2018","1","40.306856","-79.837988","0254","11","0","0","0","0","0","0","0","0","","0","0","0","","","0","","0","","40 18:24.682","","0","79 50:16.757","0","0","0","0","2443","0","0","0","N","0","0","0","5","02443","0","","4.0","","1","N","N","","0","","0","0","1","","0","","","1","0","0","0","0","0","0","1","0","1","","","","N","","","","","","","","","",""
"2018098406","","2","0","0","0","0","0","0","0","0","1","0","","02","9","2018","3","40.616681","-80.055449","1440","11","0","0","0","0","0","1","0","0","","0","0","0","","","1","","0","","40 37:00.050","","0","80 03:19.616","4","0","0","0","2216","0","0","0","N","0","0","0","3","02505","1","","1.0","","1","N","N","","0","","0","0","1","","0","","","3","1","1","0","0","0","0","2","0","3","","","","N","","","","","","","","","",""
"2018101687","","0","0","0","0","0","0","0","0","0","7","0","","02","9","2018","7","40.467806","-80.009889","1105","11","0","0","0","0","0","1","0","0","","0","0","0","","","0","","0","","40 28:04.100","","0","80 00:35.600","0","0","0","0","2301","0","0","0","N","0","0","0","1","02301","0","","5.0","","1","N","N","","0","","0","0","0","","0","","","1","0","0","0","0","0","0","2","1","1","","","","N","","","","","","","","","",""
"2018098407","","0","0","0","0","0","0","0","0","0","7","0","","02","9","2018","1","40.561556","-79.987551","1651","11","0","0","0","0","0","0","0","0","2","0","0","0","","","1","","0","","40 33:41.602","6","0","79 59:15.184","3","0","0","0","2207","0","0","0","Y","0","0","0","1","02207","0","","5.0","","1","N","N","","1","","1","0","0","","0","Y","","1","1","0","0","0","0","0","2","0","1","","","","N","","","","","","","","","",""
"2018102178","","1","0","0","0","0","0","0","0","0","1","0","","02","10","2018","2","40.441804","-80.022","0731","11","0","0","0","0","0","0","0","0","","0","0","0","","","0","","7","","40 26:30.493","","2","80 01:19.201","0","0","0","0","2301","0","0","0","N","0","0","0","2","02301","0","","7.0","","1","N","N","","0","","0","0","1","","0","","","2","0","0","0","0","0","0","2","0","2","","","","N","","","","","","","","","",""
"2018102401","","2","0","0","0","0","0","0","0","0","1","0","","02","9","2018","1","40.537929","-79.839497","1405","11","0","0","0","0","0","0","0","0","2","0","0","0","","","0","","1","","40 32:16.543","4","0","79 50:22.188","0","0","0","0","2208","0","0","0","N","0","0","0","5","02208","0","","1.0","","1","N","N","","0","","0","0","1","","2","N","","3","0","0","0","0","0","0","2","0","3","","","","N","","","","","","","","","",""
"2018102568","","1","0","0","0","0","0","0","0","0","1","0","","02","9","2018","6","40.585749","-79.778543","1642","11","0","0","0","0","0","0","0","0","1","0","0","0","","","0","","0","","40 35:08.695","1","0","79 46:42.756","0","0","0","0","2104","0","0","0","N","0","0","0","2","68D02","0","","1.0","","1","N","N","","0","","0","0","1","","0","N","","2","0","0","0","0","0","0","2","0","2","","","","N","","","","","","","","","",""
"2018101691","","1","0","0","0","0","0","0","0","0","4","0","","02","9","2018","6","40.423771","-79.920173","1447","11","0","0","0","0","0","0","1","0","","0","0","0","","","0","","2","","40 25:25.575","","0","79 55:12.622","0","0","0","0","2301","0","0","0","N","0","0","0","4","02301","0","","1.0","","1","N","N","","1","","0","0","0","","0","","","2","0","0","0","0","0","0","2","0","2","","","","N","","","","","","","","","",""
"2018102571","","2","0","0","0","0","0","0","0","0","1","0","55","02","9","2018","6","40.637179","-79.724639","1817","11","0","0","0","0","0","1","0","0","3","0","0","0","","","1","","0","","40 38:13.845","1","0","79 43:28.702","3","0","0","0","2106","0","0","0","N","0","0","0","2","68D02","0","","1.0","","1","N","N","","0","","1","0","0","","0","N","","2","1","0","0","0","0","0","2","0","2","","","N","Y","8","1","N","N","N","N","N","N","Y",""
"2018101692","","0","0","0","0","0","0","0","0","0","7","0","","02","9","2018","5","40.354091","-79.978728","1607","11","0","0","0","0","0","0","0","1","3","0","0","0","","","1","","0","","40 21:14.726","1","0","79 58:43.419","8","0","0","0","2476","0","0","0","N","0","0","0","1","02476","0","","4.0","","9","N","N","","1","","0","0","0","","0","N","","1","1","0","0","0","1","0","2","0","1","","","","N","","","","","","","","","",""
"2018096917","","0","0","0","0","0","0","0","0","0","1","0","","02","9","2018","6","40.420271","-80.005418","0632","11","0","0","0","0","0","1","0","0","1","0","0","0","","","0","","0","","40 25:12.977","2","4","80 00:19.506","0","0","0","0","2301","0","0","0","N","0","0","0","2","02301","0","","1.0","","1","N","N","","0","","0","0","2","","0","N","","2","0","0","0","0","0","0","2","0","2","","","","N","","","","","","","","","",""
"2018100427","","2","0","0","0","0","0","0","0","0","4","0","","02","9","2018","1","40.639258","-80.064487","0038","11","0","0","0","0","0","0","0","0","","0","0","0","","","1","","1","","40 38:21.328","","0","80 03:52.154","3","0","0","0","2216","0","0","0","N","0","0","0","3","02505","0","","1.0","","1","N","N","","0","","1","0","0","","3","N","","2","1","0","0","0","0","0","2","0","2","","","","N","","","","","","","","","",""
"2018102578","","0","0","0","0","0","0","0","0","0","1","0","","02","9","2018","7","40.491534","-79.889835","1508","11","0","0","0","0","0","0","0","0","1","0","0","0","","","0","","0","","40 29:29.523","2","0","79 53:23.406","0","0","0","0","2112","0","0","0","N","0","0","0","4","68D02","0","","1.0","","1","N","N","","0","","0","0","2","","0","N","","3","0","0","0","0","0","0","2","1","3","","","","N","","","","","","","","","",""
"2018100599","","1","0","0","0","0","0","0","0","0","4","0","","02","9","2018","4","40.321993","-79.817725","1205","11","0","0","0","0","0","0","0","0","","0","0","0","","","0","","2","","40 19:19.174","","0","79 49:03.809","0","0","0","0","2304","0","0","0","N","0","0","0","2","02477","0","","1.0","","9","N","N","","0","","0","0","1","","3","","","2","0","0","0","0","0","0","2","0","2","","","","N","","","","","","","","","",""
"2018100761","","1","0","0","0","0","0","0","0","0","2","0","","02","9","2018","4","40.278854","-79.875329","2043","11","0","0","0","0","1","1","0","0","","0","0","0","","","0","","1","","40 16:43.875","","1","79 52:31.186","0","0","0","0","2105","0","0","0","N","0","0","0","2","02443","0","","1.0","","1","N","N","","1","","0","0","0","","8","","","2","0","0","0","0","0","0","1","0","2","","","","N","","","","","","","","","",""
"2018096718","","1","0","0","0","0","0","0","0","0","7","0","25","02","9","2018","4","40.552819","-80.106903","1016","11","0","0","0","0","0","1","1","0","","0","0","0","","","0","","3","","40 33:10.150","","0","80 06:24.852","0","0","0","0","2215","0","0","0","N","0","0","0","3","02215","0","","4.0","","1","N","N","","0","","0","0","1","","0","","","2","0","0","0","0","0","0","2","0","2","","","Y","Y","4","1","","","Y","","","","",""
"2018100278","","2","0","0","0","0","0","0","0","0","1","0","","02","9","2018","3","40.458635","-79.957464","2330","11","0","0","0","0","0","0","0","0","","0","0","0","","","0","","1","","40 27:31.087","","0","79 57:26.872","9","0","0","0","2301","0","0","0","N","0","0","0","6","02301","0","","1.0","","1","N","N","","0","","0","0","1","","2","","","3","0","0","0","0","0","1","2","0","3","","","","N","","","","","","","","","",""
"2018102031","","0","0","0","0","0","0","0","0","0","8","0","","02","9","2018","1","40.349907","-79.832734","1906","11","0","0","0","0","0","0","0","0","1","0","0","0","","","1","","2","","40 20:59.665","3","0","79 49:57.842","8","0","0","0","2304","1","0","0","N","1","0","0","3","02304","0","","1.0","","1","N","N","","0","","0","0","1","","0","N","","2","1","0","0","0","1","0","2","0","1","","","","N","","","","","","","","","",""
"2018102409","","2","0","0","0","0","0","0","0","0","4","0","","02","9","2018","3","40.505458","-80.207549","2013","11","0","0","1","0","0","0","0","0","","0","0","0","","","0","","2","","40 30:19.650","","0","80 12:27.175","0","0","0","0","2213","0","0","0","N","0","0","0","2","02213","0","","1.0","","1","N","N","","0","","0","0","0","","0","","","2","0","1","0","0","0","0","2","0","2","","","","N","","","","","","","","","",""
"2018100246","","0","0","0","0","0","0","0","0","0","7","0","","02","9","2018","2","40.492806","-80.045611","1647","11","0","0","0","0","0","0","0","0","1","0","0","0","","","0","","0","","40 29:34.100","7","0","80 02:44.200","0","0","0","0","2404","0","0","0","N","0","0","0","1","02404","0","","2.0","","9","N","N","","0","","0","0","1","","0","Y","","1","0","0","0","0","0","0","2","0","1","","","","N","","","","","","","","","",""
"2018098612","","1","0","0","0","0","0","0","0","0","2","0","","02","9","2018","7","40.340614","-80.052267","1553","11","0","0","0","0","0","0","0","0","2","0","0","0","","","1","","1","","40 20:26.210","3","0","80 03:08.161","4","0","0","0","2407","0","0","0","N","0","0","0","2","02407","1","","1.0","","1","N","N","","0","","0","0","1","","2","Y","","2","1","0","0","0","0","0","2","0","2","","","","N","","","","","","","","","",""
"2018100434","","0","0","0","0","0","0","0","0","0","7","0","","02","9","2018","2","40.662013","-80.003976","0426","11","0","0","0","0","0","0","0","0","3","0","0","0","","","0","","0","","40 39:43.247","2","0","80 00:14.313","9","0","0","0","2216","0","0","0","N","0","0","0","2","02505","0","","5.0","","9","N","N","","0","","0","0","1","","0","N","","1","0","0","0","0","0","1","1","0","1","","","","N","","","","","","","","","",""
"2018102410","","1","0","0","0","0","0","0","0","0","4","0","30","02","9","2018","2","40.522078","-80.217551","0657","11","0","0","0","0","0","1","0","0","","0","0","0","","","0","","2","","40 31:19.480","","7","80 13:03.185","0","0","0","0","2213","0","0","0","N","0","0","0","3","02213","0","","1.0","","1","N","N","","0","","0","0","0","","3","","","2","0","0","0","0","0","0","2","1","2","","","N","Y","4","1","N","N","N","N","N","Y","N",""
"2018096551","","1","0","0","0","0","0","0","0","0","4","0","","02","9","2018","7","40.444243","-79.980801","1420","11","0","0","0","0","0","1","0","0","1","0","0","0","","","1","","1","","40 26:39.274","7","0","79 58:50.883","8","0","0","0","2301","0","0","0","N","0","0","0","3","02301","0","","1.0","","1","N","N","","0","","0","0","1","","3","N","","2","1","0","0","0","1","0","2","0","2","","","","N","","","","","","","","","",""
"2018102034","","0","0","0","0","0","0","0","0","0","1","0","","02","9","2018","1","40.468928","-80.001412","1802","11","0","0","0","0","0","2","0","0","1","0","0","0","","","3","","2","","40 28:08.140","2","0","80 00:05.083","3","0","0","0","2301","0","0","0","N","0","0","0","4","02301","0","","1.0","","1","N","N","","1","","3","0","1","","0","N","","2","3","0","0","0","0","0","2","0","2","","","","N","","","","","","","","","",""
"2018098618","","0","0","0","0","0","0","0","0","0","7","0","","02","9","2018","3","40.428072","-79.927161","1635","11","0","0","1","0","0","0","0","0","1","0","0","0","","","1","","0","","40 25:41.060","3","4","79 55:37.779","8","0","0","0","2301","0","0","0","N","0","0","0","2","68B03","0","","4.0","","1","N","N","","0","","0","0","1","","0","N","","1","1","0","0","0","1","0","2","0","1","","","","N","","","","","","","","","",""
"2018102035","","2","0","0","0","0","0","0","0","0","4","0","","02","9","2018","1","40.468251","-79.994994","1936","11","0","0","0","0","0","0","0","0","1","0","0","0","","","0","","2","","40 28:05.703","1","0","79 59:41.978","0","0","0","0","2301","0","0","0","N","0","0","0","4","02301","0","","1.0","","1","N","N","","0","","0","0","0","","0","Y","","2","0","0","0","0","0","0","2","0","2","","","","N","","","","","","","","","",""
"2018096926","","0","0","0","0","0","0","0","0","0","99","0","","02","9","2018","3","40.433963","-79.96498","0618","11","0","0","0","0","0","0","0","0","","0","0","0","","","0","","0","","40 26:02.266","","0","79 57:53.927","0","0","0","0","2301","0","0","0","N","0","0","0","1","02301","0","","1.0","","1","N","N","","0","","0","0","1","","0","","","1","0","0","0","0","0","0","2","0","1","","","","N","","","","","","","","","",""
"2018098622","","1","0","0","0","0","0","0","0","0","1","0","","02","9","2018","7","40.445814","-80.009559","1833","11","0","0","0","0","0","0","0","0","2","0","0","0","","","2","","0","","40 26:44.932","1","3","80 00:34.411","4","0","0","0","2301","0","0","0","N","0","0","0","6","68B03","1","","1.0","","9","N","N","","1","","0","0","0","","0","N","","2","2","0","0","0","1","0","2","0","2","","","","N","","","","","","","","","",""
"2018098891","","2","0","0","0","0","0","0","0","0","1","0","","02","9","2018","6","40.438988","-79.995608","1540","11","0","0","0","0","0","0","0","0","1","0","0","0","","","0","","1","","40 26:20.357","4","0","79 59:44.190","0","0","0","0","2301","0","0","0","N","0","0","0","4","02301","0","","1.0","","1","N","N","","0","","0","0","0","","2","N","","2","0","0","0","0","0","0","2","0","2","","","","N","","","","","","","","","",""
"2018096771","","0","0","0","0","0","0","0","0","0","4","0","","02","9","2018","6","40.4257","-80.120303","2200","11","0","0","0","0","0","0","0","0","2","0","0","0","","","2","","2","","40 25:32.520","4","0","80 07:13.090","3","0","0","0","2115","0","0","0","N","0","0","0","6","02115","0","","1.0","","1","N","N","","1","","2","0","1","","3","N","","2","2","1","0","0","0","1","2","0","2","","","","N","","","","","","","","","",""
"2018098893","","0","0","0","0","0","0","0","0","0","4","0","","02","9","2018","6","40.513922","-80.003529","1631","11","0","0","0","0","0","1","0","0","2","0","0","0","","","3","","2","","40 30:50.118","7","2","80 00:12.704","3","0","0","0","2116","0","0","0","N","0","0","0","4","02116","0","","1.0","","1","N","N","","1","","1","0","2","","0","Y","","3","3","0","0","0","2","0","2","0","3","","","","N","","","","","","","","","",""