"CRN","ARRIVAL_TM","AUTOMOBILE_COUNT","BELTED_DEATH_COUNT","BELTED_SUSP_SERIOUS_INJ_COUNT","BICYCLE_COUNT","BICYCLE_DEATH_COUNT","BICYCLE_SUSP_SERIOUS_INJ_COUNT","BUS_COUNT","CHLDPAS_DEATH_COUNT","CHLDPAS_SUSP_SERIOUS_INJ_COUNT","COLLISION_TYPE","COMM_VEH_COUNT","CONS_ZONE_SPD_LIM","COUNTY","CRASH_MONTH","CRASH_YEAR","DAY_OF_WEEK","DEC_LATITUDE","DEC_LONGITUDE","DISPATCH_TM","DISTRICT","DRIVER_COUNT_16YR","DRIVER_COUNT_17YR","DRIVER_COUNT_18YR","DRIVER_COUNT_19YR","DRIVER_COUNT_20YR","DRIVER_COUNT_50_64YR","DRIVER_COUNT_65_74YR","DRIVER_COUNT_75PLUS","EST_HRS_CLOSED","FATAL_COUNT","HEAVY_TRUCK_COUNT","HORSE_BUGGY_COUNT","HOUR_OF_DAY","ILLUMINATION","INJURY_COUNT","INTERSECTION_RELATED","INTERSECT_TYPE","LANE_CLOSED","LATITUDE","LN_CLOSE_DIR","LOCATION_TYPE","LONGITUDE","MAX_SEVERITY_LEVEL","MCYCLE_DEATH_COUNT","MCYCLE_SUSP_SERIOUS_INJ_COUNT","MOTORCYCLE_COUNT","MUNICIPALITY","NONMOTR_COUNT","NONMOTR_DEATH_COUNT","NONMOTR_SUSP_SERIOUS_INJ_COUNT","NTFY_HIWY_MAINT","PED_COUNT","PED_DEATH_COUNT","PED_SUSP_SERIOUS_INJ_COUNT","PERSON_COUNT","POLICE_AGCY","POSSIBLE_INJ_COUNT","RDWY_SURF_TYPE_CD","RELATION_TO_ROAD","ROADWAY_CLEARED","ROAD_CONDITION","SCH_BUS_IND","SCH_ZONE_IND","SECONDARY_CRASH","SMALL_TRUCK_COUNT","SPEC_JURIS_CD","SUSP_MINOR_INJ_COUNT","SUSP_SERIOUS_INJ_COUNT","SUV_COUNT","TCD_FUNC_CD","TCD_TYPE","TFC_DETOUR_IND","TIME_OF_DAY","TOTAL_UNITS","TOT_INJ_COUNT","UNBELTED_OCC_COUNT","UNB_DEATH_COUNT","UNB_SUSP_SERIOUS_INJ_COUNT","UNK_INJ_DEG_COUNT","UNK_INJ_PER_COUNT","URBAN_RURAL","VAN_COUNT","VEHICLE_COUNT","WEATHER1","WEATHER2","WORKERS_PRES","WORK_ZONE_IND","WORK_ZONE_LOC","WORK_ZONE_TYPE","WZ_CLOSE_DETOUR","WZ_FLAGGER","WZ_LAW_OFFCR_IND","WZ_LN_CLOSURE","WZ_MOVING","WZ_OTHER","WZ_SHLDER_MDN","WZ_WORKERS_INJ_KILLED"
"2018079015","","2","0","0","0","0","0","0","0","0","2","0","","02","7","2018","7","40.418714","-79.964869","1825","11","0","0","0","0","0","1","0","0","2","0","0","0","","","2","","0","","40 25:07.370","5","0","79 57:53.530","3","0","0","0","2301","0","0","0","N","0","0","0","4","02301","0","","1.0","","1","N","N","","0","","2","0","1","","0","Y","","3","2","0","0","0","0","0","2","0","3","","","","N","","","","","","","","","",""
"2018073554","","2","0","0","0","0","0","0","0","0","5","0","","02","7","2018","7","40.470944","-79.957658","0326","11","0","0","0","0","0","0","0","0","","0","0","0","","","0","","0","","40 28:15.400","","0","79 57:27.570","0","0","0","0","2301","0","0","0","N","0","0","0","1","02301","0","","1.0","","1","N","N","","1","","0","0","1","","0","","","4","0","0","0","0","0","0","2","0","4","","","","N","","","","","","","","","",""
"2018100995","","1","0","0","0","0","0","0","0","0","7","0","","02","9","2018","5","40.593662","-80.069262","1238","11","0","0","0","0","0","0","0","1","1","0","0","0","","","1","","0","","40 35:37.182","6","0","80 04:09.342","4","0","0","0","2481","0","0","0","N","0","0","0","1","02481","1","","4.0","","1","N","N","","0","","0","0","0","","0","N","","1","1","0","0","0","0","0","2","0","1","","","","N","","","","","","","","","",""
"2018102978","","0","0","0","0","0","0","0","0","0","1","0","","02","10","2018","3","40.537775","-79.834779","1808","11","0","0","0","0","0","0","0","0","2","0","0","0","","","0","","1","","40 32:15.990","1","0","79 50:05.205","0","0","0","0","2208","0","0","0","N","0","0","0","2","02208","0","","1.0","","1","N","N","","1","","0","0","0","","2","N","","2","0","0","0","0","0","0","2","1","2","","","","N","","","","","","","","","",""
"2018097991","","1","0","0","0","0","0","0","0","0","1","0","","02","9","2018","6","40.436033","-79.970028","0625","11","0","0","0","0","0","0","0","0","2","0","0","0","","","2","","7","","40 26:09.720","4","2","79 58:12.099","3","0","0","0","2301","0","0","0","N","0","0","0","4","68B03","0","","1.0","","1","N","N","","1","","2","0","2","","0","Y","","5","2","1","0","0","0","0","2","0","4","","","","N","","","","","","","","","",""
"2018101478","","1","0","0","0","0","0","0","0","0","4","0","","02","9","2018","6","40.451128","-79.982444","1515","11","0","0","0","1","0","1","0","0","","0","0","0","","","0","","1","","40 27:04.060","","0","79 58:56.798","0","0","0","0","2301","0","0","0","N","0","0","0","4","02301","0","","1.0","","1","N","N","","0","","0","0","1","","2","","","2","0","0","0","0","0","0","2","0","2","","","","N","","","","","","","","","",""
"2018100873","","0","0","0","0","0","0","0","0","0","7","0","","02","9","2018","5","40.31993","-79.959533","0709","11","0","0","0","0","0","0","0","0","2","0","0","0","","","1","","0","","40 19:11.749","6","0","79 57:34.319","8","0","0","0","2454","0","0","0","N","0","0","0","1","02454","0","","5.0","","1","N","N","","0","","0","0","1","","0","Y","","1","1","0","0","0","1","0","2","0","1","","","","N","","","","","","","","","",""
"2018097459","","1","0","0","0","0","0","0","0","0","7","0","","02","9","2018","2","40.451053","-80.184784","0907","11","0","0","0","0","0","0","0","0","1","0","0","0","","","0","","2","","40 27:03.790","4","0","80 11:05.221","0","0","0","0","2214","0","0","0","N","0","0","0","1","02214","0","","4.0","","9","N","N","","0","","0","0","0","","0","N","","1","0","0","0","0","0","0","2","0","1","","","","N","","","","","","","","","",""
"2018099103","","0","0","0","0","0","0","0","0","0","7","0","","02","9","2018","1","40.443726","-79.796936","2127","11","0","0","0","0","0","0","0","0","3","0","0","0","","","7","","2","","40 26:37.415","7","0","79 47:48.968","2","0","0","0","2446","0","0","0","Y","0","0","0","7","02446","0","","2.0","","1","N","N","","0","","0","7","1","","3","Y","","1","7","0","0","0","0","0","2","0","1","","","","N","","","","","","","","","",""
"2018099292","","0","0","0","0","0","0","0","0","0","4","0","","02","9","2018","4","40.425119","-80.121073","1527","11","0","0","0","0","0","0","1","0","1","0","0","0","","","0","","0","","40 25:30.427","4","0","80 07:15.863","9","0","0","0","2102","0","0","0","N","0","0","0","2","68B03","0","","1.0","","1","N","N","","1","","0","0","1","","0","N","","2","0","0","0","0","0","1","2","0","2","","","","N","","","","","","","","","",""
"2018070751","","1","0","0","0","0","0","0","0","0","7","0","","02","7","2018","4","40.408327","-79.954553","2025","11","0","0","0","0","0","1","0","0","3","0","0","0","","","0","","0","","40 24:29.977","3","0","79 57:16.391","0","0","0","0","2403","0","0","0","N","0","0","0","1","02403","0","","2.0","","9","N","N","","0","","0","0","0","","0","N","","1","0","0","0","0","0","0","2","0","1","","","","N","","","","","","","","","",""
"2018073557","","2","0","0","0","0","0","0","0","0","5","0","","02","7","2018","7","40.471622","-80.008575","0322","11","0","0","0","0","0","0","0","0","","0","0","0","","","0","","0","","40 28:17.840","","0","80 00:30.870","0","0","0","0","2301","0","0","0","N","0","0","0","1","02301","0","","1.0","","1","N","N","","0","","0","0","0","","0","","","2","0","0","0","0","0","0","2","0","2","","","","N","","","","","","","","","",""
"2018098938","","0","0","0","0","0","0","0","0","0","2","0","","02","9","2018","6","40.655209","-80.121848","1508","11","0","0","0","0","0","0","1","0","3","0","0","0","","","2","","0","","40 39:18.753","6","0","80 07:18.653","2","0","1","1","2212","0","0","0","N","0","0","0","2","02505","0","","1.0","","1","N","N","","0","","1","1","1","","0","Y","","2","2","0","0","0","0","0","2","0","2","","","","N","","","","","","","","","",""
"2018100876","","0","0","0","0","0","0","0","0","0","8","0","","02","9","2018","5","40.457699","-80.027512","0753","11","0","0","0","0","0","0","0","0","","0","0","0","","","1","","1","","40 27:27.716","","0","80 01:39.043","3","0","0","0","2301","1","0","0","N","1","0","0","2","02301","0","","1.0","","1","Y","N","","0","","1","0","0","","0","","","2","1","0","0","0","0","0","2","1","1","","","","N","","","","","","","","","",""
"2018102832","","0","0","0","0","0","0","0","0","0","99","0","","02","7","2018","2","40.385059","-80.096911","1111","11","0","0","0","0","0","0","0","0","","0","0","0","","","0","","0","","40 23:06.211","","0","80 05:48.880","0","0","0","0","2117","0","0","0","N","0","0","0","3","68B03","0","","1.0","","1","N","N","","1","","0","0","1","","0","","","2","0","0","0","0","0","0","2","0","2","","","","N","","","","","","","","","",""
"2018099268","","1","0","0","0","0","0","0","0","0","4","0","","02","9","2018","1","40.491423","-80.061145","0642","11","0","0","0","0","0","0","0","0","","0","0","0","","","1","","0","","40 29:29.122","","7","80 03:40.122","8","0","0","0","2404","0","0","0","N","0","0","0","5","02404","0","","1.0","","1","N","N","","1","","0","0","1","","0","","","3","1","1","0","0","1","0","2","0","3","","","","N","","","","","","","","","",""
"2018079018","","3","0","0","0","0","0","0","0","0","1","0","","02","7","2018","7","40.445145","-79.828176","2259","11","0","0","1","0","0","0","0","0","1","0","0","0","","","2","","2","","40 26:42.523","2","0","79 49:41.433","3","0","0","0","2113","0","0","0","N","0","0","0","5","02113","0","","1.0","","1","N","N","","0","","2","0","1","","2","N","","4","2","0","0","0","0","0","2","0","4","","","","N","","","","","","","","","",""
"2018099105","","0","0","0","0","0","0","0","0","0","5","0","","02","9","2018","2","40.42625","-80.007722","1910","11","0","0","0","0","0","1","0","0","2","0","0","0","","","0","","0","","40 25:34.500","7","0","80 00:27.800","0","0","0","0","2301","0","0","0","N","0","0","0","2","02301","0","","1.0","","1","N","N","","1","","0","0","0","","3","N","","2","0","0","0","0","0","0","2","1","2","","","","N","","","","","","","","","",""
"2018103368","","1","0","0","0","0","0","0","0","0","2","0","","02","10","2018","4","40.439589","-80.005101","1820","11","0","0","0","0","0","2","0","0","2","0","0","0","","","1","","1","","40 26:22.519","1","0","80 00:18.364","2","0","1","1","2301","0","0","0","N","0","0","0","4","02301","0","","1.0","","9","N","N","","0","","0","1","0","","2","Y","","2","1","0","0","0","0","0","2","0","2","","","","N","","","","","","","","","",""
"2018102836","","1","0","0","0","0","0","0","0","0","7","0","45","02","8","2018","6","40.504598","-80.028652","0048","11","0","0","0","0","0","0","0","0","","0","0","0","","","0","","0","","40 30:16.551","","0","80 01:43.146","0","0","0","0","2116","0","0","0","Y","0","0","0","1","68B03","0","","4.0","","1","N","N","","0","","0","0","0","","0","","","1","0","0","0","0","0","0","2","0","1","","","Y","Y","4","1","N","N","N","N","N","N","Y",""
"2018101320","","1","0","0","0","0","0","0","0","0","4","0","","02","9","2018","5","40.45259","-79.910391","1338","11","0","0","0","0","0","0","1","0","","0","0","0","","","0","","1","","40 27:09.323","","0","79 54:37.408","0","0","0","0","2301","0","0","0","N","0","0","0","2","02301","0","","1.0","","1","N","N","","0","","0","0","1","","2","","","2","0","0","0","0","0","0","2","0","2","","","","N","","","","","","","","","",""
"2018099314","","0","0","0","0","0","0","0","0","0","1","0","","02","9","2018","6","40.401975","-80.106663","1714","11","0","0","0","0","0","0","0","0","2","0","0","0","","","1","","0","","40 24:07.111","2","0","80 06:23.988","3","0","0","0","2102","0","0","0","N","0","0","0","3","68B03","0","","1.0","","1","N","N","","2","","1","0","1","","0","N","","3","1","0","0","0","0","0","2","0","3","","","","N","","","","","","","","","",""
"2018101489","","2","0","0","0","0","0","0","0","0","4","0","","02","9","2018","1","40.370944","-79.854771","2336","11","0","0","0","0","0","0","0","0","","0","0","0","","","0","","2","","40 22:15.398","","0","79 51:17.175","9","0","0","0","2303","0","0","0","N","0","0","0","1","02303","0","","4.0","","1","N","N","","0","","0","0","0","","0","","","2","0","1","0","0","0","1","2","0","2","","","","N","","","","","","","","","",""
"2018099679","","1","0","0","0","0","0","0","0","0","7","0","","02","9","2018","7","40.25413","-79.800498","2214","11","0","0","0","0","0","1","0","0","","0","0","0","","","0","","0","","40 15:14.868","","0","79 48:01.791","0","0","0","0","2105","0","0","0","Y","0","0","0","1","02105","0","","4.0","","9","N","N","","0","","0","0","0","","0","","","1","0","0","0","0","0","0","1","0","1","","","","N","","","","","","","","","",""
"2018076253","","1","0","0","0","0","0","0","0","0","5","0","","02","7","2018","1","40.474442","-80.029464","0153","11","0","0","0","0","0","0","0","0","2","0","0","0","","","0","","0","","40 28:27.990","2","0","80 01:46.070","0","0","0","0","2301","0","0","0","N","0","0","0","1","02301","0","","6.0","","1","N","N","","1","","0","0","1","","0","N","","4","0","0","0","0","0","0","2","0","3","","","","N","","","","","","","","","",""
"2018099316","","0","0","0","0","0","0","0","0","0","1","0","","02","9","2018","6","40.401965","-80.106661","1714","11","0","0","0","0","0","1","0","0","2","0","0","0","","","0","","0","","40 24:07.073","2","0","80 06:23.980","0","0","0","0","2102","0","0","0","N","0","0","0","3","68B03","0","","1.0","","1","N","N","","2","","0","0","0","","0","N","","2","0","0","0","0","0","0","2","0","2","","","","N","","","","","","","","","",""
"2018101134","","1","0","0","0","0","0","0","0","0","4","0","","02","9","2018","5","40.435028","-79.944972","1634","11","0","0","0","0","0","0","0","0","2","0","0","0","","","0","","0","","40 26:06.100","1","0","79 56:41.900","0","0","0","0","2301","0","0","0","N","0","0","0","2","02301","0","","1.0","","9","N","N","","0","","0","0","1","","4","N","","2","0","0","0","0","0","0","2","0","2","","","","N","","","","","","","","","",""
"2018097873","","0","0","0","0","0","0","0","0","0","4","0","","02","9","2018","2","40.407262","-80.033636","1338","11","0","0","0","0","0","0","0","0","1","0","0","0","","","3","","1","","40 24:26.142","1","0","80 02:01.089","3","0","0","0","2301","0","0","0","N","0","0","0","4","02301","0","","1.0","","9","Y","N","","1","","1","0","2","","2","Y","","3","3","0","0","0","2","0","2","0","3","","","","N","","","","","","","","","",""
"2018098947","","0","0","0","0","0","0","0","0","0","7","0","","02","9","2018","6","40.344667","-79.883278","2337","11","0","0","0","0","0","0","0","0","","0","0","0","","","1","","0","","40 20:40.800","","3","79 52:59.800","8","0","0","0","2304","0","0","0","N","0","0","0","1","02304","0","","4.0","","9","N","N","","0","","0","0","1","","0","","","1","1","0","0","0","1","0","2","0","1","","","","N","","","","","","","","","",""
"2018102668","","0","0","0","0","0","0","0","0","0","8","0","","02","10","2018","3","40.442723","-80.002191","0725","11","0","0","0","0","0","1","0","0","1","0","0","0","","","1","","1","","40 26:33.804","2","0","80 00:07.886","8","0","0","0","2301","1","0","0","N","1","0","0","2","02301","0","","1.0","","1","N","N","","0","","0","0","0","","2","Y","","2","1","0","0","0","1","0","2","1","1","","","","N","","","","","","","","","",""
"2018099116","","1","0","0","0","0","0","0","0","0","1","0","","02","9","2018","7","40.428848","-79.707344","1510","11","0","0","0","0","0","1","0","0","1","0","0","0","","","0","","0","","40 25:43.854","3","0","79 42:26.438","0","0","0","0","2446","0","0","0","N","0","0","0","2","02446","0","","1.0","","1","N","N","","0","","0","0","0","","0","N","","2","0","0","0","0","0","0","2","1","2","","","","N","","","","","","","","","",""
"2018102844","","1","0","0","0","0","0","0","0","0","4","0","","02","8","2018","4","40.441693","-79.827877","1857","11","0","0","0","0","0","0","0","0","1","0","0","0","","","0","","0","","40 26:30.094","4","0","79 49:40.358","0","0","0","0","2419","0","0","0","N","0","0","0","2","68B03","0","","1.0","","1","N","N","","0","","0","0","1","","0","N","","2","0","0","0","0","0","0","2","0","2","","","","N","","","","","","","","","",""
"2018098020","","3","0","0","0","0","0","0","0","0","1","0","","02","8","2018","6","40.43887","-79.862084","1817","11","0","0","0","0","1","1","0","0","","0","0","0","","","1","","0","","40 26:19.931","","0","79 51:43.504","4","0","0","0","2419","0","0","0","N","0","0","0","10","68B03","1","","1.0","","9","N","N","","0","","0","0","1","","0","","","4","1","0","0","0","0","0","2","0","4","","","","N","","","","","","","","","",""
"2018099686","","2","0","0","0","0","0","0","0","0","5","0","","02","9","2018","2","40.454906","-79.911448","1520","11","0","0","0","0","0","1","1","0","","0","0","0","","","1","","2","","40 27:17.662","","0","79 54:41.213","3","0","0","0","2301","0","0","0","N","0","0","0","3","02301","0","","1.0","","9","N","N","","0","","1","0","0","","0","","","3","1","0","0","0","0","0","2","1","3","","","","N","","","","","","","","","",""
"2018068815","","2","0","0","0","0","0","0","0","0","1","0","","02","6","2018","2","40.415288","-80.103792","0731","11","0","0","0","0","0","0","0","0","","0","0","0","","","0","","0","","40 24:55.036","","0","80 06:13.651","0","0","0","0","2115","0","0","0","N","0","0","0","3","68B03","0","","1.0","","1","N","N","","0","","0","0","1","","0","","","3","0","0","0","0","0","0","2","0","3","","","","N","","","","","","","","","",""
"2018071473","","0","0","0","0","0","0","0","0","0","1","0","","02","7","2018","2","40.419119","-79.937966","0318","11","0","0","0","0","0","0","0","0","","0","0","0","","","0","","0","","40 25:08.827","","0","79 56:16.677","9","0","0","0","2301","0","0","0","N","0","0","0","2","02301","0","","6.0","","1","N","N","","0","","0","0","2","","0","","","2","0","0","0","0","0","2","2","0","2","","","","N","","","","","","","","","",""
"2018077533","","1","0","0","0","0","0","0","0","0","4","0","","02","7","2018","2","40.503736","-80.074959","1559","11","0","0","0","0","0","1","0","0","","0","0","0","","","0","","1","","40 30:13.448","","0","80 04:29.852","0","0","0","0","2402","0","0","0","N","0","0","0","2","02402","0","","1.0","","1","N","N","","0","","0","0","1","","0","","","2","0","0","0","0","0","0","2","0","2","","","","N","","","","","","","","","",""
"2018069762","","2","0","0","0","0","0","0","0","0","4","0","","02","7","2018","2","40.461313","-79.934164","","11","0","0","0","0","0","1","0","0","","0","0","0","","","4","","1","","40 27:40.726","","0","79 56:02.990","8","0","0","0","2301","0","0","0","N","0","0","0","5","02301","0","","1.0","","1","N","N","","0","","0","0","0","","3","","","2","4","0","0","0","4","0","2","0","2","","","","N","","","","","","","","","",""
"2018074361","","2","0","0","0","0","0","0","0","0","1","0","","02","7","2018","7","40.616615","-79.946213","1923","11","0","0","0","0","0","1","1","0","","0","0","0","","","0","","0","","40 36:59.814","","0","79 56:46.365","0","0","0","0","2217","0","0","0","N","0","0","0","2","02505","0","","1.0","","1","N","N","","0","","0","0","0","","0","","","2","0","0","0","0","0","0","2","0","2","","","","N","","","","","","","","","",""
"2018077348","","1","0","0","0","0","0","0","0","0","4","0","","02","7","2018","2","40.464795","-79.960262","1656","11","0","0","0","0","0","1","0","0","","0","0","0","","","0","","2","","40 27:53.261","","0","79 57:36.943","0","0","0","0","2301","0","0","0","N","0","0","0","1","02301","0","","5.0","","1","N","N","","1","","0","0","0","","0","","","2","0","0","0","0","0","0","2","0","2","","","","N","","","","","","","","","",""
"2018069269","","0","0","0","0","0","0","0","0","0","4","0","","02","6","2018","4","40.408426","-80.037352","1600","11","0","0","0","0","0","0","0","0","","0","0","0","","","0","","2","","40 24:30.333","","0","80 02:14.467","0","0","0","0","2301","0","0","0","N","0","0","0","2","02301","0","","1.0","","9","N","N","","0","","0","0","1","","3","","","2","0","0","0","0","0","0","2","1","2","","","","N","","","","","","","","","",""
"2018074661","","2","0","0","0","0","0","0","0","0","1","0","","02","7","2018","5","40.464464","-79.921953","1621","11","0","0","0","0","0","0","0","1","","0","0","0","","","0","","0","","40 27:52.070","","7","79 55:19.031","0","0","0","0","2301","0","0","0","N","0","0","0","1","02301","0","","1.0","","1","N","N","","0","","0","0","0","","0","","","2","0","0","0","0","0","0","2","0","2","","","","N","","","","","","","","","",""
"2018077771","","0","0","0","0","0","0","0","0","0","6","0","","02","7","2018","5","40.575649","-80.054595","1056","11","0","0","0","0","1","0","0","0","","0","0","0","","","0","","2","","40 34:32.336","","0","80 03:16.542","0","0","0","0","2108","0","0","0","N","0","0","0","2","02108","0","","1.0","","1","N","N","","0","","0","0","2","","0","","","2","0","0","0","0","0","0","2","0","2","","","","N","","","","","","","","","",""
"2018078249","","1","0","0","0","0","0","0","0","0","1","0","","02","7","2018","3","40.426225","-79.914827","1703","11","0","0","0","0","0","0","0","1","1","0","0","0","","","1","","0","","40 25:34.409","3","4","79 54:53.376","8","0","0","0","2301","0","0","0","N","0","0","0","3","68B03","0","","1.0","","1","N","N","","0","","0","0","2","","0","N","","3","1","0","0","0","1","0","2","0","3","","","","N","","","","","","","","","",""
"2018071293","","2","0","0","0","0","0","0","0","0","3","0","","02","7","2018","7","40.524117","-79.841359","0205","11","0","0","0","0","0","0","0","0","","0","0","0","","","0","","0","","40 31:26.822","","7","79 50:28.893","0","0","0","0","2451","0","0","0","N","0","0","0","2","02451","0","","6.0","","1","N","N","","0","","0","0","0","","0","","","2","0","0","0","0","0","0","2","0","2","","","","N","","","","","","","","","",""
"2018068821","","1","0","0","0","0","0","0","0","0","4","0","","02","6","2018","6","40.438043","-79.994357","1202","11","0","0","0","1","0","0","0","0","","0","0","0","","","0","","1","","40 26:16.956","","0","79 59:39.684","0","0","0","0","2301","0","0","0","N","0","0","0","4","02301","0","","1.0","","1","N","N","","0","","0","0","1","","2","","","2","0","0","0","0","0","0","2","0","2","","","","N","","","","","","","","","",""
"2018074082","","1","0","0","0","0","0","0","0","0","0","0","","02","7","2018","2","40.459181","-79.956919","0027","11","0","0","0","0","0","0","0","0","","0","0","0","","","0","","0","","40 27:33.053","","3","79 57:24.908","0","0","0","0","2301","0","0","0","N","0","0","0","1","02301","0","","1.0","","1","N","N","","0","","0","0","0","","0","","","1","0","0","0","0","0","0","2","0","1","","","","N","","","","","","","","","",""
"2018068857","","1","0","0","0","0","0","0","0","0","2","0","","02","6","2018","6","40.48228","-80.03988","1431","11","0","0","0","0","0","0","1","0","","0","0","0","","","1","","2","","40 28:56.208","","0","80 02:23.567","8","0","0","0","2301","0","0","0","N","0","0","0","3","02301","0","","1.0","","1","N","N","","1","","0","0","0","","3","","","2","1","0","0","0","1","0","2","0","2","","","","N","","","","","","","","","",""
"2018072090","","1","0","0","0","0","0","0","0","0","7","0","","02","7","2018","3","40.401658","-79.940517","0630","11","0","0","0","0","0","0","0","0","","0","0","0","","","0","","2","","40 24:05.967","","0","79 56:25.860","0","0","0","0","2301","0","0","0","N","0","0","0","1","02301","0","","5.0","","1","N","N","","0","","0","0","0","","0","","","1","0","0","0","0","0","0","2","0","1","","","","N","","","","","","","","","",""
"2018075111","","1","0","0","0","0","0","0","0","0","4","0","","02","7","2018","4","40.484226","-79.972977","1522","11","0","0","0","0","0","0","0","0","","0","0","0","","","0","","0","","40 29:03.212","","0","79 58:22.717","0","0","0","0","2445","0","0","0","N","0","0","0","2","02445","0","","6.0","","1","N","N","","1","","0","0","0","","0","","","2","0","1","0","0","0","0","2","0","2","","","","N","","","","","","","","","",""
"2018079232","","2","0","0","0","0","0","0","0","0","1","0","","02","7","2018","1","40.432822","-79.996783","1850","11","0","0","0","0","0","0","1","0","1","0","0","0","","","0","","0","","40 25:58.160","2","3","79 59:48.419","0","0","0","0","2301","0","0","0","N","0","0","0","2","02301","0","","1.0","","1","N","N","","0","","0","0","0","","0","N","","2","0","0","0","0","0","0","2","0","2","","","","N","","","","","","","","","",""
"2018073838","","2","0","0","0","0","0","0","0","0","4","0","","02","7","2018","1","40.437552","-79.982671","1058","11","0","0","0","0","0","0","0","0","","0","0","0","","","0","","1","","40 26:15.186","","0","79 58:57.615","0","0","0","0","2301","0","0","0","N","0","0","0","4","02301","0","","1.0","","1","N","N","","0","","0","0","0","","3","","","2","0","0","0","0","0","0","2","0","2","","","","N","","","","","","","","","",""
"2018068822","","1","0","0","0","0","0","0","0","0","99","0","","02","6","2018","3","40.376441","-80.101554","0003","11","0","0","0","0","0","0","0","0","","0","0","0","","","0","","0","","40 22:35.189","","0","80 06:05.593","0","0","0","0","2102","0","0","0","N","0","0","0","2","68B03","0","","1.0","","1","N","N","","0","","0","0","0","","0","","","1","0","0","0","0","0","0","2","0","1","","","","N","","","","","","","","","",""
"2018071768","","0","0","0","0","0","0","0","0","0","7","0","","02","7","2018","7","40.647435","-79.807362","0052","11","0","0","0","0","0","0","0","0","","0","0","0","","","0","","0","","40 38:50.767","","0","79 48:26.502","0","0","0","0","2202","0","0","0","N","0","0","0","1","02202","0","","5.0","","1","N","N","","0","","0","0","1","","0","","","1","0","0","0","0","0","0","1","0","1","","","","N","","","","","","","","","",""
"2018072091","","2","0","0","0","0","0","0","0","0","4","0","","02","7","2018","3","40.428774","-79.985284","1205","11","0","0","0","1","0","0","0","0","","0","0","0","","","0","","1","","40 25:43.587","","0","79 59:07.021","0","0","0","0","2301","0","0","0","N","0","0","0","2","02301","0","","1.0","","1","N","N","","0","","0","0","0","","3","","","2","0","0","0","0","0","0","2","0","2","","","","N","","","","","","","","","",""
"2018071102","","1","0","0","0","0","0","0","0","0","1","0","","02","7","2018","6","40.631471","-80.058021","1411","11","0","0","0","0","0","0","0","1","2","0","0","0","","","1","","0","","40 37:53.295","2","0","80 03:28.876","8","0","0","0","2216","0","0","0","N","0","0","0","3","02505","0","","1.0","","1","N","N","","0","","0","0","0","","0","N","","2","1","0","0","0","1","0","2","1","2","","","","N","","","","","","","","","",""
"2018068827","","1","0","0","0","0","0","0","0","0","1","1","","02","6","2018","6","40.426358","-79.893309","1014","11","0","0","0","0","0","0","0","0","","0","1","0","","","0","","0","","40 25:34.888","","0","79 53:35.911","0","0","0","0","2301","0","0","0","N","0","0","0","2","68B03","0","","1.0","","9","N","N","","0","","0","0","0","","0","","","2","0","0","0","0","0","0","2","0","2","","","","N","","","","","","","","","",""
"2018074088","","1","0","0","0","0","0","0","0","0","7","0","","02","7","2018","1","40.429873","-79.996021","1314","11","0","0","0","0","0","0","0","0","2","0","0","0","","","1","","2","","40 25:47.542","4","0","79 59:45.675","2","0","0","0","2301","0","0","0","N","0","0","0","1","02301","0","","5.0","","1","N","N","","0","","0","1","0","","0","N","","1","1","0","0","0","0","0","2","0","1","","","","N","","","","","","","","","",""
"2018071769","","1","0","0","0","0","0","0","0","0","5","0","","02","7","2018","2","40.346404","-79.956259","1422","11","0","0","0","0","0","0","0","0","","0","0","0","","","0","","0","","40 20:47.056","","0","79 57:22.533","0","0","0","0","2473","0","0","0","N","0","0","0","3","02473","0","","1.0","","1","N","N","","0","","0","0","1","","0","","","2","0","0","0","0","0","0","2","0","2","","","","N","","","","","","","","","",""
"2018072092","","1","0","0","0","0","0","0","0","0","1","0","","02","7","2018","3","40.573162","-79.99433","1806","11","0","0","0","0","0","0","0","0","1","0","0","0","","","1","","2","","40 34:23.382","7","0","79 59:39.587","4","0","0","0","2108","0","0","0","N","0","0","0","2","02108","1","","1.0","","1","N","N","","1","","0","0","0","","0","N","","2","1","0","0","0","0","0","2","0","2","","","","N","","","","","","","","","",""
"2018068596","","0","0","0","0","0","0","0","0","0","8","0","","02","6","2018","5","40.384083","-80.086111","2053","11","0","0","0","0","0","0","0","0","2","0","0","0","","","1","","2","","40 23:02.700","7","7","80 05:10.000","4","0","0","0","2117","1","0","0","N","1","0","0","3","02117","1","","1.0","","1","N","N","","0","","0","0","1","","0","Y","","2","1","0","0","0","0","0","2","0","1","","","","N","","","","","","","","","",""
"2018076966","","0","0","0","0","0","0","0","0","0","1","0","","02","7","2018","2","40.412269","-79.920547","1619","11","0","0","0","0","0","1","0","0","1","0","0","0","","","0","","0","","40 24:44.170","1","3","79 55:13.970","0","0","0","0","2301","0","0","0","N","0","0","0","2","02301","0","","1.0","","1","N","N","","1","","0","0","1","","0","N","","2","0","0","0","0","0","0","2","0","2","","","","N","","","","","","","","","",""