"CRN","ARRIVAL_TM","AUTOMOBILE_COUNT","BELTED_DEATH_COUNT","BELTED_SUSP_SERIOUS_INJ_COUNT","BICYCLE_COUNT","BICYCLE_DEATH_COUNT","BICYCLE_SUSP_SERIOUS_INJ_COUNT","BUS_COUNT","CHLDPAS_DEATH_COUNT","CHLDPAS_SUSP_SERIOUS_INJ_COUNT","COLLISION_TYPE","COMM_VEH_COUNT","CONS_ZONE_SPD_LIM","COUNTY","CRASH_MONTH","CRASH_YEAR","DAY_OF_WEEK","DEC_LATITUDE","DEC_LONGITUDE","DISPATCH_TM","DISTRICT","DRIVER_COUNT_16YR","DRIVER_COUNT_17YR","DRIVER_COUNT_18YR","DRIVER_COUNT_19YR","DRIVER_COUNT_20YR","DRIVER_COUNT_50_64YR","DRIVER_COUNT_65_74YR","DRIVER_COUNT_75PLUS","EST_HRS_CLOSED","FATAL_COUNT","HEAVY_TRUCK_COUNT","HORSE_BUGGY_COUNT","HOUR_OF_DAY","ILLUMINATION","INJURY_COUNT","INTERSECTION_RELATED","INTERSECT_TYPE","LANE_CLOSED","LATITUDE","LN_CLOSE_DIR","LOCATION_TYPE","LONGITUDE","MAX_SEVERITY_LEVEL","MCYCLE_DEATH_COUNT","MCYCLE_SUSP_SERIOUS_INJ_COUNT","MOTORCYCLE_COUNT","MUNICIPALITY","NONMOTR_COUNT","NONMOTR_DEATH_COUNT","NONMOTR_SUSP_SERIOUS_INJ_COUNT","NTFY_HIWY_MAINT","PED_COUNT","PED_DEATH_COUNT","PED_SUSP_SERIOUS_INJ_COUNT","PERSON_COUNT","POLICE_AGCY","POSSIBLE_INJ_COUNT","RDWY_SURF_TYPE_CD","RELATION_TO_ROAD","ROADWAY_CLEARED","ROAD_CONDITION","SCH_BUS_IND","SCH_ZONE_IND","SECONDARY_CRASH","SMALL_TRUCK_COUNT","SPEC_JURIS_CD","SUSP_MINOR_INJ_COUNT","SUSP_SERIOUS_INJ_COUNT","SUV_COUNT","TCD_FUNC_CD","TCD_TYPE","TFC_DETOUR_IND","TIME_OF_DAY","TOTAL_UNITS","TOT_INJ_COUNT","UNBELTED_OCC_COUNT","UNB_DEATH_COUNT","UNB_SUSP_SERIOUS_INJ_COUNT","UNK_INJ_DEG_COUNT","UNK_INJ_PER_COUNT","URBAN_RURAL","VAN_COUNT","VEHICLE_COUNT","WEATHER1","WEATHER2","WORKERS_PRES","WORK_ZONE_IND","WORK_ZONE_LOC","WORK_ZONE_TYPE","WZ_CLOSE_DETOUR","WZ_FLAGGER","WZ_LAW_OFFCR_IND","WZ_LN_CLOSURE","WZ_MOVING","WZ_OTHER","WZ_SHLDER_MDN","WZ_WORKERS_INJ_KILLED"
"2018076417","","0","0","0","0","0","0","0","0","0","7","0","","02","7","2018","3","40.54433","-79.822827","1948","11","0","0","0","0","0","0","0","0","2","0","0","0","","","1","","0","","40 32:39.587","1","0","79 49:22.176","3","0","0","0","2208","0","0","0","Y","0","0","0","1","02208","0","","2.0","","1","N","N","","0","","1","0","1","","0","N","","1","1","0","0","0","0","0","2","0","1","","","","N","","","","","","","","","",""
"2018071205","","1","0","0","0","0","0","0","0","0","0","0","","02","7","2018","7","40.410522","-80.026541","1354","11","0","0","0","0","0","0","0","0","2","0","0","0","","","0","","1","","40 24:37.879","7","0","80 01:35.547","0","0","0","0","2301","0","0","0","N","0","0","0","2","02301","0","","1.0","","1","N","N","","0","","0","0","0","","3","Y","","1","0","0","0","0","0","0","2","0","1","","","","N","","","","","","","","","",""
"2018071400","","2","0","0","0","0","0","0","0","0","4","0","","02","7","2018","1","40.452917","-79.920736","1710","11","0","0","0","0","0","1","0","0","1","0","0","0","","","1","","1","","40 27:10.501","7","0","79 55:14.649","8","0","0","0","2301","0","0","0","N","0","0","0","3","02301","0","","1.0","","1","N","N","","0","","0","0","0","","2","Y","","2","1","0","0","0","1","0","2","0","2","","","","N","","","","","","","","","",""
"2018069168","","2","0","0","0","0","0","0","0","0","4","0","","02","6","2018","7","40.43741","-79.979513","1523","11","0","0","1","0","1","0","0","0","","0","0","0","","","0","","1","","40 26:14.677","","0","79 58:46.247","0","0","0","0","2301","0","0","0","N","0","0","0","3","02301","0","","1.0","","1","N","N","","0","","0","0","0","","2","","","2","0","0","0","0","0","0","2","0","2","","","","N","","","","","","","","","",""
"2018072165","","1","0","0","0","0","0","0","0","0","7","0","","02","7","2018","3","40.407899","-79.826154","1422","11","0","0","0","0","0","0","1","0","","0","0","0","","","1","","5","","40 24:28.437","","1","79 49:34.156","3","0","0","0","2467","0","0","0","N","0","0","0","1","02467","0","","5.0","","1","N","N","","0","","1","0","0","","9","N","","1","1","0","0","0","0","0","2","0","1","","","","N","","","","","","","","","",""
"2018077715","","2","0","0","0","0","0","0","0","0","1","0","","02","7","2018","6","40.504346","-80.132762","1357","11","0","0","0","0","0","1","0","0","1","0","0","0","","","1","","0","","40 30:15.644","4","0","80 07:57.944","3","0","0","0","2115","0","0","0","N","0","0","0","2","02115","0","","1.0","","1","N","N","","0","","1","0","0","","0","N","","2","1","0","0","0","0","0","2","0","2","","","","N","","","","","","","","","",""
"2018068752","","1","0","0","0","0","0","0","0","0","7","0","","02","6","2018","6","40.485934","-80.023069","0728","11","0","0","0","0","0","0","0","0","3","0","0","0","","","0","","2","","40 29:09.362","1","0","80 01:23.048","9","0","0","0","2301","0","0","0","N","0","0","0","1","02301","0","","4.0","","1","N","N","","0","","0","0","0","","3","N","","1","0","0","0","0","0","1","2","0","1","","","","N","","","","","","","","","",""
"2018074482","","0","0","0","0","0","0","0","0","0","4","0","","02","7","2018","2","40.45082","-79.713563","0932","11","0","0","0","0","0","0","1","0","2","0","0","0","","","2","","1","","40 27:02.952","1","0","79 42:48.828","3","0","0","0","2466","0","0","0","N","0","0","0","2","02466","0","","1.0","","1","N","N","","0","","2","0","0","","2","Y","","2","2","0","0","0","0","0","2","2","2","","","","N","","","","","","","","","",""
"2018069173","","1","0","0","0","0","0","0","0","0","7","0","","02","6","2018","7","40.496392","-79.79028","1602","11","0","0","0","0","0","0","0","0","","0","0","0","","","0","","2","","40 29:47.011","","0","79 47:25.008","0","0","0","0","2113","0","0","0","N","0","0","0","1","02113","0","","5.0","","1","N","N","","0","","0","0","0","","0","","","1","0","0","0","0","0","0","2","0","1","","","","N","","","","","","","","","",""
"2018069404","","1","0","0","0","0","0","0","0","0","4","0","","02","7","2018","1","40.465406","-80.024669","0547","11","0","0","0","0","0","0","0","0","","0","0","0","","","0","","0","","40 27:55.460","","0","80 01:28.810","0","0","0","0","2301","0","0","0","N","0","0","0","1","02301","0","","2.0","","1","N","N","","1","","0","0","1","","0","","","3","0","1","0","0","0","0","2","0","3","","","","N","","","","","","","","","",""
"2018079160","","1","0","0","0","0","0","0","0","0","7","0","","02","7","2018","7","40.430048","-79.95733","0047","11","0","0","0","0","0","0","0","0","1","0","0","0","","","2","","0","","40 25:48.171","3","0","79 57:26.387","4","0","0","0","2301","0","0","0","N","0","0","0","5","68B03","2","","4.0","","1","N","N","","0","","0","0","0","","0","N","","1","2","1","0","0","0","0","2","0","1","","","","N","","","","","","","","","",""
"2018076419","","2","0","0","0","0","0","0","0","0","4","0","","02","7","2018","1","40.373654","-79.844858","1902","11","0","0","0","0","0","0","0","0","1","0","0","0","","","2","","1","","40 22:25.154","2","0","79 50:41.489","3","0","0","0","2303","0","0","0","N","0","0","0","2","02303","1","","1.0","","9","N","N","","0","","1","0","0","","2","Y","","2","2","0","0","0","0","0","2","0","2","","","","N","","","","","","","","","",""
"2018076450","","2","0","0","0","0","0","0","0","0","4","0","","02","7","2018","6","40.436662","-79.982736","0003","11","0","0","1","1","0","0","0","0","","0","0","0","","","1","","1","","40 26:11.983","","0","79 58:57.850","3","0","0","0","2301","0","0","0","N","0","0","0","4","02301","0","","1.0","","1","N","N","","0","","1","0","0","","3","","","2","1","1","0","0","0","0","2","0","2","","","","N","","","","","","","","","",""
"2018077100","","2","0","0","0","0","0","0","0","0","1","0","","02","7","2018","6","40.430241","-79.882263","1509","11","0","0","0","1","0","0","0","0","","0","0","0","","","1","","0","","40 25:48.868","","0","79 52:56.145","3","0","0","0","2426","0","0","0","N","0","0","0","2","68B03","0","","1.0","","1","N","N","","0","","1","0","0","","0","","","2","1","0","0","0","0","0","2","0","2","","","","N","","","","","","","","","",""
"2018069175","","1","0","0","0","0","0","0","0","0","1","0","","02","6","2018","7","40.376567","-80.038257","0029","11","0","0","0","0","0","1","0","0","","0","0","0","","","1","","0","","40 22:35.641","","0","80 02:17.724","4","0","0","0","2109","0","0","0","N","0","0","0","1","02109","1","","1.0","","1","N","N","","0","","0","0","1","","0","","","2","1","0","0","0","0","0","2","0","2","","","","N","","","","","","","","","",""
"2018077718","","1","0","0","0","0","0","0","0","0","4","0","","02","7","2018","3","40.430369","-79.785854","1409","11","0","0","0","0","0","1","0","0","","0","0","0","","","1","","1","","40 25:49.328","","0","79 47:09.074","3","0","0","0","2446","0","0","0","N","0","0","0","2","02446","0","","1.0","","1","N","N","","0","","1","0","0","","2","","","2","1","0","0","0","0","0","2","1","2","","","","N","","","","","","","","","",""
"2018070958","","0","0","0","0","0","0","0","0","0","7","0","","02","6","2018","1","40.529044","-80.234983","1425","11","0","0","0","0","0","1","0","0","","0","0","0","","","1","","0","","40 31:44.560","","0","80 14:05.940","8","0","0","0","2213","0","0","0","N","0","0","0","1","02213","0","","5.0","","9","N","N","","1","","0","0","0","","0","","","1","1","0","0","0","1","0","2","0","1","","","","N","","","","","","","","","",""
"2018076422","","1","0","0","0","0","0","0","0","0","7","0","","02","7","2018","1","40.436303","-79.994778","1949","11","0","0","0","1","0","0","0","0","","0","0","0","","","0","","0","","40 26:10.691","","0","79 59:41.199","0","0","0","0","2301","0","0","0","N","0","0","0","3","02301","0","","1.0","","9","N","N","","0","","0","0","0","","0","","","1","0","0","0","0","0","0","2","0","1","","","","N","","","","","","","","","",""
"2018068928","","3","0","0","0","0","0","0","0","0","4","0","","02","6","2018","7","40.453495","-79.935174","1717","11","0","0","0","1","0","0","0","0","","0","0","0","","","0","","2","","40 27:12.581","","0","79 56:06.626","0","0","0","0","2301","0","0","0","N","0","0","0","3","02301","0","","1.0","","1","N","N","","0","","0","0","0","","0","","","3","0","0","0","0","0","0","2","0","3","","","","N","","","","","","","","","",""
"2018069410","","3","0","0","0","0","0","0","0","0","5","0","","02","7","2018","1","40.407601","-79.822069","0415","11","0","0","0","0","0","0","0","0","1","0","0","0","","","0","","0","","40 24:27.365","5","0","79 49:19.447","0","0","0","0","2467","0","0","0","N","0","0","0","3","02467","0","","1.0","","1","N","N","","0","","0","0","0","","0","Y","","3","0","0","0","0","0","0","2","0","3","","","","N","","","","","","","","","",""
"2018076424","","0","0","0","0","0","0","0","0","0","4","0","","02","7","2018","4","40.444864","-80.029162","1738","11","0","0","0","0","0","0","0","0","1","0","0","0","","","1","","0","","40 26:41.512","4","0","80 01:44.983","8","0","0","0","2301","0","0","0","N","0","0","0","2","02301","0","","1.0","","1","N","N","","0","","0","0","2","","0","N","","2","1","0","0","0","1","0","2","0","2","","","","N","","","","","","","","","",""
"2018068763","","1","0","0","0","0","0","0","0","0","4","0","","02","6","2018","6","40.403294","-79.832012","0821","11","0","0","0","0","0","1","0","1","","0","0","0","","","0","","2","","40 24:11.860","","0","79 49:55.244","0","0","0","0","2467","0","0","0","N","0","0","0","2","02467","0","","1.0","","1","N","N","","0","","0","0","1","","2","","","2","0","0","0","0","0","0","2","0","2","","","","N","","","","","","","","","",""
"2018077107","","0","0","0","0","0","0","0","0","0","0","0","","02","7","2018","7","40.418133","-80.08804","1430","11","0","0","0","0","0","0","0","0","2","0","0","0","","","0","","0","","40 25:05.278","4","0","80 05:16.945","0","0","0","0","2415","0","0","0","N","0","0","0","1","68B03","0","","1.0","","1","N","N","","1","","0","0","0","","0","N","","1","0","0","0","0","0","0","2","0","1","","","","N","","","","","","","","","",""
"2018071994","","1","0","0","0","0","0","0","0","0","1","0","","02","7","2018","5","40.275194","-79.892468","1823","11","0","0","0","0","0","1","0","0","","0","0","0","","","0","","6","","40 16:30.697","","2","79 53:32.885","0","0","0","0","2471","0","0","0","Y","0","0","0","2","02428","0","","7.0","","1","N","N","","1","","0","0","0","","4","","","2","0","1","0","0","0","0","2","0","2","","","","N","","","","","","","","","",""
"2018068510","","2","0","0","0","0","0","0","0","0","4","0","","02","6","2018","4","40.368113","-80.103477","1418","11","0","0","0","0","0","0","0","0","2","0","0","0","","","2","","0","","40 22:05.208","1","7","80 06:12.517","8","0","0","0","2102","0","0","0","N","0","0","0","4","02102","0","","1.0","","1","N","N","","0","","0","0","0","","2","N","","2","2","0","0","0","2","0","2","0","2","","","","N","","","","","","","","","",""
"2018071234","","3","0","0","0","0","0","0","0","0","1","0","","02","6","2018","3","40.492893","-80.305003","1730","11","0","0","0","0","0","1","0","0","2","0","0","0","","","0","","0","","40 29:34.416","4","0","80 18:18.012","0","0","0","0","2203","0","0","0","N","0","0","0","3","02203","0","","1.0","","1","N","N","","0","","0","0","0","","0","N","","3","0","0","0","0","0","0","2","0","3","","","","N","","","","","","","","","",""
"2018073966","","0","0","0","0","0","0","0","0","0","7","0","","02","7","2018","1","40.377212","-79.920777","1757","11","0","0","0","0","0","0","0","0","2","0","0","0","","","1","","0","","40 22:37.963","2","0","79 55:14.796","3","0","0","0","2301","0","0","0","N","0","0","0","1","02301","0","","4.0","","9","N","N","","0","","1","0","1","","0","N","","2","1","0","0","0","0","0","2","0","1","","","","N","","","","","","","","","",""
"2018076695","","2","0","0","0","0","0","0","0","0","1","0","","02","7","2018","5","40.419987","-80.035523","1216","11","0","0","0","0","0","0","0","0","","0","0","0","","","0","","0","","40 25:11.954","","0","80 02:07.881","9","0","0","0","2301","0","0","0","N","0","0","0","4","68B03","0","","1.0","","1","N","N","","1","","0","0","0","","0","","","3","0","0","0","0","0","1","2","0","3","","","","N","","","","","","","","","",""
"2018068768","","2","0","0","0","0","0","0","0","0","1","0","","02","6","2018","2","40.358929","-79.908297","1120","11","0","0","0","0","0","0","0","1","","0","0","0","","","2","","2","","40 21:32.146","","0","79 54:29.870","8","0","0","0","2473","0","0","0","N","0","0","0","3","02473","0","","1.0","","1","N","N","","0","","0","0","0","","3","","","2","2","0","0","0","2","0","2","0","2","","","","N","","","","","","","","","",""
"2018071409","","2","0","0","0","0","0","0","0","0","2","0","","02","7","2018","5","40.41229","-79.855385","0047","11","0","0","0","0","0","0","0","0","1","0","0","0","","","2","","0","","40 24:44.243","6","0","79 51:19.385","8","0","0","0","2411","0","0","0","N","0","0","0","2","02411","0","","1.0","","6","N","N","","0","","0","0","0","","0","N","","2","2","0","0","0","2","0","2","0","2","","","","N","","","","","","","","","",""
"2018077680","","3","0","0","0","0","0","0","0","0","6","0","","02","7","2018","5","40.49345","-79.975496","1716","11","0","0","0","0","0","1","0","0","","0","0","0","","","0","","3","","40 29:36.419","","0","79 58:31.784","0","0","0","0","2445","0","0","0","N","0","0","0","3","02445","0","","1.0","","1","N","N","","0","","0","0","0","","2","","","3","0","0","0","0","0","0","2","0","3","","","","N","","","","","","","","","",""
"2018079178","","1","0","0","0","0","0","0","0","0","7","0","","02","7","2018","1","40.52525","-79.824694","0538","11","0","0","1","0","0","0","0","0","1","0","0","0","","","0","","0","","40 31:30.900","3","0","79 49:28.900","0","0","0","0","2466","0","0","0","N","0","0","0","2","02466","0","","5.0","","1","N","N","","1","","0","0","0","","0","Y","","2","0","0","0","0","0","0","1","0","2","","","","N","","","","","","","","","",""
"2018070974","","2","0","0","0","0","0","0","0","0","4","0","","02","7","2018","4","40.385627","-79.864124","1544","11","0","0","0","0","0","1","1","0","","0","0","0","","","1","Y","0","","40 23:08.257","","7","79 51:50.845","3","0","0","0","2473","0","0","0","N","0","0","0","3","02473","0","","1.0","","1","N","N","","0","","1","0","0","","2","","","2","1","0","0","0","0","0","2","0","2","","","","N","","","","","","","","","",""
"2018073736","","0","0","0","0","0","0","0","0","0","4","0","","02","7","2018","5","40.471207","-80.065159","0859","11","0","0","0","1","0","0","0","0","1","0","0","0","","","0","","2","","40 28:16.345","4","0","80 03:54.572","0","0","0","0","2444","0","0","0","N","0","0","0","3","02444","0","","1.0","","1","N","N","","0","","0","0","2","","0","N","","2","0","2","0","0","0","0","2","0","2","","","","N","","","","","","","","","",""
"2018076432","","2","0","0","0","0","0","0","0","0","1","0","","02","7","2018","7","40.373209","-80.118988","1730","11","0","0","0","0","0","1","1","0","","0","0","0","","","0","","0","","40 22:23.551","","0","80 07:08.358","0","0","0","0","2102","0","0","0","N","0","0","0","4","02102","0","","1.0","","1","N","N","","0","","0","0","1","","0","","","3","0","0","0","0","0","0","2","0","3","","","","N","","","","","","","","","",""
"2018073792","","0","0","0","0","0","0","0","0","0","5","0","","02","7","2018","6","40.376466","-80.067442","2120","11","0","0","0","0","0","1","0","1","2","0","0","0","","","0","","2","","40 22:35.277","3","0","80 04:02.791","0","0","0","0","2109","0","0","0","N","0","0","0","4","02109","0","","1.0","","1","N","N","","0","","0","0","3","","2","N","","3","0","0","0","0","0","0","2","0","3","","","","N","","","","","","","","","",""
"2018073967","","0","0","0","0","0","0","0","0","0","0","0","","02","7","2018","1","40.461697","-79.999408","1921","11","0","0","0","0","0","1","0","0","","0","0","0","","","0","","6","","40 27:42.109","","2","79 59:57.868","0","0","0","0","2301","0","0","0","N","0","0","0","1","02301","0","","5.0","","1","N","N","","0","","0","0","0","","0","","","1","0","0","0","0","0","0","2","1","1","","","","N","","","","","","","","","",""
"2018076699","","0","0","0","0","0","0","0","0","0","1","0","","02","7","2018","5","40.437322","-80.14983","1547","11","0","0","0","0","0","0","0","0","","0","0","0","","","1","","0","","40 26:14.358","","0","80 08:59.389","3","0","0","0","2115","0","0","0","N","0","0","0","3","68B03","0","","1.0","","1","N","N","","2","","1","0","1","","0","","","3","1","0","0","0","0","1","2","0","3","","","","N","","","","","","","","","",""
"2018068770","","2","0","0","0","0","0","0","0","0","1","0","","02","6","2018","6","40.407629","-80.192353","0813","11","0","0","0","0","0","0","0","0","","0","0","0","","","0","","2","","40 24:27.464","","0","80 11:32.472","0","0","0","0","2214","0","0","0","N","0","0","0","2","02214","0","","1.0","","1","N","N","","0","","0","0","0","","0","","","2","0","0","0","0","0","0","1","0","2","","","","N","","","","","","","","","",""
"2018073977","","0","0","0","0","0","0","0","0","0","1","0","","02","7","2018","1","40.467094","-79.941566","1922","11","0","0","0","0","0","0","0","0","","0","0","0","","","0","","0","","40 28:01.540","","0","79 56:29.637","9","0","0","0","2301","0","0","0","N","0","0","0","1","02301","0","","1.0","","1","N","N","","0","","0","0","2","","0","","","2","0","0","0","0","0","1","2","0","2","","","","N","","","","","","","","","",""
"2018076709","","1","0","0","0","0","0","0","0","0","1","0","","02","7","2018","6","40.525844","-80.069726","2157","11","1","0","0","1","0","0","0","0","","0","0","0","","","1","","7","","40 31:33.040","","2","80 04:11.014","3","0","0","0","2215","0","0","0","N","0","0","0","3","68B03","0","","1.0","","1","N","N","","0","","1","0","1","","3","","","2","1","0","0","0","0","0","2","0","2","","","","N","","","","","","","","","",""
"2018073742","","0","0","0","0","0","0","0","0","0","7","0","","02","7","2018","7","40.468444","-80.052278","0605","11","0","0","0","0","0","0","0","0","","0","0","0","","","0","","0","","40 28:06.400","","0","80 03:08.200","0","0","0","0","2444","0","0","0","Y","0","0","0","1","02444","0","","2.0","","1","N","N","","1","","0","0","0","","0","","","1","0","0","0","0","0","0","2","0","1","","","","N","","","","","","","","","",""
"2018071239","","1","0","0","0","0","0","0","0","0","7","0","","02","7","2018","7","40.409319","-79.97744","1932","11","0","0","0","0","0","0","0","0","","0","0","0","","","0","","2","","40 24:33.548","","0","79 58:38.783","0","0","0","0","2301","0","0","0","Y","0","0","0","2","02301","0","","5.0","","1","N","N","","0","","0","0","0","","0","","","1","0","0","0","0","0","0","2","0","1","","","","N","","","","","","","","","",""
"2018068953","","3","0","0","0","0","0","0","0","0","4","0","","02","6","2018","6","40.480119","-79.931519","0333","11","0","0","0","0","0","0","0","0","1","0","0","0","","","3","","0","","40 28:48.430","5","0","79 55:53.470","3","0","0","0","2301","0","0","0","N","0","0","0","4","02301","1","","1.0","","1","N","N","","1","","2","0","0","","0","N","","4","3","0","0","0","0","1","2","0","4","","","","N","","","","","","","","","",""
"2018074288","","0","0","0","0","0","0","0","0","0","7","0","","02","7","2018","1","40.592352","-79.888506","1827","11","0","0","0","0","0","0","0","0","","0","0","0","","","1","","0","","40 35:32.468","","0","79 53:18.621","8","0","0","0","2209","0","0","0","Y","0","0","0","1","02209","0","","5.0","","1","N","N","","0","","0","0","1","","0","","","1","1","0","0","0","1","0","1","0","1","","","","N","","","","","","","","","",""
"2018074289","","0","0","0","0","0","0","0","0","0","7","0","","02","7","2018","6","40.508258","-79.916394","2205","11","0","0","0","0","0","0","0","0","1","0","0","0","","","1","","0","","40 30:29.729","5","0","79 54:59.020","3","0","0","0","2112","0","0","0","N","0","0","0","1","02112","0","","2.0","","1","N","N","","0","","1","0","1","","0","Y","","1","1","0","0","0","0","0","2","0","1","","","","N","","","","","","","","","",""
"2018079190","","1","0","0","0","0","0","0","0","0","7","0","","02","7","2018","1","40.344479","-79.884049","1500","11","0","0","0","1","0","0","0","0","","0","0","0","","","2","","2","","40 20:40.126","","3","79 53:02.577","3","0","0","0","2304","0","0","0","N","0","0","0","2","02304","0","","5.0","","1","N","N","","0","","2","0","0","","0","","","1","2","2","0","0","0","0","2","0","1","","","","N","","","","","","","","","",""
"2018070992","","1","0","0","0","0","0","0","0","0","4","0","","02","7","2018","6","40.435028","-79.785972","1536","11","0","0","0","0","0","1","0","0","1","0","0","0","","","0","","0","","40 26:06.100","3","7","79 47:09.500","0","0","0","0","2446","0","0","0","N","0","0","0","2","02446","0","","1.0","","1","N","N","","0","","0","0","1","","0","N","","2","0","0","0","0","0","0","2","0","2","","","","N","","","","","","","","","",""
"2018071250","","1","0","0","0","0","0","0","0","0","1","0","30","02","6","2018","7","40.2728","-79.885166","1307","11","0","1","0","0","0","0","0","0","1","0","0","0","","","0","","6","","40 16:22.081","1","2","79 53:06.598","0","0","0","0","2428","0","0","0","N","0","0","0","5","02428","0","","2.0","","1","N","N","","0","","0","0","1","","3","N","","2","0","0","0","0","0","0","2","0","2","","","Y","Y","3","1","","","Y","Y","","","",""
"2018069215","","1","0","0","0","0","0","0","0","0","4","0","","02","6","2018","7","40.426922","-79.9992","2323","11","0","0","0","0","0","0","0","0","","0","0","0","","","1","","0","","40 25:36.920","","0","79 59:57.120","3","0","0","0","2301","0","0","0","N","0","0","0","1","02301","0","","1.0","","1","N","N","","0","","1","0","1","","0","N","","2","1","0","0","0","0","0","2","0","2","","","","Y","","","","","","","","","",""
"2018073805","","1","0","0","0","0","0","0","0","0","4","0","","02","7","2018","7","40.548326","-80.168712","1118","11","0","0","0","0","0","1","1","0","1","0","0","0","","","0","","2","","40 32:53.975","4","0","80 10:07.364","0","0","0","0","2459","0","0","0","N","0","0","0","3","02459","0","","1.0","","3","N","N","","0","","0","0","1","","0","N","","2","0","0","0","0","0","0","1","0","2","","","","N","","","","","","","","","",""
"2018073991","","2","0","0","0","0","0","0","0","0","2","0","","02","7","2018","1","40.38108","-79.975095","0230","11","0","0","0","0","0","0","0","0","1","0","0","0","","","1","","0","","40 22:51.888","5","0","79 58:30.342","3","0","0","0","2413","0","0","0","Y","0","0","0","3","02413","0","","1.0","","1","Y","Y","","0","","1","0","0","","0","N","","2","1","0","0","0","0","0","2","0","2","","","","Y","","","","","","","","","",""
"2018076739","","1","0","0","0","0","0","0","0","0","7","0","","02","7","2018","1","40.42772","-79.890397","1948","11","0","0","0","0","0","0","0","0","","0","0","0","","","0","","0","","40 25:39.792","","0","79 53:25.428","0","0","0","0","2463","0","0","0","N","0","0","0","1","68B03","0","","5.0","","9","N","N","","0","","0","0","0","","0","","","1","0","0","0","0","0","0","2","0","1","","","","N","","","","","","","","","",""
"2018071431","","0","0","0","0","0","0","0","0","0","7","0","","02","7","2018","1","40.425356","-80.072808","2133","11","0","0","0","0","0","1","0","0","","0","0","0","","","0","","0","","40 25:31.280","","0","80 04:22.110","0","0","0","0","2301","0","0","0","N","0","0","0","1","02301","0","","5.0","","1","N","N","","0","","0","0","0","","0","","","1","0","0","0","0","0","0","2","1","1","","","","N","","","","","","","","","",""
"2018071000","","2","0","0","0","0","0","0","0","0","4","0","","02","7","2018","6","40.424744","-79.973414","2030","11","0","0","0","0","0","0","0","0","","0","0","0","","","1","","1","","40 25:29.078","","0","79 58:24.290","3","0","0","0","2301","0","0","0","N","0","0","0","3","02301","0","","1.0","","1","N","N","","0","","1","0","0","","3","N","","2","1","0","0","0","0","0","2","0","2","","","","N","","","","","","","","","",""
"2018076445","","1","0","0","0","0","0","0","0","0","1","0","","02","7","2018","1","40.600555","-79.950296","1929","11","0","0","0","0","0","1","0","0","1","0","0","0","","","0","","2","","40 36:01.997","1","0","79 57:01.065","0","0","0","0","2207","0","0","0","N","0","0","0","2","02207","0","","1.0","","9","N","N","","0","","0","0","1","","3","N","","2","0","0","0","0","0","0","2","0","2","","","","N","","","","","","","","","",""
"2018074558","","1","0","0","0","0","0","0","0","0","1","0","","02","7","2018","3","40.348689","-79.94111","0731","11","0","0","0","0","0","0","0","0","2","0","0","0","","","2","","0","","40 20:55.282","4","0","79 56:27.995","8","0","0","0","2473","0","0","0","N","0","0","0","4","02473","0","","1.0","","1","N","N","","0","","0","0","2","","2","N","","3","2","1","0","0","2","0","2","0","3","","","","N","","","","","","","","","",""
"2018077310","","1","0","0","0","0","0","0","0","0","7","0","45","02","7","2018","7","40.508176","-80.04551","0258","11","0","0","0","0","0","0","0","0","2","0","0","0","","","1","","0","","40 30:29.432","2","0","80 02:43.837","3","0","0","0","2116","0","0","0","Y","0","0","0","1","68B03","0","","2.0","","1","N","N","","0","","1","0","0","","0","N","","1","1","0","0","0","0","0","2","0","1","","","N","Y","8","1","N","N","N","N","N","Y","N",""
"2018072059","","2","0","0","0","0","0","0","0","0","1","0","","02","7","2018","3","40.465638","-79.929421","0857","11","0","0","0","0","0","0","0","1","","0","0","0","","","0","","2","","40 27:56.296","","0","79 55:45.915","0","0","0","0","2301","0","0","0","N","0","0","0","2","02301","0","","1.0","","1","N","N","","0","","0","0","0","","2","","","2","0","0","0","0","0","0","2","0","2","","","","N","","","","","","","","","",""
"2018071001","","2","0","0","0","0","0","0","0","0","4","0","","02","6","2018","6","40.398339","-80.104837","1821","11","0","0","0","0","0","0","0","0","2","0","0","0","","","1","","0","","40 23:54.020","3","0","80 06:17.413","8","0","0","0","2102","0","0","0","N","0","0","0","2","02102","0","","1.0","","1","N","N","","0","","0","0","0","","0","Y","","2","1","0","0","0","1","0","2","0","2","","","","N","","","","","","","","","",""
"2018074302","","2","0","0","0","0","0","0","0","0","5","0","","02","7","2018","2","40.462808","-79.926464","1514","11","0","0","0","0","0","1","0","0","","0","0","0","","","0","","0","","40 27:46.110","","99","79 55:35.270","0","0","0","0","2301","0","0","0","N","0","0","0","3","02301","0","","1.0","","1","N","N","","0","","0","0","0","","0","","","2","0","0","0","0","0","0","2","0","2","","","","N","","","","","","","","","",""
"2018077132","","0","0","0","0","0","0","0","0","0","4","0","","02","7","2018","6","40.357583","-79.831917","0919","11","0","0","0","0","0","0","1","1","","0","0","0","","","0","","0","","40 21:27.300","","0","79 49:54.900","0","0","0","0","2304","0","0","0","N","0","0","0","5","02304","0","","1.0","","1","N","N","","0","","0","0","3","","0","","","3","0","0","0","0","0","0","2","0","3","","","","N","","","","","","","","","",""
"2018074560","","0","0","0","0","0","0","0","0","0","4","0","","02","7","2018","3","40.404056","-79.832361","1209","11","0","0","0","0","0","0","0","0","","0","0","0","","","1","","0","","40 24:14.600","","0","79 49:56.500","8","0","0","0","2467","0","0","0","N","0","0","0","1","02467","0","","2.0","","1","","","","1","","0","0","1","","0","","","2","1","0","0","0","1","0","2","0","2","","","","N","","","","","","","","","",""