"CRN","ARRIVAL_TM","AUTOMOBILE_COUNT","BELTED_DEATH_COUNT","BELTED_SUSP_SERIOUS_INJ_COUNT","BICYCLE_COUNT","BICYCLE_DEATH_COUNT","BICYCLE_SUSP_SERIOUS_INJ_COUNT","BUS_COUNT","CHLDPAS_DEATH_COUNT","CHLDPAS_SUSP_SERIOUS_INJ_COUNT","COLLISION_TYPE","COMM_VEH_COUNT","CONS_ZONE_SPD_LIM","COUNTY","CRASH_MONTH","CRASH_YEAR","DAY_OF_WEEK","DEC_LATITUDE","DEC_LONGITUDE","DISPATCH_TM","DISTRICT","DRIVER_COUNT_16YR","DRIVER_COUNT_17YR","DRIVER_COUNT_18YR","DRIVER_COUNT_19YR","DRIVER_COUNT_20YR","DRIVER_COUNT_50_64YR","DRIVER_COUNT_65_74YR","DRIVER_COUNT_75PLUS","EST_HRS_CLOSED","FATAL_COUNT","HEAVY_TRUCK_COUNT","HORSE_BUGGY_COUNT","HOUR_OF_DAY","ILLUMINATION","INJURY_COUNT","INTERSECTION_RELATED","INTERSECT_TYPE","LANE_CLOSED","LATITUDE","LN_CLOSE_DIR","LOCATION_TYPE","LONGITUDE","MAX_SEVERITY_LEVEL","MCYCLE_DEATH_COUNT","MCYCLE_SUSP_SERIOUS_INJ_COUNT","MOTORCYCLE_COUNT","MUNICIPALITY","NONMOTR_COUNT","NONMOTR_DEATH_COUNT","NONMOTR_SUSP_SERIOUS_INJ_COUNT","NTFY_HIWY_MAINT","PED_COUNT","PED_DEATH_COUNT","PED_SUSP_SERIOUS_INJ_COUNT","PERSON_COUNT","POLICE_AGCY","POSSIBLE_INJ_COUNT","RDWY_SURF_TYPE_CD","RELATION_TO_ROAD","ROADWAY_CLEARED","ROAD_CONDITION","SCH_BUS_IND","SCH_ZONE_IND","SECONDARY_CRASH","SMALL_TRUCK_COUNT","SPEC_JURIS_CD","SUSP_MINOR_INJ_COUNT","SUSP_SERIOUS_INJ_COUNT","SUV_COUNT","TCD_FUNC_CD","TCD_TYPE","TFC_DETOUR_IND","TIME_OF_DAY","TOTAL_UNITS","TOT_INJ_COUNT","UNBELTED_OCC_COUNT","UNB_DEATH_COUNT","UNB_SUSP_SERIOUS_INJ_COUNT","UNK_INJ_DEG_COUNT","UNK_INJ_PER_COUNT","URBAN_RURAL","VAN_COUNT","VEHICLE_COUNT","WEATHER1","WEATHER2","WORKERS_PRES","WORK_ZONE_IND","WORK_ZONE_LOC","WORK_ZONE_TYPE","WZ_CLOSE_DETOUR","WZ_FLAGGER","WZ_LAW_OFFCR_IND","WZ_LN_CLOSURE","WZ_MOVING","WZ_OTHER","WZ_SHLDER_MDN","WZ_WORKERS_INJ_KILLED"
"2018070352","","2","0","0","0","0","0","0","0","0","1","0","","02","7","2018","3","40.41191","-80.046095","1318","11","0","0","1","0","0","0","0","1","","0","0","0","","","1","","0","","40 24:42.877","","0","80 02:45.941","4","0","0","0","2435","0","0","0","N","0","0","0","6","02435","1","","1.0","","1","N","","","0","","0","0","0","","0","","","3","1","0","0","0","0","0","2","1","3","","","","N","","","","","","","","","",""
"2018070562","","2","0","0","0","0","0","0","0","0","1","0","","02","6","2018","4","40.574457","-80.016461","1535","11","0","0","0","0","0","1","0","0","","0","0","0","","","1","","2","","40 34:28.045","","0","80 00:59.258","4","0","0","0","2108","0","0","0","N","0","0","0","3","02108","1","","1.0","","1","N","N","","0","","0","0","0","","3","","","2","1","0","0","0","0","0","2","0","2","","","","N","","","","","","","","","",""
"2018063463","","2","0","0","0","0","0","0","0","0","1","0","","02","6","2018","3","40.427397","-79.952015","2022","11","0","0","0","0","0","0","0","0","","0","0","0","","","1","","0","","40 25:38.629","","0","79 57:07.253","8","0","0","0","2301","0","0","0","N","0","0","0","3","68B03","0","","1.0","","1","N","N","","0","","0","0","1","","0","","","3","1","0","0","0","1","0","2","0","3","","","","N","","","","","","","","","",""
"2018069801","","1","0","0","0","0","0","0","0","0","4","0","","02","7","2018","2","40.439146","-79.962081","2044","11","0","0","0","0","0","0","0","0","","0","0","0","","","0","","2","","40 26:20.926","","0","79 57:43.490","0","0","0","0","2301","0","0","0","N","0","0","0","2","02301","0","","1.0","","9","N","N","","0","","0","0","1","","2","","","2","0","0","0","0","0","0","2","0","2","","","","N","","","","","","","","","",""
"2018075620","","1","0","0","0","0","0","0","0","0","4","0","","02","7","2018","2","40.34889","-79.939012","1451","11","0","0","0","0","0","1","0","0","1","0","0","0","","","1","","2","","40 20:56.003","6","0","79 56:20.443","4","0","0","0","2473","0","0","0","N","0","0","0","2","02473","1","","1.0","","1","N","N","","0","","0","0","1","","2","Y","","2","1","1","0","0","0","0","2","0","2","","","","N","","","","","","","","","",""
"2018075169","","2","0","0","0","0","0","0","0","0","1","0","","02","6","2018","6","40.487206","-79.912958","2155","11","0","0","0","0","0","0","0","0","","0","0","0","","","0","","0","","40 29:13.941","","3","79 54:46.648","0","0","0","0","2301","0","0","0","N","0","0","0","2","02301","0","","1.0","","1","N","N","","0","","0","0","0","","0","","","2","0","0","0","0","0","0","2","0","2","","","","N","","","","","","","","","",""
"2018075648","","2","0","0","0","0","0","0","0","0","1","0","","02","7","2018","6","40.430322","-80.028272","0721","11","0","0","0","0","0","1","1","0","","0","0","0","","","0","","0","","40 25:49.160","","2","80 01:41.778","0","0","0","0","2301","0","0","0","N","0","0","0","2","02301","0","","1.0","","1","N","N","","0","","0","0","0","","0","N","","2","0","0","0","0","0","0","2","0","2","","","","N","","","","","","","","","",""
"2018078548","","1","0","0","0","0","0","0","0","0","8","0","","02","7","2018","5","40.354722","-80.073917","1808","11","0","0","0","0","0","0","0","0","1","0","0","0","","","1","","0","","40 21:17.000","4","0","80 04:26.100","2","0","0","0","2123","1","0","1","N","1","0","1","2","02123","0","","1.0","","1","N","N","","0","","0","1","0","","0","N","","2","1","0","0","0","0","1","2","0","1","","","","N","","","","","","","","","",""
"2018075841","","2","0","0","0","0","0","0","0","0","4","0","","02","7","2018","6","40.332248","-79.945994","1759","11","0","0","0","0","0","0","0","1","2","0","0","0","","","0","","0","","40 19:56.094","1","7","79 56:45.578","0","0","0","0","2454","0","0","0","N","0","0","0","3","02454","0","","1.0","","1","N","N","","0","","0","0","0","","2","N","","2","0","0","0","0","0","0","2","0","2","","","","N","","","","","","","","","",""
"2018073459","","1","0","0","0","0","0","0","0","0","4","0","","02","7","2018","6","40.45402","-79.952034","2307","11","0","0","0","0","0","0","0","0","","0","0","0","","","0","","1","","40 27:14.473","","0","79 57:07.323","9","0","0","0","2301","0","0","0","N","0","0","0","2","02301","0","","1.0","","1","N","N","","0","","0","0","1","","2","","","2","0","0","0","0","0","1","2","0","2","","","","N","","","","","","","","","",""
"2018069805","","0","0","0","0","0","0","1","0","0","1","1","","02","7","2018","2","40.494268","-79.939033","1651","11","0","0","0","0","0","2","1","0","","0","0","0","","","1","","0","","40 29:39.365","","2","79 56:20.520","8","0","0","0","2430","0","0","0","N","0","0","0","4","02430","0","","1.0","","1","Y","N","","0","","0","0","2","","3","","","3","1","0","0","0","1","0","2","0","3","","","","N","","","","","","","","","",""
"2018070019","","2","0","0","0","0","0","0","0","0","4","0","","02","7","2018","3","40.532214","-80.175304","0721","11","0","0","0","0","0","0","0","1","1","0","0","0","","","0","","2","","40 31:55.972","2","0","80 10:31.096","0","0","0","0","2458","0","0","0","N","0","0","0","2","02458","0","","1.0","","1","N","N","","0","","0","0","0","","0","N","","2","0","0","0","0","0","0","2","0","2","","","","N","","","","","","","","","",""
"2018078519","","1","0","0","0","0","0","0","0","0","4","0","","02","7","2018","5","40.380661","-79.812194","1349","11","0","0","0","0","1","1","0","0","1","0","0","0","","","0","","2","","40 22:50.378","1","0","79 48:43.899","0","0","0","0","2424","0","0","0","N","0","0","0","3","02424","0","","1.0","","1","N","N","","0","","0","0","1","","3","N","","2","0","0","0","0","0","0","2","0","2","","","","N","","","","","","","","","",""
"2018070020","","1","0","0","0","0","0","0","0","0","4","0","","02","7","2018","3","40.620622","-79.945382","1120","11","0","0","0","0","0","0","0","0","","0","0","0","","","0","","2","","40 37:14.238","","0","79 56:43.375","0","0","0","0","2217","0","0","0","N","0","0","0","5","02505","0","","1.0","","1","N","N","","0","","0","0","1","","3","N","","2","0","0","0","0","0","0","2","0","2","","","","N","","","","","","","","","",""
"2018078556","","2","0","0","0","0","0","0","0","0","1","0","","02","7","2018","2","40.415593","-80.011138","1242","11","0","0","0","0","0","1","0","0","","0","0","0","","","1","","2","","40 24:56.134","","0","80 00:40.096","3","0","0","0","2301","0","0","0","N","0","0","0","2","02301","0","","1.0","","1","N","N","","0","","1","0","0","","0","","","2","1","0","0","0","0","0","2","0","2","","","","N","","","","","","","","","",""
"2018073463","","0","0","0","0","0","0","0","0","0","4","0","","02","6","2018","5","40.371799","-79.843755","1700","11","0","0","0","0","0","1","0","0","2","0","0","0","","","1","","1","","40 22:18.475","2","0","79 50:37.519","3","0","0","0","2303","0","0","0","N","0","0","0","4","02303","0","","1.0","","1","N","N","","0","","1","0","2","","2","N","","2","1","0","0","0","0","0","2","0","2","","","","N","","","","","","","","","",""
"2018069556","","3","0","0","0","0","0","0","0","0","1","0","","02","6","2018","5","40.423873","-79.96222","1556","11","0","0","0","0","0","1","0","0","2","0","0","0","","","0","","0","","40 25:25.944","4","0","79 57:43.992","0","0","0","0","2403","0","0","0","N","0","0","0","4","02403","0","","1.0","","1","N","N","","0","","0","0","1","","0","N","","4","0","0","0","0","0","0","2","0","4","","","","N","","","","","","","","","",""
"2018072359","","2","0","0","0","0","0","0","0","0","5","0","","02","7","2018","4","40.423306","-79.977761","0316","11","0","0","0","0","0","0","0","0","1","0","0","0","","","0","","0","","40 25:23.900","2","0","79 58:39.940","9","0","0","0","2301","0","0","0","N","0","0","0","1","02301","0","","2.0","","1","N","N","","0","","0","0","0","","0","N","","2","0","0","0","0","0","1","2","0","2","","","","N","","","","","","","","","",""
"2018075173","","1","0","0","0","0","0","0","0","0","7","0","","02","7","2018","4","40.427608","-79.928286","1942","11","0","0","0","0","0","0","0","0","1","0","0","0","","","0","","0","","40 25:39.390","6","0","79 55:41.830","0","0","0","0","2301","0","0","0","N","0","0","0","1","02301","0","","1.0","","1","N","N","","0","","0","0","0","","0","Y","","1","0","0","0","0","0","0","2","0","1","","","","N","","","","","","","","","",""
"2018072705","","2","0","0","0","0","0","0","0","0","4","0","","02","7","2018","4","40.477678","-79.932697","1650","11","0","0","0","0","0","0","0","0","","0","0","0","","","0","","0","","40 28:39.640","","7","79 55:57.710","0","0","0","0","2301","0","0","0","N","0","0","0","2","02301","0","","1.0","","1","N","N","","0","","0","0","0","","0","","","2","0","0","0","0","0","0","2","0","2","","","","N","","","","","","","","","",""
"2018078292","","2","0","0","0","0","0","0","0","0","1","0","","02","7","2018","6","40.523869","-80.035038","1400","11","0","0","0","0","0","3","0","0","","0","0","0","","","0","","2","","40 31:25.928","","0","80 02:06.135","0","0","0","0","2474","0","0","0","N","0","0","0","5","02474","0","","1.0","","1","N","N","","0","","0","0","3","","0","N","","5","0","2","0","0","0","0","2","0","5","","","","N","","","","","","","","","",""
"2018075658","","1","0","0","0","0","0","0","0","0","5","0","","02","6","2018","2","40.430097","-79.892331","0920","11","0","0","0","0","0","0","0","0","","0","0","0","","","3","","0","","40 25:48.350","","0","79 53:32.390","8","0","0","0","2463","0","0","0","N","0","0","0","3","02463","0","","4.0","","1","N","N","","0","","0","0","1","","0","","","2","3","1","0","0","3","0","2","0","2","","","","N","","","","","","","","","",""
"2018070577","","2","0","0","0","0","0","0","0","0","5","0","","02","7","2018","5","40.442593","-79.992039","1205","11","0","0","0","0","0","0","0","0","","0","0","0","","","0","","0","","40 26:33.334","","0","79 59:31.340","0","0","0","0","2301","0","0","0","N","0","0","0","4","02301","0","","1.0","","1","N","N","","0","","0","0","0","","0","","","2","0","0","0","0","0","0","2","0","2","","","","N","","","","","","","","","",""
"2018078106","","0","0","0","0","0","0","0","0","0","7","0","","02","7","2018","3","40.643567","-79.781134","2258","11","0","0","0","0","0","0","0","0","","0","0","0","","","1","","0","","40 38:36.842","","0","79 46:52.084","3","0","0","0","2202","0","0","0","N","0","0","0","1","68D02","0","","4.0","","1","N","N","","1","","1","0","0","","0","","","1","1","0","0","0","0","0","1","0","1","","","","N","","","","","","","","","",""
"2018075430","","0","0","0","0","0","0","0","0","0","1","0","","02","7","2018","4","40.655185","-80.086928","1235","11","0","1","0","0","1","1","0","0","","0","0","0","","","0","","1","","40 39:18.666","","0","80 05:12.940","0","0","0","0","2212","0","0","0","N","0","0","0","3","02505","0","","1.0","","1","N","N","","0","","0","0","3","","2","N","","3","0","0","0","0","0","0","2","0","3","","","","N","","","","","","","","","",""
"2018073466","","2","0","0","0","0","0","0","0","0","1","0","","02","7","2018","6","40.445752","-79.992372","2311","11","0","0","0","0","0","1","0","0","2","0","0","0","","","1","","1","","40 26:44.707","4","0","79 59:32.538","8","0","0","0","2301","0","0","0","N","0","0","0","3","02301","0","","1.0","","1","N","N","","0","","0","0","1","","0","Y","","3","1","0","0","0","1","0","2","0","3","","","","N","","","","","","","","","",""
"2018077794","","2","0","0","0","0","0","0","0","0","4","0","","02","7","2018","4","40.44425","-79.998599","1204","11","0","0","0","0","0","0","0","0","","0","0","0","","","1","","2","","40 26:39.301","","0","79 59:54.958","3","0","0","0","2301","0","0","0","N","0","0","0","2","02301","0","","1.0","","1","N","N","","0","","1","0","0","","0","","","2","1","0","0","0","0","1","2","0","2","","","","N","","","","","","","","","",""
"2018072320","","0","0","0","0","0","0","0","0","0","7","0","","02","7","2018","3","40.493278","-80.118306","2328","11","0","0","0","0","0","1","0","0","","0","0","0","","","2","","0","","40 29:35.800","","0","80 07:05.900","2","0","1","1","2126","0","0","0","N","0","0","0","2","02126","0","","5.0","","1","N","N","","0","","1","1","0","","0","","","1","2","0","0","0","0","0","2","0","1","","","","N","","","","","","","","","",""
"2018072708","","1","0","0","0","0","0","0","0","0","1","0","","02","7","2018","4","40.333814","-80.024088","1651","11","0","0","0","0","0","1","0","1","1","0","0","0","","","1","","0","","40 20:01.731","2","0","80 01:26.717","8","0","0","0","2407","0","0","0","N","0","0","0","2","02407","0","","1.0","","1","N","N","","0","","0","0","1","","0","Y","","2","1","0","0","0","1","0","2","0","2","","","","N","","","","","","","","","",""
"2018078296","","2","0","0","0","0","0","0","0","0","1","0","","02","7","2018","4","40.444119","-79.927933","2146","11","0","0","0","0","0","0","0","0","","0","0","0","","","0","","1","","40 26:38.829","","0","79 55:40.559","0","0","0","0","2301","0","0","0","N","0","0","0","3","02301","0","","1.0","","1","N","N","","0","","0","0","0","","2","N","","2","0","0","0","0","0","0","2","0","2","","","","N","","","","","","","","","",""
"2018075663","","1","0","0","0","0","0","0","0","0","4","0","","02","7","2018","5","40.410061","-80.080742","1419","11","0","0","0","1","0","0","0","0","","0","0","0","","","2","","1","","40 24:36.218","","2","80 04:50.671","4","0","0","0","2415","0","0","0","N","0","0","0","2","02415","1","","1.0","","1","N","N","","0","","0","0","0","","3","","","2","2","0","0","0","1","0","2","1","2","","","","N","","","","","","","","","",""
"2018070379","","1","0","0","0","0","0","0","0","0","5","0","","02","6","2018","7","40.594807","-79.770947","1740","11","0","0","0","0","0","0","0","0","","0","0","0","","","0","","0","","40 35:41.306","","0","79 46:15.408","9","0","0","0","2104","0","0","0","Y","0","0","0","2","68D02","0","","1.0","","1","N","N","","0","","0","0","0","","0","","","2","0","0","0","0","0","1","2","0","2","","","","N","","","","","","","","","",""
"2018073479","","1","0","0","0","0","0","0","0","0","7","0","","02","6","2018","1","40.475285","-80.007074","2244","11","0","0","0","0","0","0","0","0","","0","0","0","","","1","","0","","40 28:31.025","","0","80 00:25.468","8","0","0","0","2301","0","0","0","N","0","0","0","1","68B03","0","","4.0","","9","N","N","","0","","0","0","0","","0","","","1","1","0","0","0","1","0","2","0","1","","","","N","","","","","","","","","",""
"2018076116","","1","0","0","0","0","0","0","0","0","8","0","","02","7","2018","6","40.643667","-80.067417","2140","11","0","0","0","0","0","0","0","0","","0","0","0","","","1","","0","","40 38:37.200","","0","80 04:02.700","3","0","0","0","2216","1","0","0","N","1","0","0","1","02505","0","","1.0","","1","N","N","","0","","1","0","0","","0","","","2","1","0","0","0","0","0","2","0","1","","","","N","","","","","","","","","",""
"2018072323","","1","0","0","0","0","0","0","0","0","7","0","","02","7","2018","4","40.46401","-79.965039","0200","11","0","0","0","0","0","0","0","0","","0","0","0","","","0","","2","","40 27:50.437","","0","79 57:54.141","0","0","0","0","2301","0","0","0","N","0","0","0","1","02301","0","","5.0","","1","N","N","","0","","0","0","0","","0","","","1","0","0","0","0","0","0","2","0","1","","","","N","","","","","","","","","",""
"2018072710","","1","0","0","0","0","0","0","0","0","4","0","","02","7","2018","3","40.537871","-79.834739","1655","11","0","0","0","0","0","1","0","0","2","0","0","0","","","1","","2","","40 32:16.335","2","0","79 50:05.060","4","0","0","0","2208","0","0","0","N","0","0","0","2","02208","1","","1.0","","1","N","N","","0","","0","0","1","","2","Y","","2","1","1","0","0","0","0","2","0","2","","","","N","","","","","","","","","",""
"2018070140","","2","0","0","0","0","0","0","0","0","5","0","","02","7","2018","3","40.536939","-79.839177","1520","11","0","0","0","0","0","2","0","1","","0","0","0","","","0","","1","","40 32:12.982","","0","79 50:21.037","0","0","0","0","2208","0","0","0","N","0","0","0","4","02208","0","","1.0","","1","N","N","","0","","0","0","1","","0","","","3","0","0","0","0","0","0","2","0","3","","","","N","","","","","","","","","",""
"2018073009","","0","0","0","0","0","0","0","0","0","5","0","","02","7","2018","5","40.341006","-79.966524","1503","11","0","0","0","0","0","0","1","1","1","0","0","0","","","0","","0","","40 20:27.622","4","0","79 57:59.488","0","0","0","0","2454","0","0","0","N","0","0","0","3","02454","0","","1.0","","1","N","N","","0","","0","0","1","","0","N","","2","0","0","0","0","0","0","2","1","2","","","","N","","","","","","","","","",""
"2018078802","","0","0","0","0","0","0","0","0","0","7","0","","02","7","2018","7","40.468645","-80.019466","0008","11","0","0","0","0","0","0","0","0","1","0","0","0","","","0","","2","","40 28:07.123","1","0","80 01:10.077","0","0","0","0","2301","0","0","0","N","0","0","0","1","02301","0","","5.0","","1","N","N","","0","","0","0","1","","3","N","","1","0","1","0","0","0","0","2","0","1","","","","N","","","","","","","","","",""
"2018073481","","3","0","0","0","0","0","0","0","0","4","0","","02","6","2018","5","40.435779","-79.976696","0851","11","0","0","0","0","0","0","1","0","3","0","0","0","","","4","","0","","40 26:08.803","3","0","79 58:36.106","3","0","0","0","2301","0","0","0","N","0","0","0","9","68B03","0","","1.0","","1","N","N","","0","","4","0","3","","0","N","","6","4","0","0","0","0","0","2","0","6","","","","N","","","","","","","","","",""
"2018078836","","3","0","0","0","0","0","0","0","0","4","0","","02","7","2018","3","40.47113","-79.920392","1400","11","0","0","0","0","0","0","0","0","2","0","0","0","","","0","","1","","40 28:16.068","2","0","79 55:13.411","0","0","0","0","2301","0","0","0","N","0","0","0","5","02301","0","","1.0","","1","N","N","","0","","0","0","0","","3","N","","3","0","0","0","0","0","0","2","0","3","","","","N","","","","","","","","","",""
"2018139699","","2","0","0","0","0","0","0","0","0","1","0","","02","12","2018","3","40.396214","-79.998191","1738","11","0","0","0","0","1","0","0","0","","0","0","0","","","0","","1","","40 23:46.371","","0","79 59:53.487","0","0","0","0","2301","0","0","0","N","0","0","0","2","02301","0","","1.0","","1","N","N","","0","","0","0","0","","2","","","2","0","0","0","0","0","0","2","0","2","","","","N","","","","","","","","","",""
"2018072326","","0","0","0","0","0","0","0","0","0","7","0","","02","6","2018","5","40.367167","-80.038639","1153","11","0","0","0","0","0","0","0","0","2","0","0","0","","","0","","0","","40 22:01.800","3","0","80 02:19.100","0","0","0","0","2109","0","0","0","N","0","0","0","1","02109","0","","4.0","","1","N","N","","0","","0","0","1","","0","N","","1","0","0","0","0","0","0","2","0","1","","","","N","","","","","","","","","",""
"2018075187","","1","0","0","0","0","0","0","0","0","1","0","","02","7","2018","4","40.340329","-79.93829","1837","11","0","0","0","0","0","0","0","0","","0","0","0","","","1","","1","","40 20:25.183","","0","79 56:17.845","4","0","0","0","2473","0","0","0","Y","0","0","0","5","02473","1","","1.0","","1","N","N","","0","","0","0","1","","2","","","2","1","0","0","0","0","0","2","0","2","","","","N","","","","","","","","","",""
"2018072711","","2","0","0","0","0","0","0","0","0","1","0","","02","7","2018","4","40.474245","-79.971237","1830","11","0","0","0","0","0","0","0","0","1","0","0","0","","","0","","0","","40 28:27.283","1","0","79 58:16.453","3","0","0","0","2445","0","0","0","N","0","0","0","2","02445","0","","1.0","","1","N","N","","0","","1","0","0","","0","N","","2","1","0","0","0","0","0","2","0","2","","","","N","","","","","","","","","",""
"2018070141","","1","0","0","0","0","0","0","0","0","1","0","","02","7","2018","3","40.353704","-79.915547","1455","11","0","0","0","0","0","2","0","0","2","0","0","0","","","2","","0","","40 21:13.336","4","0","79 54:55.968","8","0","0","0","2473","0","0","0","N","0","0","0","3","02473","0","","1.0","","1","N","N","","1","","0","0","1","","0","N","","3","2","1","0","0","2","0","2","0","3","","","","N","","","","","","","","","",""
"2018070390","","0","0","0","0","0","0","0","0","0","99","0","","02","7","2018","3","40.485334","-80.009523","1817","11","0","0","0","0","0","1","0","0","","0","0","0","","","1","","1","","40 29:07.202","","2","80 00:34.284","8","0","0","1","2301","0","0","0","N","0","0","0","1","02301","0","","1.0","","1","N","N","","0","","0","0","0","","2","","","1","1","0","0","0","1","0","2","0","1","","","","N","","","","","","","","","",""
"2018075851","","3","0","0","0","0","0","0","0","0","1","0","","02","7","2018","4","40.473584","-79.972298","0600","11","0","0","0","0","0","1","0","0","","0","0","0","","","0","","6","","40 28:24.903","","2","79 58:20.273","0","0","0","0","2445","0","0","0","N","0","0","0","3","02445","0","","7.0","","1","","","","0","","0","0","0","","4","","","3","0","0","0","0","0","0","2","0","3","","","","N","","","","","","","","","",""
"2018070584","","1","0","0","0","0","0","0","0","0","4","0","","02","7","2018","5","40.492304","-80.021367","1214","11","0","0","0","0","0","0","2","0","1","0","0","0","","","1","","0","","40 29:32.293","2","0","80 01:16.922","8","0","0","0","2301","0","0","0","N","0","0","0","3","02301","0","","1.0","","1","N","N","","0","","0","0","1","","0","N","","2","1","0","0","0","1","0","2","0","2","","","","N","","","","","","","","","",""
"2018078842","","1","0","0","0","0","0","0","0","0","4","0","","02","7","2018","6","40.441057","-80.006786","1442","11","0","0","0","0","0","1","0","0","1","0","0","0","","","0","","1","","40 26:27.806","4","2","80 00:24.428","0","0","0","0","2301","0","0","0","N","0","0","0","2","02301","0","","1.0","","1","N","N","","0","","0","0","1","","2","N","","2","0","0","0","0","0","0","2","0","2","","","","N","","","","","","","","","",""
"2018069643","","1","0","0","0","0","0","0","0","0","7","0","","02","6","2018","4","40.442848","-79.812111","2013","11","0","0","0","0","0","0","0","0","2","0","0","0","","","1","","0","","40 26:34.252","4","0","79 48:43.600","3","0","0","0","2113","0","0","0","Y","0","0","0","1","68B03","0","","2.0","","9","N","N","","0","","1","0","0","","0","N","","1","1","0","0","0","0","0","2","0","1","","","","N","","","","","","","","","",""
"2018075188","","1","0","0","0","0","0","0","0","0","0","1","","02","7","2018","4","40.507164","-79.946215","1051","11","0","0","0","0","0","0","1","0","","0","1","0","","","0","","0","","40 30:25.790","","7","79 56:46.374","0","0","0","0","2430","0","0","0","N","0","0","0","2","02430","0","","5.0","","1","N","N","","0","","0","0","0","","0","","","2","0","0","0","0","0","0","2","0","2","","","","N","","","","","","","","","",""
"2018078569","","0","0","0","0","0","0","0","0","0","1","0","","02","7","2018","6","40.372573","-79.807074","1001","11","0","0","0","0","0","1","0","0","2","0","0","0","","","3","","2","","40 22:21.262","5","0","79 48:25.466","3","0","0","0","2111","0","0","0","N","0","0","0","3","02111","0","","1.0","","1","N","N","","1","","1","0","2","","0","N","","3","3","2","0","0","2","0","2","0","3","","","","N","","","","","","","","","",""
"2018075852","","2","0","0","0","0","0","0","0","0","4","0","","02","7","2018","6","40.455738","-79.965995","0532","11","0","0","0","0","0","0","0","0","2","0","0","0","","","0","","5","","40 27:20.658","3","0","79 57:57.583","0","0","0","0","2301","0","0","0","N","0","0","0","2","02301","0","","1.0","","1","N","N","","0","","0","0","0","","2","Y","","2","0","0","0","0","0","0","2","0","2","","","","N","","","","","","","","","",""
"2018073487","","2","0","0","0","0","0","0","0","0","7","0","45","02","6","2018","5","40.487219","-80.008968","1605","11","0","0","0","0","0","2","0","0","1","0","0","0","","","1","","0","","40 29:13.987","1","0","80 00:32.283","3","0","0","0","2301","0","0","0","Y","0","0","0","2","68B03","0","","3.0","","1","N","N","","0","","1","0","0","","8","N","","2","1","0","0","0","0","0","2","0","2","","","Y","Y","4","1","N","N","N","N","N","Y","N",""
"2018075192","","1","0","0","0","0","0","0","0","0","7","0","","02","7","2018","4","40.404218","-79.976171","0549","11","0","0","0","0","0","0","0","0","","0","0","0","","","0","","0","","40 24:15.185","","0","79 58:34.216","0","0","0","0","2301","0","0","0","N","0","0","0","1","02301","0","","5.0","","1","N","N","","0","","0","0","0","","0","","","1","0","0","0","0","0","0","2","0","1","","","","N","","","","","","","","","",""
"2018072722","","1","0","0","0","0","0","0","0","0","4","0","","02","7","2018","4","40.464572","-79.938622","1535","11","0","0","0","0","0","0","0","0","2","0","0","0","","","2","","1","","40 27:52.459","3","0","79 56:19.040","8","0","0","0","2301","0","0","0","N","0","0","0","3","02301","0","","1.0","","1","N","N","","0","","0","0","1","","2","N","","2","2","0","0","0","2","1","2","0","2","","","","N","","","","","","","","","",""
"2018075447","","1","0","0","0","0","0","0","0","0","7","0","","02","7","2018","5","40.658963","-80.008043","1525","11","0","0","0","0","0","0","1","0","1","0","0","0","","","1","","0","","40 39:32.268","2","0","80 00:28.956","8","0","0","0","2216","0","0","0","N","0","0","0","1","02505","0","","2.0","","1","N","N","","0","","0","0","0","","0","N","","1","1","0","0","0","1","0","1","0","1","","","","N","","","","","","","","","",""
"2018078573","","1","0","0","0","0","0","0","0","0","7","0","","02","7","2018","3","40.427395","-80.07404","2131","11","0","0","0","0","1","0","0","0","1","0","0","0","","","0","","0","","40 25:38.623","4","0","80 04:26.543","0","0","0","0","2421","0","0","0","N","0","0","0","2","02421","0","","4.0","","1","N","N","","0","","0","0","0","","0","N","","1","0","0","0","0","0","0","2","0","1","","","","N","","","","","","","","","",""
"2018070395","","1","0","0","0","0","0","0","0","0","8","0","","02","6","2018","7","40.461459","-79.924855","1230","11","0","0","0","0","0","0","0","0","","0","0","0","","","1","","1","","40 27:41.252","","0","79 55:29.477","8","0","0","0","2301","1","0","0","N","1","0","0","2","02301","0","","1.0","","1","N","N","","0","","0","0","0","","2","","","2","1","0","0","0","1","0","2","0","1","","","","N","","","","","","","","","",""
"2018073242","","1","0","0","0","0","0","0","0","0","4","0","","02","7","2018","6","40.403827","-79.883023","2233","11","0","0","0","0","0","1","0","0","","0","0","0","","","0","","2","","40 24:13.777","","3","79 52:58.884","9","0","0","0","2475","0","0","0","N","0","0","0","3","02475","0","","1.0","","1","N","N","","0","","0","0","0","","2","","","2","0","0","0","0","0","1","2","0","2","","","","N","","","","","","","","","",""
"2018073493","","2","0","0","0","0","0","0","0","0","1","0","","02","6","2018","3","40.421105","-80.045841","1013","11","0","0","0","0","0","1","0","0","","0","0","0","","","1","","6","","40 25:15.978","","2","80 02:45.027","4","0","0","0","2435","0","0","0","N","0","0","0","2","68B03","1","","1.0","","1","N","N","","0","","0","0","0","","3","","","2","1","0","0","0","0","0","2","0","2","","","","N","","","","","","","","","",""
"2018075449","","1","0","0","0","0","0","0","0","0","5","0","","02","7","2018","5","40.456226","-79.991173","1511","11","0","0","0","0","0","0","0","0","2","0","0","0","","","2","","7","","40 27:22.413","2","2","79 59:28.224","3","0","0","0","2301","0","0","0","N","0","0","0","4","02301","1","","1.0","","1","N","N","","1","","1","0","0","","0","N","","2","2","0","0","0","0","0","2","0","2","","","","N","","","","","","","","","",""