"CRN","ARRIVAL_TM","AUTOMOBILE_COUNT","BELTED_DEATH_COUNT","BELTED_SUSP_SERIOUS_INJ_COUNT","BICYCLE_COUNT","BICYCLE_DEATH_COUNT","BICYCLE_SUSP_SERIOUS_INJ_COUNT","BUS_COUNT","CHLDPAS_DEATH_COUNT","CHLDPAS_SUSP_SERIOUS_INJ_COUNT","COLLISION_TYPE","COMM_VEH_COUNT","CONS_ZONE_SPD_LIM","COUNTY","CRASH_MONTH","CRASH_YEAR","DAY_OF_WEEK","DEC_LATITUDE","DEC_LONGITUDE","DISPATCH_TM","DISTRICT","DRIVER_COUNT_16YR","DRIVER_COUNT_17YR","DRIVER_COUNT_18YR","DRIVER_COUNT_19YR","DRIVER_COUNT_20YR","DRIVER_COUNT_50_64YR","DRIVER_COUNT_65_74YR","DRIVER_COUNT_75PLUS","EST_HRS_CLOSED","FATAL_COUNT","HEAVY_TRUCK_COUNT","HORSE_BUGGY_COUNT","HOUR_OF_DAY","ILLUMINATION","INJURY_COUNT","INTERSECTION_RELATED","INTERSECT_TYPE","LANE_CLOSED","LATITUDE","LN_CLOSE_DIR","LOCATION_TYPE","LONGITUDE","MAX_SEVERITY_LEVEL","MCYCLE_DEATH_COUNT","MCYCLE_SUSP_SERIOUS_INJ_COUNT","MOTORCYCLE_COUNT","MUNICIPALITY","NONMOTR_COUNT","NONMOTR_DEATH_COUNT","NONMOTR_SUSP_SERIOUS_INJ_COUNT","NTFY_HIWY_MAINT","PED_COUNT","PED_DEATH_COUNT","PED_SUSP_SERIOUS_INJ_COUNT","PERSON_COUNT","POLICE_AGCY","POSSIBLE_INJ_COUNT","RDWY_SURF_TYPE_CD","RELATION_TO_ROAD","ROADWAY_CLEARED","ROAD_CONDITION","SCH_BUS_IND","SCH_ZONE_IND","SECONDARY_CRASH","SMALL_TRUCK_COUNT","SPEC_JURIS_CD","SUSP_MINOR_INJ_COUNT","SUSP_SERIOUS_INJ_COUNT","SUV_COUNT","TCD_FUNC_CD","TCD_TYPE","TFC_DETOUR_IND","TIME_OF_DAY","TOTAL_UNITS","TOT_INJ_COUNT","UNBELTED_OCC_COUNT","UNB_DEATH_COUNT","UNB_SUSP_SERIOUS_INJ_COUNT","UNK_INJ_DEG_COUNT","UNK_INJ_PER_COUNT","URBAN_RURAL","VAN_COUNT","VEHICLE_COUNT","WEATHER1","WEATHER2","WORKERS_PRES","WORK_ZONE_IND","WORK_ZONE_LOC","WORK_ZONE_TYPE","WZ_CLOSE_DETOUR","WZ_FLAGGER","WZ_LAW_OFFCR_IND","WZ_LN_CLOSURE","WZ_MOVING","WZ_OTHER","WZ_SHLDER_MDN","WZ_WORKERS_INJ_KILLED"
"2018075899","","1","0","0","0","0","0","0","0","0","8","0","","02","7","2018","6","40.448219","-79.978345","2237","11","0","0","0","0","0","0","0","0","","0","0","0","","","1","","1","","40 26:53.590","","0","79 58:42.042","8","0","0","0","2301","1","0","0","N","1","0","0","2","02301","0","","1.0","","1","N","N","","0","","0","0","0","","3","","","2","1","0","0","0","1","1","2","0","1","","","","N","","","","","","","","","",""
"2018075956","","2","0","0","0","0","0","0","0","0","2","0","","02","7","2018","7","40.454044","-80.071949","0851","11","0","0","0","0","0","0","0","0","1","0","0","0","","","2","","0","","40 27:14.560","7","0","80 04:19.018","8","0","0","0","2301","0","0","0","N","0","0","0","2","02301","0","","1.0","","1","N","N","","0","","0","0","0","","0","N","","2","2","0","0","0","2","0","2","0","2","","","","N","","","","","","","","","",""
"2018069421","","1","0","0","0","0","0","0","0","0","1","0","","02","7","2018","1","40.428594","-79.977582","0215","11","0","0","0","1","0","0","0","0","2","0","0","0","","","2","","1","","40 25:42.937","3","0","79 58:39.294","3","0","0","1","2301","0","0","0","N","0","0","0","5","02301","0","","1.0","","1","N","N","","0","","2","0","1","","2","N","","3","2","0","0","0","0","0","2","0","3","","","","N","","","","","","","","","",""
"2018072204","","1","0","0","0","0","0","0","0","0","4","0","","02","7","2018","3","40.422722","-80.011999","1700","11","0","0","0","0","0","0","0","0","","0","0","0","","","0","","0","","40 25:21.800","","7","80 00:43.197","0","0","0","0","2301","0","0","0","N","0","0","0","2","02301","0","","1.0","","1","N","N","","0","","0","0","1","","0","","","2","0","0","0","0","0","0","2","0","2","","","","N","","","","","","","","","",""
"2018078150","","1","0","0","0","0","0","0","0","0","4","0","","02","7","2018","4","40.551194","-80.235361","0951","11","0","1","0","0","0","0","0","0","1","0","0","0","","","1","","0","","40 33:04.300","6","7","80 14:07.300","2","0","1","1","2103","0","0","0","N","0","0","0","3","02103","0","","1.0","","9","N","N","","0","","0","1","0","","0","N","","2","1","0","0","0","0","0","2","0","2","","","","N","","","","","","","","","",""
"2018069917","","2","0","0","0","0","0","0","0","0","2","0","","02","6","2018","3","40.295813","-79.874646","0620","11","0","0","0","0","1","0","0","0","1","0","0","0","","","2","","0","","40 17:44.927","5","0","79 52:28.724","8","0","0","0","2302","0","0","0","N","0","0","0","2","02302","0","","1.0","","1","N","N","","0","","0","0","0","","0","Y","","2","2","0","0","0","2","0","2","0","2","","","","N","","","","","","","","","",""
"2018075475","","4","0","0","0","0","0","0","0","0","1","0","","02","7","2018","2","40.415032","-80.011267","2145","11","0","0","0","0","0","1","1","0","","0","0","0","","","1","","2","","40 24:54.116","","0","80 00:40.560","4","0","0","0","2301","0","0","0","N","0","0","0","5","02301","1","","1.0","","1","N","N","","0","","0","0","0","","0","","","4","1","0","0","0","0","1","2","0","4","","","","N","","","","","","","","","",""
"2018072833","","0","0","0","0","0","0","0","0","0","2","0","","02","6","2018","4","40.369069","-80.034316","1932","11","0","0","0","0","0","0","0","0","","0","0","0","","","0","","0","","40 22:08.647","","7","80 02:03.539","0","0","0","0","2416","0","0","0","N","0","0","0","2","02416","0","","5.0","","1","N","N","","2","","0","0","0","","0","","","2","0","0","0","0","0","0","2","0","2","","","","N","","","","","","","","","",""
"2018073061","","2","0","0","0","0","0","0","0","0","1","0","","02","7","2018","5","40.405197","-79.972192","1759","11","0","0","0","0","0","0","0","0","2","0","0","0","","","0","","0","","40 24:18.710","4","0","79 58:19.890","0","0","0","0","2301","0","0","0","N","0","0","0","2","02301","0","","1.0","","1","N","N","","0","","0","0","0","","0","N","","2","0","0","0","0","0","0","2","0","2","","","","N","","","","","","","","","",""
"2018073271","","0","0","0","0","0","0","0","0","0","1","0","","02","7","2018","6","40.659579","-79.934153","1236","11","0","0","0","0","0","1","0","0","","0","0","0","","","1","","0","","40 39:34.485","","0","79 56:02.950","8","0","0","0","2217","0","0","0","N","0","0","0","2","02505","0","","1.0","","1","N","N","","0","","0","0","2","","0","","","2","1","0","0","0","1","0","2","0","2","","","","N","","","","","","","","","",""
"2018075903","","2","0","0","0","0","0","0","0","0","1","0","","02","7","2018","7","40.454956","-79.9322","0024","11","0","0","0","0","0","0","0","1","2","0","0","0","","","0","","0","","40 27:17.840","4","0","79 55:55.920","0","0","0","0","2301","0","0","0","N","0","0","0","1","02301","0","","4.0","","1","N","N","","0","","0","0","0","","0","N","","2","0","0","0","0","0","0","2","0","2","","","","N","","","","","","","","","",""
"2018069423","","2","0","0","0","0","0","0","0","0","1","0","","02","6","2018","7","40.463136","-79.976128","1955","11","0","0","0","0","0","0","0","0","1","0","0","0","","","0","","0","","40 27:47.288","3","3","79 58:34.059","0","0","0","0","2301","0","0","0","N","0","0","0","3","02301","0","","1.0","","1","N","N","","0","","0","0","0","","2","N","","2","0","0","0","0","0","0","2","0","2","","","","N","","","","","","","","","",""
"2018077932","","1","0","0","0","0","0","0","0","0","4","0","","02","7","2018","4","40.353348","-79.837345","1554","11","0","0","0","0","0","1","0","0","1","0","0","0","","","1","","2","","40 21:12.054","1","0","79 50:14.442","8","0","0","0","2304","0","0","0","N","0","0","0","2","02304","0","","1.0","","1","N","N","","0","","0","0","1","","2","N","","2","1","0","0","0","1","0","2","0","2","","","","N","","","","","","","","","",""
"2018069921","","0","0","0","0","0","0","0","0","0","4","0","","02","6","2018","6","40.418052","-79.840155","0054","11","0","0","0","0","0","1","0","0","3","0","0","0","","","1","","2","","40 25:04.987","3","0","79 50:24.558","2","0","1","1","2431","0","0","0","N","0","0","0","2","02431","0","","1.0","","1","N","N","","1","","0","1","0","","0","N","","2","1","0","0","0","0","0","2","0","2","","","","N","","","","","","","","","",""
"2018073062","","1","0","0","0","0","0","0","0","0","8","0","","02","7","2018","5","40.46877","-79.927544","1744","11","0","0","0","0","0","0","1","0","","0","0","0","","","1","","2","","40 28:07.571","","0","79 55:39.158","3","0","0","0","2301","1","0","0","N","1","0","0","2","02301","0","","1.0","","1","N","N","","0","","1","0","0","","2","","","2","1","0","0","0","0","0","2","0","1","","","","N","","","","","","","","","",""
"2018078629","","1","0","0","0","0","0","0","0","0","4","0","","02","7","2018","6","40.459214","-79.927463","1259","11","0","0","0","0","0","0","0","1","","0","0","0","","","0","","2","","40 27:33.170","","7","79 55:38.866","0","0","0","0","2301","0","0","0","N","0","0","0","2","02301","0","","1.0","","1","N","N","","1","","0","0","0","","2","","","2","0","0","0","0","0","0","2","0","2","","","","N","","","","","","","","","",""
"2018075906","","2","0","0","0","0","0","0","0","0","1","0","","02","7","2018","6","40.420838","-79.884258","0650","11","0","0","0","0","0","1","0","0","1","0","0","0","","","0","","1","","40 25:15.016","1","0","79 53:03.328","0","0","0","0","2463","0","0","0","N","0","0","0","2","02463","0","","1.0","","1","N","N","","0","","0","0","0","","2","N","","2","0","0","0","0","0","0","2","0","2","","","","N","","","","","","","","","",""
"2018075965","","1","0","0","0","0","0","0","0","0","1","0","","02","7","2018","2","40.341411","-79.965555","1341","11","0","0","0","0","0","0","0","0","","0","0","0","","","0","","0","","40 20:29.080","","0","79 57:55.997","0","0","0","0","2403","0","0","0","N","0","0","0","3","02403","0","","1.0","","1","N","N","","0","","0","0","1","","0","","","2","0","0","0","0","0","0","2","0","2","","","","N","","","","","","","","","",""
"2018078879","","1","0","0","0","0","0","0","0","0","4","0","","02","7","2018","4","40.453987","-79.997852","1820","11","0","0","0","0","0","0","0","0","","0","0","0","","","1","","1","","40 27:14.353","","2","79 59:52.267","3","0","0","0","2301","0","0","0","N","0","0","0","2","02301","0","","1.0","","1","N","N","","0","","1","0","1","","2","","","2","1","0","0","0","0","0","2","0","2","","","","N","","","","","","","","","",""
"2018069922","","0","0","0","0","0","0","0","0","0","1","0","","02","7","2018","1","40.383409","-80.04386","1310","11","1","0","0","0","0","0","0","0","","0","0","0","","","0","","0","","40 23:00.274","","0","80 02:37.897","0","0","0","0","2109","0","0","0","N","0","0","0","3","02109","0","","1.0","","1","N","N","","0","","0","0","2","","2","","","2","0","0","0","0","0","0","2","0","2","","","","N","","","","","","","","","",""
"2018075510","","1","0","0","0","0","0","0","0","0","5","0","","02","7","2018","2","40.46","-80.010936","2054","11","0","1","0","0","0","0","0","0","","0","0","0","","","0","","0","","40 27:36.000","","0","80 00:39.370","0","0","0","0","2301","0","0","0","N","0","0","0","4","02301","0","","2.0","","9","N","N","","0","","0","0","1","","0","","","2","0","0","0","0","0","0","2","0","2","","","","N","","","","","","","","","",""
"2018070235","","1","0","0","0","0","0","0","0","0","1","0","","02","7","2018","3","40.40658","-80.075931","1715","11","0","0","0","0","1","0","0","0","","0","0","0","","","0","","0","","40 24:23.689","","0","80 04:33.351","0","0","0","0","2415","0","0","0","N","0","0","0","2","02415","0","","1.0","","1","N","N","","0","","0","0","1","","0","","","2","0","0","0","0","0","0","2","0","2","","","","N","","","","","","","","","",""
"2018070453","","2","0","0","0","0","0","0","0","0","4","0","","02","7","2018","4","40.405782","-79.909466","1601","11","0","0","0","0","0","0","1","0","1","0","0","0","","","0","","1","","40 24:20.815","2","0","79 54:34.079","0","0","0","0","2438","0","0","0","N","0","0","0","3","02438","0","","1.0","","1","N","N","","0","","0","0","0","","0","Y","","2","0","0","0","0","0","0","2","0","2","","","","N","","","","","","","","","",""
"2018078659","","1","0","0","0","0","0","0","0","0","1","0","","02","7","2018","7","40.365738","-80.016312","1235","11","0","0","0","0","0","1","0","0","","0","0","0","","","1","","2","","40 21:56.656","","0","80 00:58.724","3","0","0","0","2416","0","0","0","N","0","0","0","4","02416","0","","1.0","","9","N","N","","0","","1","0","1","","3","","","2","1","0","0","0","0","0","2","0","2","","","","N","","","","","","","","","",""
"2018075966","","1","0","0","0","0","0","0","0","0","1","0","","02","7","2018","6","40.373119","-80.090985","1607","11","0","0","0","0","0","0","0","0","1","0","0","0","","","1","","0","","40 22:23.229","3","0","80 05:27.545","4","0","0","0","2117","0","0","0","N","0","0","0","2","02117","1","","1.0","","1","N","N","","0","","0","0","1","","0","N","","2","1","0","0","0","0","0","2","0","2","","","","N","","","","","","","","","",""
"2018069425","","2","0","0","0","0","0","0","0","0","5","0","","02","7","2018","1","40.46469","-79.950523","2156","11","0","0","0","0","0","0","0","0","2","0","0","0","","","1","","2","","40 27:52.884","7","0","79 57:01.882","3","0","0","0","2301","0","0","0","N","0","0","0","1","02301","0","","2.0","","1","N","N","","0","","1","0","0","","0","Y","","2","1","0","0","0","0","0","2","0","2","","","","N","","","","","","","","","",""
"2018072211","","0","0","0","0","0","0","0","0","0","4","0","","02","7","2018","1","40.653174","-80.079581","1812","11","0","0","0","0","0","1","0","0","","0","0","0","","","0","","1","","40 39:11.428","","0","80 04:46.492","0","0","0","0","2212","0","0","0","N","0","0","0","4","02505","0","","1.0","","1","N","N","","1","","0","0","0","","3","","","2","0","0","0","0","0","0","2","1","2","","","","N","","","","","","","","","",""
"2018078158","","1","0","0","0","0","0","0","0","0","8","0","","02","7","2018","5","40.34166","-79.864339","0225","11","0","0","0","0","0","0","0","0","4","0","0","0","","","1","","0","","40 20:29.975","2","7","79 51:51.622","2","0","0","0","2304","1","0","1","N","1","0","1","2","02304","0","","2.0","","1","N","N","","0","","0","1","1","","0","Y","","3","1","0","0","0","0","1","2","0","2","","","","N","","","","","","","","","",""
"2018069923","","2","0","0","0","0","0","0","0","0","1","0","","02","6","2018","6","40.426611","-79.889944","1606","11","0","0","0","0","0","0","2","0","1","0","0","0","","","1","","0","","40 25:35.800","1","0","79 53:23.800","3","0","0","0","2426","0","0","0","N","0","0","0","3","02426","0","","1.0","","1","N","N","","0","","1","0","0","","2","N","","2","1","0","0","0","0","0","2","0","2","","","","N","","","","","","","","","",""
"2018078661","","1","0","0","0","0","0","0","0","0","1","0","","02","7","2018","2","40.357643","-80.028584","1755","11","0","0","0","0","0","1","0","0","1","0","0","0","","","0","","0","","40 21:27.513","1","0","80 01:42.903","0","0","0","0","2416","0","0","0","N","0","0","0","2","02416","0","","1.0","","9","N","N","","1","","0","0","0","","0","Y","","2","0","2","0","0","0","0","2","0","2","","","","N","","","","","","","","","",""
"2018069429","","1","0","0","0","0","0","0","0","0","7","0","","02","7","2018","1","40.327889","-79.967028","0425","11","0","0","0","0","0","0","0","0","2","0","0","0","","","2","","0","","40 19:40.400","4","0","79 58:01.300","8","0","0","0","2454","0","0","0","N","0","0","0","2","02454","0","","5.0","","1","N","N","","0","","0","0","0","","0","N","","1","2","1","0","0","2","0","2","0","1","","","","N","","","","","","","","","",""
"2018078160","","1","0","0","0","0","0","0","0","0","4","0","","02","7","2018","5","40.454738","-79.942479","0744","11","0","0","0","0","0","0","1","0","","0","0","0","","","0","","0","","40 27:17.056","","7","79 56:32.924","0","0","0","0","2301","0","0","0","N","0","0","0","2","02301","0","","1.0","","1","N","N","","0","","0","0","1","","0","","","2","0","0","0","0","0","0","2","0","2","","","","N","","","","","","","","","",""
"2018070241","","0","0","0","0","0","0","0","0","0","1","0","","02","7","2018","3","40.613841","-80.099981","1750","11","0","0","0","0","0","0","1","0","","0","0","0","","","0","","2","","40 36:49.826","","0","80 05:59.931","0","0","0","0","2481","0","0","0","Y","0","0","0","2","02481","0","","1.0","","1","N","N","","0","","0","0","2","","4","","","2","0","0","0","0","0","0","1","0","2","","","","N","","","","","","","","","",""
"2018075733","","1","0","1","0","0","0","0","0","0","7","0","","02","7","2018","1","40.396144","-80.102849","0716","11","0","0","0","0","0","0","0","0","","0","0","0","","","1","","0","","40 23:46.120","","0","80 06:10.255","2","0","0","0","2102","0","0","0","N","0","0","0","1","68B03","0","","3.0","","9","N","N","","0","","0","1","0","","0","","","1","1","0","0","0","0","0","2","0","1","","","","N","","","","","","","","","",""
"2018070495","","1","0","0","0","0","0","0","0","0","1","0","","02","6","2018","6","40.435174","-79.967185","1211","11","0","0","0","0","0","1","0","0","","0","0","0","","","0","","0","","40 26:06.628","","0","79 58:01.867","0","0","0","0","2301","0","0","0","N","0","0","0","2","68B03","0","","1.0","","1","N","N","","0","","0","0","1","","0","","","2","0","0","0","0","0","0","2","0","2","","","","N","","","","","","","","","",""
"2018077943","","1","0","0","0","0","0","0","0","0","1","0","","02","7","2018","4","40.455622","-79.902017","1755","11","0","0","0","0","1","0","0","0","","0","0","0","","","1","","0","","40 27:20.240","","0","79 54:07.260","4","0","0","0","2301","0","0","0","N","0","0","0","2","02301","1","","1.0","","1","N","N","","0","","0","0","1","","0","","","2","1","1","0","0","0","0","2","0","2","","","","N","","","","","","","","","",""
"2018069694","","0","0","0","0","0","0","0","0","0","7","0","","02","6","2018","3","40.550222","-80.150444","1016","11","0","0","0","0","0","0","0","0","1","0","0","0","","","0","","0","","40 33:00.800","4","0","80 09:01.600","0","0","0","0","2459","0","0","0","N","0","0","0","2","02213","0","","2.0","","1","N","N","","0","","0","0","0","","0","N","","1","0","0","0","0","0","0","1","1","1","","","","N","","","","","","","","","",""
"2018070242","","0","0","0","0","0","0","0","0","0","7","0","","02","7","2018","3","40.462711","-80.008967","2051","11","0","0","0","0","0","0","0","0","2","0","0","0","","","0","","0","","40 27:45.760","1","0","80 00:32.280","9","0","0","0","2301","0","0","0","N","0","0","0","1","02301","0","","5.0","","1","N","N","","0","","0","0","1","","0","N","","1","0","0","0","0","0","1","2","0","1","","","","N","","","","","","","","","",""
"2018073365","","1","0","0","0","0","0","0","0","0","4","0","","02","7","2018","5","40.30631","-79.935236","2129","11","0","0","0","0","1","0","1","0","","0","0","0","","","2","","0","","40 18:22.715","","7","79 56:06.849","4","0","0","0","2440","0","0","0","N","0","0","0","2","02440","2","","1.0","","1","N","N","","1","","0","0","0","","0","","","2","2","0","0","0","0","0","2","0","2","","","","N","","","","","","","","","",""
"2018072218","","2","0","0","0","0","0","0","0","0","4","0","","02","7","2018","3","40.450015","-79.995458","1808","11","0","0","0","0","0","0","0","0","","0","0","0","","","0","","2","","40 27:00.053","","0","79 59:43.648","0","0","0","0","2301","0","0","0","N","0","0","0","2","02301","0","","1.0","","1","N","N","","0","","0","0","0","","3","","","2","0","0","0","0","0","0","2","0","2","","","","N","","","","","","","","","",""
"2018077945","","2","0","0","0","0","0","0","0","0","0","0","","02","7","2018","4","40.51636","-79.844715","1801","11","0","0","0","0","0","1","1","0","","0","0","0","","","0","","2","","40 30:58.896","","0","79 50:40.973","0","0","0","0","2451","0","0","0","N","0","0","0","2","02451","0","","1.0","","9","N","N","","0","","0","0","0","","3","","","2","0","2","0","0","0","0","2","0","2","","","","N","","","","","","","","","",""
"2018075258","","1","0","0","0","0","0","0","0","0","4","0","","02","7","2018","4","40.439394","-79.996812","0321","11","0","0","0","0","0","1","0","0","1","0","0","0","","","0","","1","","40 26:21.819","1","0","79 59:48.522","9","0","0","0","2301","0","0","0","N","0","0","0","2","02301","0","","1.0","","1","N","N","","0","","0","0","0","","2","N","","2","0","0","0","0","0","1","2","0","2","","","","N","","","","","","","","","",""
"2018069963","","0","0","0","0","0","0","0","0","0","1","0","","02","7","2018","3","40.428768","-79.985596","0719","11","0","0","0","0","0","0","0","0","2","0","0","0","","","0","","0","","40 25:43.564","4","0","79 59:08.147","0","0","0","0","2301","0","0","0","N","0","0","0","3","02301","0","","1.0","","1","N","N","","2","","0","0","0","","0","N","","3","0","1","0","0","0","0","2","1","3","","","","N","","","","","","","","","",""
"2018072859","","1","0","0","0","0","0","0","0","0","4","0","","02","7","2018","7","40.401829","-80.067754","0914","11","0","0","1","0","0","0","0","0","","0","0","0","","","0","","1","","40 24:06.584","","0","80 04:03.915","0","0","0","0","2415","0","0","0","N","0","0","0","3","02415","0","","1.0","","1","N","N","","0","","0","0","1","","3","","","2","0","0","0","0","0","0","2","0","2","","","","N","","","","","","","","","",""
"2018078642","","1","0","0","0","0","0","0","0","0","1","0","","02","7","2018","6","40.354597","-79.842474","1447","11","0","0","0","0","0","0","0","0","","0","0","0","","","0","","6","","40 21:16.549","","2","79 50:32.907","0","0","0","0","2304","0","0","0","N","0","0","0","3","02304","0","","1.0","","9","N","N","","1","","0","0","0","","0","","","2","0","0","0","0","0","0","2","0","2","","","","N","","","","","","","","","",""
"2018070469","","1","0","0","0","0","0","0","0","0","7","0","","02","7","2018","5","40.402357","-80.246364","0009","11","0","1","0","0","0","0","0","0","","0","0","0","","","0","","0","","40 24:08.486","","0","80 14:46.909","0","0","0","0","2214","0","0","0","Y","0","0","0","1","02214","0","","5.0","","1","N","N","","0","","0","0","0","","0","","","1","0","0","0","0","0","0","1","0","1","","","","N","","","","","","","","","",""
"2018078683","","2","0","0","0","0","0","0","0","0","1","0","","02","7","2018","6","40.443526","-79.991389","1553","11","0","0","0","0","0","0","0","0","2","0","0","0","","","1","","0","","40 26:36.693","2","0","79 59:28.999","3","0","0","0","2301","0","0","0","N","0","0","0","4","02301","0","","1.0","","1","N","N","","1","","1","0","0","","0","N","","3","1","0","0","0","0","0","2","0","3","","","","N","","","","","","","","","",""
"2018131954","","0","0","0","0","0","0","0","0","0","1","0","","02","12","2018","2","40.343531","-79.970134","1830","11","0","0","0","0","0","1","0","0","2","0","0","0","","","0","","1","","40 20:36.711","1","0","79 58:12.481","0","0","0","0","2403","0","0","0","N","0","0","0","3","02403","0","","1.0","","1","N","N","","0","","0","0","3","","2","N","","3","0","0","0","0","0","0","2","0","3","","","","N","","","","","","","","","",""
"2018072220","","2","0","0","0","0","0","0","0","0","4","0","","02","7","2018","3","40.448409","-79.934231","1728","11","0","0","0","0","0","1","0","0","","0","0","0","","","0","","2","","40 26:54.272","","0","79 56:03.231","0","0","0","0","2301","0","0","0","N","0","0","0","2","02301","0","","1.0","","1","N","N","","0","","0","0","0","","0","","","2","0","0","0","0","0","0","2","0","2","","","","N","","","","","","","","","",""
"2018075260","","2","0","0","0","0","0","0","0","0","1","0","","02","7","2018","4","40.371756","-80.078719","0707","11","0","0","0","0","0","2","0","0","2","0","0","0","","","0","","0","","40 22:18.320","3","0","80 04:43.390","0","0","0","0","2109","0","0","0","N","0","0","0","3","02109","0","","1.0","","1","N","N","","0","","0","0","1","","2","N","","3","0","0","0","0","0","0","2","0","3","","","","N","","","","","","","","","",""
"2018075525","","1","0","0","0","0","0","0","0","0","1","0","","02","7","2018","5","40.29684","-79.919496","0756","11","0","0","0","0","0","0","0","0","1","0","0","0","","","1","","2","","40 17:48.623","1","0","79 55:10.187","3","0","0","0","2440","0","0","0","N","0","0","0","3","02440","0","","1.0","","1","N","N","","1","","1","0","0","","2","N","","2","1","0","0","0","0","0","2","0","2","","","","N","","","","","","","","","",""
"2018069465","","1","0","0","0","0","0","0","0","0","1","0","","02","6","2018","6","40.428689","-80.131491","0748","11","0","0","0","0","0","1","0","0","","0","0","0","","","0","","0","","40 25:43.282","","0","80 07:53.369","0","0","0","0","2102","0","0","0","N","0","0","0","3","68B03","0","","1.0","","1","N","N","","0","","0","0","1","","0","","","2","0","0","0","0","0","0","2","0","2","","","","N","","","","","","","","","",""
"2018077953","","1","0","0","0","0","0","0","0","0","1","0","","02","7","2018","4","40.603","-79.928944","1710","11","0","0","0","1","0","0","0","0","","0","0","0","","","0","","0","","40 36:10.800","","0","79 55:44.200","0","0","0","0","2207","0","0","0","N","0","0","0","3","02207","0","","1.0","","9","","N","","0","","0","0","1","","0","","","2","0","0","0","0","0","0","2","0","2","","","","N","","","","","","","","","",""
"2018073081","","2","0","0","0","0","0","0","0","0","1","0","","02","7","2018","5","40.450846","-79.886404","1732","11","0","0","0","0","0","0","0","0","2","0","0","0","","","0","","2","","40 27:03.045","2","0","79 53:11.054","9","0","0","0","2301","0","0","0","N","0","0","0","1","02301","0","","1.0","","1","N","N","","0","","0","0","0","","0","Y","","2","0","0","0","0","0","1","2","0","2","","","","N","","","","","","","","","",""
"2018078649","","2","0","0","0","0","0","0","0","0","1","0","","02","7","2018","6","40.419909","-79.957773","1456","11","0","0","0","0","0","1","0","1","","0","0","0","","","1","","0","","40 25:11.673","","0","79 57:27.982","3","0","0","0","2301","0","0","0","N","0","0","0","3","02301","0","","1.0","","1","N","N","","0","","1","0","0","","0","","","2","1","0","0","0","0","0","2","0","2","","","","N","","","","","","","","","",""
"2018073375","","1","0","0","0","0","0","0","0","0","1","0","","02","7","2018","6","40.410965","-80.006047","1405","11","0","0","0","0","0","1","1","0","","0","0","0","","","1","","2","","40 24:39.473","","0","80 00:21.770","3","0","0","0","2301","0","0","0","N","0","0","0","4","02301","0","","1.0","","1","N","N","","0","","1","0","3","","2","","","4","1","2","0","0","0","0","2","0","4","","","","N","","","","","","","","","",""
"2018076019","","2","0","0","0","0","0","0","0","0","1","0","","02","7","2018","3","40.417021","-80.057238","0758","11","0","0","0","0","0","0","0","0","2","0","0","0","","","2","","0","","40 25:01.275","4","0","80 03:26.057","3","0","0","0","2435","0","0","0","N","0","0","0","2","68B03","1","","1.0","","1","N","N","","0","","1","0","0","","0","N","","2","2","1","0","0","0","0","2","0","2","","","","N","","","","","","","","","",""
"2018077955","","2","0","0","0","0","0","0","0","0","2","0","","02","7","2018","4","40.477868","-80.046012","2031","11","0","0","0","0","0","1","0","0","2","0","0","0","","","1","","0","","40 28:40.325","5","3","80 02:45.642","3","0","0","0","2301","0","0","0","N","0","0","0","8","02301","0","","1.0","","1","N","N","","0","","1","0","0","","0","N","","2","1","1","0","0","0","0","2","0","2","","","","N","","","","","","","","","",""
"2018069943","","1","0","0","0","0","0","0","0","0","4","0","","02","7","2018","2","40.381226","-80.172851","1730","11","0","0","0","0","0","1","0","0","","0","0","0","","","0","","1","","40 22:52.412","","0","80 10:22.262","0","0","0","0","2119","0","0","0","N","0","0","0","3","02119","0","","1.0","","1","N","N","","0","","0","0","0","","3","","","2","0","0","0","0","0","0","1","1","2","","","","N","","","","","","","","","",""
"2018078191","","2","0","0","0","0","0","0","0","0","1","0","","02","7","2018","5","40.366319","-79.821603","0832","11","0","0","0","0","0","0","0","0","2","0","0","0","","","1","","0","","40 21:58.748","5","0","79 49:17.770","8","0","0","0","2111","0","0","0","N","0","0","0","4","02111","0","","1.0","","1","N","N","","0","","0","0","0","","0","N","","2","1","0","0","0","1","0","2","0","2","","","","N","","","","","","","","","",""
"2018069975","","1","0","0","0","0","0","0","0","0","4","0","","02","7","2018","2","40.452196","-79.752542","1112","11","0","0","0","0","0","1","0","0","2","0","0","0","","","1","","2","","40 27:07.905","7","0","79 45:09.151","4","0","0","0","2446","0","0","0","N","0","0","0","3","02446","1","","1.0","","1","N","N","","1","","0","0","0","","3","Y","","2","1","0","0","0","0","0","2","0","2","","","","N","","","","","","","","","",""
"2018075531","","4","0","0","0","0","0","0","0","0","5","0","","02","7","2018","5","40.39931","-80.024914","0012","11","0","0","0","0","0","0","0","0","","0","0","0","","","0","","0","","40 23:57.517","","0","80 01:29.692","0","0","0","0","2301","0","0","0","N","0","0","0","2","02301","0","","1.0","","1","N","N","","0","","0","0","0","","0","","","4","0","0","0","0","0","0","2","0","4","","","","N","","","","","","","","","",""
"2018070250","","1","0","0","0","0","0","0","0","0","7","0","","02","7","2018","3","40.424636","-79.966611","2131","11","0","0","0","0","0","0","0","0","9","0","0","0","","","0","","0","","40 25:28.690","3","0","79 57:59.800","9","0","0","0","2301","0","0","0","N","0","0","0","2","02301","0","","5.0","","1","N","N","","0","","0","0","0","","0","N","","1","0","0","0","0","0","1","2","0","1","","","","N","","","","","","","","","",""