"CRN","ARRIVAL_TM","AUTOMOBILE_COUNT","BELTED_DEATH_COUNT","BELTED_SUSP_SERIOUS_INJ_COUNT","BICYCLE_COUNT","BICYCLE_DEATH_COUNT","BICYCLE_SUSP_SERIOUS_INJ_COUNT","BUS_COUNT","CHLDPAS_DEATH_COUNT","CHLDPAS_SUSP_SERIOUS_INJ_COUNT","COLLISION_TYPE","COMM_VEH_COUNT","CONS_ZONE_SPD_LIM","COUNTY","CRASH_MONTH","CRASH_YEAR","DAY_OF_WEEK","DEC_LATITUDE","DEC_LONGITUDE","DISPATCH_TM","DISTRICT","DRIVER_COUNT_16YR","DRIVER_COUNT_17YR","DRIVER_COUNT_18YR","DRIVER_COUNT_19YR","DRIVER_COUNT_20YR","DRIVER_COUNT_50_64YR","DRIVER_COUNT_65_74YR","DRIVER_COUNT_75PLUS","EST_HRS_CLOSED","FATAL_COUNT","HEAVY_TRUCK_COUNT","HORSE_BUGGY_COUNT","HOUR_OF_DAY","ILLUMINATION","INJURY_COUNT","INTERSECTION_RELATED","INTERSECT_TYPE","LANE_CLOSED","LATITUDE","LN_CLOSE_DIR","LOCATION_TYPE","LONGITUDE","MAX_SEVERITY_LEVEL","MCYCLE_DEATH_COUNT","MCYCLE_SUSP_SERIOUS_INJ_COUNT","MOTORCYCLE_COUNT","MUNICIPALITY","NONMOTR_COUNT","NONMOTR_DEATH_COUNT","NONMOTR_SUSP_SERIOUS_INJ_COUNT","NTFY_HIWY_MAINT","PED_COUNT","PED_DEATH_COUNT","PED_SUSP_SERIOUS_INJ_COUNT","PERSON_COUNT","POLICE_AGCY","POSSIBLE_INJ_COUNT","RDWY_SURF_TYPE_CD","RELATION_TO_ROAD","ROADWAY_CLEARED","ROAD_CONDITION","SCH_BUS_IND","SCH_ZONE_IND","SECONDARY_CRASH","SMALL_TRUCK_COUNT","SPEC_JURIS_CD","SUSP_MINOR_INJ_COUNT","SUSP_SERIOUS_INJ_COUNT","SUV_COUNT","TCD_FUNC_CD","TCD_TYPE","TFC_DETOUR_IND","TIME_OF_DAY","TOTAL_UNITS","TOT_INJ_COUNT","UNBELTED_OCC_COUNT","UNB_DEATH_COUNT","UNB_SUSP_SERIOUS_INJ_COUNT","UNK_INJ_DEG_COUNT","UNK_INJ_PER_COUNT","URBAN_RURAL","VAN_COUNT","VEHICLE_COUNT","WEATHER1","WEATHER2","WORKERS_PRES","WORK_ZONE_IND","WORK_ZONE_LOC","WORK_ZONE_TYPE","WZ_CLOSE_DETOUR","WZ_FLAGGER","WZ_LAW_OFFCR_IND","WZ_LN_CLOSURE","WZ_MOVING","WZ_OTHER","WZ_SHLDER_MDN","WZ_WORKERS_INJ_KILLED"
"2018059412","","2","0","0","0","0","0","0","0","0","2","0","","02","6","2018","7","40.399547","-79.83588","1544","11","0","0","0","0","0","1","1","0","1","0","0","0","","","0","","1","","40 23:58.369","4","0","79 50:09.168","0","0","0","0","2425","0","0","0","N","0","0","0","6","02425","0","","1.0","","1","N","N","","0","","0","0","0","","3","Y","","2","0","1","0","0","0","0","2","0","2","","","","N","","","","","","","","","",""
"2018138759","","0","0","0","0","0","0","0","0","0","7","0","","02","12","2018","1","40.531853","-80.191137","0009","11","0","0","0","0","0","0","1","0","1","0","0","0","","","0","","0","","40 31:54.671","1","0","80 11:28.094","0","0","0","0","2213","0","0","0","N","0","0","0","1","02213","0","","3.0","","9","N","N","","0","","0","0","1","","0","Y","","1","0","0","0","0","0","0","2","0","1","","","","N","","","","","","","","","",""
"2018060682","","1","0","0","0","0","0","0","0","0","4","0","","02","6","2018","3","40.525597","-80.005431","1351","11","0","0","0","0","0","0","1","0","","0","0","0","","","1","","0","","40 31:32.150","","7","80 00:19.552","8","0","0","0","2116","0","0","0","N","0","0","0","4","02116","0","","1.0","","1","N","N","","0","","0","0","1","","0","","","2","1","0","0","0","1","0","2","0","2","","","","N","","","","","","","","","",""
"2018061248","","2","0","0","0","0","0","0","0","0","4","0","","02","6","2018","1","40.50074","-80.073877","1316","11","0","0","0","0","0","0","0","0","2","0","0","0","","","3","","2","","40 30:02.664","4","0","80 04:25.957","8","0","0","0","2402","0","0","0","N","0","0","0","3","02402","0","","1.0","","1","N","N","","0","","0","0","0","","0","Y","","2","3","0","0","0","3","0","2","0","2","","","","N","","","","","","","","","",""
"2018004586","","1","0","0","0","0","0","0","0","0","7","0","","02","1","2018","1","40.393858","-79.845773","2048","11","0","0","0","0","0","0","0","0","1","0","0","0","","","0","","0","","40 23:37.887","3","0","79 50:44.781","0","0","0","0","2425","0","0","0","N","0","0","0","1","02425","0","","5.0","","2","N","N","","0","","0","0","0","","0","N","","1","0","0","0","0","0","0","2","0","1","","","","N","","","","","","","","","",""
"2018136785","","2","0","0","0","0","0","0","0","0","2","0","","02","12","2018","6","40.459223","-79.970688","0151","11","0","0","0","0","0","0","0","0","","0","0","0","","","0","","1","","40 27:33.204","","0","79 58:14.477","0","0","0","0","2301","0","0","0","N","0","0","0","2","02301","0","","1.0","","9","N","N","","0","","0","0","0","","2","","","2","0","0","0","0","0","0","2","0","2","","","","N","","","","","","","","","",""
"2018139738","","3","0","0","0","0","0","0","0","0","1","0","","02","12","2018","1","40.408402","-80.004642","1420","11","0","0","0","0","0","1","0","0","1","0","0","0","","","0","","0","","40 24:30.248","1","0","80 00:16.712","0","0","0","0","2301","0","0","0","N","0","0","0","5","02301","0","","1.0","","1","N","N","","0","","0","0","0","","0","N","","3","0","0","0","0","0","0","2","0","3","","","","N","","","","","","","","","",""
"2018060474","","0","0","0","0","0","0","0","0","0","4","0","","02","6","2018","3","40.462619","-80.031189","2207","11","0","0","0","0","0","0","1","0","1","0","0","0","","","0","","0","","40 27:45.428","1","0","80 01:52.279","0","0","0","0","2301","0","0","0","N","0","0","0","3","02301","0","","1.0","","1","N","N","","0","","0","0","1","","9","N","","2","0","0","0","0","0","0","2","1","2","","","","N","","","","","","","","","",""
"2018138731","","1","0","0","0","0","0","0","0","0","7","0","","02","12","2018","3","40.396649","-79.793576","2110","11","0","0","0","0","0","0","0","0","","0","0","0","","","0","","0","","40 23:47.935","","0","79 47:36.875","0","0","0","0","2446","0","0","0","Y","0","0","0","1","02446","0","","7.0","","1","N","N","","0","","0","0","0","","0","","","1","0","1","0","0","0","0","2","0","1","","","","N","","","","","","","","","",""
"2018138161","","0","0","0","0","0","0","0","0","0","1","0","","02","12","2018","5","40.319751","-80.119247","1530","11","0","0","0","1","0","1","0","0","2","0","0","0","","","0","","0","","40 19:11.103","4","0","80 07:09.288","0","0","0","0","2119","0","0","0","N","0","0","0","2","02119","0","","1.0","","9","N","N","","1","","0","0","1","","0","N","","2","0","0","0","0","0","0","2","0","2","","","","N","","","","","","","","","",""
"2018139756","","2","0","0","0","0","0","0","0","0","4","0","","02","12","2018","2","40.426064","-79.980822","0929","11","0","0","0","0","0","1","0","1","","0","0","0","","","0","","1","","40 25:33.832","","0","79 58:50.959","0","0","0","0","2301","0","0","0","N","0","0","0","2","02301","0","","1.0","","9","N","N","","0","","0","0","0","","3","","","2","0","0","0","0","0","0","2","0","2","","","","N","","","","","","","","","",""
"2018138389","","0","0","1","0","0","0","0","0","0","4","0","","02","12","2018","2","40.566143","-79.859438","2036","11","0","0","0","0","0","1","0","0","","0","0","0","","","1","","3","","40 33:58.114","","0","79 51:33.976","2","0","0","0","2209","0","0","0","N","0","0","0","7","02209","0","","1.0","","1","N","N","","0","","0","1","1","","3","","","2","1","0","0","0","0","0","2","1","2","","","","N","","","","","","","","","",""
"2018139199","","1","0","0","0","0","0","0","0","0","7","0","","02","12","2018","6","40.33066","-79.951475","1911","11","0","0","0","0","0","0","0","0","2","0","0","0","","","0","","2","","40 19:50.375","3","0","79 57:05.309","0","0","0","0","2454","0","0","0","N","0","0","0","1","02454","0","","4.0","","9","N","N","","0","","0","0","0","","0","Y","","1","0","0","0","0","0","0","2","0","1","","","","N","","","","","","","","","",""
"2018131472","","2","0","0","0","0","0","0","0","0","4","0","","02","12","2018","7","40.624496","-80.06008","1922","11","0","0","0","0","0","0","0","0","1","0","0","0","","","0","","0","","40 37:28.184","3","7","80 03:36.287","0","0","0","0","2212","0","0","0","N","0","0","0","4","02505","0","","1.0","","1","N","N","","0","","0","0","0","","0","N","","2","0","0","0","0","0","0","2","0","2","","","","N","","","","","","","","","",""
"2018138162","","2","0","0","0","0","0","0","0","0","2","0","","02","12","2018","7","40.535614","-79.990747","0050","11","0","0","0","0","0","0","0","0","1","0","0","0","","","2","","0","","40 32:08.209","5","0","79 59:26.689","3","0","0","0","2116","0","0","0","N","0","0","0","3","02116","0","","1.0","","9","N","N","","0","","2","0","0","","0","N","","2","2","0","0","0","0","0","2","0","2","","","","N","","","","","","","","","",""
"2018139573","","1","0","0","0","0","0","0","0","0","1","0","","02","12","2018","6","40.501592","-80.075325","0943","11","0","0","0","0","0","1","1","0","1","0","0","0","","","0","","1","","40 30:05.731","2","0","80 04:31.171","0","0","0","0","2405","0","0","0","N","0","0","0","3","02215","0","","1.0","","9","N","N","","0","","0","0","1","","2","N","","2","0","0","0","0","0","0","2","0","2","","","","N","","","","","","","","","",""
"2018138562","","1","0","0","0","0","0","0","0","0","1","0","","02","12","2018","6","40.35329","-80.050185","1410","11","0","0","0","0","0","0","1","0","2","0","0","0","","","0","","0","","40 21:11.845","1","0","80 03:00.667","0","0","0","0","2109","0","0","0","N","0","0","0","2","02109","0","","1.0","","1","N","N","","0","","0","0","1","","0","N","","2","0","0","0","0","0","0","2","0","2","","","","N","","","","","","","","","",""
"2018135428","","1","0","0","0","0","0","0","0","0","4","0","","02","12","2018","3","40.460482","-79.969618","1036","11","0","0","0","0","0","0","1","0","2","0","0","0","","","0","","1","","40 27:37.736","1","0","79 58:10.624","0","0","0","0","2301","0","0","0","N","0","0","0","3","02301","0","","1.0","","1","N","N","","1","","0","0","0","","0","N","","2","0","0","0","0","0","0","2","0","2","","","","N","","","","","","","","","",""
"2018138169","","0","0","0","0","0","0","0","0","0","1","0","","02","12","2018","2","40.271142","-79.898705","0716","11","0","0","0","1","0","0","0","0","1","0","0","0","","","0","","2","","40 16:16.110","2","0","79 53:55.338","0","0","0","0","2471","0","0","0","N","0","0","0","2","02428","0","","1.0","","1","N","N","","0","","0","0","2","","0","N","","2","0","0","0","0","0","0","2","0","2","","","","N","","","","","","","","","",""
"2018135434","","0","0","0","0","0","0","0","0","0","7","0","","02","12","2018","2","40.456833","-80.030167","1406","11","0","0","0","0","0","0","0","0","1","0","0","0","","","0","","0","","40 27:24.600","3","6","80 01:48.600","0","0","0","0","2301","0","0","0","N","0","0","0","1","02301","0","","5.0","","1","N","N","","0","","0","0","1","","0","N","","1","0","0","0","0","0","0","2","0","1","","","","N","","","","","","","","","",""
"2018138580","","0","0","0","0","0","0","0","0","0","4","0","","02","12","2018","6","40.527369","-80.022461","0248","11","0","0","0","0","0","0","0","0","1","0","0","0","","","0","","2","","40 31:38.530","5","0","80 01:20.858","0","0","0","0","2116","0","0","0","N","0","0","0","1","02116","0","","4.0","","9","N","N","","0","","0","0","2","","0","N","","2","0","0","0","0","0","0","2","0","2","","","","N","","","","","","","","","",""
"2018139393","","2","0","0","0","0","0","0","0","0","2","0","","02","12","2018","6","40.495164","-80.02859","1551","11","0","0","0","0","0","1","0","0","1","0","0","0","","","1","","0","","40 29:42.589","4","0","80 01:42.923","8","0","0","0","2116","0","0","0","N","0","0","0","3","02116","0","","1.0","","9","N","N","","1","","0","0","0","","0","N","","3","1","0","0","0","1","0","2","0","3","","","","N","","","","","","","","","",""
"2018135450","","1","0","0","0","0","0","0","0","0","1","0","","02","12","2018","2","40.629538","-80.014621","1147","11","0","0","0","0","0","1","0","1","","0","0","0","","","0","","2","","40 37:46.335","","0","80 00:52.636","0","0","0","0","2216","0","0","0","N","0","0","0","4","02505","0","","1.0","","1","N","N","","0","","0","0","2","","3","","","3","0","0","0","0","0","0","2","0","3","","","","N","","","","","","","","","",""
"2018138246","","2","0","0","0","0","0","0","0","0","1","0","","02","12","2018","6","40.586466","-80.03992","1712","11","0","0","0","0","0","1","1","0","","0","0","0","","","0","","0","","40 35:11.279","","0","80 02:23.711","0","0","0","0","2108","0","0","0","N","0","0","0","4","02108","0","","1.0","","9","N","N","","0","","0","0","1","","0","","","3","0","3","0","0","0","0","2","0","3","","","","N","","","","","","","","","",""
"2018138950","","1","0","0","0","0","0","0","0","0","8","0","","02","12","2018","6","40.442248","-79.995264","0952","11","0","0","0","0","0","0","0","0","","0","0","0","","","1","","0","","40 26:32.093","","0","79 59:42.951","2","0","0","0","2301","1","0","1","N","1","0","1","2","02301","0","","1.0","","1","N","N","","0","","0","1","0","","0","","","2","1","0","0","0","0","0","2","0","1","","","","N","","","","","","","","","",""
"2018090562","","0","0","0","0","0","0","0","0","0","0","1","","02","8","2018","2","40.266206","-79.891333","0831","11","0","0","0","0","0","0","0","0","","0","1","0","","","0","","0","","40 15:58.340","","0","79 53:28.798","0","0","0","0","2428","0","0","0","N","0","0","0","2","02428","0","","1.0","","1","N","N","","0","","0","0","1","","0","","","2","0","0","0","0","0","0","2","0","2","","","","N","","","","","","","","","",""
"2018138290","","0","0","0","0","0","0","0","0","0","8","0","","02","12","2018","6","40.429202","-79.79297","1136","11","0","0","0","0","0","0","1","0","2","0","0","0","","","1","","0","","40 25:45.127","3","7","79 47:34.691","4","0","0","0","2446","1","0","0","N","1","0","0","2","02446","1","","6.0","","9","N","N","","0","","0","0","1","","0","N","","2","1","0","0","0","0","0","2","0","1","","","","N","","","","","","","","","",""
"2018139590","","1","0","0","0","0","0","0","0","0","1","0","","02","12","2018","7","40.513856","-79.951587","1916","11","0","0","1","0","0","0","0","0","2","0","0","0","","","0","","2","","40 30:49.883","2","0","79 57:05.714","0","0","0","0","2118","0","0","0","N","0","0","0","2","02118","0","","1.0","","1","N","N","","1","","0","0","0","","2","N","","2","0","1","0","0","0","0","2","0","2","","","","N","","","","","","","","","",""
"2018138243","","1","0","0","0","0","0","0","0","0","99","0","","02","12","2018","3","40.489575","-79.930121","1444","11","0","0","0","0","0","0","0","0","","0","0","0","","","0","","0","","40 29:22.469","","0","79 55:48.434","0","0","0","0","2301","0","0","0","N","0","0","0","4","02301","0","","1.0","","1","N","N","","0","","0","0","1","","0","","","2","0","0","0","0","0","0","2","0","2","","","","N","","","","","","","","","",""
"2018138757","","1","0","0","0","0","0","0","0","0","1","0","","02","12","2018","7","40.457372","-80.184087","1428","11","0","0","0","0","1","1","0","0","","0","0","0","","","0","","2","","40 27:26.538","","0","80 11:02.712","0","0","0","0","2213","0","0","0","N","0","0","0","2","02213","0","","1.0","","9","N","N","","0","","0","0","1","","0","","","2","0","0","0","0","0","0","2","0","2","","","","N","","","","","","","","","",""
"2018135634","","0","0","0","0","0","0","0","0","0","1","0","","02","12","2018","3","40.410722","-79.918528","1255","11","0","0","0","0","0","1","0","0","2","0","0","0","","","2","","0","","40 24:38.600","2","3","79 55:06.700","3","0","0","0","2438","0","0","0","N","0","0","0","3","02438","0","","1.0","","1","N","N","","1","","2","0","2","","0","N","","3","2","0","0","0","0","0","2","0","3","","","","N","","","","","","","","","",""
"2018138328","","2","0","0","0","0","0","0","0","0","1","0","","02","12","2018","7","40.458267","-79.918512","2310","11","0","0","0","0","0","1","0","0","2","0","0","0","","","0","","0","","40 27:29.762","5","7","79 55:06.643","0","0","0","0","2301","0","0","0","N","0","0","0","5","02301","0","","1.0","","1","N","N","","0","","0","0","1","","2","Y","","3","0","0","0","0","0","0","2","0","3","","","","N","","","","","","","","","",""
"2018137726","","1","0","0","0","0","0","0","0","0","7","0","","02","12","2018","2","40.278492","-79.855916","0031","11","0","0","0","0","0","0","0","0","3","0","0","0","","","0","","2","","40 16:42.572","6","0","79 51:21.296","0","0","0","0","2443","0","0","0","N","0","0","0","1","02443","0","","5.0","","9","N","N","","0","","0","0","0","","0","Y","","1","0","1","0","0","0","0","1","0","1","","","","N","","","","","","","","","",""
"2018138248","","0","0","0","0","0","0","0","0","0","1","0","","02","12","2018","6","40.602931","-80.049924","1045","11","0","0","0","0","0","1","0","0","2","0","0","0","","","1","","0","","40 36:10.550","2","0","80 02:59.727","2","0","0","0","2108","0","0","0","N","0","0","0","3","02108","0","","1.0","","1","N","N","","0","","0","1","3","","0","N","","3","1","0","0","0","0","0","2","0","3","","","","N","","","","","","","","","",""
"2018138953","","1","0","0","0","0","0","0","0","0","1","0","","02","12","2018","2","40.315316","-80.02923","1818","11","0","0","0","0","0","2","0","0","","0","0","0","","","2","","0","","40 18:55.139","","0","80 01:45.229","3","0","0","0","2407","0","0","0","N","0","0","0","4","02407","0","","1.0","","1","N","N","","1","","2","0","1","","0","","","3","2","0","0","0","0","0","2","0","3","","","","N","","","","","","","","","",""
"2018135695","","3","0","0","0","0","0","0","0","0","4","0","","02","12","2018","3","40.436907","-79.852024","1758","11","0","0","0","0","0","0","1","1","1","0","0","0","","","0","","2","","40 26:12.865","3","0","79 51:07.286","0","0","0","0","2419","0","0","0","N","0","0","0","3","02431","0","","1.0","","1","N","N","","0","","0","0","0","","0","N","","3","0","0","0","0","0","0","2","0","3","","","","N","","","","","","","","","",""
"2018137727","","1","0","0","0","0","0","0","0","0","7","0","","02","12","2018","6","40.451549","-80.108783","0217","11","0","0","0","0","0","0","0","0","","0","0","0","","","0","","0","","40 27:05.578","","0","80 06:31.619","0","0","0","0","2126","0","0","0","N","0","0","0","2","02126","0","","2.0","","9","N","N","","0","","0","0","0","","0","","","1","0","0","0","0","0","0","2","0","1","","","","N","","","","","","","","","",""
"2018138563","","2","0","0","0","0","0","0","0","0","4","0","","02","12","2018","4","40.392414","-80.067443","0920","11","0","0","0","0","0","1","0","1","","0","0","0","","","0","N","0","","40 23:32.691","","7","80 04:02.794","0","0","0","0","2109","0","0","0","N","0","0","0","2","02109","0","","1.0","","1","N","N","N","0","","0","0","0","","0","","","2","0","0","0","0","0","0","2","0","2","","","","N","","","","","","","","","",""
"2018137728","","0","0","0","0","0","0","0","0","0","8","0","","02","12","2018","6","40.366696","-80.014397","0730","11","0","0","0","0","0","1","0","0","1","0","0","0","","","1","","1","","40 22:00.106","2","0","80 00:51.829","2","0","0","0","2416","1","0","1","N","1","0","1","2","02416","0","","1.0","","1","N","N","","1","","0","1","0","","2","N","","2","1","0","0","0","0","0","2","0","1","","","","N","","","","","","","","","",""
"2018138409","","1","0","0","0","0","0","0","0","0","1","0","","02","10","2018","6","40.428515","-79.946306","1936","11","0","0","0","0","0","0","0","0","1","0","0","0","","","0","","0","","40 25:42.655","3","0","79 56:46.701","0","0","0","0","2301","0","0","0","N","0","0","0","4","68B03","0","","1.0","","9","N","N","","0","","0","0","1","","0","N","","3","0","0","0","0","0","0","2","1","3","","","","N","","","","","","","","","",""
"2018135722","","0","0","0","0","0","0","0","0","0","4","0","","02","12","2018","3","40.528705","-80.269213","1929","11","0","1","0","0","0","1","0","0","1","0","0","0","","","0","","2","","40 31:43.337","4","0","80 16:09.166","0","0","0","0","2203","0","0","0","N","0","0","0","3","02203","0","","1.0","","1","N","N","","0","","0","0","2","","0","N","","2","0","0","0","0","0","0","2","0","2","","","","N","","","","","","","","","",""
"2018138565","","2","0","0","0","0","0","0","0","0","4","0","","02","12","2018","5","40.375865","-80.067432","1419","11","0","0","0","0","0","0","0","2","","0","0","0","","","0","","0","","40 22:33.114","","7","80 04:02.755","0","0","0","0","2109","0","0","0","N","0","0","0","2","02109","0","","1.0","","1","N","N","","0","","0","0","0","","0","","","2","0","0","0","0","0","0","2","0","2","","","","N","","","","","","","","","",""
"2018138411","","1","0","0","0","0","0","0","0","0","1","0","","02","11","2018","5","40.494808","-80.124744","1806","11","0","0","0","0","0","0","0","1","","0","0","0","","","1","","0","","40 29:41.309","","0","80 07:29.080","3","0","0","0","2115","0","0","0","N","0","0","0","5","68B03","0","","1.0","","9","N","N","","1","","1","0","1","","0","","","3","1","0","0","0","0","0","2","0","3","","","","N","","","","","","","","","",""
"2018136692","","2","0","0","0","0","0","0","0","0","1","0","","02","12","2018","5","40.418909","-80.006385","2155","11","0","0","0","0","1","0","0","0","","0","0","0","","","0","","0","","40 25:08.072","","4","80 00:22.985","0","0","0","0","2301","0","0","0","N","0","0","0","3","02301","0","","1.0","","9","N","N","","0","","0","0","0","","0","","","2","0","0","0","0","0","0","2","0","2","","","","N","","","","","","","","","",""
"2018138566","","2","0","0","0","0","0","0","0","0","2","0","","02","12","2018","7","40.375581","-80.068953","2035","11","0","0","0","1","0","0","0","0","2","0","0","0","","","2","","0","","40 22:32.090","6","0","80 04:08.230","4","0","0","0","2109","0","0","0","N","0","0","0","3","02109","1","","1.0","","1","N","N","","0","","0","0","0","","0","N","","2","2","1","0","0","1","0","2","0","2","","","","N","","","","","","","","","",""
"2018135828","","1","0","0","0","0","0","0","0","0","7","0","","02","12","2018","4","40.432013","-79.932638","0044","11","0","0","0","0","0","0","0","0","","0","0","0","","","0","","1","","40 25:55.248","","0","79 55:57.496","0","0","0","0","2301","0","0","0","N","0","0","0","2","02301","0","","5.0","","1","N","N","","0","","0","0","0","","0","","","1","0","1","0","0","0","0","2","0","1","","","","N","","","","","","","","","",""
"2018136707","","1","0","0","0","0","0","0","0","0","4","0","","02","12","2018","5","40.482638","-79.765304","1818","11","0","1","0","0","0","0","0","1","2","0","0","0","","","0","","2","","40 28:57.496","6","0","79 45:55.094","0","0","0","0","2466","0","0","0","N","0","0","0","2","02466","0","","1.0","","9","N","N","","0","","0","0","1","","0","Y","","2","0","0","0","0","0","0","2","0","2","","","","N","","","","","","","","","",""
"2018138609","","2","0","0","0","0","0","0","0","0","4","0","","02","12","2018","5","40.53606","-80.03596","1042","11","0","0","0","0","0","0","0","1","","0","0","0","","","0","","2","","40 32:09.816","","0","80 02:09.457","0","0","0","0","2116","0","0","0","N","0","0","0","2","02116","0","","1.0","","1","","","","0","","0","0","0","","3","","","2","0","0","0","0","0","0","2","0","2","","","","N","","","","","","","","","",""
"2018137581","","1","0","0","0","0","0","0","0","0","6","0","","02","12","2018","1","40.461557","-79.923384","1409","11","0","0","0","0","0","1","1","0","","0","0","0","","","1","","1","","40 27:41.605","","0","79 55:24.182","4","0","0","0","2301","0","0","0","N","0","0","0","2","02301","1","","1.0","","1","N","N","","0","","0","0","1","","3","","","2","1","0","0","0","0","0","2","0","2","","","","N","","","","","","","","","",""
"2018135855","","2","0","0","0","0","0","0","0","0","4","0","","02","12","2018","2","40.448964","-80.162739","1137","11","0","0","0","0","0","1","1","0","","0","0","0","","","0","","1","","40 26:56.270","","0","80 09:45.860","0","0","0","0","2115","0","0","0","N","0","0","0","3","02115","0","","1.0","","1","N","N","","0","","0","0","0","","0","","","2","0","0","0","0","0","0","2","0","2","","","","N","","","","","","","","","",""
"2018136761","","0","0","0","0","0","0","0","0","0","7","0","","02","12","2018","4","40.539905","-79.825135","1536","11","0","0","0","0","0","0","0","1","","0","0","0","","","0","","0","","40 32:23.658","","8","79 49:30.485","0","0","0","0","2208","0","0","0","N","0","0","0","1","68T02","0","","2.0","","1","N","N","","0","","0","0","1","","0","","","1","0","0","0","0","0","0","2","0","1","","","","N","","","","","","","","","",""
"2018138614","","1","0","0","0","0","0","0","0","0","1","0","","02","12","2018","7","40.2902","-80.02807","1715","11","0","0","0","0","0","1","0","0","","0","0","0","","","1","","0","","40 17:24.720","","0","80 01:41.051","3","0","0","0","2219","0","0","0","N","0","0","0","6","02219","0","","1.0","","1","N","N","","0","","1","0","2","","0","","","3","1","0","0","0","0","0","2","0","3","","","","N","","","","","","","","","",""
"2018139430","","3","0","0","0","0","0","0","0","0","2","0","","02","12","2018","7","40.481934","-79.889151","1650","11","0","0","0","0","0","1","0","1","2","0","0","0","","","3","","0","","40 28:54.962","5","0","79 53:20.945","2","0","0","0","2301","0","0","0","N","0","0","0","4","02301","0","","1.0","","1","N","N","","0","","2","1","0","","0","N","","3","3","0","0","0","0","0","2","0","3","","","","N","","","","","","","","","",""
"2018135927","","1","0","0","0","0","0","0","0","0","8","0","","02","12","2018","4","40.472636","-79.958918","0900","11","0","0","0","0","0","0","0","0","2","0","0","0","","","1","","1","","40 28:21.491","7","0","79 57:32.105","8","0","0","0","2301","1","0","0","N","1","0","0","2","02301","0","","1.0","","9","N","N","","0","","0","0","0","","2","Y","","2","1","0","0","0","1","0","2","0","1","","","","N","","","","","","","","","",""
"2018136822","","1","0","0","0","0","0","0","0","0","8","0","","02","12","2018","6","40.428279","-79.972265","0716","11","0","0","0","0","0","0","0","0","","0","0","0","","","1","","0","","40 25:41.804","","0","79 58:20.154","4","0","0","0","2301","1","0","0","N","1","0","0","2","02301","1","","1.0","","9","N","N","","0","","0","0","0","","0","","","2","1","0","0","0","0","0","2","0","1","","","","N","","","","","","","","","",""
"2018138760","","0","0","0","0","0","0","0","0","0","7","0","","02","12","2018","6","40.504131","-80.194531","1823","11","0","0","0","0","0","0","0","0","","0","0","0","","","1","","0","","40 30:14.871","","0","80 11:40.312","4","0","0","0","2213","0","0","0","N","0","0","0","1","02213","1","","4.0","","9","N","N","","0","","0","0","1","","0","","","1","1","0","0","0","0","0","2","0","1","","","","N","","","","","","","","","",""
"2018136037","","0","0","0","0","0","0","0","0","0","7","0","","02","12","2018","3","40.554749","-79.780807","1929","11","0","0","0","1","0","0","0","0","2","0","0","0","","","0","","0","","40 33:17.096","6","0","79 46:50.905","0","0","0","0","2121","0","0","0","N","0","0","0","2","02121","0","","5.0","","9","","","","1","","0","0","0","","0","N","","1","0","0","0","0","0","0","1","0","1","","","","N","","","","","","","","","",""
"2018137601","","1","0","0","0","0","0","0","0","0","6","0","","02","12","2018","4","40.383623","-79.808907","1636","11","0","1","0","0","0","0","0","0","","0","0","0","","","0","","2","","40 23:01.042","","0","79 48:32.065","0","0","0","0","2424","0","0","0","N","0","0","0","1","02424","0","","1.0","","1","N","N","","1","","0","0","0","","0","","","2","0","0","0","0","0","0","2","0","2","","","","N","","","","","","","","","",""
"2018137747","","0","0","0","0","0","0","0","0","0","8","0","","02","12","2018","2","40.318739","-79.941206","0211","11","0","0","0","0","0","1","0","0","3","1","0","0","","","0","","0","","40 19:07.460","5","0","79 56:28.341","1","0","0","0","2454","1","1","0","N","1","1","0","3","02454","0","2","1.0","","9","N","N","","1","0","0","0","0","","0","N","","2","0","1","0","0","0","0","2","0","1","","","","N","","","","","","","","","",""
"2018137930","","3","0","0","0","0","0","0","0","0","7","0","","02","12","2018","2","40.48851","-79.922984","1806","11","0","0","0","0","0","1","0","0","1","0","0","0","","","0","","0","","40 29:18.635","6","0","79 55:22.743","0","0","0","0","2301","0","0","0","N","0","0","0","1","02301","0","","5.0","","1","N","N","","0","","0","0","0","","0","Y","","3","0","0","0","0","0","0","2","0","3","","","","N","","","","","","","","","",""
"2018139435","","1","0","0","0","0","0","0","0","0","7","0","","02","12","2018","7","40.453987","-79.997852","2023","11","0","0","0","0","0","1","0","0","","0","0","0","","","0","","1","","40 27:14.353","","0","79 59:52.267","0","0","0","0","2301","0","0","0","N","0","0","0","1","02301","0","","4.0","","1","N","N","","0","","0","0","0","","2","","","1","0","1","0","0","0","0","2","0","1","","","","N","","","","","","","","","",""
"2018064981","","1","0","0","0","0","0","0","0","0","4","0","","02","6","2018","4","40.403686","-79.909106","2318","11","0","1","0","0","0","0","0","0","2","0","0","0","","","1","","1","","40 24:13.268","1","0","79 54:32.780","8","0","0","0","2438","0","0","0","N","0","0","0","2","02438","0","","1.0","","1","N","N","","0","","0","0","1","","3","N","","2","1","0","0","0","1","0","2","0","2","","","","N","","","","","","","","","",""