"CRN","ARRIVAL_TM","AUTOMOBILE_COUNT","BELTED_DEATH_COUNT","BELTED_SUSP_SERIOUS_INJ_COUNT","BICYCLE_COUNT","BICYCLE_DEATH_COUNT","BICYCLE_SUSP_SERIOUS_INJ_COUNT","BUS_COUNT","CHLDPAS_DEATH_COUNT","CHLDPAS_SUSP_SERIOUS_INJ_COUNT","COLLISION_TYPE","COMM_VEH_COUNT","CONS_ZONE_SPD_LIM","COUNTY","CRASH_MONTH","CRASH_YEAR","DAY_OF_WEEK","DEC_LATITUDE","DEC_LONGITUDE","DISPATCH_TM","DISTRICT","DRIVER_COUNT_16YR","DRIVER_COUNT_17YR","DRIVER_COUNT_18YR","DRIVER_COUNT_19YR","DRIVER_COUNT_20YR","DRIVER_COUNT_50_64YR","DRIVER_COUNT_65_74YR","DRIVER_COUNT_75PLUS","EST_HRS_CLOSED","FATAL_COUNT","HEAVY_TRUCK_COUNT","HORSE_BUGGY_COUNT","HOUR_OF_DAY","ILLUMINATION","INJURY_COUNT","INTERSECTION_RELATED","INTERSECT_TYPE","LANE_CLOSED","LATITUDE","LN_CLOSE_DIR","LOCATION_TYPE","LONGITUDE","MAX_SEVERITY_LEVEL","MCYCLE_DEATH_COUNT","MCYCLE_SUSP_SERIOUS_INJ_COUNT","MOTORCYCLE_COUNT","MUNICIPALITY","NONMOTR_COUNT","NONMOTR_DEATH_COUNT","NONMOTR_SUSP_SERIOUS_INJ_COUNT","NTFY_HIWY_MAINT","PED_COUNT","PED_DEATH_COUNT","PED_SUSP_SERIOUS_INJ_COUNT","PERSON_COUNT","POLICE_AGCY","POSSIBLE_INJ_COUNT","RDWY_SURF_TYPE_CD","RELATION_TO_ROAD","ROADWAY_CLEARED","ROAD_CONDITION","SCH_BUS_IND","SCH_ZONE_IND","SECONDARY_CRASH","SMALL_TRUCK_COUNT","SPEC_JURIS_CD","SUSP_MINOR_INJ_COUNT","SUSP_SERIOUS_INJ_COUNT","SUV_COUNT","TCD_FUNC_CD","TCD_TYPE","TFC_DETOUR_IND","TIME_OF_DAY","TOTAL_UNITS","TOT_INJ_COUNT","UNBELTED_OCC_COUNT","UNB_DEATH_COUNT","UNB_SUSP_SERIOUS_INJ_COUNT","UNK_INJ_DEG_COUNT","UNK_INJ_PER_COUNT","URBAN_RURAL","VAN_COUNT","VEHICLE_COUNT","WEATHER1","WEATHER2","WORKERS_PRES","WORK_ZONE_IND","WORK_ZONE_LOC","WORK_ZONE_TYPE","WZ_CLOSE_DETOUR","WZ_FLAGGER","WZ_LAW_OFFCR_IND","WZ_LN_CLOSURE","WZ_MOVING","WZ_OTHER","WZ_SHLDER_MDN","WZ_WORKERS_INJ_KILLED"
"2018137906","","1","0","0","0","0","0","0","0","0","8","0","","02","12","2018","6","40.393817","-80.046315","1905","11","0","0","0","0","0","1","0","0","1","0","0","0","","","1","","1","","40 23:37.740","2","0","80 02:46.733","3","0","0","0","2109","1","0","0","N","1","0","0","3","02109","0","","1.0","","9","N","N","","0","","1","0","0","","2","Y","","2","1","0","0","0","0","0","2","0","1","","","","N","","","","","","","","","",""
"2018138377","","0","0","0","0","0","0","0","0","0","7","0","","02","12","2018","5","40.54043","-79.821503","1954","11","0","0","0","0","0","0","0","0","3","0","0","0","","","0","","0","","40 32:25.547","2","0","79 49:17.412","0","0","0","0","2208","0","0","0","Y","0","0","0","1","02208","0","","3.0","","9","N","N","","1","","0","0","0","","0","Y","","1","0","0","0","0","0","0","2","0","1","","","","N","","","","","","","","","",""
"2018135137","","1","0","0","0","0","0","0","0","0","4","0","","02","12","2018","2","40.456344","-79.891574","1818","11","0","0","0","0","0","0","0","0","2","0","0","0","","","1","","0","","40 27:22.838","6","0","79 53:29.666","8","0","0","0","2301","0","0","0","N","0","0","0","1","02301","0","","2.0","","1","N","N","","0","","0","0","2","","0","Y","","3","1","1","0","0","1","0","2","0","3","","","","N","","","","","","","","","",""
"2018135145","","0","0","0","0","0","0","0","0","0","7","0","","02","12","2018","2","40.388945","-80.088946","0452","11","0","0","0","0","0","0","1","0","2","0","0","0","","","0","","0","","40 23:20.202","2","0","80 05:20.205","0","0","0","0","2437","0","0","0","N","0","0","0","1","02437","0","","4.0","","1","N","N","","0","","0","0","1","","0","Y","","1","0","0","0","0","0","0","2","0","1","","","","N","","","","","","","","","",""
"2018139184","","2","0","0","0","0","0","0","0","0","1","0","","02","12","2018","6","40.44192","-79.857423","1819","11","0","0","0","0","0","0","0","0","1","0","0","0","","","0","","0","","40 26:30.913","2","0","79 51:26.724","0","0","0","0","2419","0","0","0","N","0","0","0","1","02419","0","","1.0","","1","N","N","","0","","0","0","0","","0","N","","2","0","0","0","0","0","0","2","0","2","","","","N","","","","","","","","","",""
"2018119281","","1","0","0","0","0","0","0","0","0","7","0","","02","11","2018","7","40.348324","-80.110225","1925","11","0","0","0","0","0","0","0","0","","0","0","0","","","0","","11","","40 20:53.965","","0","80 06:36.809","0","0","0","0","2119","0","0","0","N","0","0","0","2","02119","0","","5.0","","1","N","N","","0","","0","0","0","","0","","","1","0","0","0","0","0","0","2","0","1","","","","N","","","","","","","","","",""
"2018138005","","2","0","0","0","0","0","0","0","0","1","0","","02","12","2018","3","40.430889","-79.919333","0025","11","0","0","0","0","0","0","0","0","","0","0","0","","","0","","0","","40 25:51.200","","0","79 55:09.600","0","0","0","0","2301","0","0","0","N","0","0","0","1","02301","0","","1.0","","1","N","N","","0","","0","0","0","","0","","","3","0","0","0","0","0","0","2","1","3","","","","N","","","","","","","","","",""
"2018121860","","0","0","0","0","0","0","0","0","0","4","0","","02","11","2018","6","40.451491","-79.953345","1025","11","0","0","0","0","0","0","0","0","","0","0","0","","","2","","1","","40 27:05.366","","0","79 57:12.043","8","0","0","0","2301","0","0","0","N","0","0","0","2","02301","0","","1.0","","9","N","N","","0","","0","0","2","","0","","","2","2","0","0","0","2","0","2","0","2","","","","N","","","","","","","","","",""
"2018124171","","1","0","0","0","0","0","0","0","0","1","0","","02","11","2018","3","40.480722","-79.942139","2021","11","0","0","0","0","0","0","0","0","1","0","0","0","","","0","","0","","40 28:50.600","1","0","79 56:31.700","0","0","0","0","2301","0","0","0","N","0","0","0","2","02301","0","","1.0","","1","N","N","","1","","0","0","0","","0","N","","2","0","0","0","0","0","0","2","0","2","","","","N","","","","","","","","","",""
"2018128078","","1","0","0","0","0","0","0","0","0","7","0","","02","11","2018","6","40.579199","-79.898663","2055","11","0","0","0","0","0","0","0","0","","0","0","0","","","0","","0","","40 34:45.118","","0","79 53:55.188","0","0","0","0","2209","0","0","0","N","0","0","0","2","02209","0","","5.0","","9","N","N","","0","","0","0","0","","0","","","1","0","0","0","0","0","0","2","0","1","","","","N","","","","","","","","","",""
"2018128297","","0","0","0","0","0","0","0","0","0","7","0","","02","12","2018","1","40.447819","-80.018994","0914","11","0","0","0","0","0","0","0","0","2","0","0","0","","","0","","6","","40 26:52.147","1","1","80 01:08.378","0","0","0","0","2301","0","0","0","N","0","0","0","1","02301","0","","4.0","","1","N","N","","0","","0","0","1","","0","N","","1","0","1","0","0","0","0","2","0","1","","","","N","","","","","","","","","",""
"2018138016","","1","0","0","0","0","0","0","0","0","7","0","","02","12","2018","3","40.400717","-80.005196","0208","11","0","1","0","0","0","0","0","0","1","0","0","0","","","1","","0","","40 24:02.581","5","0","80 00:18.706","4","0","0","0","2301","0","0","0","N","0","0","0","1","02301","1","","5.0","","2","N","N","","0","","0","0","0","","0","Y","","1","1","0","0","0","0","0","2","0","1","","","","N","","","","","","","","","",""
"2018121869","","2","0","0","0","0","0","0","0","0","4","0","","02","11","2018","6","40.441547","-80.193295","0908","11","0","0","0","0","0","0","0","0","","0","0","0","","","0","","2","","40 26:29.569","","0","80 11:35.861","0","0","0","0","2214","0","0","0","N","0","0","0","4","02214","0","","1.0","","9","N","N","","0","","0","0","0","","3","","","2","0","0","0","0","0","0","2","0","2","","","","N","","","","","","","","","",""
"2018124212","","3","0","0","0","0","0","0","0","0","1","0","","02","11","2018","3","40.426417","-79.963361","1907","11","0","0","0","0","0","1","0","0","2","0","0","0","","","1","","0","","40 25:35.100","1","0","79 57:48.100","8","0","0","0","2301","0","0","0","N","0","0","0","3","02301","0","","1.0","","1","N","N","","0","","0","0","0","","0","Y","","3","1","0","0","0","1","0","2","0","3","","","","N","","","","","","","","","",""
"2018131528","","1","0","0","0","0","0","0","0","0","7","0","","02","12","2018","1","40.474968","-79.970933","2010","11","0","0","0","0","0","0","0","0","2","0","0","0","","","0","","0","","40 28:29.884","1","0","79 58:15.357","0","0","0","0","2445","0","0","0","N","0","0","0","1","02445","0","","1.0","","2","N","N","","0","","0","0","0","","0","Y","","1","0","0","0","0","0","0","2","0","1","","","","N","","","","","","","","","",""
"2018132752","","0","0","0","0","0","0","0","0","0","4","0","","02","12","2018","1","40.633352","-80.059546","2051","11","0","0","0","0","0","2","0","0","1","0","0","0","","","1","","1","","40 38:00.067","3","0","80 03:34.364","3","0","0","0","2216","0","0","0","N","0","0","0","3","02505","0","","1.0","","1","N","N","","0","","1","0","2","","2","N","","2","1","0","0","0","0","0","2","0","2","","","","N","","","","","","","","","",""
"2018121878","","1","0","0","0","0","0","0","0","0","0","0","","02","11","2018","6","40.464417","-79.828556","1231","11","0","0","0","0","0","0","0","0","1","0","0","0","","","0","","0","","40 27:51.900","2","0","79 49:42.800","0","0","0","0","2113","0","0","0","N","0","0","0","1","02113","0","","1.0","","9","N","N","","0","","0","0","0","","0","N","","1","0","0","0","0","0","0","2","0","1","","","","N","","","","","","","","","",""
"2018135387","","2","0","0","0","0","0","0","0","0","1","0","","02","12","2018","3","40.27498","-79.887842","0813","11","0","0","0","0","0","0","0","0","","0","0","0","","","0","","0","","40 16:29.927","","3","79 53:16.232","0","0","0","0","2428","0","0","0","N","0","0","0","2","02428","0","","1.0","","1","N","N","","0","","0","0","0","","0","","","2","0","0","0","0","0","0","2","0","2","","","","Y","","","","","","","","","",""
"2018138067","","1","0","0","0","0","0","0","0","0","7","0","","02","12","2018","3","40.444371","-80.028209","0944","11","0","0","0","0","0","0","0","0","1","0","0","0","","","0","","0","","40 26:39.737","3","1","80 01:41.551","0","0","0","0","2301","0","0","0","N","0","0","0","1","02301","0","","2.0","","2","N","N","","0","","0","0","0","","0","N","","1","0","0","0","0","0","0","2","0","1","","","","N","","","","","","","","","",""
"2018121932","","1","0","0","0","0","0","0","0","0","1","0","","02","11","2018","6","40.478908","-80.043019","1238","11","0","0","0","0","0","1","0","0","","0","0","0","","","0","","1","","40 28:44.067","","0","80 02:34.868","0","0","0","0","2301","0","0","0","N","0","0","0","3","02301","0","","1.0","","1","N","N","","0","","0","0","1","","2","","","2","0","0","0","0","0","0","2","0","2","","","","N","","","","","","","","","",""
"2018138112","","0","0","0","0","0","0","0","0","0","7","0","","02","12","2018","2","40.636894","-79.939089","1935","11","0","0","0","0","0","1","0","0","2","0","0","0","","","0","","2","","40 38:12.818","2","0","79 56:20.721","0","0","0","0","2217","0","0","0","N","0","0","0","1","02505","0","","4.0","","1","N","N","","0","","0","0","1","","2","N","","1","0","0","0","0","0","0","2","0","1","","","","N","","","","","","","","","",""
"2018134264","","1","0","0","0","0","0","0","0","0","7","0","","02","12","2018","7","40.435074","-79.992107","1524","11","0","0","0","0","0","0","0","0","1","0","0","0","","","1","","0","","40 26:06.267","1","0","79 59:31.585","3","0","0","0","2301","0","0","0","N","0","0","0","1","02301","0","","2.0","","9","N","N","","0","","1","0","0","","0","N","","1","1","0","0","0","0","0","2","0","1","","","","N","","","","","","","","","",""
"2018135405","","0","0","0","0","0","0","0","0","0","6","0","","02","12","2018","3","40.501083","-79.863139","0650","11","0","0","0","0","0","0","0","0","2","0","0","0","","","1","","2","","40 30:03.900","3","2","79 51:47.300","8","0","0","0","2112","0","0","0","N","0","0","0","2","02112","0","","1.0","","1","N","N","","0","","0","0","1","","0","N","","2","1","0","0","0","1","0","2","1","2","","","","N","","","","","","","","","",""
"2018121980","","2","0","0","0","0","0","0","0","0","4","0","","02","11","2018","7","40.428375","-79.97387","2200","11","0","0","0","0","0","0","0","0","","0","0","0","","","0","","1","","40 25:42.149","","0","79 58:25.931","0","0","0","0","2301","0","0","0","N","0","0","0","2","02301","0","","1.0","","1","N","N","","0","","0","0","0","","2","N","","2","0","0","0","0","0","0","2","0","2","","","","N","","","","","","","","","",""
"2018124425","","0","0","0","0","0","0","0","0","0","7","0","","02","11","2018","3","40.453769","-80.171705","0915","11","0","0","0","0","0","0","0","0","1","0","0","0","","","0","","2","","40 27:13.570","1","0","80 10:18.138","0","0","0","0","2115","0","0","0","N","0","0","0","1","02115","0","","4.0","","9","N","N","","0","","0","0","1","","0","N","","1","0","0","0","0","0","0","2","0","1","","","","N","","","","","","","","","",""
"2018131578","","1","0","0","0","0","0","0","0","0","2","0","","02","11","2018","5","40.481569","-80.132666","0533","11","0","0","1","0","0","1","0","0","","0","0","0","","","3","","2","","40 28:53.649","","0","80 07:57.598","4","0","0","0","2115","0","0","0","N","0","0","0","3","02115","3","","1.0","","1","N","N","","0","","0","0","0","","0","","","2","3","0","0","0","0","0","2","1","2","","","","N","","","","","","","","","",""
"2018138150","","1","0","0","0","0","0","0","0","0","7","0","","02","12","2018","3","40.592328","-79.888472","2001","11","0","0","0","0","0","0","0","0","2","0","0","0","","","1","","0","","40 35:32.379","3","0","79 53:18.500","3","0","0","0","2209","0","0","0","Y","0","0","0","2","02209","0","","4.0","","1","N","N","","0","","1","0","0","","0","N","","1","1","0","0","0","0","0","1","0","1","","","","N","","","","","","","","","",""
"2018122218","","0","0","0","0","0","0","0","0","0","7","0","","02","11","2018","6","40.485225","-79.90948","1934","11","0","0","0","0","0","0","0","0","3","0","0","0","","","1","","0","","40 29:06.810","5","0","79 54:34.127","8","0","0","0","2301","0","0","0","N","0","0","0","1","02301","0","","2.0","","9","N","N","","0","","0","0","0","","0","Y","","1","1","0","0","0","1","0","2","1","1","","","","N","","","","","","","","","",""
"2018124431","","0","0","0","0","0","0","0","0","0","2","0","","02","11","2018","1","40.376403","-79.894225","1703","11","0","0","0","0","0","1","0","0","1","0","0","0","","","3","","0","","40 22:35.050","5","0","79 53:39.210","3","0","0","0","2473","0","0","0","N","0","0","0","3","02473","0","","1.0","","1","N","N","","0","","3","0","2","","0","N","","2","3","0","0","0","0","0","2","0","2","","","","N","","","","","","","","","",""
"2018131592","","1","0","0","0","0","0","0","0","0","7","0","","02","11","2018","7","40.432056","-79.8935","0340","11","0","0","0","0","0","0","0","0","2","0","0","0","","","2","","0","","40 25:55.400","2","0","79 53:36.600","8","0","0","0","2426","0","0","0","N","0","0","0","2","02426","0","","5.0","","1","N","N","","0","","0","0","0","","0","N","","1","2","0","0","0","2","0","2","0","1","","","","N","","","","","","","","","",""
"2018131637","","1","0","0","0","0","0","0","0","0","1","0","","02","12","2018","2","40.460669","-79.922723","0911","11","0","0","0","0","0","0","0","0","","0","0","0","","","0","","1","","40 27:38.408","","0","79 55:21.801","0","0","0","0","2301","0","0","0","N","0","0","0","2","02301","0","","1.0","","1","N","N","","0","","0","0","1","","2","","","2","0","0","0","0","0","0","2","0","2","","","","N","","","","","","","","","",""
"2018138221","","2","0","0","0","0","0","0","0","0","4","0","","02","12","2018","1","40.634703","-79.939679","0942","11","0","0","0","0","0","1","1","0","","0","0","0","","","0","","1","","40 38:04.929","","0","79 56:22.843","0","0","0","0","2217","0","0","0","N","0","0","0","3","02505","0","","1.0","","1","N","N","","0","","0","0","0","","2","","","2","0","0","0","0","0","0","2","0","2","","","","N","","","","","","","","","",""
"2018139336","","1","0","0","0","0","0","0","0","0","6","0","","02","12","2018","7","40.498228","-80.020253","0737","11","0","0","0","0","0","1","0","0","1","0","0","0","","","0","","2","","40 29:53.619","1","0","80 01:12.912","0","0","0","0","2116","0","0","0","N","0","0","0","2","02116","0","","1.0","","1","N","N","","0","","0","0","1","","2","N","","2","0","0","0","0","0","0","2","0","2","","","","N","","","","","","","","","",""
"2018122225","","0","0","0","0","0","0","0","0","0","99","0","","02","11","2018","7","40.554612","-79.918417","0025","11","0","0","0","0","0","0","0","0","","0","0","0","","","0","","0","","40 33:16.602","","0","79 55:06.301","0","0","0","0","2209","0","0","0","N","0","0","0","1","02209","0","","1.0","","1","N","N","","0","","0","0","1","","0","","","1","0","0","0","0","0","0","2","0","1","","","","N","","","","","","","","","",""
"2018133065","","1","0","0","0","0","0","0","0","0","2","0","","02","12","2018","4","40.405727","-79.830842","1700","11","0","0","0","0","0","1","0","0","1","0","0","0","","","2","","1","","40 24:20.617","6","0","79 49:51.032","3","0","0","0","2467","0","0","0","N","0","0","0","3","02467","0","","1.0","","9","N","N","","0","","2","0","1","","2","Y","","2","2","0","0","0","0","0","2","0","2","","","","N","","","","","","","","","",""
"2018122358","","1","0","0","0","0","0","0","0","0","7","0","","02","11","2018","6","40.34575","-80.05675","","11","0","0","0","0","0","0","0","0","2","0","0","0","","","0","","0","","40 20:44.700","4","0","80 03:24.300","0","0","0","0","2123","0","0","0","N","0","0","0","1","02123","0","","4.0","","9","N","N","","0","","0","0","0","","0","N","","1","0","0","0","0","0","0","2","0","1","","","","N","","","","","","","","","",""
"2018136623","","1","0","0","0","0","0","0","0","0","7","0","","02","12","2018","3","40.397443","-79.999248","2230","11","0","0","0","0","0","1","0","0","","0","0","0","","","0","","0","","40 23:50.793","","0","79 59:57.292","0","0","0","0","2301","0","0","0","N","0","0","0","1","02301","0","","5.0","","2","N","N","","0","","0","0","0","","0","","","1","0","0","0","0","0","0","2","0","1","","","","N","","","","","","","","","",""
"2018138228","","1","0","0","0","0","0","0","0","0","1","0","","02","12","2018","4","40.292512","-79.876615","0622","11","0","0","0","0","0","0","0","0","1","0","0","0","","","2","","0","","40 17:33.044","3","0","79 52:35.813","3","0","0","0","2302","0","0","0","N","0","0","0","2","02302","0","","1.0","","1","N","N","","0","","2","0","1","","0","N","","2","2","2","0","0","0","0","2","0","2","","","","N","","","","","","","","","",""
"2018139387","","0","0","0","0","0","0","0","0","0","1","0","","02","12","2018","7","40.402015","-80.000595","1401","11","0","0","0","0","0","0","0","0","1","0","0","0","","","0","","1","","40 24:07.255","3","0","80 00:02.143","0","0","0","0","2301","0","0","0","N","0","0","0","2","02301","0","","1.0","","1","N","N","","1","","0","0","1","","2","N","","2","0","0","0","0","0","0","2","0","2","","","","N","","","","","","","","","",""
"2018120382","","0","0","0","0","0","0","0","0","0","7","0","","02","11","2018","2","40.579361","-80.058222","1200","11","0","0","0","0","0","0","0","0","9","0","0","0","","","0","","0","","40 34:45.700","6","0","80 03:29.600","9","0","0","0","2108","0","0","0","N","0","0","0","1","02108","0","","2.0","","1","N","N","","0","","0","0","1","","0","Y","","1","0","0","0","0","0","1","2","0","1","","","","N","","","","","","","","","",""
"2018126107","","0","0","0","0","0","0","0","0","0","2","0","","02","11","2018","7","40.550055","-80.085702","2216","11","0","0","0","1","0","1","0","0","1","0","0","0","","","2","","2","","40 33:00.197","5","0","80 05:08.527","3","0","0","0","2215","0","0","0","N","0","0","0","2","02215","0","","1.0","","1","N","N","","0","","2","0","2","","2","N","","2","2","0","0","0","0","0","2","0","2","","","","N","","","","","","","","","",""
"2018139410","","2","0","0","0","0","0","0","0","0","1","0","","02","12","2018","6","40.496358","-79.939004","1440","11","0","0","0","0","0","2","0","0","1","0","0","0","","","0","","0","","40 29:46.890","2","3","79 56:20.414","0","0","0","0","2430","0","0","0","N","0","0","0","7","02430","0","","1.0","","1","N","N","","0","","0","0","1","","0","N","","4","0","2","0","0","0","0","2","1","4","","","","N","","","","","","","","","",""
"2018120403","","1","0","0","0","0","0","0","0","0","4","0","","02","11","2018","3","40.355985","-79.834102","1124","11","0","0","0","0","0","0","0","0","","0","0","0","","","0","","0","","40 21:21.547","","7","79 50:02.766","0","0","0","0","2304","0","0","0","N","0","0","0","2","02304","0","","1.0","","1","N","N","","0","","0","0","0","","0","","","2","0","0","0","0","0","0","2","1","2","","","","N","","","","","","","","","",""
"2018124832","","1","0","0","0","0","0","0","0","0","1","0","","02","11","2018","6","40.327836","-80.033613","1909","11","0","0","0","0","0","0","0","0","","0","0","0","","","0","","0","","40 19:40.208","","0","80 02:01.006","0","0","0","0","2407","0","0","0","N","0","0","0","3","02407","0","","1.0","","9","N","N","","0","","0","0","1","","0","","","2","0","0","0","0","0","0","2","0","2","","","","N","","","","","","","","","",""
"2018138250","","0","0","0","0","0","0","0","0","0","1","0","","02","12","2018","1","40.565984","-80.001444","2210","11","0","1","0","0","0","1","0","0","2","0","0","0","","","0","","0","","40 33:57.543","3","0","80 00:05.200","0","0","0","0","2108","0","0","0","N","0","0","0","3","02108","0","","1.0","","9","N","N","","0","","0","0","2","","0","Y","","2","0","0","0","0","0","0","2","0","2","","","","N","","","","","","","","","",""
"2018139440","","2","0","0","0","0","0","0","0","0","1","0","","02","12","2018","7","40.473887","-79.971986","1828","11","0","0","0","0","1","0","0","0","","0","0","0","","","1","","0","","40 28:25.992","","2","79 58:19.150","3","0","0","0","2445","0","0","0","N","0","0","0","2","02445","0","","1.0","","1","","","","0","","1","0","0","","0","","","2","1","0","0","0","0","0","2","0","2","","","","N","","","","","","","","","",""
"2018122494","","0","0","0","0","0","0","0","0","0","7","0","","02","11","2018","5","40.486918","-80.265894","0818","11","0","0","0","0","0","0","0","0","","0","0","0","","","0","","0","","40 29:12.904","","8","80 15:57.218","0","0","0","0","2203","0","0","0","N","0","0","0","1","68B03","0","","2.0","","2","N","N","","0","","0","0","1","","0","","","1","0","0","0","0","0","0","2","0","1","","","","N","","","","","","","","","",""
"2018124842","","1","0","0","0","0","0","0","0","0","5","0","","02","11","2018","7","40.52185","-80.005206","1144","11","0","0","0","0","0","0","0","0","1","0","0","0","","","1","","1","","40 31:18.661","1","0","80 00:18.743","3","0","0","0","2116","0","0","0","N","0","0","0","3","02116","0","","1.0","","1","N","N","","0","","1","0","1","","2","N","","2","1","0","0","0","0","1","2","0","2","","","","N","","","","","","","","","",""
"2018131795","","1","0","0","0","0","0","0","0","0","1","0","","02","12","2018","7","40.355461","-80.114119","2312","11","0","0","0","0","0","0","0","0","","0","0","0","","","0","","1","","40 21:19.660","","0","80 06:50.827","0","0","0","0","2414","0","0","0","N","0","0","0","3","02414","0","","1.0","","1","N","N","","0","","0","0","1","","2","","","2","0","0","0","0","0","0","2","0","2","","","","N","","","","","","","","","",""
"2018134438","","1","0","0","0","0","0","0","0","0","4","0","","02","12","2018","1","40.448934","-80.000726","0222","11","0","0","0","0","0","0","0","0","1","0","0","0","","","0","","2","","40 26:56.163","3","0","80 00:02.613","0","0","0","0","2301","0","0","0","N","0","0","0","2","02301","0","","1.0","","9","N","N","","0","","0","0","1","","1","N","","2","0","0","0","0","0","0","2","0","2","","","","N","","","","","","","","","",""
"2018135755","","0","0","0","0","0","0","0","0","0","99","0","","02","12","2018","5","40.372905","-80.099376","2028","11","0","0","0","0","0","0","0","0","1","0","0","0","","","1","","2","","40 22:22.459","6","2","80 05:57.754","3","0","0","0","2102","0","0","0","N","0","0","0","2","02102","0","","1.0","","1","N","N","","1","","1","0","1","","2","N","","2","1","0","0","0","0","1","2","0","2","","","","N","","","","","","","","","",""
"2018138307","","0","0","0","0","0","0","0","0","0","1","0","","02","12","2018","4","40.435029","-79.987224","1330","11","0","0","0","1","0","0","0","0","","0","0","0","","","0","","0","","40 26:06.103","","0","79 59:14.006","0","0","0","0","2301","0","0","0","N","0","0","0","2","02301","0","","1.0","","1","N","N","","0","","0","0","2","","0","","","2","0","0","0","0","0","0","2","0","2","","","","N","","","","","","","","","",""
"2018124785","","1","0","0","0","0","0","0","0","0","7","0","","02","11","2018","5","40.477667","-79.898611","0205","11","0","0","0","0","0","0","0","0","1","0","0","0","","","0","","0","","40 28:39.600","5","0","79 53:55.000","9","0","0","0","2301","0","0","0","N","0","0","0","1","02301","0","","2.0","","1","N","N","","0","","0","0","0","","0","N","","1","0","0","0","0","0","1","2","0","1","","","","N","","","","","","","","","",""
"2018136846","","1","0","0","0","0","0","0","0","0","6","0","","02","12","2018","5","40.43899","-79.762602","2208","11","0","0","0","0","0","1","0","0","1","0","0","0","","","1","","1","","40 26:20.363","3","0","79 45:45.367","3","0","0","0","2446","0","0","0","N","0","0","0","2","02446","0","","1.0","","9","N","N","","1","","1","0","0","","0","N","","2","1","0","0","0","0","0","2","0","2","","","","N","","","","","","","","","",""
"2018138333","","1","0","0","0","0","0","0","0","0","7","0","","02","12","2018","1","40.435415","-79.788185","2048","11","0","0","0","1","0","0","0","0","","0","0","0","","","1","","0","","40 26:07.495","","7","79 47:17.466","8","0","0","0","2446","0","0","0","N","0","0","0","4","02446","0","","5.0","","1","N","N","","0","","0","0","0","","0","","","1","1","0","0","0","1","0","2","0","1","","","","N","","","","","","","","","",""
"2018122540","","2","0","0","0","0","0","0","0","0","4","0","","02","11","2018","7","40.447691","-79.938848","1518","11","0","0","0","0","0","0","0","0","","0","0","0","","","0","","2","","40 26:51.689","","0","79 56:19.852","0","0","0","0","2301","0","0","0","N","0","0","0","2","02301","0","","1.0","","1","N","N","","0","","0","0","0","","2","","","2","0","0","0","0","0","0","2","0","2","","","","N","","","","","","","","","",""
"2018124909","","2","0","0","0","0","0","0","0","0","4","0","","02","11","2018","5","40.469083","-80.103105","1550","11","0","0","0","0","1","1","0","0","2","0","0","0","","","0","","2","","40 28:08.698","6","0","80 06:11.177","0","0","0","0","2126","0","0","0","N","0","0","0","6","02126","0","","1.0","","1","N","N","","0","","0","0","0","","3","Y","","3","0","0","0","0","0","0","2","1","3","","","","N","","","","","","","","","",""
"2018122547","","0","0","0","0","0","0","0","0","0","7","0","","02","11","2018","5","40.382896","-79.868442","1741","11","0","0","0","0","0","1","0","0","","0","0","0","","","0","","0","","40 22:58.426","","7","79 52:06.390","0","0","0","0","2473","0","0","0","N","0","0","0","2","02473","0","","4.0","","9","N","N","","0","","0","0","1","","3","","","1","0","0","0","0","0","0","2","0","1","","","","N","","","","","","","","","",""
"2018124911","","1","0","0","0","0","0","0","0","0","7","0","","02","11","2018","5","40.464779","-79.951812","1512","11","0","0","0","0","0","0","0","0","","0","0","0","","","0","","0","","40 27:53.206","","0","79 57:06.522","0","0","0","0","2301","0","0","0","N","0","0","0","2","02301","0","","5.0","","1","N","N","","0","","0","0","0","","0","","","1","0","0","0","0","0","0","2","0","1","","","","N","","","","","","","","","",""
"2018134452","","2","0","0","0","0","0","0","0","0","1","0","","02","12","2018","5","40.441997","-80.022565","0649","11","0","0","0","0","0","0","0","0","1","0","0","0","","","0","","0","","40 26:31.189","3","0","80 01:21.234","0","0","0","0","2301","0","0","0","N","0","0","0","3","02301","0","","1.0","","1","N","N","","0","","0","0","1","","0","N","","3","0","0","0","0","0","0","2","0","3","","","","N","","","","","","","","","",""
"2018138404","","2","0","0","0","0","0","0","0","0","7","0","","02","12","2018","5","40.347194","-79.859472","0103","11","0","0","0","0","1","0","0","0","1","0","0","0","","","0","","11","","40 20:49.900","4","7","79 51:34.100","0","0","0","0","2304","0","0","0","N","0","0","0","2","02304","0","","4.0","","1","N","N","","0","","0","0","0","","3","N","","2","0","0","0","0","0","0","2","0","2","","","","N","","","","","","","","","",""
"2018139525","","0","0","0","0","0","0","0","0","0","2","0","","02","12","2018","5","40.637433","-79.811894","1742","11","0","0","0","0","0","0","1","0","","0","0","0","","","0","","5","","40 38:14.757","","0","79 48:42.818","0","0","0","0","2206","0","0","0","N","0","0","0","2","02206","0","","1.0","","1","N","N","","2","","0","0","0","","3","","","2","0","0","0","0","0","0","1","0","2","","","","N","","","","","","","","","",""
"2018122579","","1","0","0","0","0","0","0","0","0","4","0","","02","11","2018","7","40.426547","-79.794131","1905","11","0","0","0","0","0","0","0","0","1","0","0","0","","","0","","0","","40 25:35.570","1","0","79 47:38.870","0","0","0","0","2446","0","0","0","N","0","0","0","4","02446","0","","1.0","","1","N","N","","0","","0","0","1","","3","N","","2","0","0","0","0","0","0","2","0","2","","","","N","","","","","","","","","",""