"CRN","ARRIVAL_TM","AUTOMOBILE_COUNT","BELTED_DEATH_COUNT","BELTED_SUSP_SERIOUS_INJ_COUNT","BICYCLE_COUNT","BICYCLE_DEATH_COUNT","BICYCLE_SUSP_SERIOUS_INJ_COUNT","BUS_COUNT","CHLDPAS_DEATH_COUNT","CHLDPAS_SUSP_SERIOUS_INJ_COUNT","COLLISION_TYPE","COMM_VEH_COUNT","CONS_ZONE_SPD_LIM","COUNTY","CRASH_MONTH","CRASH_YEAR","DAY_OF_WEEK","DEC_LATITUDE","DEC_LONGITUDE","DISPATCH_TM","DISTRICT","DRIVER_COUNT_16YR","DRIVER_COUNT_17YR","DRIVER_COUNT_18YR","DRIVER_COUNT_19YR","DRIVER_COUNT_20YR","DRIVER_COUNT_50_64YR","DRIVER_COUNT_65_74YR","DRIVER_COUNT_75PLUS","EST_HRS_CLOSED","FATAL_COUNT","HEAVY_TRUCK_COUNT","HORSE_BUGGY_COUNT","HOUR_OF_DAY","ILLUMINATION","INJURY_COUNT","INTERSECTION_RELATED","INTERSECT_TYPE","LANE_CLOSED","LATITUDE","LN_CLOSE_DIR","LOCATION_TYPE","LONGITUDE","MAX_SEVERITY_LEVEL","MCYCLE_DEATH_COUNT","MCYCLE_SUSP_SERIOUS_INJ_COUNT","MOTORCYCLE_COUNT","MUNICIPALITY","NONMOTR_COUNT","NONMOTR_DEATH_COUNT","NONMOTR_SUSP_SERIOUS_INJ_COUNT","NTFY_HIWY_MAINT","PED_COUNT","PED_DEATH_COUNT","PED_SUSP_SERIOUS_INJ_COUNT","PERSON_COUNT","POLICE_AGCY","POSSIBLE_INJ_COUNT","RDWY_SURF_TYPE_CD","RELATION_TO_ROAD","ROADWAY_CLEARED","ROAD_CONDITION","SCH_BUS_IND","SCH_ZONE_IND","SECONDARY_CRASH","SMALL_TRUCK_COUNT","SPEC_JURIS_CD","SUSP_MINOR_INJ_COUNT","SUSP_SERIOUS_INJ_COUNT","SUV_COUNT","TCD_FUNC_CD","TCD_TYPE","TFC_DETOUR_IND","TIME_OF_DAY","TOTAL_UNITS","TOT_INJ_COUNT","UNBELTED_OCC_COUNT","UNB_DEATH_COUNT","UNB_SUSP_SERIOUS_INJ_COUNT","UNK_INJ_DEG_COUNT","UNK_INJ_PER_COUNT","URBAN_RURAL","VAN_COUNT","VEHICLE_COUNT","WEATHER1","WEATHER2","WORKERS_PRES","WORK_ZONE_IND","WORK_ZONE_LOC","WORK_ZONE_TYPE","WZ_CLOSE_DETOUR","WZ_FLAGGER","WZ_LAW_OFFCR_IND","WZ_LN_CLOSURE","WZ_MOVING","WZ_OTHER","WZ_SHLDER_MDN","WZ_WORKERS_INJ_KILLED"
"2018124916","","2","0","0","0","0","0","0","0","0","2","0","","02","11","2018","5","40.356354","-80.044299","0314","11","0","0","0","0","0","0","0","0","2","0","0","0","","","3","","0","","40 21:22.875","6","0","80 02:39.478","3","0","0","0","2109","0","0","0","N","0","0","0","3","02109","0","","1.0","","1","N","N","","0","","2","0","0","","0","Y","","2","3","0","0","0","1","0","2","0","2","","","","N","","","","","","","","","",""
"2018138405","","0","0","0","0","0","0","0","0","0","7","0","","02","12","2018","4","40.414889","-80.247111","2342","11","0","0","0","0","0","0","0","0","2","0","0","0","","","0","","0","","40 24:53.600","5","0","80 14:49.600","0","0","0","0","2214","0","0","0","N","0","0","0","1","02214","0","","5.0","","1","N","N","","1","","0","0","0","","0","Y","","1","0","0","0","0","0","0","1","0","1","","","","N","","","","","","","","","",""
"2018131866","","0","0","0","0","0","0","0","0","0","7","0","","02","12","2018","2","40.276423","-79.80446","2100","11","0","0","0","0","0","0","0","0","","0","0","0","","","0","","0","","40 16:35.123","","0","79 48:16.055","9","0","0","0","2105","0","0","0","N","0","0","0","1","02105","0","","5.0","","1","N","N","","0","","0","0","0","","0","","","1","0","0","0","0","0","1","2","1","1","","","","N","","","","","","","","","",""
"2018138627","","1","0","0","0","0","0","0","0","0","1","0","","02","12","2018","4","40.632575","-79.940419","1409","11","0","0","0","0","0","0","1","0","","0","0","0","","","0","","0","","40 37:57.269","","0","79 56:25.507","0","0","0","0","2217","0","0","0","N","0","0","0","2","02505","0","","1.0","","1","N","N","","0","","0","0","1","","0","","","2","0","0","0","0","0","0","2","0","2","","","","N","","","","","","","","","",""
"2018139582","","2","0","0","0","0","0","0","0","0","4","0","","02","12","2018","1","40.503697","-79.84327","1443","11","0","0","0","0","0","0","1","0","1","0","0","0","","","1","","2","","40 30:13.309","4","7","79 50:35.772","8","0","0","0","2468","0","0","0","N","0","0","0","2","02113","0","","1.0","","1","N","N","","0","","0","0","0","","2","Y","","2","1","0","0","0","1","0","2","0","2","","","","N","","","","","","","","","",""
"2018122771","","1","0","0","0","0","0","0","0","0","1","0","","02","11","2018","3","40.410833","-79.918611","1435","11","0","0","0","0","0","0","0","0","1","0","0","0","","","0","","0","","40 24:39.000","2","3","79 55:07.000","9","0","0","0","2438","0","0","0","N","0","0","0","3","02438","0","","1.0","","1","N","N","","0","","0","0","1","","0","N","","2","0","0","0","0","0","1","2","0","2","","","","N","","","","","","","","","",""
"2018124928","","1","0","0","0","0","0","0","0","0","7","0","","02","11","2018","5","40.402083","-79.989361","1433","11","0","0","0","0","0","0","0","0","","0","0","0","","","0","","0","","40 24:07.500","","0","79 59:21.700","0","0","0","0","2301","0","0","0","N","0","0","0","1","02301","0","","4.0","","1","N","N","","0","","0","0","0","","0","","","2","0","0","0","0","0","0","2","0","1","","","","N","","","","","","","","","",""
"2018134471","","0","0","0","0","0","0","0","0","0","1","0","","02","12","2018","5","40.431093","-79.729479","1733","11","0","0","0","0","0","1","0","0","2","0","0","0","","","1","","0","","40 25:51.935","4","0","79 43:46.124","8","0","0","0","2446","0","0","0","N","0","0","0","4","02446","0","","1.0","","1","N","N","","0","","0","0","2","","2","N","","3","1","0","0","0","1","0","2","1","3","","","","N","","","","","","","","","",""
"2018138656","","2","0","0","0","0","0","0","0","0","4","0","","02","12","2018","5","40.44679","-79.895299","1255","11","0","0","0","0","0","0","0","0","","0","0","0","","","1","","0","","40 26:48.445","","7","79 53:43.077","4","0","0","0","2301","0","0","0","N","0","0","0","5","02301","1","","1.0","","1","N","N","","0","","0","0","0","","0","","","2","1","1","0","0","0","0","2","0","2","","","","N","","","","","","","","","",""
"2018139586","","1","0","0","0","0","0","0","0","0","1","0","","02","12","2018","5","40.657711","-80.090176","1721","11","0","0","1","0","0","0","0","0","1","0","0","0","","","0","","0","","40 39:27.760","1","0","80 05:24.633","0","0","0","0","2212","0","0","0","N","0","0","0","3","02505","0","","1.0","","1","N","N","","0","","0","0","1","","0","N","","2","0","0","0","0","0","0","2","0","2","","","","N","","","","","","","","","",""
"2018134495","","1","0","0","0","0","0","0","0","0","4","0","","02","12","2018","3","40.34508","-79.972817","1702","11","0","0","0","0","0","1","0","0","","0","0","0","","","1","N","0","","40 20:42.289","","7","79 58:22.141","8","0","0","0","2403","0","0","0","N","0","0","0","2","02403","0","","1.0","","9","","","N","0","","0","0","1","","0","","","2","1","0","0","0","1","0","2","0","2","","","","N","","","","","","","","","",""
"2018139622","","1","0","0","0","0","0","0","0","0","4","0","","02","12","2018","1","40.448432","-80.158021","1627","11","0","0","0","0","0","1","0","0","","0","0","0","","","1","","1","","40 26:54.356","","0","80 09:28.877","3","0","0","0","2115","0","0","0","N","0","0","0","3","02115","0","","1.0","","1","N","N","","1","","1","0","1","","2","N","","3","1","0","0","0","0","0","2","0","3","","","","N","","","","","","","","","",""
"2018120880","","2","0","0","0","0","0","0","0","0","4","0","","02","11","2018","4","40.45494","-79.945289","0854","11","0","0","0","0","0","0","0","0","1","0","0","0","","","0","","2","","40 27:17.783","1","0","79 56:43.040","0","0","0","0","2301","0","0","0","N","0","0","0","3","02301","0","","1.0","","1","N","N","","0","","0","0","0","","2","N","","2","0","0","0","0","0","0","2","0","2","","","","N","","","","","","","","","",""
"2018122966","","0","0","0","0","0","0","0","0","0","7","0","","02","11","2018","7","40.315847","-79.998","1920","11","0","0","0","0","0","0","0","0","","0","0","0","","","1","","0","","40 18:57.050","","0","79 59:52.800","3","0","0","0","2219","0","0","0","N","0","0","0","1","02501","0","","5.0","","9","N","N","","0","","1","0","1","","0","","","1","1","1","0","0","0","0","2","0","1","","","","N","","","","","","","","","",""
"2018122767","","1","0","0","0","0","0","0","0","0","1","0","","02","11","2018","3","40.409319","-79.97744","1654","11","0","0","0","0","0","1","0","0","2","0","0","0","","","1","","1","","40 24:33.548","2","0","79 58:38.783","8","0","0","0","2301","0","0","0","N","0","0","0","2","02301","0","","1.0","","9","N","N","","0","","0","0","1","","0","N","","2","1","0","0","0","1","0","2","0","2","","","","N","","","","","","","","","",""
"2018122967","","0","0","0","0","0","0","0","0","0","1","0","","02","11","2018","1","40.347188","-79.953443","1735","11","0","0","0","1","0","1","0","0","1","0","0","0","","","1","","0","","40 20:49.877","3","0","79 57:12.394","8","0","0","0","2473","0","0","0","N","0","0","0","6","02473","0","","1.0","","1","N","N","","0","","0","0","3","","2","N","","3","1","0","0","0","1","0","2","0","3","","","","N","","","","","","","","","",""
"2018124961","","0","0","0","0","0","0","0","0","0","4","0","","02","11","2018","5","40.438689","-79.997271","2245","11","0","0","0","0","0","2","0","0","","0","0","0","","","0","","1","","40 26:19.280","","0","79 59:50.177","0","0","0","0","2301","0","0","0","N","0","0","0","3","02301","0","","1.0","","1","N","N","","0","","0","0","2","","2","","","2","0","0","0","0","0","0","2","0","2","","","","N","","","","","","","","","",""
"2018122968","","1","0","0","0","0","0","0","0","0","7","0","","02","11","2018","1","40.344389","-79.883611","1954","11","0","0","0","0","0","1","0","0","1","0","0","0","","","0","","0","","40 20:39.800","6","0","79 53:01.000","0","0","0","0","2304","0","0","0","Y","0","0","0","1","02304","0","","5.0","","1","N","N","","0","","0","0","0","","0","Y","","1","0","0","0","0","0","0","2","0","1","","","","N","","","","","","","","","",""
"2018138602","","1","0","0","0","0","0","0","0","0","4","0","","02","12","2018","4","40.488561","-79.883109","1233","11","0","0","0","0","0","0","1","0","1","0","0","0","","","1","","2","","40 29:18.821","4","2","79 52:59.193","4","0","0","0","2112","0","0","0","N","0","0","0","2","02112","1","","1.0","","1","N","N","","0","","0","0","1","","2","N","","2","1","0","0","0","0","0","2","0","2","","","","N","","","","","","","","","",""
"2018138762","","1","0","0","0","0","0","0","0","0","4","0","","02","12","2018","3","40.500044","-80.221987","1948","11","0","0","0","0","0","1","1","0","2","0","0","0","","","1","","1","","40 30:00.157","4","0","80 13:19.152","8","0","0","0","2213","0","0","0","N","0","0","0","3","02213","0","","1.0","","1","N","N","","0","","0","0","1","","2","N","","2","1","0","0","0","1","0","2","0","2","","","","N","","","","","","","","","",""
"2018121043","","0","0","0","0","0","0","0","0","0","5","1","","02","11","2018","2","40.449701","-79.986071","1220","11","0","0","0","0","0","1","0","0","","0","1","0","","","0","","1","","40 26:58.924","","0","79 59:09.856","0","0","0","0","2301","0","0","0","N","0","0","0","1","02301","0","","1.0","","1","N","N","","0","","0","0","1","","0","","","2","0","0","0","0","0","0","2","0","2","","","","N","","","","","","","","","",""
"2018134637","","1","0","0","0","0","0","0","0","0","4","0","","02","12","2018","6","40.434613","-80.291493","2122","11","0","0","0","0","0","0","0","0","","0","0","0","","","0","","0","","40 26:04.606","","0","80 17:29.373","0","0","0","0","2203","0","0","0","N","0","0","0","3","02203","0","","1.0","","9","N","N","","0","","0","0","1","","0","","","2","0","0","0","0","0","0","1","0","2","","","","N","","","","","","","","","",""
"2018137119","","1","0","0","0","0","0","0","0","0","7","0","","02","12","2018","6","40.339839","-79.89393","2229","11","0","0","0","0","0","1","0","0","1","0","0","0","","","0","","0","","40 20:23.422","5","0","79 53:38.149","0","0","0","0","2473","0","0","0","N","0","0","0","1","02473","0","","5.0","","8","N","N","","0","","0","0","0","","0","Y","","1","0","0","0","0","0","0","2","0","1","","","","N","","","","","","","","","",""
"2018139724","","0","0","0","0","0","0","0","0","0","7","0","","02","12","2018","4","40.31702","-79.919172","1107","11","0","0","0","0","0","1","0","0","1","0","0","0","","","1","","0","","40 19:01.273","1","0","79 55:09.018","3","0","0","0","2440","0","0","0","N","0","0","0","1","02440","0","","5.0","","1","N","N","","0","","1","0","1","","0","N","","1","1","0","0","0","0","0","2","0","1","","","","N","","","","","","","","","",""
"2018122995","","1","0","0","0","0","0","0","0","0","7","0","","02","11","2018","1","40.466185","-80.034248","2308","11","0","0","0","0","0","0","0","0","","0","0","0","","","1","","0","","40 27:58.266","","0","80 02:03.291","4","0","0","0","2301","0","0","0","N","0","0","0","2","02301","1","","2.0","","9","N","N","","0","","0","0","0","","0","","","1","1","0","0","0","0","0","2","0","1","","","","N","","","","","","","","","",""
"2018125043","","1","0","0","0","0","0","0","0","0","7","0","","02","11","2018","6","40.445362","-80.030048","0733","11","0","0","0","0","0","0","0","0","2","0","0","0","","","0","","0","","40 26:43.302","3","0","80 01:48.173","0","0","0","0","2301","0","0","0","N","0","0","0","1","02301","0","","2.0","","2","N","N","","0","","0","0","0","","0","N","","1","0","0","0","0","0","0","2","0","1","","","","N","","","","","","","","","",""
"2018134668","","1","0","0","0","0","0","0","0","0","4","0","","02","12","2018","4","40.333421","-79.81302","1628","11","0","0","0","0","0","1","0","0","1","0","0","0","","","2","","0","","40 20:00.314","2","7","79 48:46.871","3","0","0","0","2477","0","0","0","N","0","0","0","2","02477","0","","1.0","","1","N","N","","0","","2","0","1","","0","N","","2","2","0","0","0","0","0","2","0","2","","","","N","","","","","","","","","",""
"2018138778","","0","0","0","0","0","0","0","0","0","4","0","","02","12","2018","5","40.404453","-79.920486","1710","11","0","0","0","0","0","0","1","0","2","0","0","0","","","0","","0","","40 24:16.031","2","7","79 55:13.751","0","0","0","0","2472","0","0","0","N","0","0","0","2","02472","0","","1.0","","1","N","N","","0","","0","0","2","","3","N","","2","0","0","0","0","0","0","2","0","2","","","","N","","","","","","","","","",""
"2018126656","","0","0","0","0","0","0","0","0","0","5","0","","02","11","2018","1","40.483429","-79.950182","0138","11","0","0","0","0","0","0","0","0","","0","0","0","","","0","","0","","40 29:00.344","","0","79 57:00.655","0","0","0","0","2301","0","0","0","N","0","0","0","1","02301","0","","4.0","","1","N","N","","0","","0","0","1","","0","","","2","0","0","0","0","0","0","2","1","2","","","","N","","","","","","","","","",""
"2018121316","","1","0","0","0","0","0","0","0","0","1","0","","02","11","2018","4","40.616056","-79.947722","1222","11","0","0","0","0","0","1","0","0","1","0","0","0","","","0","","0","","40 36:57.800","1","0","79 56:51.800","0","0","0","0","2217","0","0","0","N","0","0","0","2","02505","0","","1.0","","1","N","N","","0","","0","0","1","","0","N","","2","0","0","0","0","0","0","2","0","2","","","","N","","","","","","","","","",""
"2018123132","","2","0","0","0","0","0","0","0","0","2","0","","02","11","2018","1","40.335806","-79.889417","0215","11","0","0","0","0","0","0","0","0","","0","0","0","","","0","","0","","40 20:08.900","","0","79 53:21.900","0","0","0","0","2433","0","0","0","N","0","0","0","1","02433","0","","4.0","","1","N","N","","0","","0","0","1","","0","","","3","0","0","0","0","0","0","2","0","3","","","","N","","","","","","","","","",""
"2018133711","","2","0","0","0","0","0","0","0","0","1","0","","02","12","2018","5","40.379983","-80.000471","1144","11","0","0","0","0","0","1","0","0","","0","0","0","","","0","","0","","40 22:47.940","","0","80 00:01.695","0","0","0","0","2301","0","0","0","N","0","0","0","3","02301","0","","1.0","","1","N","N","","0","","0","0","0","","0","","","2","0","0","0","0","0","0","2","0","2","","","","N","","","","","","","","","",""
"2018121361","","2","0","0","0","0","0","0","0","0","5","0","","02","11","2018","5","40.458617","-79.973084","0930","11","0","0","0","0","0","0","0","0","1","0","0","0","","","1","","0","","40 27:31.021","4","0","79 58:23.102","4","0","0","0","2301","0","0","0","N","0","0","0","2","02301","1","","1.0","","9","N","N","","0","","0","0","0","","0","Y","","2","1","0","0","0","0","0","2","0","2","","","","N","","","","","","","","","",""
"2018138793","","1","0","0","0","0","0","0","0","0","1","0","","02","12","2018","5","40.469642","-79.706273","1715","11","0","0","0","0","0","0","1","0","1","0","0","0","","","1","","0","","40 28:10.712","3","0","79 42:22.584","8","0","0","0","2466","0","0","0","N","0","0","0","2","02466","0","","1.0","","1","N","N","","0","","0","0","1","","0","N","","2","1","0","0","0","1","0","2","0","2","","","","N","","","","","","","","","",""
"2018137541","","1","0","0","0","0","0","0","0","0","7","0","","02","12","2018","1","40.286253","-79.837724","0816","11","0","0","0","0","0","0","0","0","","0","0","0","","","0","","2","","40 17:10.509","","0","79 50:15.805","0","0","0","0","2105","0","0","0","N","0","0","0","1","02105","0","","5.0","","2","N","N","","0","","0","0","0","","0","N","","1","0","0","0","0","0","0","2","0","1","","","","N","","","","","","","","","",""
"2018138802","","1","0","0","0","0","0","0","0","0","4","0","","02","12","2018","1","40.368282","-80.103173","1730","11","0","0","0","0","0","0","0","0","1","0","0","0","","","0","","0","","40 22:05.814","1","7","80 06:11.421","0","0","0","0","2102","0","0","0","N","0","0","0","2","02102","0","","1.0","","1","N","N","","0","","0","0","1","","2","N","","2","0","0","0","0","0","0","2","0","2","","","","N","","","","","","","","","",""
"2018123187","","0","0","0","0","0","0","0","0","0","2","0","","02","11","2018","1","40.39628","-80.110792","1350","11","0","0","0","0","0","1","0","0","1","0","0","0","","","2","","2","","40 23:46.607","7","0","80 06:38.851","3","0","0","0","2102","0","0","0","N","0","0","0","4","02102","1","","1.0","","1","N","N","","0","","1","0","2","","0","Y","","2","2","0","0","0","0","0","2","0","2","","","","N","","","","","","","","","",""
"2018125149","","0","0","0","0","0","0","0","0","0","0","0","","02","11","2018","6","40.418639","-79.986222","1715","11","0","0","0","0","0","0","0","0","","0","0","0","","","0","","0","","40 25:07.100","","0","79 59:10.400","0","0","0","1","2301","0","0","0","N","0","0","0","2","02301","0","","1.0","","3","N","N","","0","","0","0","0","","0","","","1","0","0","0","0","0","0","2","0","1","","","","N","","","","","","","","","",""
"2018136222","","1","0","0","0","0","0","0","0","0","1","0","","02","12","2018","3","40.652353","-79.792473","0714","11","0","0","0","0","0","0","0","0","","0","0","0","","","0","","0","","40 39:08.469","","0","79 47:32.901","0","0","0","0","2202","0","0","0","N","0","0","0","2","68D02","0","","1.0","","1","N","N","","0","","0","0","1","","0","","","2","0","0","0","0","0","0","1","0","2","","","","N","","","","","","","","","",""
"2018137377","","1","0","0","0","0","0","0","0","0","4","0","","02","12","2018","5","40.437857","-79.775854","2013","11","0","0","0","0","0","0","0","0","1","0","0","0","","","0","","0","","40 26:16.286","3","7","79 46:33.073","0","0","0","0","2446","0","0","0","N","0","0","0","3","02446","0","","1.0","","9","N","N","","0","","0","0","1","","0","N","","2","0","0","0","0","0","0","2","0","2","","","","N","","","","","","","","","",""
"2018138829","","0","0","0","0","0","0","0","0","0","1","0","","02","12","2018","5","40.45475","-79.908083","2314","11","0","0","0","0","0","0","0","0","","0","0","0","","","0","","0","","40 27:17.100","","0","79 54:29.100","9","0","0","0","2301","0","0","0","N","0","0","0","1","02301","0","","6.0","","9","N","N","","0","","0","0","2","","0","","","2","0","0","0","0","0","1","2","0","2","","","","N","","","","","","","","","",""
"2018123203","","0","0","0","0","0","0","0","0","0","7","0","","02","11","2018","2","40.458574","-79.902117","0825","11","0","0","0","0","0","0","0","0","","0","0","0","","","0","","2","","40 27:30.866","","0","79 54:07.621","0","0","0","0","2301","0","0","0","N","0","0","0","1","02301","0","","5.0","","9","N","N","","0","","0","0","1","","0","","","1","0","0","0","0","0","0","2","0","1","","","","N","","","","","","","","","",""
"2018125201","","1","0","0","0","0","0","0","0","0","1","0","","02","11","2018","6","40.473861","-79.863417","2333","11","0","0","0","0","0","0","0","0","1","0","0","0","","","0","","0","","40 28:25.900","1","0","79 51:48.300","9","0","0","0","2113","0","0","0","N","0","0","0","1","02113","0","","1.0","","1","N","N","","0","","0","0","1","","0","N","","2","0","0","0","0","0","1","2","0","2","","","","N","","","","","","","","","",""
"2018121482","","2","0","0","0","0","0","0","0","0","4","0","","02","11","2018","5","40.442168","-79.994957","1446","11","0","0","0","0","0","0","0","0","","0","0","0","","","0","","1","","40 26:31.803","","0","79 59:41.846","0","0","0","0","2301","0","0","0","N","0","0","0","2","02301","0","","1.0","","9","N","N","","0","","0","0","0","","2","","","2","0","0","0","0","0","0","2","0","2","","","","N","","","","","","","","","",""
"2018123225","","0","0","0","0","0","0","0","0","0","1","0","","02","11","2018","7","40.581652","-80.029266","1750","11","0","0","0","1","0","0","0","0","2","0","0","0","","","0","","0","","40 34:53.947","1","0","80 01:45.359","0","0","0","0","2108","0","0","0","N","0","0","0","5","02108","0","","1.0","","1","N","N","","0","","0","0","2","","0","N","","2","0","0","0","0","0","0","2","0","2","","","","N","","","","","","","","","",""
"2018125233","","1","0","0","0","0","0","0","0","0","7","0","","02","11","2018","6","40.454417","-79.982722","0652","11","0","0","0","0","0","0","0","0","","0","0","0","","","0","","0","","40 27:15.900","","0","79 58:57.800","0","0","0","0","2301","0","0","0","N","0","0","0","1","02301","0","","5.0","","1","N","N","","0","","0","0","0","","0","","","1","0","0","0","0","0","0","2","0","1","","","","N","","","","","","","","","",""
"2018139862","","1","0","0","0","0","0","0","0","0","1","0","","02","12","2018","2","40.626772","-80.03438","1454","11","0","0","0","0","0","1","0","0","1","0","0","0","","","0","","0","","40 37:36.378","3","0","80 02:03.767","0","0","0","0","2216","0","0","0","N","0","0","0","2","02505","0","","1.0","","9","N","N","","0","","0","0","1","","0","N","","2","0","0","0","0","0","0","2","0","2","","","","N","","","","","","","","","",""
"2018121558","","0","0","0","0","0","0","0","0","0","0","0","","02","11","2018","5","40.480917","-80.039444","1736","11","0","0","0","0","0","0","0","0","1","0","0","0","","","0","","0","","40 28:51.300","1","7","80 02:22.000","0","0","0","0","2301","0","0","0","N","0","0","0","2","02301","0","","1.0","","9","N","N","","1","","0","0","0","","0","Y","","1","0","0","0","0","0","0","2","0","1","","","","N","","","","","","","","","",""
"2018123632","","3","0","0","0","0","0","0","0","0","1","0","","02","11","2018","3","40.518063","-80.044235","2004","11","0","0","0","0","0","0","0","0","","0","0","0","","","0","","0","","40 31:05.026","","0","80 02:39.245","0","0","0","0","2474","0","0","0","N","0","0","0","1","02474","0","","6.0","","1","N","N","","0","","0","0","0","","0","","","3","0","0","0","0","0","0","2","0","3","","","","N","","","","","","","","","",""
"2018139871","","2","0","0","0","0","0","0","0","0","1","0","","02","12","2018","6","40.373766","-80.006357","1954","11","0","0","0","0","0","0","1","0","","0","0","0","","","0","","1","","40 22:25.559","","0","80 00:22.884","0","0","0","0","2416","0","0","0","N","0","0","0","4","02416","0","","1.0","","9","N","N","","0","","0","0","1","","2","","","3","0","0","0","0","0","0","2","0","3","","","","N","","","","","","","","","",""
"2018119588","","0","0","0","0","0","0","0","0","0","4","0","","02","11","2018","1","40.379373","-79.924923","1609","11","0","0","0","0","0","0","0","0","","0","0","0","","","1","","0","","40 22:45.744","","0","79 55:29.724","4","0","0","0","2301","0","0","0","N","0","0","0","6","02301","1","","1.0","","1","N","N","","1","","0","0","1","","0","","","2","1","0","0","0","0","0","2","0","2","","","","N","","","","","","","","","",""
"2018121560","","1","0","0","0","0","0","0","0","0","4","0","","02","11","2018","5","40.435691","-79.963749","1726","11","0","0","0","0","0","0","0","0","2","0","0","0","","","1","","0","","40 26:08.489","6","0","79 57:49.495","4","0","0","0","2301","0","0","0","N","0","0","0","3","02301","1","","1.0","","9","N","N","","0","","0","0","1","","0","Y","","2","1","0","0","0","0","0","2","0","2","","","","N","","","","","","","","","",""
"2018138924","","0","0","0","0","0","0","0","0","0","1","0","","02","12","2018","6","40.342508","-79.964645","0648","11","0","0","0","0","0","0","0","0","","0","0","0","","","1","","1","","40 20:33.030","","2","79 57:52.723","4","0","0","0","2454","0","0","0","N","0","0","0","2","02454","1","","1.0","","1","N","N","","0","","0","0","1","","3","","","2","1","0","0","0","0","0","2","1","2","","","","N","","","","","","","","","",""
"2018139872","","1","0","0","0","0","0","0","0","0","4","0","","02","12","2018","7","40.366696","-80.014397","1701","11","0","0","0","0","0","0","1","0","1","0","0","0","","","0","","1","","40 22:00.106","2","0","80 00:51.829","0","0","0","0","2416","0","0","0","N","0","0","0","4","02416","0","","1.0","","1","N","N","","0","","0","0","1","","2","N","","2","0","0","0","0","0","0","2","0","2","","","","N","","","","","","","","","",""
"2018121612","","1","0","0","0","0","0","0","0","0","7","0","","02","11","2018","5","40.483056","-79.942861","2006","11","0","0","0","0","0","0","0","0","","0","0","0","","","0","","0","","40 28:59.000","","0","79 56:34.300","0","0","0","0","2301","0","0","0","N","0","0","0","1","02301","0","","4.0","","7","N","N","","0","","0","0","0","","0","","","1","0","0","0","0","0","0","2","0","1","","","","N","","","","","","","","","",""
"2018137721","","0","0","0","0","0","0","0","0","0","7","0","","02","12","2018","2","40.464468","-79.979152","0128","11","0","0","0","0","0","0","0","0","","0","0","0","","","0","","2","","40 27:52.083","","8","79 58:44.946","9","0","0","0","2301","0","0","0","N","0","0","0","1","02301","0","","7.0","","1","N","N","","0","","0","0","1","","0","","","1","0","0","0","0","0","1","2","0","1","","","","N","","","","","","","","","",""
"2018138932","","0","0","0","0","0","0","0","0","0","1","0","","02","12","2018","5","40.483577","-79.903106","1332","11","0","0","1","0","0","0","0","0","1","0","0","0","","","0","","0","","40 29:00.877","1","0","79 54:11.181","0","0","0","0","2301","0","0","0","N","0","0","0","3","02301","0","","1.0","","1","N","N","","1","","0","0","1","","0","N","","2","0","0","0","0","0","0","2","0","2","","","","N","","","","","","","","","",""
"2018119650","","0","0","0","0","0","0","0","0","0","7","0","","02","11","2018","1","40.425536","-79.926622","2343","11","0","0","0","0","0","0","0","0","","0","0","0","","","1","","2","","40 25:31.930","","2","79 55:35.838","3","0","0","0","2301","0","0","0","N","0","0","0","1","02301","0","","3.0","","1","N","N","","0","","1","0","1","","0","","","1","1","0","0","0","0","0","2","0","1","","","","N","","","","","","","","","",""
"2018123911","","2","0","0","0","0","0","0","0","0","1","0","","02","11","2018","3","40.441119","-79.957561","0815","11","0","0","0","0","0","1","0","0","","0","0","0","","","0","","1","","40 26:28.027","","0","79 57:27.219","0","0","0","0","2301","0","0","0","N","0","0","0","3","02301","0","","1.0","","9","N","N","","0","","0","0","1","","2","","","3","0","0","0","0","0","0","2","0","3","","","","N","","","","","","","","","",""
"2018125272","","1","0","0","0","0","0","0","0","0","7","0","","02","11","2018","6","40.406417","-79.978694","1340","11","0","0","0","0","0","0","0","0","","0","0","0","","","0","","0","","40 24:23.100","","0","79 58:43.300","0","0","0","0","2301","0","0","0","N","0","0","0","1","02301","0","","4.0","","1","N","N","","0","","0","0","0","","0","","","1","0","0","0","0","0","0","2","0","1","","","","N","","","","","","","","","",""
"2018135068","","1","0","0","0","0","0","0","0","0","2","0","","02","12","2018","5","40.36762","-80.027526","2151","11","0","0","0","0","0","0","0","0","2","0","0","0","","","2","","0","","40 22:03.431","6","0","80 01:39.095","8","0","0","0","2416","0","0","0","N","0","0","0","2","02416","0","","1.0","","1","N","N","","0","","0","0","1","","0","Y","","2","2","0","0","0","2","0","2","0","2","","","","N","","","","","","","","","",""
"2018138948","","1","0","0","0","0","0","0","0","0","2","0","","02","12","2018","6","40.436047","-79.999044","0651","11","0","0","0","0","0","0","0","0","","0","0","0","","","1","","5","","40 26:09.768","","2","79 59:56.558","4","0","0","0","2301","0","0","0","N","0","0","0","2","02301","1","","1.0","","9","N","N","","0","","0","0","1","","8","","","2","1","0","0","0","0","0","2","0","2","","","","N","","","","","","","","","",""