"CRN","ARRIVAL_TM","AUTOMOBILE_COUNT","BELTED_DEATH_COUNT","BELTED_SUSP_SERIOUS_INJ_COUNT","BICYCLE_COUNT","BICYCLE_DEATH_COUNT","BICYCLE_SUSP_SERIOUS_INJ_COUNT","BUS_COUNT","CHLDPAS_DEATH_COUNT","CHLDPAS_SUSP_SERIOUS_INJ_COUNT","COLLISION_TYPE","COMM_VEH_COUNT","CONS_ZONE_SPD_LIM","COUNTY","CRASH_MONTH","CRASH_YEAR","DAY_OF_WEEK","DEC_LATITUDE","DEC_LONGITUDE","DISPATCH_TM","DISTRICT","DRIVER_COUNT_16YR","DRIVER_COUNT_17YR","DRIVER_COUNT_18YR","DRIVER_COUNT_19YR","DRIVER_COUNT_20YR","DRIVER_COUNT_50_64YR","DRIVER_COUNT_65_74YR","DRIVER_COUNT_75PLUS","EST_HRS_CLOSED","FATAL_COUNT","HEAVY_TRUCK_COUNT","HORSE_BUGGY_COUNT","HOUR_OF_DAY","ILLUMINATION","INJURY_COUNT","INTERSECTION_RELATED","INTERSECT_TYPE","LANE_CLOSED","LATITUDE","LN_CLOSE_DIR","LOCATION_TYPE","LONGITUDE","MAX_SEVERITY_LEVEL","MCYCLE_DEATH_COUNT","MCYCLE_SUSP_SERIOUS_INJ_COUNT","MOTORCYCLE_COUNT","MUNICIPALITY","NONMOTR_COUNT","NONMOTR_DEATH_COUNT","NONMOTR_SUSP_SERIOUS_INJ_COUNT","NTFY_HIWY_MAINT","PED_COUNT","PED_DEATH_COUNT","PED_SUSP_SERIOUS_INJ_COUNT","PERSON_COUNT","POLICE_AGCY","POSSIBLE_INJ_COUNT","RDWY_SURF_TYPE_CD","RELATION_TO_ROAD","ROADWAY_CLEARED","ROAD_CONDITION","SCH_BUS_IND","SCH_ZONE_IND","SECONDARY_CRASH","SMALL_TRUCK_COUNT","SPEC_JURIS_CD","SUSP_MINOR_INJ_COUNT","SUSP_SERIOUS_INJ_COUNT","SUV_COUNT","TCD_FUNC_CD","TCD_TYPE","TFC_DETOUR_IND","TIME_OF_DAY","TOTAL_UNITS","TOT_INJ_COUNT","UNBELTED_OCC_COUNT","UNB_DEATH_COUNT","UNB_SUSP_SERIOUS_INJ_COUNT","UNK_INJ_DEG_COUNT","UNK_INJ_PER_COUNT","URBAN_RURAL","VAN_COUNT","VEHICLE_COUNT","WEATHER1","WEATHER2","WORKERS_PRES","WORK_ZONE_IND","WORK_ZONE_LOC","WORK_ZONE_TYPE","WZ_CLOSE_DETOUR","WZ_FLAGGER","WZ_LAW_OFFCR_IND","WZ_LN_CLOSURE","WZ_MOVING","WZ_OTHER","WZ_SHLDER_MDN","WZ_WORKERS_INJ_KILLED"
"2018125346","","1","0","0","0","0","0","0","0","0","99","0","","02","11","2018","5","40.398009","-79.876107","2242","11","0","0","0","0","0","0","0","0","","0","0","0","","","0","","0","","40 23:52.832","","0","79 52:33.986","0","0","0","0","2473","0","0","0","N","0","0","0","2","02473","0","","1.0","","9","N","N","","0","","0","0","0","","0","","","1","0","0","0","0","0","0","2","0","1","","","","N","","","","","","","","","",""
"2018120545","","1","0","0","0","0","0","0","0","0","4","0","","02","9","2018","1","40.434245","-79.751006","1516","11","0","0","1","0","0","0","0","0","1","0","0","0","","","0","","0","","40 26:03.281","4","0","79 45:03.620","0","0","0","0","2446","0","0","0","N","0","0","0","2","02446","0","","1.0","","1","N","N","","0","","0","0","1","","0","N","","2","0","0","0","0","0","0","2","0","2","","","","N","","","","","","","","","",""
"2018122563","","1","0","0","0","0","0","0","0","0","7","0","","02","11","2018","6","40.453918","-80.055962","1413","11","0","0","0","0","0","0","0","1","","0","0","0","","","0","","0","","40 27:14.103","","0","80 03:21.463","0","0","0","0","2301","0","0","0","N","0","0","0","1","02301","0","","5.0","","1","N","Y","","0","","0","0","0","","0","","","1","0","0","0","0","0","0","2","0","1","","","","N","","","","","","","","","",""
"2018126901","","0","0","0","0","0","0","0","0","0","4","0","","02","11","2018","3","40.445843","-79.759385","1930","11","0","0","0","0","0","0","0","0","1","0","0","0","","","1","","0","","40 26:45.034","5","7","79 45:33.786","3","0","0","0","2446","0","0","0","N","0","0","0","2","02446","0","","1.0","","1","N","N","","2","","1","0","0","","0","Y","","2","1","0","0","0","0","0","2","0","2","","","","N","","","","","","","","","",""
"2018122612","","1","0","0","0","0","0","0","0","0","99","0","","02","11","2018","7","40.43605","-79.979388","2338","11","0","0","0","0","0","1","0","0","","0","0","0","","","0","","0","","40 26:09.780","","0","79 58:45.798","0","0","0","0","2301","0","0","0","N","0","0","0","2","02301","0","","1.0","","1","N","N","","0","","0","0","0","","0","","","1","0","0","0","0","0","0","2","0","1","","","","N","","","","","","","","","",""
"2018120757","","1","0","0","0","0","0","0","0","0","7","0","","02","11","2018","6","40.496157","-79.783934","0646","11","0","0","0","0","0","0","0","0","","0","0","0","","","0","","0","","40 29:46.165","","0","79 47:02.164","0","0","0","0","2466","0","0","0","N","0","0","0","1","68T02","0","","3.0","","8","N","N","","0","","0","0","0","","0","","","1","0","0","0","0","0","0","2","0","1","","","","N","","","","","","","","","",""
"2018122839","","6","0","0","0","0","0","0","0","0","1","0","","02","11","2018","6","40.583081","-80.098429","1822","11","0","0","0","0","1","0","0","0","","0","0","0","","","0","","0","","40 34:59.093","","0","80 05:54.343","0","0","0","0","2481","0","0","0","N","0","0","0","7","68B03","0","","1.0","","9","N","N","","0","","0","0","1","","0","","","7","0","0","0","0","0","0","2","0","7","","","","N","","","","","","","","","",""
"2018122615","","1","0","0","0","0","0","0","0","0","1","0","","02","10","2018","7","40.431473","-80.108137","1219","11","0","0","0","0","0","0","0","0","2","0","0","0","","","3","","0","","40 25:53.301","1","0","80 06:29.293","3","0","0","0","2115","0","0","0","N","0","0","0","3","68B03","0","","1.0","","1","N","N","","0","","3","0","1","","0","N","","2","3","0","0","0","0","0","2","0","2","","","","N","","","","","","","","","",""
"2018124718","","1","0","0","0","0","0","0","0","0","7","0","","02","11","2018","5","40.65384","-79.724753","0755","11","0","0","0","0","0","0","0","0","3","0","0","0","","","1","","0","","40 39:13.824","1","3","79 43:29.110","3","0","0","0","2106","0","0","0","Y","0","0","0","1","68D02","0","","4.0","","2","N","N","","0","","1","0","0","","0","N","","1","1","0","0","0","0","0","2","0","1","","","","N","","","","","","","","","",""
"2018124952","","1","0","0","0","0","0","0","0","0","7","0","","02","11","2018","5","40.445379","-80.03007","2011","11","0","0","0","0","1","0","0","0","1","0","0","0","","","0","","0","","40 26:43.366","3","0","80 01:48.252","0","0","0","0","2301","0","0","0","N","0","0","0","2","02301","0","","5.0","","2","N","N","","0","","0","0","0","","0","Y","","1","0","0","0","0","0","0","2","0","1","","","","N","","","","","","","","","",""
"2018121386","","0","0","0","0","0","0","0","0","0","7","0","","02","11","2018","4","40.402255","-79.910938","1153","11","0","0","0","0","0","0","0","0","2","0","0","0","","","2","","2","","40 24:08.118","7","0","79 54:39.376","3","0","0","0","2438","0","0","0","N","0","0","0","2","02438","0","","2.0","","1","N","N","","0","","2","0","1","","0","Y","","1","2","2","0","0","0","0","2","0","1","","","","N","","","","","","","","","",""
"2018121408","","1","0","0","0","0","0","0","0","0","7","0","","02","10","2018","6","40.655196","-80.072624","0607","11","0","0","0","0","0","0","0","0","2","0","0","0","","","0","","0","","40 39:18.706","3","5","80 04:21.447","0","0","0","0","2212","0","0","0","N","0","0","0","2","68T02","0","","1.0","","1","N","N","","0","","0","0","0","","8","N","","1","0","0","0","0","0","0","2","0","1","","","","N","","","","","","","","","",""
"2018122617","","1","0","0","0","0","0","0","0","0","1","0","","02","10","2018","2","40.4591","-80.111631","1729","11","0","0","0","0","0","1","0","0","","0","0","0","","","0","","0","","40 27:32.759","","0","80 06:41.873","0","0","0","0","2126","0","0","0","N","0","0","0","3","68B03","0","","1.0","","1","N","N","","0","","0","0","1","","0","","","2","0","0","0","0","0","0","2","0","2","","","","N","","","","","","","","","",""
"2018127332","","0","0","0","0","0","0","0","0","0","7","0","","02","11","2018","2","40.439537","-80.00966","1536","11","0","0","0","0","0","0","0","0","1","0","0","0","","","1","","0","","40 26:22.332","3","3","80 00:34.776","4","0","0","0","2301","0","0","0","N","0","0","0","1","68B03","1","","4.0","","1","N","N","","0","","0","0","1","","0","N","","1","1","0","0","0","0","0","2","0","1","","","","N","","","","","","","","","",""
"2018125352","","0","0","0","0","0","0","0","0","0","8","0","","02","11","2018","7","40.440614","-80.002218","1452","11","0","0","0","0","0","0","0","0","","0","0","0","","","1","","2","","40 26:26.209","","0","80 00:07.984","3","0","0","0","2301","1","0","0","N","1","0","0","2","02301","0","","4.0","","9","N","N","","0","","1","0","1","","0","","","2","1","0","0","0","0","0","2","0","1","","","","N","","","","","","","","","",""
"2018127566","","1","0","0","0","0","0","0","0","0","8","0","","02","11","2018","5","40.454182","-79.884344","2028","11","0","0","0","0","0","0","0","0","1","0","0","0","","","1","","2","","40 27:15.056","6","0","79 53:03.638","8","0","0","0","2301","1","0","0","N","1","0","0","2","02301","0","","1.0","","1","N","N","","0","","0","0","0","","0","N","","2","1","0","0","0","1","1","2","0","1","","","","N","","","","","","","","","",""
"2018120554","","3","0","0","0","0","0","0","0","0","1","0","","02","11","2018","3","40.340223","-80.12186","1231","11","0","0","0","0","0","1","1","0","1","0","0","0","","","2","","2","","40 20:24.801","2","0","80 07:18.695","3","0","0","0","2119","0","0","0","N","0","0","0","3","02119","0","","1.0","","1","N","N","","0","","2","0","0","","0","N","","3","2","0","0","0","0","0","2","0","3","","","","N","","","","","","","","","",""
"2018122619","","0","0","0","0","0","0","0","0","0","1","0","","02","10","2018","2","40.445531","-80.110789","0734","11","0","0","0","0","0","1","0","1","","0","0","0","","","1","","7","","40 26:43.913","","2","80 06:38.839","3","0","0","0","2115","0","0","0","N","0","0","0","3","68B03","0","","1.0","","1","N","N","","0","","1","0","1","","0","","","3","1","0","0","0","0","0","2","2","3","","","","N","","","","","","","","","",""
"2018127567","","1","0","0","0","0","0","0","0","0","1","0","","02","11","2018","3","40.499444","-80.061889","","11","0","0","0","0","0","0","1","0","","0","0","0","","","0","","0","","40 29:58.000","","0","80 03:42.800","0","0","0","0","2402","0","0","0","N","0","0","0","1","02402","0","","1.0","","9","N","N","","0","","0","0","1","","0","N","","2","0","1","0","0","0","0","2","0","2","","","","N","","","","","","","","","",""
"2018120555","","3","0","0","0","0","0","0","0","0","1","0","","02","11","2018","6","40.438194","-79.963333","2239","11","0","0","0","0","0","2","0","0","2","0","0","0","","","1","","0","","40 26:17.500","4","0","79 57:48.000","8","0","0","0","2301","0","0","0","N","0","0","0","4","02513","0","","1.0","","9","N","N","","0","","0","0","0","","0","N","","3","1","0","0","0","1","2","2","0","3","","","","N","","","","","","","","","",""
"2018126910","","2","0","0","0","0","0","0","0","0","4","0","","02","11","2018","4","40.408035","-80.048552","1505","11","0","0","0","0","0","1","0","0","2","0","0","0","","","0","","2","","40 24:28.925","4","0","80 02:54.787","0","0","0","0","2435","0","0","0","N","0","0","0","2","02435","0","","1.0","","9","N","N","","0","","0","0","0","","3","N","","2","0","0","0","0","0","0","2","0","2","","","","N","","","","","","","","","",""
"2018125017","","0","0","0","0","0","0","0","0","0","7","0","","02","11","2018","5","40.386837","-79.981303","1142","11","0","0","0","0","0","1","0","0","9","0","0","0","","","1","","2","","40 23:12.613","6","0","79 58:52.690","3","0","0","0","2301","0","0","0","N","0","0","0","1","02301","0","","5.0","","1","N","N","","1","","1","0","0","","0","Y","","1","1","0","0","0","0","0","2","0","1","","","","N","","","","","","","","","",""
"2018127571","","0","0","0","0","0","0","0","0","0","7","0","","02","11","2018","7","40.304851","-79.933651","2213","11","0","0","0","0","0","1","0","0","2","0","0","0","","","0","","0","","40 18:17.462","1","0","79 56:01.143","0","0","0","0","2440","0","0","0","N","0","0","0","1","02440","0","","4.0","","9","N","N","","0","","0","0","1","","0","Y","","1","0","0","0","0","0","0","2","0","1","","","","N","","","","","","","","","",""
"2018127297","","1","0","0","0","0","0","0","0","0","7","0","","02","11","2018","5","40.486632","-80.008816","2020","11","0","0","0","0","0","0","0","0","","0","0","0","","","0","","0","","40 29:11.876","","0","80 00:31.737","0","0","0","0","2301","0","0","0","N","0","0","0","1","68B03","0","","3.0","","2","N","N","","0","","0","0","0","","0","","","1","0","0","0","0","0","0","2","0","1","","","","N","","","","","","","","","",""
"2018120791","","3","0","0","0","0","0","0","0","0","5","0","","02","11","2018","3","40.469702","-79.930157","2338","11","0","0","0","0","0","0","0","1","","0","0","0","","","0","","2","","40 28:10.927","","0","79 55:48.565","0","0","0","0","2301","0","0","0","N","0","0","0","1","02301","0","","1.0","","1","N","N","","0","","0","0","0","","0","","","3","0","0","0","0","0","0","2","0","3","","","","N","","","","","","","","","",""
"2018122431","","1","0","0","0","0","0","0","0","0","5","0","","02","11","2018","7","40.421939","-80.046186","0928","11","0","0","0","0","0","1","0","0","","0","0","0","","","0","","1","","40 25:18.982","","0","80 02:46.269","0","0","0","0","2435","0","0","0","N","0","0","0","4","02435","0","","1.0","","1","N","N","","0","","0","0","1","","2","","","2","0","0","0","0","0","0","2","0","2","","","","N","","","","","","","","","",""
"2018122625","","0","0","0","0","0","0","0","0","0","1","0","","02","11","2018","5","40.43905","-80.010911","0845","11","0","0","0","0","0","1","0","0","","0","0","0","","","2","","0","","40 26:20.581","","4","80 00:39.281","4","0","0","0","2301","0","0","0","N","0","0","0","3","68B03","2","","1.0","","9","N","N","","0","","0","0","1","","0","","","2","2","0","0","0","0","1","2","0","2","","","","N","","","","","","","","","",""
"2018124968","","1","0","0","0","0","0","0","0","0","7","0","","02","11","2018","1","40.380059","-79.828498","0324","11","0","0","0","0","0","0","0","0","2","0","0","0","","","1","","1","","40 22:48.211","7","0","79 49:42.591","3","0","0","0","2111","0","0","0","N","0","0","0","3","02111","0","","1.0","","1","N","N","","0","","1","0","2","","2","Y","","3","1","0","0","0","0","0","2","0","3","","","","N","","","","","","","","","",""
"2018127303","","2","0","0","0","0","0","0","0","0","1","0","","02","11","2018","1","40.411697","-80.076415","1726","11","0","0","0","0","0","0","0","0","","0","0","0","","","1","","6","","40 24:42.108","","2","80 04:35.095","4","0","0","0","2117","0","0","0","N","0","0","0","2","68B03","1","","1.0","","1","N","N","","0","","0","0","0","","4","","","2","1","0","0","0","0","0","2","0","2","","","","N","","","","","","","","","",""
"2018123267","","1","0","0","0","0","0","0","0","0","7","0","","02","11","2018","2","40.445417","-80.158806","0835","11","0","0","0","0","0","2","0","0","1","0","0","0","","","0","","0","","40 26:43.500","2","0","80 09:31.700","0","0","0","0","2115","0","0","0","N","0","0","0","2","02115","0","","2.0","","9","N","N","","1","","0","0","0","","0","N","","2","0","0","0","0","0","0","2","0","2","","","","N","","","","","","","","","",""
"2018122628","","1","0","0","0","0","0","0","0","0","1","0","","02","11","2018","2","40.495311","-79.908727","1831","11","0","0","0","0","0","0","0","0","","0","0","0","","","0","","0","","40 29:43.121","","0","79 54:31.417","0","0","0","0","2401","0","0","0","N","0","0","0","2","68D02","0","","1.0","","1","N","N","","1","","0","0","0","","3","","","2","0","0","0","0","0","0","2","0","2","","","","N","","","","","","","","","",""
"2018124769","","1","0","0","0","0","0","0","0","0","4","0","","02","11","2018","4","40.448239","-79.986874","2322","11","0","0","0","0","0","0","0","0","1","0","0","0","","","1","","2","","40 26:53.660","4","0","79 59:12.746","3","0","0","0","2301","0","0","0","N","0","0","0","4","02301","0","","1.0","","1","N","N","","0","","1","0","1","","2","N","","2","1","0","0","0","0","0","2","0","2","","","","N","","","","","","","","","",""
"2018127312","","1","0","0","0","0","0","0","0","0","1","0","","02","11","2018","5","40.444796","-80.009318","0810","11","0","0","0","0","0","0","0","0","1","0","0","0","","","1","","0","","40 26:41.266","1","3","80 00:33.543","3","0","0","0","2301","0","0","0","N","0","0","0","2","68B03","0","","1.0","","1","N","N","","0","","1","0","1","","0","N","","2","1","0","0","0","0","0","2","0","2","","","","N","","","","","","","","","",""
"2018127580","","2","0","0","0","0","0","0","0","0","5","0","","02","11","2018","5","40.415032","-80.011267","2157","11","0","0","0","0","0","1","0","0","1","0","0","0","","","1","","1","","40 24:54.116","1","0","80 00:40.560","3","0","0","0","2301","0","0","0","N","0","0","0","4","02301","0","","1.0","","1","N","N","","0","","1","0","1","","0","N","","3","1","1","0","0","0","0","2","0","3","","","","N","","","","","","","","","",""
"2018126921","","1","0","0","0","0","0","0","0","0","7","0","","02","7","2018","6","40.353914","-80.100395","1128","11","0","0","0","0","0","0","0","1","1","0","0","0","","","0","","0","","40 21:14.091","5","0","80 06:01.423","0","0","0","0","2414","0","0","0","N","0","0","0","1","02414","0","","5.0","","1","N","N","","0","","0","0","0","","0","N","","1","0","0","0","0","0","0","2","0","1","","","","N","","","","","","","","","",""
"2018120809","","2","0","0","0","0","0","0","0","0","2","0","","02","11","2018","2","40.390511","-80.0459","0738","11","0","0","0","0","0","0","1","0","1","0","0","0","","","0","","0","","40 23:25.840","5","0","80 02:45.240","9","0","0","0","2109","0","0","0","N","0","0","0","1","02109","0","","1.0","","1","N","N","","0","","0","0","0","","0","Y","","2","0","1","0","0","0","1","2","0","2","","","","N","","","","","","","","","",""
"2018127357","","1","0","0","0","0","0","0","0","0","4","0","","02","11","2018","4","40.41812","-80.047249","1334","11","0","0","0","0","0","0","0","0","1","0","0","0","","","0","","1","","40 25:05.231","6","0","80 02:50.096","0","0","0","0","2435","0","0","0","N","0","0","0","4","02435","0","","1.0","","1","N","N","","1","","0","0","0","","3","N","","2","0","0","0","0","0","0","2","0","2","","","","N","","","","","","","","","",""
"2018120409","","1","0","0","0","0","0","0","0","0","4","0","","02","10","2018","4","40.611701","-80.036292","1636","11","0","0","0","0","0","1","1","0","","0","0","0","","","0","","1","","40 36:42.123","","0","80 02:10.651","0","0","0","0","2108","0","0","0","N","0","0","0","2","02108","0","","1.0","","9","N","N","","0","","0","0","0","","3","","","2","0","0","0","0","0","0","2","1","2","","","","N","","","","","","","","","",""
"2018126922","","1","0","0","0","0","0","0","0","0","7","0","","02","7","2018","4","40.350104","-80.106823","2159","11","0","0","0","0","0","1","0","0","1","0","0","0","","","1","","2","","40 21:00.374","1","0","80 06:24.562","4","0","0","0","2414","0","0","0","Y","0","0","0","1","02414","1","","2.0","","1","N","N","","0","","0","0","0","","0","Y","","1","1","0","0","0","0","0","2","0","1","","","","N","","","","","","","","","",""
"2018124774","","0","0","0","0","0","0","0","0","0","4","0","","02","11","2018","4","40.654014","-79.838872","0142","11","0","0","0","0","0","0","0","0","","0","0","0","","","1","","1","","40 39:14.452","","0","79 50:19.939","3","0","0","0","2220","0","0","0","N","0","0","0","3","02220","0","","1.0","","1","N","N","","0","","1","0","2","","3","","","2","1","0","0","0","0","1","1","0","2","","","","N","","","","","","","","","",""
"2018122904","","1","0","0","0","0","0","0","0","0","5","0","","02","11","2018","3","40.402254","-80.081755","1448","11","0","0","0","0","0","2","0","0","","0","0","0","","","1","","0","","40 24:08.113","","0","80 04:54.319","8","0","0","0","2415","0","0","0","N","0","0","0","3","02415","0","","1.0","","1","N","N","","0","","0","0","1","","0","","","2","1","1","0","0","1","0","2","0","2","","","","N","","","","","","","","","",""
"2018125195","","0","0","0","0","0","0","0","0","0","7","0","","02","11","2018","5","40.510296","-79.985891","0538","11","0","0","0","0","0","0","0","0","1","0","0","0","","","0","","0","","40 30:37.064","1","0","79 59:09.208","9","0","0","0","2118","0","0","0","N","0","0","0","1","02118","0","","2.0","","1","N","N","","0","","0","0","1","","0","N","","1","0","0","0","0","0","1","2","0","1","","","","N","","","","","","","","","",""
"2018120410","","2","0","0","0","0","0","0","0","0","4","0","","02","11","2018","3","40.398706","-79.885374","1150","11","0","0","0","0","0","0","0","1","","0","0","0","","","1","","1","","40 23:55.340","","0","79 53:07.347","3","0","0","0","2475","0","0","0","N","0","0","0","2","02475","0","","1.0","","1","N","N","","0","","1","0","0","","3","","","2","1","0","0","0","0","0","2","0","2","","","","N","","","","","","","","","",""
"2018124585","","0","0","0","0","0","0","0","0","0","7","0","","02","10","2018","6","40.424805","-79.979558","2216","11","0","0","0","0","0","0","0","0","","0","0","0","","","0","","2","","40 25:29.297","","0","79 58:46.408","9","0","0","0","2301","0","0","0","N","0","0","0","1","02301","0","","5.0","","9","N","N","","0","","0","0","1","","0","","","1","0","0","0","0","0","1","2","0","1","","","","N","","","","","","","","","",""
"2018124988","","0","0","0","0","0","0","0","0","0","1","0","","02","10","2018","1","40.464832","-79.705356","1454","11","0","0","0","0","0","1","1","0","1","0","0","0","","","0","","0","","40 27:53.394","6","0","79 42:19.283","0","0","0","0","2466","0","0","0","N","0","0","0","2","02466","0","","1.0","","1","N","N","","1","","0","0","0","","0","N","","2","0","0","0","0","0","0","2","1","2","","","","N","","","","","","","","","",""
"2018123273","","1","0","0","0","0","0","0","0","0","7","0","","02","11","2018","5","40.359279","-79.847802","2336","11","0","0","0","0","0","0","0","0","","0","0","0","","","1","","3","","40 21:33.405","","2","79 50:52.088","8","0","0","0","2303","0","0","0","N","0","0","0","1","02303","0","","1.0","","2","N","N","","0","","0","0","0","","0","","","1","1","0","0","0","1","0","2","0","1","","","","Y","","","","","","","","","",""
"2018126924","","1","0","0","0","0","0","0","0","0","1","0","","02","8","2018","1","40.357612","-80.105163","1352","11","0","0","0","0","0","0","0","0","1","0","0","0","","","1","","1","","40 21:27.402","3","0","80 06:18.588","4","0","0","0","2414","0","0","0","N","0","0","0","3","02414","1","","1.0","","1","N","N","","0","","0","0","0","","2","N","","2","1","1","0","0","0","0","2","1","2","","","","N","","","","","","","","","",""
"2018122906","","1","0","0","0","0","0","0","0","0","2","0","","02","11","2018","7","40.323159","-79.994059","1509","11","1","0","0","0","0","0","0","0","2","0","0","0","","","0","","0","","40 19:23.374","5","0","79 59:38.614","0","0","0","0","2219","0","0","0","N","0","0","0","3","02219","0","","1.0","","1","N","N","","0","","0","0","1","","0","N","","2","0","0","0","0","0","0","2","0","2","","","","N","","","","","","","","","",""
"2018125041","","1","0","0","0","0","0","0","0","0","5","0","","02","11","2018","6","40.428493","-79.929623","0830","11","0","0","0","0","0","1","0","0","","0","0","0","","","2","","3","","40 25:42.575","","2","79 55:46.644","3","0","0","0","2301","0","0","0","N","0","0","0","2","02301","0","","1.0","","1","N","N","","0","","2","0","1","","4","","","2","2","0","0","0","0","0","2","0","2","","","","N","","","","","","","","","",""
"2018121286","","1","0","0","0","0","0","0","0","0","7","0","","02","11","2018","5","40.485228","-80.052318","0217","11","0","0","0","0","0","0","0","0","1","0","0","0","","","1","","0","","40 29:06.821","3","0","80 03:08.344","4","0","0","0","2404","0","0","0","N","0","0","0","1","02404","1","","3.0","","1","N","N","","0","","0","0","0","","0","N","","1","1","1","0","0","0","0","2","0","1","","","","N","","","","","","","","","",""
"2018122658","","0","0","0","0","0","0","0","0","0","7","0","","02","11","2018","4","40.514352","-79.854064","1650","11","0","0","0","0","0","1","0","0","","0","0","0","","","0","","0","","40 30:51.668","","0","79 51:14.631","0","0","0","0","2112","0","0","0","N","0","0","0","1","68D02","0","","3.0","","1","N","N","","1","","0","0","0","","0","","","2","0","0","0","0","0","0","2","0","1","","","","N","","","","","","","","","",""
"2018122907","","1","0","0","0","0","0","0","0","0","1","0","","02","11","2018","7","40.460185","-79.77155","1249","11","0","0","0","0","0","1","0","0","","0","0","0","","","0","","2","","40 27:36.667","","0","79 46:17.579","0","0","0","0","2466","0","0","0","N","0","0","0","2","02466","0","","1.0","","1","N","N","","1","","0","0","0","","0","","","2","0","0","0","0","0","0","2","0","2","","","","N","","","","","","","","","",""
"2018122924","","2","0","0","0","0","0","0","0","0","4","0","","02","11","2018","1","40.456858","-79.975627","1513","11","0","0","0","0","0","1","0","0","2","0","0","0","","","0","","1","","40 27:24.688","3","0","79 58:32.257","0","0","0","0","2301","0","0","0","N","0","0","0","7","02301","0","","1.0","","1","N","N","","0","","0","0","0","","2","N","","2","0","0","0","0","0","0","2","0","2","","","","N","","","","","","","","","",""
"2018123134","","0","0","0","0","0","0","0","0","0","2","0","","02","11","2018","1","40.454","-80.058444","0328","11","0","0","0","0","0","0","0","0","","0","0","0","","","0","","0","","40 27:14.400","","0","80 03:30.400","0","0","0","0","2301","0","0","0","N","0","0","0","1","02301","0","","1.0","","9","N","N","","1","","0","0","1","","0","","","2","0","0","0","0","0","0","2","0","2","","","","N","","","","","","","","","",""
"2018123275","","1","0","0","0","0","0","0","0","0","6","0","","02","11","2018","2","40.367997","-79.779795","1014","11","0","0","0","0","0","0","1","0","1","0","0","0","","","2","","0","","40 22:04.788","5","0","79 46:47.263","8","0","0","0","2111","0","0","0","N","0","0","0","2","02111","0","","1.0","","9","N","N","","0","","0","0","1","","0","Y","","2","2","0","0","0","2","0","2","0","2","","","","N","","","","","","","","","",""
"2018126744","","0","0","0","0","0","0","0","0","0","4","0","","02","11","2018","3","40.363653","-79.84264","1532","11","0","0","0","0","0","1","0","0","2","0","0","0","","","0","","1","","40 21:49.152","7","2","79 50:33.503","0","0","0","0","2303","0","0","0","N","0","0","0","8","02303","0","","1.0","","9","N","N","","1","","0","0","1","","2","N","","2","0","0","0","0","0","0","2","0","2","","","","N","","","","","","","","","",""
"2018122451","","2","0","0","0","0","0","0","0","0","4","0","","02","11","2018","4","40.493028","-80.050406","1537","11","0","0","0","0","0","0","1","0","","0","0","0","","","0","","2","","40 29:34.900","","0","80 03:01.461","0","0","0","0","2404","0","0","0","N","0","0","0","2","02404","0","","1.0","","1","N","N","","0","","0","0","0","","2","","","2","0","0","0","0","0","0","2","0","2","","","","N","","","","","","","","","",""
"2018126927","","0","0","0","0","0","0","0","0","0","7","0","","02","8","2018","1","40.357968","-80.112447","1552","11","0","0","0","0","0","0","0","0","2","0","0","0","","","0","","0","","40 21:28.683","5","0","80 06:44.808","0","0","0","0","2414","0","0","0","N","0","0","0","1","02414","0","","5.0","","9","N","N","","0","","0","0","0","","0","Y","","1","0","0","0","0","0","0","2","1","1","","","","N","","","","","","","","","",""
"2018120623","","1","0","0","0","0","0","0","0","0","8","0","","02","11","2018","3","40.484959","-79.817711","1735","11","0","0","1","0","0","0","0","0","","0","0","0","","","1","","0","","40 29:05.853","","0","79 49:03.759","3","0","0","0","2113","1","0","0","N","1","0","0","2","02113","0","","1.0","","1","N","N","","0","","1","0","0","","0","N","","2","1","0","0","0","0","0","2","0","1","","","","N","","","","","","","","","",""
"2018122925","","0","0","0","0","0","0","0","0","0","7","0","","02","11","2018","5","40.640236","-79.9547","1751","11","0","0","0","0","0","0","0","0","1","0","0","0","","","1","","0","","40 38:24.849","2","0","79 57:16.920","4","0","0","0","2217","0","0","0","N","0","0","0","1","02505","1","","5.0","","2","N","N","","0","","0","0","1","","0","Y","","1","1","0","0","0","0","0","2","0","1","","","","N","","","","","","","","","",""
"2018127372","","1","0","0","0","0","0","0","0","0","4","0","","02","11","2018","5","40.462469","-79.924405","1550","11","0","0","0","0","0","1","0","0","","0","0","0","","","0","","1","","40 27:44.888","","0","79 55:27.858","0","0","0","0","2301","0","0","0","N","0","0","0","2","02301","0","","1.0","","1","N","N","","0","","0","0","1","","3","","","2","0","0","0","0","0","0","2","0","2","","","","N","","","","","","","","","",""
"2018121288","","0","0","0","0","0","0","0","0","0","7","0","","02","11","2018","5","40.438073","-79.994419","0148","11","0","0","0","0","0","0","0","0","1","0","0","0","","","0","","1","","40 26:17.061","2","0","79 59:39.910","0","0","0","0","2301","0","0","0","N","0","0","0","1","02301","0","","4.0","","1","N","N","","0","","0","0","1","","2","N","","1","0","1","0","0","0","0","2","0","1","","","","N","","","","","","","","","",""