"CRN","ARRIVAL_TM","AUTOMOBILE_COUNT","BELTED_DEATH_COUNT","BELTED_SUSP_SERIOUS_INJ_COUNT","BICYCLE_COUNT","BICYCLE_DEATH_COUNT","BICYCLE_SUSP_SERIOUS_INJ_COUNT","BUS_COUNT","CHLDPAS_DEATH_COUNT","CHLDPAS_SUSP_SERIOUS_INJ_COUNT","COLLISION_TYPE","COMM_VEH_COUNT","CONS_ZONE_SPD_LIM","COUNTY","CRASH_MONTH","CRASH_YEAR","DAY_OF_WEEK","DEC_LATITUDE","DEC_LONGITUDE","DISPATCH_TM","DISTRICT","DRIVER_COUNT_16YR","DRIVER_COUNT_17YR","DRIVER_COUNT_18YR","DRIVER_COUNT_19YR","DRIVER_COUNT_20YR","DRIVER_COUNT_50_64YR","DRIVER_COUNT_65_74YR","DRIVER_COUNT_75PLUS","EST_HRS_CLOSED","FATAL_COUNT","HEAVY_TRUCK_COUNT","HORSE_BUGGY_COUNT","HOUR_OF_DAY","ILLUMINATION","INJURY_COUNT","INTERSECTION_RELATED","INTERSECT_TYPE","LANE_CLOSED","LATITUDE","LN_CLOSE_DIR","LOCATION_TYPE","LONGITUDE","MAX_SEVERITY_LEVEL","MCYCLE_DEATH_COUNT","MCYCLE_SUSP_SERIOUS_INJ_COUNT","MOTORCYCLE_COUNT","MUNICIPALITY","NONMOTR_COUNT","NONMOTR_DEATH_COUNT","NONMOTR_SUSP_SERIOUS_INJ_COUNT","NTFY_HIWY_MAINT","PED_COUNT","PED_DEATH_COUNT","PED_SUSP_SERIOUS_INJ_COUNT","PERSON_COUNT","POLICE_AGCY","POSSIBLE_INJ_COUNT","RDWY_SURF_TYPE_CD","RELATION_TO_ROAD","ROADWAY_CLEARED","ROAD_CONDITION","SCH_BUS_IND","SCH_ZONE_IND","SECONDARY_CRASH","SMALL_TRUCK_COUNT","SPEC_JURIS_CD","SUSP_MINOR_INJ_COUNT","SUSP_SERIOUS_INJ_COUNT","SUV_COUNT","TCD_FUNC_CD","TCD_TYPE","TFC_DETOUR_IND","TIME_OF_DAY","TOTAL_UNITS","TOT_INJ_COUNT","UNBELTED_OCC_COUNT","UNB_DEATH_COUNT","UNB_SUSP_SERIOUS_INJ_COUNT","UNK_INJ_DEG_COUNT","UNK_INJ_PER_COUNT","URBAN_RURAL","VAN_COUNT","VEHICLE_COUNT","WEATHER1","WEATHER2","WORKERS_PRES","WORK_ZONE_IND","WORK_ZONE_LOC","WORK_ZONE_TYPE","WZ_CLOSE_DETOUR","WZ_FLAGGER","WZ_LAW_OFFCR_IND","WZ_LN_CLOSURE","WZ_MOVING","WZ_OTHER","WZ_SHLDER_MDN","WZ_WORKERS_INJ_KILLED"
"2018124592","","1","0","0","0","0","0","0","0","0","1","0","","02","11","2018","4","40.45494","-79.945289","1541","11","0","0","0","0","0","1","0","0","","0","0","0","","","1","","1","","40 27:17.783","","0","79 56:43.040","4","0","0","1","2301","0","0","0","N","0","0","0","2","02301","1","","1.0","","1","N","N","","0","","0","0","0","","0","","","2","1","0","0","0","0","0","2","0","2","","","","N","","","","","","","","","",""
"2018126931","","2","0","0","0","0","0","0","0","0","4","0","","02","11","2018","4","40.446115","-79.850033","1612","11","0","0","0","0","1","0","0","0","1","0","0","0","","","0","","0","","40 26:46.013","6","7","79 51:00.117","0","0","0","0","2419","0","0","0","N","0","0","0","2","02419","0","","1.0","","1","N","N","","0","","0","0","0","","3","N","","2","0","0","0","0","0","0","2","0","2","","","","N","","","","","","","","","",""
"2018124797","","0","0","0","0","0","0","0","0","0","7","0","","02","11","2018","5","40.445239","-80.029895","0605","11","0","0","0","0","0","0","0","0","2","0","0","0","","","0","","0","","40 26:42.860","3","1","80 01:47.623","0","0","0","0","2301","0","0","0","N","0","0","0","1","02301","0","","4.0","","2","N","N","","0","","0","0","1","","0","Y","","1","0","0","0","0","0","0","2","0","1","","","","N","","","","","","","","","",""
"2018127165","","0","0","0","0","0","0","0","0","0","7","0","","02","11","2018","5","40.405169","-80.074779","0033","11","0","0","0","0","0","0","0","0","","0","0","0","","","0","","2","","40 24:18.608","","0","80 04:29.204","9","0","0","0","2415","0","0","0","N","0","0","0","1","02415","0","","2.0","","1","N","N","","0","","0","0","1","","0","","","1","0","0","0","0","0","1","2","0","1","","","","N","","","","","","","","","",""
"2018123144","","1","0","0","0","0","0","0","0","0","4","0","","02","11","2018","1","40.388391","-80.042939","2230","11","0","0","0","0","0","1","0","0","2","0","0","0","","","1","","2","","40 23:18.206","4","0","80 02:34.581","4","0","0","0","2109","0","0","0","N","0","0","0","2","02109","1","","1.0","","9","N","N","","0","","0","0","1","","2","N","","2","1","0","0","0","0","0","2","0","2","","","","N","","","","","","","","","",""
"2018123313","","1","0","0","0","0","0","0","0","0","1","0","","02","10","2018","6","40.437407","-80.247029","0815","11","0","0","0","0","0","1","0","0","1","0","0","0","","","0","","0","","40 26:14.664","3","0","80 14:49.304","0","0","0","0","2214","0","0","0","N","0","0","0","2","68B03","0","","1.0","","1","N","N","","1","","0","0","0","","0","N","","2","0","0","0","0","0","0","2","0","2","","","","N","","","","","","","","","",""
"2018125439","","0","0","0","0","0","0","0","0","0","2","0","","02","11","2018","7","40.480698","-80.032133","2330","11","0","0","0","0","0","1","0","0","1","0","0","0","","","0","","0","","40 28:50.512","2","0","80 01:55.680","0","0","0","0","2301","0","0","0","N","0","0","0","1","02301","0","","1.0","","9","N","N","","2","","0","0","0","","0","N","","2","0","0","0","0","0","0","2","0","2","","","","N","","","","","","","","","",""
"2018120626","","2","0","0","0","0","0","0","0","0","6","0","","02","11","2018","3","40.524138","-79.912046","1604","11","0","0","0","0","0","0","1","0","2","0","0","0","","","0","","0","","40 31:26.896","5","0","79 54:43.364","0","0","0","0","2432","0","0","0","N","0","0","0","2","02432","0","","1.0","","1","N","N","","0","","0","0","0","","0","N","","2","0","0","0","0","0","0","2","0","2","","","","N","","","","","","","","","",""
"2018121469","","0","0","0","0","0","0","0","0","0","1","0","","02","11","2018","5","40.299062","-80.029812","","11","0","0","0","0","0","0","1","0","","0","0","0","","","0","","2","","40 17:56.623","","0","80 01:47.323","0","0","0","0","2407","0","0","0","N","0","0","0","2","02407","0","","1.0","","1","N","N","","0","","0","0","2","","0","","","2","0","0","0","0","0","0","2","0","2","","","","N","","","","","","","","","",""
"2018126934","","2","0","0","0","0","0","0","0","0","1","0","","02","9","2018","5","40.360453","-80.111373","0551","11","0","0","0","0","0","0","1","0","","0","0","0","","","0","","0","","40 21:37.630","","0","80 06:40.942","0","0","0","0","2414","0","0","0","N","0","0","0","3","02414","0","","1.0","","1","N","N","","0","","0","0","1","","2","","","3","0","1","0","0","0","0","2","0","3","","","","N","","","","","","","","","",""
"2018120832","","1","0","0","0","0","0","0","0","0","0","0","","02","11","2018","3","40.626778","-80.034051","0906","11","0","0","0","0","0","0","1","0","1","0","0","0","","","1","","2","","40 37:36.399","4","0","80 02:02.585","3","0","0","0","2216","0","0","0","N","0","0","0","2","02505","0","","5.0","","9","N","N","","0","","1","0","1","","3","N","","2","1","0","0","0","0","0","1","0","2","","","","N","","","","","","","","","",""
"2018125065","","2","0","0","0","0","0","0","0","0","4","0","","02","11","2018","6","40.462341","-79.943223","1055","11","0","0","0","0","0","1","0","0","","0","0","0","","","0","","1","","40 27:44.427","","0","79 56:35.602","0","0","0","0","2301","0","0","0","N","0","0","0","2","02301","0","","1.0","","1","N","N","","0","","0","0","0","","3","","","2","0","0","0","0","0","0","2","0","2","","","","N","","","","","","","","","",""
"2018125261","","1","0","0","0","0","0","0","0","0","1","0","","02","11","2018","7","40.378594","-79.804959","1407","11","0","0","0","0","0","0","0","0","","0","0","0","","","1","","2","","40 22:42.938","","0","79 48:17.852","8","0","0","0","2111","0","0","0","N","0","0","0","2","02111","0","","1.0","","1","N","N","","1","","0","0","0","","0","","","2","1","0","0","0","1","0","2","0","2","","","","N","","","","","","","","","",""
"2018126936","","0","0","0","0","0","0","0","0","0","7","0","","02","9","2018","7","40.35826","-80.114668","0021","11","0","0","1","0","0","0","0","0","2","0","0","0","","","1","","3","","40 21:29.735","5","0","80 06:52.804","8","0","0","0","2414","0","0","0","N","0","0","0","1","02414","0","","5.0","","1","N","N","","1","","0","0","0","","0","Y","","1","1","0","0","0","1","0","2","0","1","","","","N","","","","","","","","","",""
"2018125267","","1","0","0","0","0","0","0","0","0","7","0","","02","11","2018","6","40.398166","-79.789269","1524","11","0","0","0","0","0","0","0","0","","0","0","0","","","1","","0","","40 23:53.396","","0","79 47:21.368","8","0","0","0","2446","0","0","0","N","0","0","0","1","02446","0","","5.0","","1","N","N","","0","","0","0","0","","0","","","1","1","1","0","0","1","0","2","0","1","","","","N","","","","","","","","","",""
"2018122464","","0","0","0","0","0","0","0","0","0","1","0","","02","9","2018","4","40.608995","-80.094823","0717","11","0","0","0","0","0","3","0","0","2","0","0","0","","","0","","0","","40 36:32.382","2","0","80 05:41.362","0","0","0","0","2481","0","0","0","N","0","0","0","6","68B03","0","","1.0","","9","N","N","","3","","0","0","3","","0","N","","6","0","0","0","0","0","0","2","0","6","","","","N","","","","","","","","","",""
"2018124599","","2","0","0","0","0","0","0","0","0","4","0","","02","10","2018","4","40.552109","-80.023334","1725","11","0","0","0","0","0","1","0","0","1","0","0","0","","","0","","2","","40 33:07.592","3","7","80 01:24.002","9","0","0","0","2116","0","0","0","N","0","0","0","4","02116","0","","1.0","","1","N","N","","0","","0","0","1","","2","N","","3","0","0","0","0","0","1","2","0","3","","","","N","","","","","","","","","",""
"2018126937","","0","0","0","0","0","0","0","0","0","8","0","","02","9","2018","3","40.35925","-80.115192","2103","11","0","0","0","0","0","1","0","0","","0","0","0","","","1","","0","","40 21:33.301","","0","80 06:54.692","8","0","0","0","2414","1","0","0","N","1","0","0","2","02414","0","","2.0","","1","N","N","","0","","0","0","1","","0","","","2","1","1","0","0","1","0","2","0","1","","","","N","","","","","","","","","",""
"2018120835","","0","0","0","0","0","0","0","0","0","8","0","","02","11","2018","4","40.345167","-79.830639","0630","11","0","0","0","0","0","0","0","0","1","0","0","0","","","1","","0","","40 20:42.600","5","0","79 49:50.300","8","0","0","0","2304","1","0","0","N","1","0","0","2","02304","0","","1.0","","1","N","Y","","0","","0","0","1","","0","Y","","2","1","0","0","0","1","0","2","0","1","","","","N","","","","","","","","","",""
"2018125269","","2","0","0","0","0","0","0","0","0","1","0","","02","11","2018","6","40.501719","-80.011225","1438","11","0","0","1","0","0","2","0","0","2","0","0","0","","","2","","0","","40 30:06.190","2","0","80 00:40.410","3","0","0","0","2116","0","0","0","N","0","0","0","5","02116","0","","1.0","","1","N","N","","0","","2","0","1","","0","N","","3","2","0","0","0","0","0","2","0","3","","","","N","","","","","","","","","",""
"2018125458","","1","0","0","0","0","0","0","0","0","2","0","","02","11","2018","6","40.494888","-79.906053","1815","11","0","0","0","0","0","2","0","0","2","0","0","0","","","0","","0","","40 29:41.598","2","0","79 54:21.792","0","0","0","0","2401","0","0","0","N","0","0","0","2","68D02","0","","1.0","","1","N","N","","1","","0","0","0","","0","N","","2","0","0","0","0","0","0","2","0","2","","","","N","","","","","","","","","",""
"2018124602","","2","0","0","0","0","0","0","0","0","99","0","","02","11","2018","5","40.493791","-80.206359","2141","11","0","0","0","0","1","0","0","0","2","0","0","0","","","1","","0","","40 29:37.649","4","0","80 12:22.891","8","0","0","0","2213","0","0","0","N","0","0","0","5","02213","0","","1.0","","1","N","N","","0","","0","0","1","","0","N","","3","1","1","0","0","1","0","2","0","3","","","","N","","","","","","","","","",""
"2018122710","","1","0","0","0","0","0","0","0","0","7","0","","02","11","2018","1","40.438541","-80.005766","0145","11","0","0","0","0","0","0","0","0","1","0","0","0","","","0","","5","","40 26:18.749","1","2","80 00:20.759","0","0","0","0","2301","0","0","0","N","0","0","0","1","02301","0","","1.0","","1","N","N","","0","","0","0","0","","2","N","","1","0","0","0","0","0","0","2","0","1","","","","N","","","","","","","","","",""
"2018120857","","1","0","0","0","0","0","0","0","0","5","0","","02","11","2018","4","40.455253","-79.993125","0734","11","0","0","0","0","0","1","0","0","","0","0","0","","","0","","6","","40 27:18.909","","2","79 59:35.249","0","0","0","0","2301","0","0","0","N","0","0","0","2","02301","0","","1.0","","1","N","N","","0","","0","0","1","","0","","","2","0","0","0","0","0","0","2","0","2","","","","N","","","","","","","","","",""
"2018122466","","0","0","0","0","0","0","0","0","0","7","0","","02","9","2018","7","40.429315","-79.931483","0341","11","0","0","0","0","0","0","1","0","1","0","0","0","","","0","","0","","40 25:45.534","3","2","79 55:53.340","0","0","0","0","2301","0","0","0","N","0","0","0","1","68B03","0","","9.0","","1","N","N","","0","","0","0","1","","0","N","","1","0","0","0","0","0","0","2","0","1","","","","N","","","","","","","","","",""
"2018126939","","0","0","0","0","0","0","0","0","0","4","0","","02","10","2018","4","40.360008","-80.111556","2200","11","0","0","0","0","0","1","0","0","","0","0","0","","","0","","1","","40 21:36.028","","0","80 06:41.602","9","0","0","0","2414","0","0","0","N","0","0","0","2","02414","0","","1.0","","1","N","N","","0","","0","0","2","","2","","","2","0","0","0","0","0","1","2","0","2","","","","N","","","","","","","","","",""
"2018120862","","0","0","0","0","0","0","0","0","0","1","0","","02","11","2018","4","40.422693","-80.029572","0822","11","0","0","0","0","0","2","0","0","2","0","0","0","","","1","","0","","40 25:21.695","1","0","80 01:46.459","8","0","0","0","2301","0","0","0","N","0","0","0","2","02301","0","","1.0","","1","N","N","","0","","0","0","2","","0","N","","2","1","0","0","0","1","0","2","0","2","","","","N","","","","","","","","","",""
"2018122951","","2","0","0","0","0","0","0","0","0","5","0","","02","11","2018","1","40.479641","-80.043826","1741","11","0","0","0","0","0","0","0","0","2","0","0","0","","","0","","0","","40 28:46.709","5","0","80 02:37.772","0","0","0","0","2301","0","0","0","N","0","0","0","4","02301","0","","1.0","","9","N","N","","0","","0","0","0","","0","N","","2","0","0","0","0","0","0","2","0","2","","","","N","","","","","","","","","",""
"2018122471","","2","0","0","0","0","0","0","0","0","4","0","","02","10","2018","5","40.44629","-80.165214","2019","11","1","0","0","0","1","0","0","0","1","0","0","0","","","0","","0","","40 26:46.644","4","0","80 09:54.769","0","0","0","0","2115","0","0","0","N","0","0","0","2","68B03","0","","1.0","","1","N","N","","0","","0","0","0","","0","N","","2","0","0","0","0","0","0","2","0","2","","","","N","","","","","","","","","",""
"2018126942","","1","0","0","0","0","0","0","0","0","2","0","","02","10","2018","3","40.360417","-80.112306","0815","11","0","0","0","0","0","1","0","0","1","0","0","0","","","1","","0","","40 21:37.500","3","0","80 06:44.300","4","0","0","0","2414","0","0","0","N","0","0","0","3","02414","1","","1.0","","1","N","N","","1","","0","0","0","","2","N","","2","1","0","0","0","0","0","2","0","2","","","","N","","","","","","","","","",""
"2018122763","","1","0","0","0","0","0","0","0","0","4","0","","02","11","2018","5","40.535417","-80.086306","1753","11","0","0","1","0","0","0","0","0","1","0","0","0","","","0","","0","","40 32:07.500","5","0","80 05:10.700","0","0","0","0","2215","0","0","0","N","0","0","0","4","02215","0","","1.0","","7","N","N","","0","","0","0","1","","0","N","","2","0","0","0","0","0","0","2","0","2","","","","N","","","","","","","","","",""
"2018125077","","1","0","0","0","0","0","0","0","0","7","0","","02","11","2018","5","40.568632","-80.172061","0541","11","0","0","0","0","0","0","0","0","","0","0","0","","","2","","0","","40 34:07.076","","0","80 10:19.421","3","0","0","0","2459","0","0","0","N","0","0","0","2","02459","0","","5.0","","1","N","N","","0","","2","0","0","","0","","","1","2","0","0","0","0","0","1","0","1","","","","N","","","","","","","","","",""
"2018121491","","0","0","0","0","0","0","0","0","0","8","0","","02","11","2018","5","40.442473","-79.995807","1446","11","0","0","0","0","0","0","0","0","","0","0","0","","","1","","1","","40 26:32.904","","0","79 59:44.905","3","0","0","0","2301","1","0","0","N","1","0","0","2","02301","0","","1.0","","9","N","N","","1","","1","0","0","","2","","","2","1","0","0","0","0","0","2","0","1","","","","N","","","","","","","","","",""
"2018122472","","1","0","0","0","0","0","0","0","0","1","0","","02","10","2018","6","40.420515","-80.032135","0725","11","0","0","0","0","0","1","0","1","1","0","0","0","","","2","","0","","40 25:13.853","4","0","80 01:55.686","3","0","0","0","2301","0","0","0","N","0","0","0","3","68B03","0","","1.0","","1","N","N","","1","","2","0","1","","0","N","","3","2","0","0","0","0","0","2","0","3","","","","N","","","","","","","","","",""
"2018126944","","1","0","0","0","0","0","0","0","0","7","0","","02","11","2018","2","40.361238","-80.111041","1605","11","0","0","0","0","0","0","0","1","2","0","0","0","","","1","","0","","40 21:40.456","5","0","80 06:39.747","4","0","0","0","2414","0","0","0","Y","0","0","0","1","02414","1","","5.0","","9","N","N","","0","","0","0","0","","0","Y","","1","1","0","0","0","0","0","2","0","1","","","","N","","","","","","","","","",""
"2018123165","","0","0","0","0","0","0","0","0","0","4","0","","02","11","2018","6","40.380642","-79.812202","0851","11","0","0","0","0","0","0","0","0","2","0","0","0","","","1","","2","","40 22:50.312","2","0","79 48:43.928","3","0","0","0","2424","0","0","0","N","0","0","0","2","02424","0","","2.0","","1","N","N","","0","","1","0","2","","3","Y","","2","1","0","0","0","0","0","2","0","2","","","","N","","","","","","","","","",""
"2018125238","","1","0","0","0","0","0","0","0","0","7","0","","02","11","2018","1","40.471858","-79.973431","0427","11","0","0","0","0","0","0","0","0","2","0","0","0","","","2","","0","","40 28:18.690","1","0","79 58:24.352","2","0","0","0","2445","0","0","0","N","0","0","0","2","02445","0","","5.0","","1","N","N","","0","","0","1","0","","0","Y","","1","2","0","0","0","1","0","2","0","1","","","","N","","","","","","","","","",""
"2018122475","","1","0","0","0","0","0","0","0","0","1","0","","02","11","2018","5","40.426179","-79.895131","1911","11","0","0","0","0","0","0","0","0","","0","0","0","","","0","","0","","40 25:34.246","","0","79 53:42.470","9","0","0","0","2301","0","0","0","N","0","0","0","4","68B03","0","","1.0","","9","N","N","","0","","0","0","0","","0","","","3","0","0","0","0","0","2","2","0","3","","","","N","","","","","","","","","",""
"2018121501","","0","0","0","0","0","0","1","0","0","4","1","","02","11","2018","2","40.447435","-79.942465","2359","11","0","0","0","0","0","0","0","0","","0","0","0","","","2","","1","","40 26:50.767","","0","79 56:32.873","3","0","0","0","2301","0","0","0","N","0","0","0","2","02301","0","","1.0","","9","Y","N","","0","","1","0","1","","2","","","2","2","0","0","0","1","0","2","0","2","","","","N","","","","","","","","","",""
"2018125283","","2","0","0","0","0","0","0","0","0","4","0","","02","11","2018","7","40.463558","-79.930643","0947","11","0","0","0","0","0","1","0","1","","0","0","0","","","1","","1","","40 27:48.808","","0","79 55:50.314","4","0","0","0","2301","0","0","0","N","0","0","0","2","02301","1","","1.0","","9","N","N","","0","","0","0","0","","2","","","2","1","0","0","0","0","0","2","0","2","","","","N","","","","","","","","","",""
"2018121326","","0","0","0","0","0","0","0","0","0","4","0","","02","11","2018","3","40.634062","-80.060078","1325","11","0","0","0","0","0","1","0","0","1","0","0","0","","","0","","0","","40 38:02.622","1","0","80 03:36.279","0","0","0","0","2216","0","0","0","N","0","0","0","2","02505","0","","1.0","","9","N","N","","0","","0","0","2","","0","N","","2","0","0","0","0","0","0","2","0","2","","","","N","","","","","","","","","",""
"2018121504","","1","0","0","0","0","0","0","0","0","4","0","","02","10","2018","4","40.405183","-79.913259","2202","11","0","0","0","0","0","1","0","0","","0","0","0","","","0","","1","","40 24:18.658","","0","79 54:47.733","0","0","0","0","2472","0","0","0","N","0","0","0","2","02472","0","","1.0","","1","N","N","","0","","0","0","1","","2","","","2","0","0","0","0","0","0","2","0","2","","","","N","","","","","","","","","",""
"2018122477","","1","0","0","0","0","0","0","0","0","1","0","","02","11","2018","6","40.425689","-79.910068","1924","11","0","0","1","0","0","0","0","0","","0","0","0","","","0","","0","","40 25:32.480","","0","79 54:36.243","0","0","0","0","2301","0","0","0","N","0","0","0","4","68B03","0","","1.0","","1","N","N","","0","","0","0","1","","0","","","2","0","1","0","0","0","0","2","0","2","","","","N","","","","","","","","","",""
"2018124841","","3","0","0","0","0","0","0","0","0","1","0","","02","11","2018","4","40.347888","-80.053259","0744","11","0","0","0","0","0","1","0","0","","0","0","0","","","0","","0","","40 20:52.398","","0","80 03:11.731","0","0","0","0","2407","0","0","0","N","0","0","0","3","02407","0","","1.0","","1","N","N","","0","","0","0","0","","1","","","3","0","0","0","0","0","0","2","0","3","","","","N","","","","","","","","","",""
"2018122964","","2","0","0","0","0","0","0","0","0","4","0","","02","11","2018","1","40.45647","-79.896678","2004","11","0","0","0","0","0","0","0","0","","0","0","0","","","0","","1","","40 27:23.293","","0","79 53:48.042","0","0","0","0","2301","0","0","0","N","0","0","0","2","02301","0","","1.0","","1","N","N","","0","","0","0","0","","2","","","2","0","0","0","0","0","0","2","0","2","","","","N","","","","","","","","","",""
"2018123171","","0","0","0","0","0","0","0","0","0","7","0","","02","11","2018","1","40.47653","-79.782039","1416","11","0","0","0","0","0","0","0","0","","0","0","0","","","1","","0","","40 28:35.507","","0","79 46:55.339","3","0","0","0","2113","0","0","0","N","0","0","0","1","02113","0","","5.0","","1","N","N","","0","","1","0","1","","0","","","1","1","0","0","0","0","0","2","0","1","","","","N","","","","","","","","","",""
"2018122770","","1","0","0","0","0","0","0","0","0","7","0","","02","11","2018","7","40.350571","-79.871111","2346","11","0","0","0","0","0","0","0","0","","0","0","0","","","0","","0","","40 21:02.055","","0","79 52:15.999","0","0","0","0","2304","0","0","0","N","0","0","0","1","02304","0","","4.0","","9","N","N","","0","","0","0","0","","6","","","1","0","0","0","0","0","0","2","0","1","","","","N","","","","","","","","","",""
"2018121101","","2","0","0","0","0","0","0","0","0","1","0","","02","11","2018","2","40.512744","-80.222386","1723","11","0","1","0","0","1","0","0","0","1","0","0","0","","","1","","0","","40 30:45.879","1","0","80 13:20.588","8","0","0","0","2213","0","0","0","N","0","0","0","4","02213","0","","1.0","","1","N","N","","0","","0","0","0","","2","N","","3","1","0","0","0","1","0","2","1","3","","","","N","","","","","","","","","",""
"2018125256","","1","0","0","0","0","0","0","0","0","8","0","","02","11","2018","3","40.435342","-79.755545","1158","11","0","0","0","0","0","1","0","0","1","0","0","0","","","1","","0","","40 26:07.232","3","7","79 45:19.962","8","0","0","0","2446","1","0","0","N","1","0","0","2","02446","0","","4.0","","1","N","N","","0","","0","0","0","","0","N","","2","1","0","0","0","1","0","2","0","1","","","","N","","","","","","","","","",""
"2018121507","","1","0","0","0","0","0","0","0","0","1","0","","02","11","2018","5","40.454043","-79.912443","1548","11","0","0","0","0","0","1","0","0","1","0","0","0","","","0","","1","","40 27:14.553","3","0","79 54:44.793","0","0","0","0","2301","0","0","0","N","0","0","0","2","02301","0","","1.0","","9","N","N","","1","","0","0","0","","4","Y","","2","0","0","0","0","0","0","2","0","2","","","","N","","","","","","","","","",""
"2018122733","","0","0","0","0","0","0","0","0","0","7","0","","02","11","2018","1","40.335523","-79.947172","0651","11","0","0","0","0","0","0","0","0","2","0","0","0","","","0","","0","","40 20:07.884","5","0","79 56:49.819","0","0","0","0","2473","0","0","0","N","0","0","0","1","02473","0","","2.0","","1","N","N","","0","","0","0","1","","2","Y","","1","0","0","0","0","0","0","2","0","1","","","","N","","","","","","","","","",""
"2018120887","","1","0","0","0","0","0","0","0","0","4","0","","02","11","2018","4","40.615788","-80.09422","0855","11","0","0","0","0","0","0","1","0","","0","0","0","","","0","","1","","40 36:56.838","","2","80 05:39.193","0","0","0","0","2481","0","0","0","N","0","0","0","2","02481","0","","1.0","","1","N","N","","0","","0","0","0","","2","","","2","0","0","0","0","0","0","2","1","2","","","","N","","","","","","","","","",""
"2018122970","","2","0","0","0","0","0","0","0","0","2","0","","02","11","2018","1","40.568451","-79.802605","1654","11","0","0","0","0","0","1","1","0","","0","0","0","","","2","","0","","40 34:06.424","","0","79 48:09.377","3","0","0","0","2206","0","0","0","N","0","0","0","2","02206","0","","1.0","","1","N","N","","0","","2","0","0","","0","","","2","2","0","0","0","0","0","2","0","2","","","","N","","","","","","","","","",""
"2018121102","","1","0","0","0","0","0","0","0","0","2","0","","02","11","2018","2","40.516933","-80.221334","2056","11","0","0","0","1","0","0","0","1","1","0","0","0","","","0","","1","","40 31:00.959","1","0","80 13:16.803","0","0","0","0","2213","0","0","0","N","0","0","0","2","02213","0","","1.0","","1","N","N","","0","","0","0","1","","2","N","","2","0","1","0","0","0","0","2","0","2","","","","N","","","","","","","","","",""
"2018124892","","1","0","0","0","0","0","0","0","0","4","0","","02","11","2018","5","40.409431","-79.995424","1410","11","0","0","0","0","0","0","0","0","","0","0","0","","","1","","1","","40 24:33.951","","0","79 59:43.526","4","0","0","0","2301","0","0","0","N","0","0","0","4","02301","1","","1.0","","1","N","N","","1","","0","0","0","","3","","","2","1","0","0","0","0","0","2","0","2","","","","N","","","","","","","","","",""
"2018127202","","0","0","0","0","0","0","0","0","0","4","0","","02","11","2018","3","40.582036","-80.03815","1733","11","0","0","0","0","0","0","0","0","","0","0","0","","","0","","1","","40 34:55.328","","0","80 02:17.341","0","0","0","0","2108","0","0","0","N","0","0","0","2","02108","0","","1.0","","9","N","N","","1","","0","0","1","","2","","","2","0","0","0","0","0","0","2","0","2","","","","N","","","","","","","","","",""
"2018122974","","2","0","0","0","0","0","0","0","0","4","0","","02","11","2018","1","40.45831","-79.933847","2041","11","0","0","0","0","0","1","0","0","1","0","0","0","","","1","","1","","40 27:29.915","1","0","79 56:01.850","8","0","0","0","2301","0","0","0","N","0","0","0","4","02301","0","","1.0","","1","N","N","","0","","0","0","0","","2","N","","2","1","1","0","0","1","0","2","0","2","","","","N","","","","","","","","","",""
"2018121103","","1","0","0","0","0","0","0","0","0","4","0","","02","11","2018","6","40.521839","-80.175191","1203","11","0","0","0","0","0","0","0","1","1","0","0","0","","","2","","11","","40 31:18.619","1","7","80 10:30.687","3","0","0","0","2213","0","0","0","N","0","0","0","3","02213","0","","1.0","","9","N","N","","0","","2","0","0","","0","N","","2","2","0","0","0","0","0","2","1","2","","","","N","","","","","","","","","",""
"2018121147","","2","0","0","0","0","0","0","0","0","5","0","","02","11","2018","4","40.478357","-79.955657","1858","11","0","0","0","0","0","1","0","0","1","0","0","0","","","0","","1","","40 28:42.084","4","0","79 57:20.364","0","0","0","0","2301","0","0","0","N","0","0","0","2","02301","0","","1.0","","1","N","N","","0","","0","0","0","","2","N","","2","0","0","0","0","0","0","2","0","2","","","","N","","","","","","","","","",""
"2018122483","","1","0","0","0","0","0","0","0","0","1","0","","02","11","2018","4","40.425529","-79.905823","1422","11","0","0","0","0","0","0","0","0","","0","0","0","","","1","","0","","40 25:31.904","","0","79 54:20.961","3","0","0","1","2301","0","0","0","N","0","0","0","2","68B03","0","","1.0","","1","N","N","","0","","1","0","0","","0","","","2","1","0","0","0","0","0","2","0","2","","","","N","","","","","","","","","",""
"2018124633","","1","0","0","0","0","0","0","0","0","99","0","","02","11","2018","4","40.473978","-79.957936","1741","11","0","0","0","0","0","0","0","0","","0","0","0","","","0","","2","","40 28:26.321","","0","79 57:28.568","9","0","0","0","2301","0","0","0","N","0","0","0","1","02301","0","","2.0","","1","N","N","","0","","0","0","0","","0","","","2","0","0","0","0","0","1","2","0","2","","","","N","","","","","","","","","",""
"2018126971","","1","0","0","0","0","0","0","0","0","7","0","","02","11","2018","4","40.464157","-79.980349","1652","11","0","0","0","0","0","0","0","0","1","0","0","0","","","0","","0","","40 27:50.965","2","0","79 58:49.258","0","0","0","0","2301","0","0","0","N","0","0","0","1","02301","0","","1.0","","2","N","N","","0","","0","0","0","","0","N","","1","0","0","0","0","0","0","2","0","1","","","","N","","","","","","","","","",""
"2018127001","","1","0","0","0","0","0","0","0","0","5","0","","02","11","2018","4","40.4603","-79.808298","1928","11","0","0","0","0","0","0","0","0","2","0","0","0","","","0","","0","","40 27:37.079","6","0","79 48:29.872","0","0","0","0","2113","0","0","0","N","0","0","0","1","02113","0","","2.0","","1","N","N","","0","","0","0","2","","0","Y","","3","0","0","0","0","0","0","2","0","3","","","","N","","","","","","","","","",""