"CRN","ARRIVAL_TM","AUTOMOBILE_COUNT","BELTED_DEATH_COUNT","BELTED_SUSP_SERIOUS_INJ_COUNT","BICYCLE_COUNT","BICYCLE_DEATH_COUNT","BICYCLE_SUSP_SERIOUS_INJ_COUNT","BUS_COUNT","CHLDPAS_DEATH_COUNT","CHLDPAS_SUSP_SERIOUS_INJ_COUNT","COLLISION_TYPE","COMM_VEH_COUNT","CONS_ZONE_SPD_LIM","COUNTY","CRASH_MONTH","CRASH_YEAR","DAY_OF_WEEK","DEC_LATITUDE","DEC_LONGITUDE","DISPATCH_TM","DISTRICT","DRIVER_COUNT_16YR","DRIVER_COUNT_17YR","DRIVER_COUNT_18YR","DRIVER_COUNT_19YR","DRIVER_COUNT_20YR","DRIVER_COUNT_50_64YR","DRIVER_COUNT_65_74YR","DRIVER_COUNT_75PLUS","EST_HRS_CLOSED","FATAL_COUNT","HEAVY_TRUCK_COUNT","HORSE_BUGGY_COUNT","HOUR_OF_DAY","ILLUMINATION","INJURY_COUNT","INTERSECTION_RELATED","INTERSECT_TYPE","LANE_CLOSED","LATITUDE","LN_CLOSE_DIR","LOCATION_TYPE","LONGITUDE","MAX_SEVERITY_LEVEL","MCYCLE_DEATH_COUNT","MCYCLE_SUSP_SERIOUS_INJ_COUNT","MOTORCYCLE_COUNT","MUNICIPALITY","NONMOTR_COUNT","NONMOTR_DEATH_COUNT","NONMOTR_SUSP_SERIOUS_INJ_COUNT","NTFY_HIWY_MAINT","PED_COUNT","PED_DEATH_COUNT","PED_SUSP_SERIOUS_INJ_COUNT","PERSON_COUNT","POLICE_AGCY","POSSIBLE_INJ_COUNT","RDWY_SURF_TYPE_CD","RELATION_TO_ROAD","ROADWAY_CLEARED","ROAD_CONDITION","SCH_BUS_IND","SCH_ZONE_IND","SECONDARY_CRASH","SMALL_TRUCK_COUNT","SPEC_JURIS_CD","SUSP_MINOR_INJ_COUNT","SUSP_SERIOUS_INJ_COUNT","SUV_COUNT","TCD_FUNC_CD","TCD_TYPE","TFC_DETOUR_IND","TIME_OF_DAY","TOTAL_UNITS","TOT_INJ_COUNT","UNBELTED_OCC_COUNT","UNB_DEATH_COUNT","UNB_SUSP_SERIOUS_INJ_COUNT","UNK_INJ_DEG_COUNT","UNK_INJ_PER_COUNT","URBAN_RURAL","VAN_COUNT","VEHICLE_COUNT","WEATHER1","WEATHER2","WORKERS_PRES","WORK_ZONE_IND","WORK_ZONE_LOC","WORK_ZONE_TYPE","WZ_CLOSE_DETOUR","WZ_FLAGGER","WZ_LAW_OFFCR_IND","WZ_LN_CLOSURE","WZ_MOVING","WZ_OTHER","WZ_SHLDER_MDN","WZ_WORKERS_INJ_KILLED"
"2018135938","","1","0","0","0","0","0","0","0","0","7","0","","02","12","2018","3","40.408897","-79.905356","1114","11","0","0","0","0","0","0","1","0","","0","0","0","","","1","","1","","40 24:32.028","","0","79 54:19.280","3","0","0","0","2448","0","0","0","N","0","0","0","2","02448","0","","4.0","","1","N","N","","0","","1","0","0","","0","","","1","1","0","0","0","0","0","2","0","1","","","","N","","","","","","","","","",""
"2018131251","","1","0","0","0","0","0","0","0","0","4","0","","02","12","2018","6","40.41812","-80.047249","0646","11","0","0","0","0","0","0","1","0","1","0","0","0","","","0","","1","","40 25:05.231","6","0","80 02:50.096","0","0","0","0","2435","0","0","0","N","0","0","0","2","02435","0","","1.0","","1","N","N","","0","","0","0","1","","3","N","","2","0","0","0","0","0","0","2","0","2","","","","N","","","","","","","","","",""
"2018131456","","2","0","0","0","0","0","0","0","0","4","0","","02","11","2018","5","40.42406","-80.103404","1706","11","0","0","0","1","0","0","0","1","","0","0","0","","","0","","2","","40 25:26.617","","0","80 06:12.256","0","0","0","0","2115","0","0","0","N","0","0","0","2","02115","0","","1.0","","1","N","N","","0","","0","0","0","","3","","","2","0","0","0","0","0","0","2","0","2","","","","N","","","","","","","","","",""
"2018129923","","2","0","0","0","0","0","0","0","0","2","0","","02","12","2018","4","40.360008","-80.111556","0745","11","0","0","0","0","1","0","0","0","1","0","0","0","","","2","","1","","40 21:36.028","3","0","80 06:41.602","4","0","0","0","2414","0","0","0","N","0","0","0","2","02414","2","","1.0","","9","N","N","","0","","0","0","0","","2","N","","2","2","0","0","0","0","0","2","0","2","","","","N","","","","","","","","","",""
"2018134127","","1","0","0","0","0","0","0","0","0","4","0","","02","12","2018","6","40.354974","-80.115927","1730","11","0","0","0","0","0","0","0","0","2","0","0","0","","","0","","2","","40 21:17.906","6","2","80 06:57.338","0","0","0","0","2119","0","0","0","N","0","0","0","2","02119","0","","1.0","","9","N","N","","1","","0","0","0","","2","N","","2","0","0","0","0","0","0","2","0","2","","","","N","","","","","","","","","",""
"2018136363","","2","0","0","0","0","0","0","0","0","2","0","","02","12","2018","4","40.476077","-80.051834","0619","11","0","0","0","0","0","0","0","0","3","0","0","0","","","2","","0","","40 28:33.878","6","3","80 03:06.601","2","0","0","0","2122","0","0","0","N","0","0","0","3","02122","0","","1.0","","2","N","N","","1","","1","1","0","","0","N","","3","2","0","0","0","0","0","2","0","3","","","","N","","","","","","","","","",""
"2018131817","","1","0","0","0","0","0","0","0","0","1","0","","02","11","2018","1","40.272836","-79.885185","1015","11","0","0","0","0","0","0","0","1","1","0","0","0","","","0","","0","","40 16:22.210","1","3","79 53:06.665","0","0","0","0","2428","0","0","0","N","0","0","0","2","02428","0","","1.0","","1","N","N","","0","","0","0","1","","8","N","","2","0","0","0","0","0","0","2","0","2","","","","Y","","","","","","","","","",""
"2018129929","","1","0","0","0","0","0","0","0","0","7","0","","02","12","2018","4","40.639212","-79.957911","1448","11","0","0","0","0","0","0","1","0","1","0","0","0","","","0","","0","","40 38:21.163","1","0","79 57:28.481","0","0","0","0","2217","0","0","0","N","0","0","0","1","02505","0","","5.0","","9","N","N","","0","","0","0","0","","0","N","","1","0","0","0","0","0","0","2","0","1","","","","N","","","","","","","","","",""
"2018130096","","2","0","0","0","0","0","0","0","0","1","0","","02","12","2018","5","40.434904","-79.91893","0513","11","0","0","0","0","0","0","0","0","1","0","0","0","","","0","","0","","40 26:05.656","5","0","79 55:08.147","0","0","0","0","2301","0","0","0","N","0","0","0","1","02301","0","","1.0","","9","N","N","","0","","0","0","0","","0","Y","","2","0","0","0","0","0","0","2","0","2","","","","N","","","","","","","","","",""
"2018132037","","0","0","0","0","0","0","0","0","0","1","0","","02","12","2018","2","40.525246","-79.839499","1124","11","0","0","0","0","0","1","1","0","1","0","0","0","","","0","","0","","40 31:30.886","6","0","79 50:22.195","0","0","0","0","2451","0","0","0","N","0","0","0","2","02451","0","","1.0","","1","N","N","","0","","0","0","2","","2","N","","2","0","0","0","0","0","0","2","0","2","","","","N","","","","","","","","","",""
"2018131084","","0","0","0","0","0","0","0","0","0","7","0","","02","12","2018","6","40.432683","-79.716167","1329","11","0","0","0","0","0","0","0","0","","0","0","0","","","1","","0","","40 25:57.657","","0","79 42:58.201","8","0","0","0","2446","0","0","0","N","0","0","0","1","02446","0","","5.0","","1","N","N","","1","","0","0","0","","0","","","1","1","0","0","0","1","0","2","0","1","","","","N","","","","","","","","","",""
"2018131280","","1","0","0","0","0","0","0","0","0","1","0","","02","12","2018","3","40.490741","-79.883124","1723","11","0","0","0","0","0","1","0","0","","0","0","0","","","0","","6","","40 29:26.667","","2","79 52:59.247","0","0","0","0","2112","0","0","0","N","0","0","0","3","68D02","0","","1.0","","1","N","N","","0","","0","0","1","","0","","","2","0","0","0","0","0","0","2","0","2","","","","N","","","","","","","","","",""
"2018129461","","0","0","0","0","0","0","0","0","0","8","0","","02","12","2018","3","40.426795","-79.966598","1648","11","0","0","0","0","0","0","0","0","2","0","0","0","","","1","","0","","40 25:36.462","3","0","79 57:59.752","2","0","0","0","2301","1","0","1","N","1","0","1","2","02301","0","","1.0","","1","N","N","","0","","0","1","1","","0","Y","","2","1","0","0","0","0","0","2","0","1","","","","N","","","","","","","","","",""
"2018131646","","0","0","0","0","0","0","0","0","0","7","0","","02","12","2018","1","40.592122","-80.054292","1014","11","0","0","0","0","0","1","0","0","1","0","0","0","","","0","","1","","40 35:31.640","4","0","80 03:15.451","0","0","0","0","2108","0","0","0","Y","0","0","0","1","02108","0","","4.0","","2","N","N","","0","","0","0","1","","0","N","","1","0","0","0","0","0","0","2","0","1","","","","N","","","","","","","","","",""
"2018130098","","1","0","0","0","0","0","0","0","0","7","0","","02","12","2018","4","40.438194","-79.965444","1145","11","0","0","0","0","1","0","0","0","","0","0","0","","","0","N","0","","40 26:17.500","","0","79 57:55.600","0","0","0","0","2301","0","0","0","N","0","0","0","1","02506","0","","4.0","","2","N","N","","0","","0","0","0","","0","","","1","0","1","0","0","0","0","2","0","1","","","","N","","","","","","","","","",""
"2018134346","","1","0","0","0","0","0","0","0","0","1","0","","02","12","2018","6","40.448462","-79.899252","2357","11","0","0","0","0","0","1","0","0","","0","0","0","","","1","","0","","40 26:54.462","","0","79 53:57.307","4","0","0","0","2301","0","0","0","N","0","0","0","1","02301","1","","1.0","","9","N","N","","0","","0","0","1","","0","","","2","1","0","0","0","0","0","2","0","2","","","","N","","","","","","","","","",""
"2018133385","","1","0","0","0","0","0","0","0","0","4","0","","02","12","2018","5","40.411122","-80.006034","1149","11","0","0","0","0","0","1","0","0","2","0","0","0","","","1","","2","","40 24:40.039","3","0","80 00:21.724","3","0","0","0","2301","0","0","0","N","0","0","0","2","02301","0","","1.0","","1","N","N","","1","","1","0","0","","2","N","","2","1","0","0","0","0","0","2","0","2","","","","N","","","","","","","","","",""
"2018131825","","1","0","0","0","0","0","0","0","0","4","0","","02","12","2018","3","40.49133","-80.16041","1528","11","0","0","1","0","0","1","0","0","2","0","0","0","","","0","N","0","","40 29:28.787","3","7","80 09:37.475","0","0","0","0","2213","0","0","0","N","0","0","0","2","02213","0","","1.0","","1","N","N","","1","","0","0","0","","0","N","","2","0","0","0","0","0","0","2","0","2","","","","N","","","","","","","","","",""
"2018131475","","3","0","0","0","0","0","0","0","0","1","0","","02","11","2018","5","40.563791","-80.208651","1546","11","0","0","0","1","0","0","0","0","","0","0","0","","","0","","2","","40 33:49.649","","0","80 12:31.145","0","0","0","0","2441","0","0","0","N","0","0","0","3","02441","0","","1.0","","9","N","N","","0","","0","0","0","","0","","","3","0","0","0","0","0","0","2","0","3","","","","N","","","","","","","","","",""
"2018132040","","1","0","0","0","0","0","0","0","0","5","0","","02","12","2018","3","40.427769","-79.92845","1232","11","0","0","0","0","0","0","1","0","","0","0","0","","","0","","0","","40 25:39.969","","0","79 55:42.419","0","0","0","0","2301","0","0","0","N","0","0","0","2","02301","0","","1.0","","1","N","N","","1","","0","0","0","","0","","","2","0","0","0","0","0","0","2","0","2","","","","N","","","","","","","","","",""
"2018134358","","1","0","0","0","0","0","0","0","0","8","0","","02","12","2018","7","40.438689","-79.988285","2244","11","0","0","0","0","0","0","0","0","","0","0","0","","","1","","2","","40 26:19.280","","0","79 59:17.827","3","0","0","0","2301","1","0","0","N","1","0","0","2","02301","0","","1.0","","9","N","N","","0","","1","0","0","","2","","","2","1","0","0","0","0","1","2","0","1","","","","N","","","","","","","","","",""
"2018133917","","3","0","0","0","0","0","0","0","0","7","0","","02","12","2018","5","40.592328","-79.888472","1917","11","0","0","0","0","0","0","0","0","3","0","0","0","","","4","","0","","40 35:32.379","6","0","79 53:18.500","3","0","0","0","2209","0","0","0","Y","0","0","0","5","02209","0","","3.0","","1","N","N","","0","","4","0","0","","0","Y","","3","4","0","0","0","0","0","1","0","3","","","","N","","","","","","","","","",""
"2018131109","","2","0","0","0","0","0","0","0","0","4","0","","02","11","2018","5","40.355851","-80.028223","0805","11","0","0","0","0","0","0","0","0","","0","0","0","","","0","","2","","40 21:21.063","","0","80 01:41.601","0","0","0","0","2407","0","0","0","N","0","0","0","2","02407","0","","1.0","","9","N","N","","0","","0","0","0","","2","","","2","0","0","0","0","0","0","2","0","2","","","","N","","","","","","","","","",""
"2018133870","","0","0","0","0","0","0","0","0","0","5","0","","02","12","2018","4","40.35342","-80.110715","2111","11","0","0","0","0","0","2","0","0","1","0","0","0","","","0","N","2","","40 21:12.311","6","0","80 06:38.573","0","0","0","0","2414","0","0","0","N","0","0","0","2","02414","0","","1.0","9999.0","1","N","N","N","1","","0","0","1","","7","Y","","2","0","0","0","0","0","0","2","0","2","","","","N","","","","","","","","","",""
"2018131831","","1","0","0","0","0","0","0","0","0","4","0","","02","12","2018","7","40.269224","-79.901268","1754","11","0","0","0","0","0","0","0","0","2","0","0","0","","","0","","2","","40 16:09.208","4","0","79 54:04.565","0","0","0","0","2471","0","0","0","N","0","0","0","6","02428","0","","1.0","","1","N","N","","0","","0","0","1","","3","N","","2","0","0","0","0","0","0","2","0","2","","","","N","","","","","","","","","",""
"2018130123","","1","0","0","0","0","0","0","0","0","7","0","","02","12","2018","5","40.499564","-79.85288","0727","11","0","0","0","0","0","1","0","0","2","0","0","0","","","1","","2","","40 29:58.430","2","0","79 51:10.369","8","0","0","0","2112","0","0","0","N","0","0","0","1","02112","0","","5.0","","98","N","N","","0","","0","0","0","","0","N","","1","1","0","0","0","1","0","2","0","1","","","","N","","","","","","","","","",""
"2018129942","","2","0","0","0","0","0","0","0","0","4","0","","02","12","2018","4","40.438541","-80.005766","1543","11","0","0","0","0","0","0","0","0","","0","0","0","","","0","","2","","40 26:18.749","","0","80 00:20.759","0","0","0","0","2301","0","0","0","N","0","0","0","2","02301","0","","1.0","","1","N","N","","0","","0","0","0","","2","","","2","0","0","0","0","0","0","2","0","2","","","","N","","","","","","","","","",""
"2018131833","","0","0","0","0","0","0","0","0","0","7","0","","02","12","2018","2","40.587037","-80.095538","1734","11","0","0","0","0","0","0","0","0","","0","0","0","","","1","","0","","40 35:13.333","","0","80 05:43.938","3","0","0","0","2481","0","0","0","N","0","0","0","1","02481","0","","5.0","","1","N","N","","0","","1","0","1","","0","","","1","1","0","0","0","0","0","2","0","1","","","","N","","","","","","","","","",""
"2018132047","","1","0","0","0","0","0","0","0","0","7","0","","02","12","2018","3","40.496722","-80.010833","1252","11","0","0","0","0","0","0","1","0","1","0","0","0","","","1","","0","","40 29:48.200","3","0","80 00:39.000","3","0","0","0","2301","0","0","0","N","0","0","0","1","02301","0","","2.0","","1","N","N","","0","","1","0","0","","0","N","","1","1","0","0","0","0","0","2","0","1","","","","N","","","","","","","","","",""
"2018131484","","2","0","0","0","0","0","0","0","0","4","0","","02","12","2018","1","40.454206","-79.884166","1516","11","0","0","0","0","0","0","2","0","","0","0","0","","","1","","0","","40 27:15.141","","0","79 53:02.998","4","0","0","0","2301","0","0","0","N","0","0","0","2","02301","1","","1.0","","1","N","N","","0","","0","0","0","","0","N","","2","1","0","0","0","0","0","2","0","2","","","","N","","","","","","","","","",""
"2018133878","","2","0","0","0","0","0","0","0","0","4","0","","02","12","2018","5","40.456246","-79.941043","2310","11","0","0","0","0","0","0","0","0","","0","0","0","","","1","","3","","40 27:22.485","","0","79 56:27.756","4","0","0","0","2301","0","0","0","N","0","0","0","1","02301","1","","1.0","","1","N","N","","0","","0","0","0","","0","","","2","1","0","0","0","0","0","2","0","2","","","","N","","","","","","","","","",""
"2018135750","","0","0","0","0","0","0","0","0","0","4","0","","02","12","2018","4","40.430472","-80.133694","1817","11","0","0","0","0","0","0","0","0","2","0","0","0","","","0","N","0","","40 25:49.700","3","7","80 08:01.300","0","0","0","0","2115","0","0","0","N","0","0","0","2","02102","0","","1.0","9999.0","1","N","N","N","0","","0","0","2","","0","N","","2","0","0","0","0","0","0","2","0","2","","","","N","","","","","","","","","",""
"2018131304","","2","0","0","0","0","0","0","0","0","2","0","","02","12","2018","1","40.445796","-79.998295","0115","11","0","0","0","0","0","0","0","0","1","0","0","0","","","0","","2","","40 26:44.866","7","0","79 59:53.863","0","0","0","0","2301","0","0","0","N","0","0","0","3","02301","0","","1.0","","1","N","N","","0","","0","0","0","","2","Y","","2","0","0","0","0","0","0","2","0","2","","","","N","","","","","","","","","",""
"2018130134","","1","0","0","0","0","0","0","0","0","2","0","","02","12","2018","5","40.459798","-79.920847","0912","11","0","0","0","0","0","0","1","0","1","0","0","0","","","0","","1","","40 27:35.273","1","0","79 55:15.048","0","0","0","0","2301","0","0","0","N","0","0","0","4","02301","0","","1.0","","1","N","N","","1","","0","0","0","","2","N","","2","0","0","0","0","0","0","2","0","2","","","","N","","","","","","","","","",""
"2018129957","","2","0","0","0","0","0","0","0","0","1","0","","02","11","2018","6","40.513103","-80.222429","1741","11","0","0","0","0","0","1","0","0","","0","0","0","","","1","","2","","40 30:47.172","","0","80 13:20.746","3","0","0","0","2213","0","0","0","N","0","0","0","5","02213","0","","1.0","","1","N","Y","","0","","1","0","1","","2","","","3","1","0","0","0","0","0","2","0","3","","","","N","","","","","","","","","",""
"2018135753","","0","0","0","0","0","0","0","0","0","1","0","","02","12","2018","3","40.457611","-80.073945","2126","11","0","0","0","0","0","0","0","0","","0","0","0","","","0","","0","","40 27:27.401","","7","80 04:26.201","0","0","0","0","2301","0","0","0","N","0","0","0","1","02301","0","","4.0","","1","N","N","","0","","0","0","2","","0","","","2","0","1","0","0","0","0","2","0","2","","","","N","","","","","","","","","",""
"2018131496","","2","0","0","0","0","0","0","0","0","4","0","","02","12","2018","7","40.342268","-79.828487","1722","11","0","0","0","0","0","1","0","0","","0","0","0","","","1","","2","","40 20:32.164","","0","79 49:42.553","8","0","0","0","2304","0","0","0","N","0","0","0","4","02304","0","","1.0","","1","N","N","","0","","0","0","0","","0","","","2","1","0","0","0","1","0","2","0","2","","","","N","","","","","","","","","",""
"2018133685","","1","0","0","0","0","0","0","0","0","7","0","","02","11","2018","5","40.367378","-80.008867","1232","11","0","0","0","0","0","1","0","0","2","0","0","0","","","2","","0","","40 22:02.560","2","0","80 00:31.920","2","0","0","0","2416","0","0","0","N","0","0","0","4","02416","0","","5.0","","1","N","N","","0","","1","1","0","","0","Y","","1","2","2","0","1","0","0","2","0","1","","","","N","","","","","","","","","",""
"2018133931","","0","0","0","0","0","0","0","0","0","8","0","","02","12","2018","7","40.43968","-79.952335","2115","11","0","0","0","0","0","0","0","0","","0","0","0","","","1","","2","","40 26:22.847","","0","79 57:08.406","4","0","0","0","2301","1","0","0","N","1","0","0","2","02506","1","","1.0","","1","N","N","","0","","0","0","1","","3","","","2","1","0","0","0","0","1","2","0","1","","","","N","","","","","","","","","",""
"2018136628","","0","0","0","0","0","0","0","0","0","0","0","","02","11","2018","7","40.348111","-79.947993","2127","11","0","0","0","0","0","0","0","0","2","0","0","0","","","0","","0","","40 20:53.200","3","0","79 56:52.774","0","0","0","0","2473","0","0","0","N","0","0","0","1","02473","0","","5.0","","1","N","N","","1","","0","0","1","","0","Y","","2","0","0","0","0","0","0","2","0","2","","","","N","","","","","","","","","",""
"2018136202","","2","0","0","0","0","0","0","0","0","1","0","","02","12","2018","6","40.493529","-79.901184","1235","11","0","0","0","0","1","0","0","0","2","0","0","0","","","1","","6","","40 29:36.705","1","2","79 54:04.262","3","0","0","0","2401","0","0","0","N","0","0","0","2","68D02","0","","1.0","","1","N","N","","0","","1","0","0","","3","N","","2","1","0","0","0","0","0","2","0","2","","","","N","","","","","","","","","",""
"2018131858","","1","0","0","0","0","0","0","0","0","1","0","","02","12","2018","2","40.357363","-79.83252","2009","11","0","0","1","0","0","0","0","0","","0","0","0","","","0","","0","","40 21:26.506","","0","79 49:57.071","0","0","0","0","2304","0","0","0","N","0","0","0","2","02304","0","","1.0","","1","N","N","","0","","0","0","1","","2","","","2","0","0","0","0","0","0","2","0","2","","","","N","","","","","","","","","",""
"2018129495","","2","0","0","0","0","0","0","0","0","4","0","","02","12","2018","3","40.454044","-79.953198","1829","11","0","0","0","0","0","0","0","0","","0","0","0","","","0","","1","","40 27:14.560","","0","79 57:11.511","9","0","0","0","2301","0","0","0","N","0","0","0","3","02301","0","","1.0","","1","N","N","","0","","0","0","0","","0","","","2","0","2","0","0","0","1","2","0","2","","","","N","","","","","","","","","",""
"2018136205","","1","0","0","0","0","0","0","0","0","7","0","","02","12","2018","7","40.551098","-79.817951","0625","11","0","0","0","0","0","0","0","0","","0","0","0","","","1","","0","","40 33:03.953","","0","79 49:04.622","3","0","0","0","2208","0","0","0","Y","0","0","0","1","68D02","0","","4.0","","9","N","N","","0","","1","0","0","","0","","","1","1","0","0","0","0","0","2","0","1","","","","N","","","","","","","","","",""
"2018136252","","0","0","0","0","0","0","0","0","0","8","0","","02","12","2018","2","40.464603","-79.950405","0616","11","0","0","0","0","0","0","0","0","","0","0","0","","","1","","2","","40 27:52.570","","0","79 57:01.457","4","0","0","0","2301","1","0","0","N","1","0","0","2","02301","1","","1.0","","1","N","N","","0","","0","0","1","","0","","","2","1","0","0","0","0","0","2","0","1","","","","N","","","","","","","","","",""
"2018131863","","0","0","0","0","0","0","0","0","0","99","0","","02","12","2018","2","40.539833","-79.908611","1721","11","0","0","0","0","0","1","1","0","1","0","0","0","","","1","","0","","40 32:23.400","1","0","79 54:31.000","3","0","0","0","2432","0","0","0","N","0","0","0","2","02432","0","","1.0","","1","N","N","","0","","1","0","1","","0","N","","2","1","0","0","0","0","0","2","1","2","","","","N","","","","","","","","","",""
"2018130185","","2","0","0","0","0","0","0","0","0","1","0","","02","9","2018","2","40.427877","-79.949351","0728","11","0","0","0","0","0","0","0","0","","0","0","0","","","0","","0","","40 25:40.358","","3","79 56:57.664","0","0","0","0","2301","0","0","0","N","0","0","0","2","68B03","0","","1.0","","9","N","N","","0","","0","0","0","","0","","","2","0","0","0","0","0","0","2","0","2","","","","N","","","","","","","","","",""
"2018133732","","1","0","0","0","0","0","0","0","0","4","0","","02","12","2018","6","40.443962","-79.923862","0827","11","0","0","0","0","0","1","0","0","1","0","0","0","","","0","","2","","40 26:38.262","6","0","79 55:25.903","0","0","0","0","2301","0","0","0","N","0","0","0","2","02301","0","","1.0","","1","N","N","","1","","0","0","0","","3","N","","2","0","0","0","0","0","0","2","0","2","","","","N","","","","","","","","","",""
"2018135735","","0","0","0","0","0","0","0","0","0","7","0","","02","12","2018","3","40.473778","-79.885722","2048","11","0","0","0","0","0","0","0","0","2","0","0","0","","","2","","0","","40 28:25.600","6","0","79 53:08.600","2","0","0","0","2113","0","0","0","N","0","0","0","2","02113","0","","5.0","","2","N","N","","0","","1","1","1","","0","Y","","1","2","2","0","1","0","0","2","0","1","","","","N","","","","","","","","","",""
"2018129382","","3","0","0","0","0","0","0","0","0","7","0","","02","12","2018","3","40.385582","-79.978719","1308","11","0","0","0","0","0","0","0","1","1","0","0","0","","","1","","0","","40 23:08.095","5","0","79 58:43.389","3","0","0","0","2301","0","0","0","N","0","0","0","1","02301","0","","5.0","","1","N","N","","0","","1","0","1","","0","Y","","4","1","0","0","0","0","0","2","0","4","","","","N","","","","","","","","","",""
"2018129497","","2","0","0","0","0","0","0","0","0","4","0","","02","12","2018","3","40.549807","-80.191041","1751","11","0","0","0","0","0","0","1","0","","0","0","0","","","0","","2","","40 32:59.305","","0","80 11:27.747","0","0","0","0","2427","0","0","0","N","0","0","0","2","02427","0","","1.0","","1","N","N","","0","","0","0","0","","3","","","2","0","0","0","0","0","0","2","0","2","","","","N","","","","","","","","","",""
"2018131504","","1","0","0","0","0","0","0","0","0","6","0","","02","12","2018","2","40.374296","-79.97921","1625","11","0","0","0","0","0","1","0","0","","0","0","0","","","0","","1","","40 22:27.465","","0","79 58:45.155","0","0","0","0","2413","0","0","0","N","0","0","0","2","02413","0","","1.0","","1","N","N","","0","","0","0","1","","0","","","2","0","0","0","0","0","0","2","0","2","","","","N","","","","","","","","","",""
"2018129972","","0","0","0","0","0","0","0","0","0","8","0","","02","12","2018","4","40.455157","-79.944569","1750","11","0","0","0","0","0","0","0","0","1","0","0","0","","","1","","0","","40 27:18.565","6","0","79 56:40.448","8","0","0","0","2301","1","0","0","N","1","0","0","2","02301","0","","1.0","","1","N","N","","0","","0","0","1","","0","N","","2","1","0","0","0","1","0","2","0","1","","","","N","","","","","","","","","",""
"2018129498","","1","0","0","0","0","0","0","0","0","1","0","","02","12","2018","3","40.472732","-79.972788","1846","11","0","0","0","0","0","0","0","0","1","0","0","0","","","0","","6","","40 28:21.836","2","2","79 58:22.037","0","0","0","0","2445","0","0","0","N","0","0","0","2","02445","0","","1.0","","1","N","N","","0","","0","0","1","","4","N","","2","0","0","0","0","0","0","2","0","2","","","","N","","","","","","","","","",""
"2018131507","","1","0","0","0","0","0","0","0","0","4","0","","02","12","2018","1","40.345532","-79.946049","1821","11","0","0","0","0","0","1","1","0","","0","0","0","","","0","","0","","40 20:43.914","","7","79 56:45.775","0","0","0","0","2473","0","0","0","N","0","0","0","4","02473","0","","6.0","","1","N","N","","0","","0","0","1","","0","","","2","0","0","0","0","0","0","2","0","2","","","","N","","","","","","","","","",""
"2018136595","","0","0","0","0","0","0","0","0","0","0","0","","02","12","2018","5","40.651148","-80.080219","2233","11","0","0","0","0","0","0","1","0","2","0","0","0","","","1","","0","","40 39:04.133","1","0","80 04:48.789","8","0","0","1","2212","0","0","0","N","0","0","0","1","02505","0","","1.0","","9","N","N","","0","","0","0","0","","0","N","","1","1","0","0","0","1","0","2","0","1","","","","N","","","","","","","","","",""
"2018131875","","1","0","0","0","0","0","0","0","0","2","0","","02","12","2018","1","40.356611","-79.991083","0135","11","0","0","0","0","1","0","0","0","2","0","0","0","","","1","","0","","40 21:23.800","2","0","79 59:27.900","3","0","0","0","2476","0","0","0","N","0","0","0","2","02476","0","","1.0","","1","N","N","","0","","1","0","1","","0","Y","","2","1","1","0","0","0","0","2","0","2","","","","N","","","","","","","","","",""
"2018129393","","1","0","0","0","0","0","0","0","0","4","0","","02","12","2018","3","40.543956","-79.972346","1013","11","0","0","0","0","0","0","0","2","1","0","0","0","","","1","","2","","40 32:38.241","1","0","79 58:20.447","3","0","0","0","2118","0","0","0","N","0","0","0","2","02118","0","","1.0","","1","N","N","","0","","1","0","1","","3","N","","2","1","0","0","0","0","0","2","0","2","","","","N","","","","","","","","","",""
"2018136467","","7","0","0","0","0","0","0","0","0","4","0","","02","12","2018","3","40.396241","-79.998125","2230","11","0","0","0","0","0","0","0","0","","0","0","0","","","0","","0","","40 23:46.468","","0","79 59:53.250","0","0","0","0","2301","0","0","0","N","0","0","0","1","02301","0","","5.0","","2","N","N","","0","","0","0","0","","0","","","7","0","0","0","0","0","0","2","0","7","","","","N","","","","","","","","","",""
"2018131879","","1","0","0","0","0","0","0","0","0","7","0","","02","12","2018","3","40.476247","-79.795975","0017","11","0","0","0","0","0","0","0","0","2","0","0","0","","","1","","0","","40 28:34.490","4","0","79 47:45.511","3","0","0","0","2113","0","0","0","N","0","0","0","1","02113","0","","2.0","","1","N","N","","0","","1","0","0","","0","N","","1","1","1","0","0","0","0","2","0","1","","","","N","","","","","","","","","",""
"2018131914","","1","0","0","0","0","0","0","0","0","7","0","","02","11","2018","4","40.39469","-80.129678","1220","11","0","0","0","0","0","1","0","0","","0","0","0","","","0","","0","","40 23:40.885","","0","80 07:46.839","0","0","0","0","2102","0","0","0","N","0","0","0","1","02102","0","","4.0","","9","N","N","","0","","0","0","0","","0","N","","1","0","0","0","0","0","0","2","0","1","","","","N","","","","","","","","","",""
"2018133745","","1","0","0","0","0","0","0","0","0","4","0","","02","12","2018","6","40.471279","-80.218735","0856","11","0","0","0","0","1","0","0","0","","0","0","0","","","0","","0","","40 28:16.604","","0","80 13:07.447","0","0","0","0","2203","0","0","0","N","0","0","0","2","02203","0","","1.0","","9","N","N","","1","","0","0","0","","0","","","2","0","0","0","0","0","0","2","0","2","","","","N","","","","","","","","","",""