"CRN","ARRIVAL_TM","AUTOMOBILE_COUNT","BELTED_DEATH_COUNT","BELTED_SUSP_SERIOUS_INJ_COUNT","BICYCLE_COUNT","BICYCLE_DEATH_COUNT","BICYCLE_SUSP_SERIOUS_INJ_COUNT","BUS_COUNT","CHLDPAS_DEATH_COUNT","CHLDPAS_SUSP_SERIOUS_INJ_COUNT","COLLISION_TYPE","COMM_VEH_COUNT","CONS_ZONE_SPD_LIM","COUNTY","CRASH_MONTH","CRASH_YEAR","DAY_OF_WEEK","DEC_LATITUDE","DEC_LONGITUDE","DISPATCH_TM","DISTRICT","DRIVER_COUNT_16YR","DRIVER_COUNT_17YR","DRIVER_COUNT_18YR","DRIVER_COUNT_19YR","DRIVER_COUNT_20YR","DRIVER_COUNT_50_64YR","DRIVER_COUNT_65_74YR","DRIVER_COUNT_75PLUS","EST_HRS_CLOSED","FATAL_COUNT","HEAVY_TRUCK_COUNT","HORSE_BUGGY_COUNT","HOUR_OF_DAY","ILLUMINATION","INJURY_COUNT","INTERSECTION_RELATED","INTERSECT_TYPE","LANE_CLOSED","LATITUDE","LN_CLOSE_DIR","LOCATION_TYPE","LONGITUDE","MAX_SEVERITY_LEVEL","MCYCLE_DEATH_COUNT","MCYCLE_SUSP_SERIOUS_INJ_COUNT","MOTORCYCLE_COUNT","MUNICIPALITY","NONMOTR_COUNT","NONMOTR_DEATH_COUNT","NONMOTR_SUSP_SERIOUS_INJ_COUNT","NTFY_HIWY_MAINT","PED_COUNT","PED_DEATH_COUNT","PED_SUSP_SERIOUS_INJ_COUNT","PERSON_COUNT","POLICE_AGCY","POSSIBLE_INJ_COUNT","RDWY_SURF_TYPE_CD","RELATION_TO_ROAD","ROADWAY_CLEARED","ROAD_CONDITION","SCH_BUS_IND","SCH_ZONE_IND","SECONDARY_CRASH","SMALL_TRUCK_COUNT","SPEC_JURIS_CD","SUSP_MINOR_INJ_COUNT","SUSP_SERIOUS_INJ_COUNT","SUV_COUNT","TCD_FUNC_CD","TCD_TYPE","TFC_DETOUR_IND","TIME_OF_DAY","TOTAL_UNITS","TOT_INJ_COUNT","UNBELTED_OCC_COUNT","UNB_DEATH_COUNT","UNB_SUSP_SERIOUS_INJ_COUNT","UNK_INJ_DEG_COUNT","UNK_INJ_PER_COUNT","URBAN_RURAL","VAN_COUNT","VEHICLE_COUNT","WEATHER1","WEATHER2","WORKERS_PRES","WORK_ZONE_IND","WORK_ZONE_LOC","WORK_ZONE_TYPE","WZ_CLOSE_DETOUR","WZ_FLAGGER","WZ_LAW_OFFCR_IND","WZ_LN_CLOSURE","WZ_MOVING","WZ_OTHER","WZ_SHLDER_MDN","WZ_WORKERS_INJ_KILLED"
"2018111699","","1","0","0","0","0","0","0","0","0","1","0","","02","10","2018","3","40.562895","-80.011308","1250","11","0","0","0","0","0","1","2","0","1","0","0","0","","","0","","2","","40 33:46.422","3","0","80 00:40.710","0","0","0","0","2108","0","0","0","N","0","0","0","3","02108","0","","1.0","","1","N","N","","0","","0","0","0","","0","N","","3","0","0","0","0","0","0","2","2","3","","","","N","","","","","","","","","",""
"2018113843","","2","0","0","0","0","0","0","0","0","1","0","","02","10","2018","6","40.501996","-80.204806","1107","11","0","0","0","0","0","1","0","0","2","0","0","0","","","0","","1","","40 30:07.184","1","0","80 12:17.303","0","0","0","0","2213","0","0","0","N","0","0","0","3","02213","0","","1.0","","1","N","N","","1","","0","0","0","","2","N","","3","0","0","0","0","0","0","2","0","3","","","","N","","","","","","","","","",""
"2018134610","","0","0","0","0","0","0","0","0","0","4","0","","02","12","2018","6","40.404846","-79.910658","2204","11","1","0","0","0","0","0","0","0","1","0","0","0","","","0","","1","","40 24:17.446","1","0","79 54:38.367","0","0","0","0","2438","0","0","0","N","0","0","0","3","02438","0","","2.0","","1","N","N","","0","","0","0","2","","3","N","","2","0","0","0","0","0","0","2","0","2","","","","N","","","","","","","","","",""
"2018119541","","1","0","0","0","0","0","0","0","0","7","0","","02","11","2018","7","40.280956","-79.907608","2303","11","0","0","0","0","0","0","0","0","","0","0","0","","","0","","0","","40 16:51.443","","0","79 54:27.390","0","0","0","0","2440","0","0","0","N","0","0","0","1","02440","0","","4.0","","2","N","N","","0","","0","0","0","","0","","","1","0","0","0","0","0","0","2","0","1","","","","N","","","","","","","","","",""
"2018117404","","1","0","0","0","0","0","0","0","0","4","0","","02","11","2018","3","40.655266","-80.088438","1722","11","0","0","0","0","0","0","0","1","","0","0","0","","","0","","0","","40 39:18.958","","0","80 05:18.376","0","0","0","0","2212","0","0","0","N","0","0","0","4","02505","0","","1.0","","1","N","N","","0","","0","0","1","","2","","","2","0","0","0","0","0","0","2","0","2","","","","N","","","","","","","","","",""
"2018111857","","0","0","0","0","0","0","0","0","0","1","0","","02","8","2018","6","40.462918","-79.981314","1412","11","0","0","0","0","0","0","0","0","","0","0","0","","","0","","0","","40 27:46.504","","0","79 58:52.731","0","0","0","0","2301","0","0","0","N","0","0","0","3","02301","0","","1.0","","1","N","N","","1","","0","0","2","","0","","","3","0","2","0","0","0","0","2","0","3","","","","N","","","","","","","","","",""
"2018134616","","0","0","0","0","0","0","0","0","0","7","0","","02","12","2018","7","40.403225","-80.001227","2238","11","0","0","0","0","0","1","0","0","1","0","0","0","","","1","","0","","40 24:11.609","5","0","80 00:04.417","8","0","0","0","2301","0","0","0","Y","0","0","0","1","02301","0","","1.0","","9","N","N","","0","","0","0","1","","0","N","","1","1","0","0","0","1","0","2","0","1","","","","N","","","","","","","","","",""
"2018115275","","1","0","0","0","0","0","0","0","0","4","0","","02","11","2018","5","40.594621","-79.970053","1809","11","0","0","0","1","0","0","0","0","","0","0","0","","","1","","2","","40 35:40.637","","7","79 58:12.190","3","0","0","0","2207","0","0","0","N","0","0","0","2","02207","0","","1.0","","9","N","N","","0","","1","0","1","","3","","","2","1","0","0","0","0","1","2","0","2","","","","N","","","","","","","","","",""
"2018115439","","2","0","0","0","0","0","0","0","0","2","0","","02","10","2018","2","40.613359","-79.95491","1822","11","0","1","0","0","0","0","0","0","2","0","0","0","","","1","","2","","40 36:48.094","6","0","79 57:17.676","3","0","0","0","2207","0","0","0","N","0","0","0","3","02207","0","","1.0","","9","N","N","","0","","1","0","0","","0","Y","","2","1","0","0","0","0","0","2","0","2","","","","N","","","","","","","","","",""
"2018117628","","1","0","0","0","0","0","0","0","0","4","0","","02","11","2018","3","40.449556","-79.948417","2201","11","0","0","0","0","0","0","0","0","1","0","0","0","","","0","","0","","40 26:58.400","1","0","79 56:54.300","0","0","0","0","2301","0","0","0","N","0","0","0","1","02301","0","","4.0","","1","N","N","","0","","0","0","2","","0","N","","3","0","0","0","0","0","0","2","0","3","","","","N","","","","","","","","","",""
"2018115463","","0","0","0","0","0","0","0","0","0","5","0","","02","11","2018","6","40.444833","-79.977806","0817","11","0","0","0","0","0","0","0","0","","0","0","0","","","0","","0","","40 26:41.400","","0","79 58:40.100","0","0","0","0","2301","0","0","0","N","0","0","0","2","02301","0","","1.0","","1","N","N","","1","","0","0","1","","0","","","2","0","0","0","0","0","0","2","0","2","","","","N","","","","","","","","","",""
"2018117687","","2","0","0","0","0","0","0","0","0","5","0","","02","11","2018","4","40.447691","-79.938848","1013","11","0","0","0","0","0","1","0","0","","0","0","0","","","0","","2","","40 26:51.689","","0","79 56:19.852","0","0","0","0","2301","0","0","0","N","0","0","0","2","02301","0","","1.0","","1","N","N","","0","","0","0","0","","2","","","2","0","0","0","0","0","0","2","0","2","","","","N","","","","","","","","","",""
"2018137059","","1","0","0","0","0","0","1","0","0","4","1","","02","12","2018","5","40.3703","-80.100693","1700","11","0","0","0","0","0","1","0","0","2","0","0","0","","","0","","2","","40 22:13.080","1","0","80 06:02.494","0","0","0","0","2102","0","0","0","N","0","0","0","3","02503","0","","1.0","","9","N","N","","0","","0","0","0","","0","N","","2","0","0","0","0","0","0","2","0","2","","","","N","","","","","","","","","",""
"2018111677","","1","0","0","0","0","0","0","0","0","4","0","","02","10","2018","3","40.545264","-80.035993","1437","11","0","0","0","0","0","0","0","1","2","0","0","0","","","2","","1","","40 32:42.950","2","0","80 02:09.575","3","0","0","0","2116","0","0","0","N","0","0","0","2","02116","0","","1.0","","1","N","N","","0","","2","0","1","","2","N","","2","2","0","0","0","0","0","2","0","2","","","","N","","","","","","","","","",""
"2018117690","","2","0","0","0","0","0","0","0","0","4","0","","02","11","2018","5","40.537413","-79.837278","0745","11","0","0","0","0","0","1","0","1","","0","0","0","","","1","","0","","40 32:14.687","","7","79 50:14.201","3","0","0","0","2208","0","0","0","N","0","0","0","3","02208","0","","1.0","","9","N","N","","0","","1","0","1","","3","","","3","1","0","0","0","0","0","2","0","3","","","","N","","","","","","","","","",""
"2018111709","","1","0","0","0","0","0","0","0","0","7","0","","02","10","2018","4","40.667448","-79.979003","0745","11","0","0","0","0","0","0","0","0","","0","0","0","","","1","","0","","40 40:02.814","","0","79 58:44.410","3","0","0","0","2217","0","0","0","N","0","0","0","1","02505","0","","5.0","","1","N","N","","0","","1","0","0","","0","N","","1","1","0","0","0","0","0","1","0","1","","","","N","","","","","","","","","",""
"2018134626","","1","0","0","0","0","0","0","0","0","1","0","","02","12","2018","1","40.438839","-79.754531","1500","11","0","0","0","0","0","1","0","0","","0","0","0","","","0","","0","","40 26:19.820","","0","79 45:16.312","0","0","0","0","2419","0","0","0","N","0","0","0","2","02419","0","","1.0","","9","N","N","","0","","0","0","1","","0","","","2","0","0","0","0","0","0","2","0","2","","","","N","","","","","","","","","",""
"2018137060","","0","0","0","0","0","0","1","0","0","6","1","","02","12","2018","6","40.4555","-80.006644","1646","11","0","0","0","0","0","0","0","0","2","0","0","0","","","1","","1","","40 27:19.801","3","0","80 00:23.920","3","0","0","0","2301","0","0","0","N","0","0","0","3","02503","0","","1.0","","9","N","N","","1","","1","0","0","","2","N","","2","1","1","0","0","0","0","2","0","2","","","","N","","","","","","","","","",""
"2018117412","","0","0","0","0","0","0","0","0","0","1","0","","02","10","2018","1","40.490923","-79.950966","2035","11","0","0","0","0","0","0","0","0","4","0","0","0","","","1","","0","","40 29:27.321","1","0","79 57:03.477","2","0","1","1","2430","0","0","0","N","0","0","0","4","02430","0","","1.0","","1","N","N","","0","","0","1","1","","0","Y","","2","1","0","0","0","0","0","2","0","2","","","","N","","","","","","","","","",""
"2018115441","","1","0","0","0","0","0","0","0","0","8","0","","02","11","2018","6","40.402247","-79.98945","0654","11","0","0","0","0","0","1","0","0","","0","0","0","","","1","","2","","40 24:08.089","","0","79 59:22.019","3","0","0","0","2301","1","0","0","N","1","0","0","3","02301","0","","1.0","","9","N","N","","0","","1","0","0","","0","","","2","1","0","0","0","0","0","2","0","1","","","","N","","","","","","","","","",""
"2018115647","","2","0","0","0","0","0","0","0","0","2","0","","02","11","2018","6","40.446806","-79.989261","1646","11","0","0","0","0","0","0","0","0","2","0","0","0","","","2","","2","","40 26:48.500","6","0","79 59:21.341","8","0","0","0","2301","0","0","0","N","0","0","0","2","02301","0","","1.0","","1","N","N","","0","","0","0","0","","3","N","","2","2","0","0","0","2","0","2","0","2","","","","N","","","","","","","","","",""
"2018132108","","0","0","0","0","0","0","0","0","0","2","0","","02","11","2018","3","40.490881","-79.881303","1749","11","0","0","0","0","0","0","1","0","2","0","0","0","","","1","","0","","40 29:27.170","2","0","79 52:52.691","3","0","0","0","2432","0","0","0","N","0","0","0","3","68D02","0","","1.0","","9","N","N","","2","","1","0","1","","0","N","","3","1","0","0","0","0","0","2","0","3","","","","N","","","","","","","","","",""
"2018119558","","2","0","0","0","0","0","0","0","0","4","0","","02","11","2018","3","40.448127","-80.181304","2006","11","0","0","1","0","0","0","0","0","","0","0","0","","","0","","2","","40 26:53.258","","0","80 10:52.695","0","0","0","0","2214","0","0","0","N","0","0","0","3","02214","0","","1.0","","1","N","N","","0","","0","0","0","","2","N","","2","0","0","0","0","0","0","2","0","2","","","","N","","","","","","","","","",""
"2018111862","","1","0","0","0","0","0","0","0","0","1","0","","02","10","2018","4","40.517806","-80.092667","1700","11","0","1","0","0","0","0","0","0","","0","0","0","","","0","","0","","40 31:04.100","","0","80 05:33.600","0","0","0","0","2211","0","0","0","N","0","0","0","3","02215","0","","1.0","","1","N","N","","0","","0","0","2","","0","","","3","0","0","0","0","0","0","2","0","3","","","","N","","","","","","","","","",""
"2018134440","","1","0","0","0","0","0","0","0","0","2","0","","02","12","2018","7","40.366861","-79.971667","2306","11","0","0","0","0","0","0","1","0","2","0","0","0","","","2","","0","","40 22:00.700","5","0","79 58:18.000","3","0","0","0","2476","0","0","0","N","0","0","0","2","02476","0","","1.0","","9","N","N","","1","","2","0","0","","0","N","","2","2","0","0","0","0","0","2","0","2","","","","N","","","","","","","","","",""
"2018113429","","0","0","0","0","0","0","0","0","0","2","0","","02","10","2018","1","40.360915","-79.966808","0051","11","0","0","0","0","0","0","0","0","","0","0","0","","","0","","0","","40 21:39.295","","0","79 58:00.510","0","0","0","0","2403","0","0","0","N","0","0","0","1","02403","0","","2.0","","1","N","N","","0","","0","0","2","","0","N","","2","0","0","0","0","0","0","2","0","2","","","","N","","","","","","","","","",""
"2018117700","","2","0","0","0","0","0","0","0","0","4","0","","02","10","2018","3","40.508501","-79.952131","0829","11","0","0","0","0","0","0","0","0","2","0","0","0","","","1","","2","","40 30:30.604","5","0","79 57:07.672","8","0","0","0","2118","0","0","0","N","0","0","0","2","02118","0","","1.0","","1","N","N","","0","","0","0","0","","3","Y","","2","1","0","0","0","1","0","2","0","2","","","","N","","","","","","","","","",""
"2018111715","","2","0","0","0","0","0","0","0","0","4","0","","02","10","2018","4","40.540797","-79.807543","0715","11","1","0","0","0","0","0","0","0","9","0","0","0","","","0","","2","","40 32:26.870","4","0","79 48:27.155","0","0","0","0","2418","0","0","0","N","0","0","0","3","02418","0","","1.0","","99","N","N","","0","","0","0","0","","3","N","","2","0","0","0","0","0","0","2","0","2","","","","N","","","","","","","","","",""
"2018117899","","1","0","0","0","0","0","0","0","0","1","0","","02","11","2018","4","40.513962","-79.843191","1825","11","0","0","0","0","0","0","0","0","","0","0","0","","","0","","0","","40 30:50.263","","0","79 50:35.489","9","0","0","0","2113","0","0","0","N","0","0","0","3","02113","0","","1.0","","1","N","N","","0","","0","0","0","","2","","","2","0","0","0","0","0","1","2","1","2","","","","N","","","","","","","","","",""
"2018113099","","0","0","0","0","0","0","0","0","0","8","0","","02","10","2018","7","40.444402","-79.954813","2226","11","0","0","0","0","0","0","0","0","1","0","0","0","","","1","","1","","40 26:39.847","3","0","79 57:17.325","4","0","0","0","2301","1","0","0","N","1","0","0","5","02301","1","","1.0","","9","N","N","","1","","0","0","0","","2","N","","2","1","0","0","0","0","0","2","0","1","","","","N","","","","","","","","","",""
"2018119564","","1","0","0","0","0","0","0","0","0","7","0","","02","11","2018","1","40.363964","-79.872786","1431","11","0","0","0","0","0","1","0","0","","0","0","0","","","0","","2","","40 21:50.270","","0","79 52:22.029","0","0","0","0","2473","0","0","0","N","0","0","0","1","02473","0","","5.0","","1","N","N","","0","","0","0","0","","0","","","1","0","0","0","0","0","0","2","0","1","","","","N","","","","","","","","","",""
"2018117653","","3","0","0","0","0","0","0","0","0","1","0","","02","10","2018","2","40.357593","-80.016108","0819","11","0","0","0","0","0","2","0","0","","0","0","0","","","0","","2","","40 21:27.336","","0","80 00:57.989","0","0","0","0","2407","0","0","0","N","0","0","0","3","02407","0","","1.0","","1","N","N","","0","","0","0","0","","0","","","3","0","0","0","0","0","0","2","0","3","","","","N","","","","","","","","","",""
"2018111721","","2","0","0","0","0","0","0","0","0","2","0","","02","10","2018","4","40.506186","-80.019792","1111","11","0","0","0","0","0","0","0","0","1","0","0","0","","","2","","0","","40 30:22.270","7","0","80 01:11.250","3","0","0","0","2116","0","0","0","N","0","0","0","2","02116","0","","1.0","","1","N","N","","0","","2","0","0","","0","N","","2","2","0","0","0","0","0","2","0","2","","","","N","","","","","","","","","",""
"2018134633","","2","0","0","0","0","0","0","0","0","4","0","","02","12","2018","6","40.353879","-79.914876","1846","11","0","0","0","0","0","0","1","0","","0","0","0","","","2","","2","","40 21:13.964","","0","79 54:53.555","3","0","0","0","2473","0","0","0","N","0","0","0","7","02473","0","","1.0","","9","N","N","","0","","2","0","0","","2","","","2","2","0","0","0","0","0","2","0","2","","","","N","","","","","","","","","",""
"2018113102","","1","0","0","0","0","0","0","0","0","2","0","","02","10","2018","7","40.434194","-79.965639","2151","11","0","0","0","0","0","1","0","0","","0","0","0","","","0","","0","","40 26:03.100","","0","79 57:56.300","0","0","0","0","2301","0","0","0","N","0","0","0","3","02301","0","","1.0","","9","N","N","","0","","0","0","2","","0","","","3","0","0","0","0","0","0","2","0","3","","","","N","","","","","","","","","",""
"2018113431","","3","0","0","0","0","0","0","0","0","4","0","","02","10","2018","7","40.455567","-79.897032","0330","11","0","0","0","0","0","0","0","0","","0","0","0","","","2","","1","","40 27:20.041","","0","79 53:49.315","3","0","0","0","2301","0","0","0","N","0","0","0","3","02301","0","","1.0","","9","N","N","","0","","2","0","0","","2","","","3","2","0","0","0","0","0","2","0","3","","","","N","","","","","","","","","",""
"2018115450","","2","0","0","0","0","0","0","0","0","1","0","","02","11","2018","6","40.410777","-80.005879","0712","11","0","0","0","0","0","0","0","0","","0","0","0","","","0","","0","","40 24:38.798","","0","80 00:21.164","0","0","0","0","2301","0","0","0","N","0","0","0","2","02301","0","","1.0","","1","N","N","","0","","0","0","0","","0","","","2","0","0","0","0","0","0","2","0","2","","","","N","","","","","","","","","",""
"2018111723","","1","0","0","0","0","0","0","0","0","7","0","","02","10","2018","7","40.552942","-80.115127","1729","11","0","0","0","0","0","0","0","0","","0","0","0","","","0","","0","","40 33:10.591","","7","80 06:54.456","0","0","0","0","2215","0","0","0","N","0","0","0","1","02215","0","","4.0","","1","N","N","","0","","0","0","0","","0","","","1","0","0","0","0","0","0","2","0","1","","","","N","","","","","","","","","",""
"2018137077","","1","0","0","0","0","0","0","0","0","4","0","","02","12","2018","4","40.433981","-79.753307","2227","11","0","0","0","0","1","0","0","0","1","0","0","0","","","0","","1","","40 26:02.333","2","0","79 45:11.904","0","0","0","0","2446","0","0","0","N","0","0","0","5","02446","0","","1.0","","9","N","N","","0","","0","0","1","","2","N","","2","0","0","0","0","0","0","2","0","2","","","","N","","","","","","","","","",""
"2018115282","","2","0","0","0","0","0","0","0","0","2","0","","02","11","2018","5","40.389028","-79.992648","1736","11","0","0","1","0","0","0","0","0","2","0","0","0","","","1","","0","","40 23:20.499","7","0","79 59:33.531","4","0","0","0","2301","0","0","0","N","0","0","0","2","02301","1","","1.0","","9","N","N","","0","","0","0","0","","0","Y","","2","1","1","0","0","0","0","2","0","2","","","","N","","","","","","","","","",""
"2018111457","","2","0","0","0","0","0","0","0","0","5","0","","02","10","2018","1","40.42193","-79.928869","0319","11","0","0","0","0","0","0","0","0","","0","0","0","","","0","","2","","40 25:18.948","","0","79 55:43.928","0","0","0","0","2301","0","0","0","N","0","0","0","1","02301","0","","4.0","","9","N","N","","0","","0","0","0","","0","","","2","0","0","0","0","0","0","2","0","2","","","","N","","","","","","","","","",""
"2018134243","","1","0","0","0","0","0","0","0","0","4","0","","02","12","2018","6","40.633058","-80.054402","0932","11","0","0","0","0","0","0","0","0","","0","0","0","","","0","","1","","40 37:59.008","","0","80 03:15.847","0","0","0","0","2216","0","0","0","N","0","0","0","2","02505","0","","1.0","","1","N","N","","0","","0","0","1","","3","","","2","0","0","0","0","0","0","2","0","2","","","","N","","","","","","","","","",""
"2018132130","","1","0","0","0","0","0","0","0","0","7","0","","02","12","2018","1","40.539361","-79.841821","1545","11","0","0","0","0","0","0","0","0","1","0","0","0","","","0","","0","","40 32:21.698","2","0","79 50:30.557","0","0","0","0","2208","0","0","0","N","0","0","0","1","68D02","0","","2.0","","1","N","N","","0","","0","0","0","","0","N","","1","0","0","0","0","0","0","2","0","1","","","","N","","","","","","","","","",""
"2018117273","","1","0","0","0","0","0","0","0","0","7","0","","02","11","2018","3","40.599305","-80.120145","9999","11","0","0","0","0","0","0","0","0","1","0","0","0","","","0","","0","","40 35:57.498","7","0","80 07:12.523","0","0","0","0","2481","0","0","0","Y","0","0","0","3","02481","0","","4.0","","9","N","N","","0","","0","0","0","","0","Y","","1","0","0","0","0","0","0","1","0","1","","","","N","","","","","","","","","",""
"2018115454","","2","0","0","0","0","0","0","0","0","4","0","","02","11","2018","6","40.45129","-80.020117","0810","11","0","0","0","0","0","0","0","0","","0","0","0","","","1","","2","","40 27:04.643","","0","80 01:12.422","8","0","0","0","2301","0","0","0","N","0","0","0","2","02301","0","","1.0","","9","N","N","","0","","0","0","0","","3","","","2","1","0","0","0","1","0","2","0","2","","","","N","","","","","","","","","",""
"2018117918","","1","0","0","0","0","0","0","0","0","4","0","","02","11","2018","7","40.387755","-80.090128","1150","11","0","0","0","0","0","0","0","0","","0","0","0","","","2","","0","","40 23:15.917","","7","80 05:24.462","8","0","0","0","2437","0","0","0","N","0","0","0","2","02437","0","","6.0","","1","N","N","","1","","0","0","0","","0","","","2","2","0","0","0","2","0","2","0","2","","","","N","","","","","","","","","",""
"2018111879","","0","0","0","1","0","0","0","0","0","8","0","","02","10","2018","4","40.453074","-79.919708","1728","11","0","0","0","0","0","0","0","0","1","0","0","0","","","1","","2","","40 27:11.066","4","0","79 55:10.948","3","0","0","0","2301","1","0","0","N","0","0","0","2","02301","0","","1.0","","1","N","N","","0","","1","0","1","","3","Y","","2","1","0","0","0","0","0","2","0","1","","","","N","","","","","","","","","",""
"2018117277","","2","0","0","0","0","0","0","0","0","4","0","","02","11","2018","3","40.485183","-79.856869","1445","11","0","0","0","0","0","0","0","0","1","0","0","0","","","0","","2","","40 29:06.657","3","0","79 51:24.730","0","0","0","0","2113","0","0","0","N","0","0","0","2","02113","0","","1.0","","1","N","N","","0","","0","0","0","","2","N","","2","0","0","0","0","0","0","2","0","2","","","","N","","","","","","","","","",""
"2018119583","","1","0","0","0","0","0","0","0","0","1","0","","02","11","2018","1","40.340028","-79.826766","1348","11","0","0","0","0","0","1","1","0","2","0","0","0","","","2","","1","","40 20:24.100","3","0","79 49:36.357","8","0","0","0","2304","0","0","0","N","0","0","0","4","02304","0","","1.0","","1","N","N","","0","","0","0","2","","2","N","","3","2","0","0","0","2","0","2","0","3","","","","N","","","","","","","","","",""
"2018114286","","0","0","0","0","0","0","0","0","0","1","0","","02","10","2018","1","40.437524","-79.998064","0202","11","0","0","0","0","0","0","0","0","","0","0","0","","","0","","1","","40 26:15.086","","0","79 59:53.029","0","0","0","0","2301","0","0","0","N","0","0","0","3","02301","0","","1.0","","9","N","N","","0","","0","0","2","","2","","","2","0","0","0","0","0","0","2","0","2","","","","N","","","","","","","","","",""
"2018116491","","1","0","0","0","0","0","0","0","0","1","0","","02","10","2018","3","40.373733","-79.844768","1721","11","0","0","0","0","0","1","1","0","1","0","0","0","","","0","","1","","40 22:25.439","1","0","79 50:41.164","0","0","0","0","2303","0","0","0","N","0","0","0","3","02303","0","","1.0","","1","N","N","","0","","0","0","1","","2","N","","2","0","1","0","0","0","0","2","0","2","","","","N","","","","","","","","","",""
"2018114750","","2","0","0","0","0","0","0","0","0","4","0","","02","10","2018","4","40.471075","-79.924979","1730","11","0","0","0","0","0","0","0","0","1","0","0","0","","","0","","1","","40 28:15.869","6","0","79 55:29.924","0","0","0","0","2301","0","0","0","N","0","0","0","2","02301","0","","1.0","","9","N","N","","0","","0","0","0","","3","Y","","2","0","0","0","0","0","0","2","0","2","","","","N","","","","","","","","","",""
"2018113022","","2","0","0","0","0","0","0","0","0","1","0","","02","10","2018","7","40.438164","-79.994207","1250","11","0","0","0","0","1","0","0","0","","0","0","0","","","0","","0","","40 26:17.392","","8","79 59:39.146","0","0","0","0","2301","0","0","0","N","0","0","0","4","02301","0","","1.0","","1","N","N","","0","","0","0","1","","0","","","3","0","0","0","0","0","0","2","0","3","","","","N","","","","","","","","","",""
"2018118508","","1","0","0","0","0","0","0","0","0","7","0","","02","11","2018","6","40.429868","-79.988667","0321","11","0","0","0","0","0","0","0","0","","0","0","0","","","0","","0","","40 25:47.524","","7","79 59:19.202","0","0","0","0","2301","0","0","0","N","0","0","0","1","02301","0","","9.0","","1","N","N","","0","","0","0","0","","0","","","1","0","0","0","0","0","0","2","0","1","","","","N","","","","","","","","","",""
"2018118708","","0","0","0","0","0","0","0","0","0","1","0","","02","11","2018","3","40.429942","-79.884199","1132","11","0","0","0","0","0","0","0","0","1","0","0","0","","","2","","0","","40 25:47.792","4","1","79 53:03.116","3","0","0","0","2426","0","0","0","N","0","0","0","4","68B03","0","","1.0","","1","N","N","","0","","2","0","2","","0","N","","2","2","0","0","0","0","0","2","0","2","","","","N","","","","","","","","","",""
"2018114773","","2","0","0","0","0","0","0","0","0","5","0","","02","10","2018","4","40.460919","-79.872046","1845","11","0","0","0","0","0","0","0","0","","0","0","0","","","1","","0","","40 27:39.307","","0","79 52:19.364","4","0","0","0","2301","0","0","0","N","0","0","0","3","02301","1","","1.0","","9","N","N","","0","","0","0","0","","0","","","2","1","0","0","0","0","1","2","0","2","","","","N","","","","","","","","","",""
"2018114959","","0","0","0","0","0","0","0","0","0","4","0","","02","10","2018","4","40.54814","-79.770053","1347","11","0","0","0","0","1","0","0","1","","0","0","0","","","0","","0","","40 32:53.305","","0","79 46:12.192","0","0","0","0","2121","0","0","0","N","0","0","0","2","02121","0","","1.0","","9","N","N","","1","","0","0","1","","0","","","2","0","0","0","0","0","0","1","0","2","","","","N","","","","","","","","","",""
"2018118162","","1","0","0","0","0","0","0","0","0","4","0","","02","11","2018","5","40.463586","-79.957474","1017","11","0","0","0","0","0","0","0","1","","0","0","0","","","0","","1","","40 27:48.908","","0","79 57:26.908","0","0","0","0","2301","0","0","0","N","0","0","0","2","02301","0","","1.0","","1","N","N","","1","","0","0","0","","3","","","2","0","0","0","0","0","0","2","0","2","","","","N","","","","","","","","","",""
"2018112111","","1","0","0","0","0","0","0","0","0","2","0","","02","10","2018","3","40.415432","-79.8768","1449","11","0","0","0","0","0","0","0","0","","0","0","0","","","1","","1","","40 24:55.555","","0","79 52:36.480","3","0","0","0","2463","0","0","0","N","0","0","0","2","02463","0","","1.0","","1","N","N","","0","","1","0","1","","2","","","2","1","0","0","0","0","0","2","0","2","","","","N","","","","","","","","","",""
"2018116118","","0","0","0","0","0","0","0","0","0","5","0","","02","11","2018","1","40.444642","-80.027983","0144","11","0","0","1","1","0","0","0","0","2","0","0","0","","","0","","0","","40 26:40.710","1","3","80 01:40.737","0","0","0","0","2301","0","0","0","N","0","0","0","6","02301","0","","1.0","","9","N","N","","1","","0","0","1","","0","N","","2","0","0","0","0","0","0","2","0","2","","","","N","","","","","","","","","",""
"2018114290","","2","0","0","0","0","0","0","0","0","4","0","","02","10","2018","3","40.211385","-79.841264","1243","11","0","0","0","0","0","1","1","0","2","0","0","0","","","1","","1","","40 12:40.987","2","0","79 50:28.551","4","0","0","0","2204","0","0","0","N","0","0","0","3","02204","1","","1.0","","1","N","N","","1","","0","0","0","","3","Y","","3","1","0","0","0","0","0","2","0","3","","","","N","","","","","","","","","",""
"2018116314","","1","0","0","0","0","0","0","0","0","8","0","","02","11","2018","1","40.456988","-79.894517","1959","11","0","0","0","0","0","0","0","0","","0","0","0","","","1","","0","","40 27:25.155","","0","79 53:40.262","8","0","0","0","2301","1","0","0","N","1","0","0","2","02301","0","","1.0","","1","N","N","","0","","0","0","0","","2","","","2","1","0","0","0","1","1","2","0","1","","","","N","","","","","","","","","",""