"CRN","ARRIVAL_TM","AUTOMOBILE_COUNT","BELTED_DEATH_COUNT","BELTED_SUSP_SERIOUS_INJ_COUNT","BICYCLE_COUNT","BICYCLE_DEATH_COUNT","BICYCLE_SUSP_SERIOUS_INJ_COUNT","BUS_COUNT","CHLDPAS_DEATH_COUNT","CHLDPAS_SUSP_SERIOUS_INJ_COUNT","COLLISION_TYPE","COMM_VEH_COUNT","CONS_ZONE_SPD_LIM","COUNTY","CRASH_MONTH","CRASH_YEAR","DAY_OF_WEEK","DEC_LATITUDE","DEC_LONGITUDE","DISPATCH_TM","DISTRICT","DRIVER_COUNT_16YR","DRIVER_COUNT_17YR","DRIVER_COUNT_18YR","DRIVER_COUNT_19YR","DRIVER_COUNT_20YR","DRIVER_COUNT_50_64YR","DRIVER_COUNT_65_74YR","DRIVER_COUNT_75PLUS","EST_HRS_CLOSED","FATAL_COUNT","HEAVY_TRUCK_COUNT","HORSE_BUGGY_COUNT","HOUR_OF_DAY","ILLUMINATION","INJURY_COUNT","INTERSECTION_RELATED","INTERSECT_TYPE","LANE_CLOSED","LATITUDE","LN_CLOSE_DIR","LOCATION_TYPE","LONGITUDE","MAX_SEVERITY_LEVEL","MCYCLE_DEATH_COUNT","MCYCLE_SUSP_SERIOUS_INJ_COUNT","MOTORCYCLE_COUNT","MUNICIPALITY","NONMOTR_COUNT","NONMOTR_DEATH_COUNT","NONMOTR_SUSP_SERIOUS_INJ_COUNT","NTFY_HIWY_MAINT","PED_COUNT","PED_DEATH_COUNT","PED_SUSP_SERIOUS_INJ_COUNT","PERSON_COUNT","POLICE_AGCY","POSSIBLE_INJ_COUNT","RDWY_SURF_TYPE_CD","RELATION_TO_ROAD","ROADWAY_CLEARED","ROAD_CONDITION","SCH_BUS_IND","SCH_ZONE_IND","SECONDARY_CRASH","SMALL_TRUCK_COUNT","SPEC_JURIS_CD","SUSP_MINOR_INJ_COUNT","SUSP_SERIOUS_INJ_COUNT","SUV_COUNT","TCD_FUNC_CD","TCD_TYPE","TFC_DETOUR_IND","TIME_OF_DAY","TOTAL_UNITS","TOT_INJ_COUNT","UNBELTED_OCC_COUNT","UNB_DEATH_COUNT","UNB_SUSP_SERIOUS_INJ_COUNT","UNK_INJ_DEG_COUNT","UNK_INJ_PER_COUNT","URBAN_RURAL","VAN_COUNT","VEHICLE_COUNT","WEATHER1","WEATHER2","WORKERS_PRES","WORK_ZONE_IND","WORK_ZONE_LOC","WORK_ZONE_TYPE","WZ_CLOSE_DETOUR","WZ_FLAGGER","WZ_LAW_OFFCR_IND","WZ_LN_CLOSURE","WZ_MOVING","WZ_OTHER","WZ_SHLDER_MDN","WZ_WORKERS_INJ_KILLED"
"2018128317","","2","0","0","0","0","0","0","0","0","4","0","","02","11","2018","5","40.529503","-79.965657","0935","11","0","0","0","0","0","0","0","2","2","0","0","0","09","","2","","2","","40 31:46.211","5","0","79 57:56.365","8","0","0","0","2118","0","0","0","N","0","0","0","2","02118","0","","1.0","","1","N","N","","0","","0","0","0","","3","Y","0933","2","2","0","0","0","2","0","2","0","2","","","","N","","","","","","","","","",""
"2018139625","","0","0","0","0","0","0","0","0","0","7","0","","02","12","2018","1","40.440203","-80.017843","1514","11","0","0","0","0","0","0","0","0","2","0","0","0","15","","0","","0","","40 26:24.731","4","0","80 01:04.233","0","0","0","0","2301","0","0","0","N","0","0","0","1","02301","0","","5.0","","1","N","N","","0","","0","0","1","","0","N","1510","1","0","0","0","0","0","0","2","0","1","","","","N","","","","","","","","","",""
"2018128464","","1","0","0","0","0","0","0","0","0","8","0","","02","12","2018","7","40.316984","-79.805156","1846","11","0","0","0","0","0","0","0","1","","0","0","0","18","","1","","0","","40 19:01.141","","0","79 48:18.563","3","0","0","0","2301","1","0","0","N","1","0","0","2","02506","0","","1.0","","9","N","N","","0","","1","0","0","","8","","1846","2","1","0","0","0","0","0","2","0","1","","","","N","","","","","","","","","",""
"2018125688","","0","0","0","0","0","0","0","0","0","7","0","","02","11","2018","7","40.383889","-79.993556","2301","11","0","0","0","0","0","0","0","0","","0","0","0","22","","0","","0","","40 23:02.000","","0","79 59:36.800","0","0","0","0","2301","0","0","0","N","0","0","0","1","02301","0","","5.0","","1","N","N","","0","","0","0","1","","0","","2255","1","0","0","0","0","0","0","2","0","1","","","","N","","","","","","","","","",""
"2018138398","","0","0","0","0","0","0","0","0","0","1","0","","02","12","2018","4","40.441695","-80.021437","2328","11","0","0","0","0","0","0","0","0","1","0","0","0","23","","0","","0","","40 26:30.103","4","0","80 01:17.173","9","0","0","0","2301","0","0","0","N","0","0","0","2","02301","0","","1.0","","1","N","N","","0","","0","0","2","","2","N","2320","2","0","0","0","0","0","2","2","0","2","","","","N","","","","","","","","","",""
"2018130140","","1","0","0","0","0","0","0","0","0","1","0","","02","12","2018","7","40.520278","-80.004983","1055","11","0","0","0","0","0","1","0","0","1","0","0","0","10","","0","","0","","40 31:12.999","1","0","80 00:17.940","0","0","0","0","2116","0","0","0","N","0","0","0","3","02116","0","","1.0","","1","N","N","","0","","0","0","1","","0","N","1055","2","0","0","0","0","0","0","2","0","2","","","","N","","","","","","","","","",""
"2018128929","","1","0","0","0","0","0","0","0","0","5","0","","02","12","2018","2","40.416944","-79.878361","1630","11","0","0","0","0","0","0","0","1","1","0","0","0","16","","1","","0","","40 25:01.000","2","0","79 52:42.100","3","0","0","0","2463","0","0","0","N","0","0","0","2","02463","0","","2.0","","9","N","N","","0","","1","0","0","","0","N","1625","2","1","0","0","0","0","0","2","1","2","","","","N","","","","","","","","","",""
"2018131647","","1","0","0","0","0","0","0","0","0","7","0","","02","12","2018","4","40.489926","-80.135869","1151","11","0","0","1","0","0","0","0","0","","0","0","0","11","","0","","2","","40 29:23.735","","0","80 08:09.127","0","0","0","0","2115","0","0","0","N","0","0","0","1","02115","0","","5.0","","1","N","N","","0","","0","0","0","","0","","1150","1","0","0","0","0","0","0","2","0","1","","","","N","","","","","","","","","",""
"2018130924","","0","0","0","0","0","0","0","0","0","7","0","","02","12","2018","5","40.470556","-79.892639","1941","11","0","0","0","0","0","0","0","0","","0","0","0","19","","1","","0","","40 28:14.000","","0","79 53:33.500","8","0","0","0","2301","0","0","0","N","0","0","0","1","02301","0","","5.0","","9","N","N","","1","","0","0","0","","0","","1940","1","1","0","0","0","1","0","2","0","1","","","","N","","","","","","","","","",""
"2018128255","","0","0","0","0","0","0","0","0","0","7","0","","02","12","2018","7","40.355027","-80.046185","1456","11","0","0","0","0","0","0","0","0","2","0","0","0","14","","0","","2","","40 21:18.097","6","0","80 02:46.265","0","0","0","0","2109","0","0","0","N","0","0","0","1","02109","0","","4.0","","9","N","N","","1","","0","0","0","","0","Y","1456","1","0","0","0","0","0","0","2","0","1","","","","N","","","","","","","","","",""
"2018133085","","2","0","0","0","0","0","0","0","0","4","0","","02","12","2018","4","40.499583","-79.979444","1708","11","0","0","0","0","0","0","0","0","","0","0","0","17","","0","","0","","40 29:58.500","","7","79 58:46.000","0","0","0","0","2118","0","0","0","N","0","0","0","2","02118","0","","1.0","","9","N","N","","0","","0","0","0","","0","","1708","2","0","0","0","0","0","0","2","0","2","","","","N","","","","","","","","","",""
"2018128051","","0","0","0","0","0","0","0","0","0","8","0","","02","12","2018","7","40.434782","-79.922838","1238","11","0","0","0","0","0","0","0","0","","0","0","0","12","","1","","1","","40 26:05.215","","0","79 55:22.216","3","0","0","0","2301","1","0","0","N","1","0","0","2","02301","0","","1.0","","9","N","N","","0","","1","0","1","","2","","1235","2","1","0","0","0","0","0","2","0","1","","","","N","","","","","","","","","",""
"2018127958","","1","0","0","0","0","0","0","0","0","7","0","","02","12","2018","7","40.439832","-79.993061","0215","11","0","0","0","0","1","0","0","0","1","0","0","0","02","","0","","0","","40 26:23.396","1","2","79 59:35.018","0","0","0","0","2301","0","0","0","N","0","0","0","1","02301","0","","1.0","","1","N","N","","0","","0","0","0","","0","Y","0215","1","0","1","0","0","0","0","2","0","1","","","","N","","","","","","","","","",""
"2018138792","","0","0","0","0","0","0","0","0","0","4","0","","02","12","2018","4","40.545286","-80.03072","1307","11","0","0","0","0","0","0","0","0","2","0","0","0","13","","0","","2","","40 32:43.028","3","7","80 01:50.592","0","0","0","0","2116","0","0","0","N","0","0","0","3","02116","0","","1.0","","1","N","N","","1","","0","0","1","","0","N","1307","2","0","0","0","0","0","0","2","0","2","","","","N","","","","","","","","","",""
"2018130001","","2","0","0","0","0","0","0","0","0","1","0","","02","12","2018","4","40.346165","-79.887683","0602","11","0","0","0","0","0","1","0","0","2","0","0","0","06","","0","","0","","40 20:46.195","1","3","79 53:15.658","0","0","0","0","2304","0","0","0","N","0","0","0","4","02304","0","","1.0","","2","N","N","","1","","0","0","1","","0","Y","0602","4","0","0","0","0","0","0","2","0","4","","","","N","","","","","","","","","",""
"2018129685","","0","0","0","0","0","0","0","0","0","1","0","","02","12","2018","4","40.466527","-79.874381","0932","11","0","0","0","0","0","2","0","0","","0","0","0","08","","0","","2","","40 27:59.497","","0","79 52:27.771","0","0","0","0","2113","0","0","0","N","0","0","0","2","02113","0","","1.0","","2","N","N","","0","","0","0","2","","0","","0830","2","0","0","0","0","0","0","2","0","2","","","","N","","","","","","","","","",""
"2018127244","","2","0","0","0","0","0","0","0","0","4","0","","02","11","2018","5","40.463785","-80.005236","1045","11","0","0","0","0","0","0","1","0","","0","0","0","10","","1","","1","","40 27:49.625","","0","80 00:18.849","8","0","0","0","2301","0","0","0","N","0","0","0","2","02301","0","","1.0","","1","N","N","","0","","0","0","0","","3","","1045","2","1","0","0","0","1","0","2","0","2","","","","N","","","","","","","","","",""
"2018128949","","0","0","0","0","0","0","0","0","0","7","0","","02","12","2018","7","40.39737","-80.106341","1949","11","0","0","0","0","0","0","0","0","","0","0","0","19","","0","","0","","40 23:50.533","","0","80 06:22.829","0","0","0","0","2102","0","0","0","N","0","0","0","2","02102","0","","1.0","","9","N","N","","0","","0","0","1","","0","","1954","1","0","0","0","0","0","0","2","0","1","","","","N","","","","","","","","","",""
"2018128022","","0","0","0","0","0","0","0","0","0","1","0","","02","11","2018","6","40.593828","-79.96886","0722","11","0","0","0","0","0","1","0","0","2","0","0","0","07","","2","","0","","40 35:37.780","4","0","79 58:07.896","4","0","0","0","2207","0","0","0","N","0","0","0","2","02207","2","","1.0","","9","N","N","","0","","0","0","2","","0","N","0720","2","2","0","0","0","0","0","2","0","2","","","","N","","","","","","","","","",""
"2018129487","","1","0","0","0","0","0","0","0","0","8","0","","02","12","2018","3","40.465185","-79.957944","1843","11","0","0","0","0","0","0","0","1","","0","0","0","18","","1","","1","","40 27:54.667","","0","79 57:28.600","8","0","0","0","2301","1","0","0","N","1","0","0","2","02301","0","","1.0","","1","N","N","","0","","0","0","0","","2","","1841","2","1","0","0","0","1","0","2","0","1","","","","N","","","","","","","","","",""
"2018129223","","0","0","0","0","0","0","0","0","0","4","0","","02","12","2018","1","40.347467","-79.949008","1024","11","0","0","0","0","0","1","0","1","2","0","0","0","10","","1","","0","","40 20:50.880","3","7","79 56:56.430","3","0","0","0","2473","0","0","0","N","0","0","0","2","02473","0","","1.0","","1","N","N","","0","","1","0","2","","3","Y","1024","2","1","0","0","0","0","0","2","0","2","","","","N","","","","","","","","","",""
"2018136792","","1","0","0","0","0","0","0","0","0","0","0","","02","12","2018","2","40.308611","-79.996","0237","11","0","0","0","0","0","0","0","0","2","0","0","0","02","","1","","0","","40 18:31.000","5","0","79 59:45.600","8","0","0","0","2219","0","0","0","N","0","0","0","1","02501","0","","1.0","","1","N","N","","0","","0","0","0","","0","Y","0228","1","1","0","0","0","1","0","2","0","1","","","","N","","","","","","","","","",""
"2018138069","","2","0","0","0","0","0","0","0","0","1","0","","02","12","2018","6","40.4685","-80.123778","1117","11","0","0","0","0","0","1","0","0","2","0","0","0","11","","0","","0","","40 28:06.600","3","7","80 07:25.600","0","0","0","0","2115","0","0","0","N","0","0","0","3","02115","0","","1.0","","9","N","N","","0","","0","0","0","","2","N","1117","2","0","0","0","0","0","0","2","0","2","","","","N","","","","","","","","","",""
"2018128328","","1","0","0","0","0","0","0","0","0","4","0","","02","12","2018","1","40.427659","-79.985288","1314","11","0","0","0","0","1","0","0","0","1","0","0","0","13","","1","","1","","40 25:39.574","3","0","79 59:07.038","8","0","0","0","2301","0","0","0","N","0","0","0","4","02301","0","","1.0","","1","N","N","","0","","0","0","1","","3","N","1312","2","1","0","0","0","1","0","2","0","2","","","","N","","","","","","","","","",""
"2018127727","","0","0","0","0","0","0","1","0","0","8","1","","02","11","2018","6","40.464795","-79.960262","0839","11","0","0","0","0","0","1","0","0","1","0","0","0","08","","1","","2","","40 27:53.261","3","0","79 57:36.943","3","0","0","0","2301","1","0","0","N","1","0","0","2","02301","0","","1.0","","1","Y","N","","0","","1","0","0","","0","Y","0839","2","1","0","0","0","0","0","2","0","1","","","","N","","","","","","","","","",""
"2018138382","","0","0","0","0","0","0","0","0","0","1","0","","02","12","2018","4","40.456293","-79.974938","1947","11","0","0","0","0","0","0","0","0","","0","0","0","19","","0","","1","","40 27:22.654","","0","79 58:29.776","0","0","0","0","2301","0","0","0","N","0","0","0","2","02301","0","","1.0","","1","N","N","","0","","0","0","0","","2","","1947","2","0","0","0","0","0","0","2","2","2","","","","N","","","","","","","","","",""
"2018127877","","3","0","0","0","0","0","0","0","0","6","0","","02","11","2018","6","40.403167","-79.991361","2219","11","0","0","0","0","0","0","0","0","","0","0","0","22","","0","","0","","40 24:11.400","","0","79 59:28.900","9","0","0","0","2301","0","0","0","N","0","0","0","1","02301","0","","4.0","","1","N","N","","1","","0","0","0","","0","","2218","4","0","0","0","0","0","1","2","0","4","","","","N","","","","","","","","","",""
"2018128167","","1","0","0","0","0","0","0","0","0","7","0","","02","12","2018","7","40.405417","-79.991","2040","11","0","0","0","0","0","1","0","0","","0","0","0","20","","0","","0","","40 24:19.500","","0","79 59:27.600","0","0","0","0","2301","0","0","0","N","0","0","0","2","02301","0","","5.0","","9","N","N","","0","","0","0","0","","0","","2038","1","0","0","0","0","0","0","2","0","1","","","","N","","","","","","","","","",""
"2018129955","","0","0","0","0","0","0","0","0","0","5","0","","02","12","2018","4","40.477802","-80.000195","1631","11","0","0","0","0","0","0","0","0","","0","0","0","16","","1","","2","","40 28:40.086","","0","80 00:00.702","4","0","0","0","2301","0","0","0","N","0","0","0","4","02301","1","","1.0","","9","N","N","","1","","0","0","1","","0","","1631","2","1","1","0","0","0","0","2","0","2","","","","N","","","","","","","","","",""
"2018130562","","0","0","0","0","0","0","0","0","0","1","0","","02","12","2018","5","40.418501","-79.947991","0603","11","0","0","0","0","0","1","0","0","","0","0","0","06","","0","","0","","40 25:06.603","","0","79 56:52.768","0","0","0","0","2301","0","0","0","N","0","0","0","2","02301","0","","1.0","","1","N","N","","1","","0","0","1","","0","","0603","2","0","0","0","0","0","0","2","0","2","","","","N","","","","","","","","","",""
"2018128104","","0","0","0","0","0","0","0","0","0","7","0","","02","12","2018","7","40.426062","-79.963805","1543","11","0","0","0","0","0","0","0","0","2","0","0","0","15","","0","","0","","40 25:33.822","5","3","79 57:49.699","9","0","0","0","2301","0","0","0","N","0","0","0","1","02301","0","","4.0","","9","N","N","","0","","0","0","1","","0","Y","1542","1","0","0","0","0","0","1","2","0","1","","","","N","","","","","","","","","",""
"2018128292","","2","0","0","0","0","0","0","0","0","5","0","","02","11","2018","6","40.438541","-80.006564","1405","11","0","0","0","0","0","0","0","0","1","0","0","0","14","","0","","0","","40 26:18.747","3","2","80 00:23.631","0","0","0","0","2301","0","0","0","N","0","0","0","3","02301","0","","1.0","","1","N","N","","0","","0","0","0","","0","N","1400","2","0","0","0","0","0","0","2","0","2","","","","N","","","","","","","","","",""
"2018139313","","2","0","0","0","0","0","0","0","0","1","0","","02","12","2018","6","40.397196","-80.029289","1130","11","0","0","0","0","0","0","1","0","","0","0","0","11","","0","","0","","40 23:49.907","","0","80 01:45.442","0","0","0","0","2301","0","0","0","N","0","0","0","2","02301","0","","1.0","","1","N","N","","0","","0","0","0","","0","","1125","2","0","0","0","0","0","0","2","0","2","","","","N","","","","","","","","","",""
"2018126903","","1","0","0","0","0","0","0","0","0","4","0","","02","11","2018","4","40.474604","-80.005178","1424","11","0","0","0","0","0","0","0","1","","0","0","0","14","","0","","1","","40 28:28.574","","2","80 00:18.642","0","0","0","0","2301","0","0","0","N","0","0","0","2","02301","0","","1.0","","9","N","N","","1","","0","0","0","","2","","1424","2","0","0","0","0","0","0","2","0","2","","","","N","","","","","","","","","",""
"2018125785","","1","0","0","0","0","0","0","0","0","7","0","","02","11","2018","1","40.499186","-80.256208","1207","11","0","0","0","0","0","0","0","0","2","0","0","0","12","","1","","3","","40 29:57.071","1","0","80 15:22.350","3","0","0","0","2203","0","0","0","N","0","0","0","1","02501","0","","2.0","","1","N","N","","0","","1","0","0","","0","N","1205","1","1","0","0","0","0","0","2","0","1","","","","N","","","","","","","","","",""
"2018139474","","1","0","0","0","0","0","0","0","0","4","0","","02","12","2018","1","40.367389","-79.858444","0205","11","0","0","0","0","0","0","0","0","","0","0","0","02","","0","","0","","40 22:02.600","","0","79 51:30.400","9","0","0","0","2303","0","0","0","N","0","0","0","1","02303","0","","4.0","","1","N","N","","0","","0","0","1","","0","","0205","2","0","0","0","0","0","1","2","0","2","","","","N","","","","","","","","","",""
"2018131854","","1","0","0","0","0","0","0","0","0","7","0","","02","12","2018","2","40.378806","-79.922472","1707","11","0","0","0","0","0","1","0","0","","0","0","0","17","","0","","0","","40 22:43.700","","7","79 55:20.900","0","0","0","0","2301","0","0","0","N","0","0","0","1","02301","0","","4.0","","2","N","N","","0","","0","0","0","","0","","1704","1","0","0","0","0","0","0","2","0","1","","","","N","","","","","","","","","",""
"2018135716","","1","0","0","0","0","0","0","0","0","5","0","","02","12","2018","3","40.386806","-79.980639","1842","11","0","0","0","0","0","1","0","0","","0","0","0","18","","0","","0","","40 23:12.500","","0","79 58:50.300","0","0","0","0","2301","0","0","0","N","0","0","0","1","02301","0","","1.0","","1","N","N","","0","","0","0","1","","0","","1830","2","0","0","0","0","0","0","2","0","2","","","","N","","","","","","","","","",""
"2018131580","","0","0","0","0","0","0","0","0","0","4","0","","02","11","2018","2","40.426417","-79.88975","1114","11","0","0","0","0","0","0","1","0","1","0","0","0","11","","0","","0","","40 25:35.100","1","7","79 53:23.100","0","0","0","0","2426","0","0","0","N","0","0","0","3","02426","0","","1.0","","9","N","N","","1","","0","0","1","","2","N","1114","2","0","0","0","0","0","0","2","0","2","","","","N","","","","","","","","","",""
"2018131593","","2","0","0","0","0","0","0","0","0","1","0","","02","12","2018","2","40.427609","-79.891134","0925","11","0","0","0","0","0","0","1","0","2","0","0","0","09","","0","","2","","40 25:39.392","1","2","79 53:28.083","0","0","0","0","2426","0","0","0","N","0","0","0","2","02426","0","","1.0","","1","N","N","","0","","0","0","0","","2","N","0925","2","0","0","0","0","0","0","2","0","2","","","","N","","","","","","","","","",""
"2018129509","","0","0","0","0","0","0","0","0","0","7","0","","02","12","2018","2","40.474427","-80.071591","2214","11","0","1","0","0","0","0","0","0","1","0","0","0","22","","1","","0","","40 28:27.937","5","0","80 04:17.728","3","0","0","0","2122","0","0","0","N","0","0","0","2","02122","0","","4.0","","9","N","N","","0","","1","0","1","","0","Y","2213","1","1","2","0","0","0","0","2","0","1","","","","N","","","","","","","","","",""
"2018125613","","1","0","0","0","0","0","0","0","0","1","0","","02","11","2018","1","40.465889","-79.953778","1348","11","0","0","1","0","0","0","0","0","1","0","0","0","13","","1","","0","","40 27:57.200","2","0","79 57:13.600","8","0","0","0","2301","0","0","0","N","0","0","0","4","02301","0","","1.0","","1","N","N","","0","","0","0","2","","2","N","1348","3","1","0","0","0","1","0","2","0","3","","","","N","","","","","","","","","",""
"2018133987","","1","0","0","0","0","0","0","0","0","4","0","","02","12","2018","3","40.437611","-79.770083","1843","11","0","0","0","0","0","1","0","0","1","0","0","0","18","","0","","0","","40 26:15.400","2","7","79 46:12.300","0","0","0","0","2446","0","0","0","N","0","0","0","2","02446","0","","1.0","","9","N","N","","0","","0","0","1","","3","N","1840","2","0","0","0","0","0","0","2","0","2","","","","N","","","","","","","","","",""
"2018128942","","1","0","0","0","0","0","0","0","0","4","0","25","02","12","2018","2","40.397761","-79.821054","1913","11","0","0","0","0","0","0","0","0","2","0","0","0","19","","0","","1","","40 23:51.938","3","0","79 49:15.793","9","0","0","0","2111","0","0","0","N","0","0","0","3","02111","0","","1.0","","9","N","N","","0","","0","0","1","","3","Y","1912","2","0","0","0","0","0","1","2","0","2","","","N","Y","4","1","Y","","N","Y","","","",""
"2018126469","","1","0","0","0","0","0","0","0","0","4","0","","02","11","2018","3","40.475","-80.099306","1738","11","0","0","0","0","0","0","0","0","2","0","0","0","17","","2","","0","","40 28:30.000","5","7","80 05:57.500","8","0","0","0","2126","0","0","0","N","0","0","0","6","02126","0","","1.0","","9","N","N","","0","","0","0","1","","3","N","1738","2","2","0","0","0","2","2","2","0","2","","","","N","","","","","","","","","",""
"2018135389","","1","0","0","0","0","0","0","0","0","4","0","","02","12","2018","3","40.457262","-79.973524","0750","11","0","0","0","0","0","0","0","0","","0","0","0","07","","0","","1","","40 27:26.143","","0","79 58:24.686","0","0","0","0","2301","0","0","0","N","0","0","0","2","02301","0","","1.0","","1","N","N","","1","","0","0","0","","0","","0750","2","0","0","0","0","0","0","2","0","2","","","","N","","","","","","","","","",""
"2018131581","","2","0","0","0","0","0","0","0","0","1","0","","02","11","2018","6","40.435436","-79.882178","1624","11","0","0","0","0","0","0","0","1","1","0","0","0","16","","0","","0","","40 26:07.570","6","0","79 52:55.840","0","0","0","0","2426","0","0","0","N","0","0","0","1","02426","0","","4.0","","1","N","N","","0","","0","0","0","","0","N","1620","2","0","0","0","0","0","0","2","0","2","","","","N","","","","","","","","","",""
"2018129699","","1","0","0","0","0","0","0","0","0","7","0","","02","11","2018","7","40.385679","-79.834474","0755","11","0","0","0","0","0","0","0","0","2","0","0","0","07","","0","","2","","40 23:08.444","1","0","79 50:04.106","0","0","0","0","2111","0","0","0","N","0","0","0","2","02111","0","","5.0","","9","N","N","","0","","0","0","0","","3","N","0755","1","0","0","0","0","0","0","2","0","1","","","","N","","","","","","","","","",""
"2018128263","","2","0","0","0","0","0","0","0","0","2","0","","02","12","2018","7","40.451798","-80.160938","1020","11","1","0","0","0","0","0","0","0","","0","0","0","10","","0","","1","","40 27:06.472","","0","80 09:39.376","0","0","0","0","2115","0","0","0","N","0","0","0","3","02115","0","","1.0","","9","N","N","","0","","0","0","0","","2","","1018","2","0","0","0","0","0","0","2","0","2","","","","N","","","","","","","","","",""
"2018134508","","1","0","0","0","0","0","0","0","0","7","0","","02","12","2018","1","40.437057","-79.994587","0926","11","0","0","0","0","0","0","0","0","3","0","0","0","09","","0","","0","","40 26:13.405","1","2","79 59:40.514","0","0","0","0","2301","0","0","0","N","0","0","0","1","02301","0","","1.0","","9","N","N","","0","","0","0","0","","0","N","0924","1","0","0","0","0","0","0","2","0","1","","","","N","","","","","","","","","",""
"2018132535","","1","0","0","0","0","0","0","0","0","4","0","","02","12","2018","1","40.436667","-79.754083","1618","11","0","0","0","0","0","2","0","0","2","0","0","0","16","","2","N","0","","40 26:12.000","4","7","79 45:14.700","8","0","0","0","2446","0","0","0","N","0","0","0","2","68T09","0","","1.0","9999.0","1","N","N","N","0","","0","0","1","","0","N","1618","2","2","0","0","0","2","0","2","0","2","","","","N","","","","","","","","","",""
"2018125736","","2","0","0","0","0","0","0","0","0","4","0","","02","11","2018","1","40.447298","-79.944179","2321","11","0","0","0","0","1","0","0","0","2","0","0","0","23","","0","","2","","40 26:50.271","4","0","79 56:39.046","0","0","0","0","2301","0","0","0","N","0","0","0","4","02301","0","","1.0","","1","N","N","","0","","0","0","0","","3","N","2321","2","0","0","0","0","0","0","2","0","2","","","","N","","","","","","","","","",""
"2018137793","","1","0","0","0","0","0","0","0","0","2","0","","02","12","2018","2","40.421543","-79.984409","0958","11","0","0","0","0","0","0","0","0","1","0","0","0","09","","0","","2","","40 25:17.554","6","0","79 59:03.873","0","0","0","0","2301","0","0","0","N","0","0","0","3","02301","0","","1.0","","1","N","N","","0","","0","0","1","","3","N","0950","2","0","0","0","0","0","0","2","0","2","","","","N","","","","","","","","","",""
"2018131988","","4","0","0","0","0","0","0","0","0","2","0","","02","12","2018","2","40.407417","-79.99175","1340","11","0","0","0","0","0","2","1","0","","0","0","0","13","","2","","0","","40 24:26.700","","0","79 59:30.300","8","0","0","0","2301","0","0","0","N","0","0","0","5","02301","0","","1.0","","1","N","N","","1","","0","0","1","","0","","1300","6","2","0","0","0","2","0","2","0","6","","","","N","","","","","","","","","",""
"2018128450","","0","0","0","0","0","0","0","0","0","4","0","","02","12","2018","1","40.436814","-79.774269","1703","11","0","0","0","0","0","1","0","0","1","0","0","0","17","","1","N","0","","40 26:12.530","4","7","79 46:27.370","8","0","0","0","2446","0","0","0","N","0","0","0","3","02446","0","","1.0","9999.0","1","N","N","N","0","","0","0","2","","0","N","1703","2","1","0","0","0","1","0","2","0","2","","","","N","","","","","","","","","",""
"2018128959","","1","0","0","0","0","0","0","0","0","7","0","","02","12","2018","2","40.462021","-80.008089","2042","11","0","0","0","0","0","0","0","0","1","0","0","0","20","","0","","2","","40 27:43.274","2","0","80 00:29.121","0","0","0","0","2301","0","0","0","N","0","0","0","1","02301","0","","5.0","","1","N","N","","0","","0","0","0","","0","N","2040","1","0","0","0","0","0","0","2","0","1","","","","N","","","","","","","","","",""
"2018125763","","1","0","0","0","0","0","0","0","0","4","0","","02","11","2018","2","40.348533","-79.8778","0602","11","0","0","0","0","0","0","1","0","1","0","0","0","06","","0","","2","","40 20:54.718","4","0","79 52:40.079","0","0","0","0","2304","0","0","0","N","0","0","0","2","02304","0","","1.0","","9","N","N","","1","","0","0","0","","0","N","0602","2","0","0","0","0","0","0","2","0","2","","","","N","","","","","","","","","",""
"2018128928","","2","0","0","0","0","0","0","0","0","6","0","","02","12","2018","1","40.429459","-79.982702","0300","11","0","0","0","0","0","0","0","0","1","0","0","0","02","","0","","1","","40 25:46.054","2","0","79 58:57.726","0","0","0","0","2301","0","0","0","N","0","0","0","2","02301","0","","1.0","","9","N","N","","0","","0","0","0","","3","N","0259","2","0","1","0","0","0","0","2","0","2","","","","N","","","","","","","","","",""
"2018134248","","2","0","0","0","0","0","0","0","0","6","0","","02","12","2018","7","40.463915","-79.80107","1328","11","0","0","0","0","0","0","0","0","1","0","0","0","13","","0","","2","","40 27:50.094","2","0","79 48:03.852","0","0","0","0","2113","0","0","0","N","0","0","0","3","02113","0","","1.0","","9","N","N","","0","","0","0","0","","3","Y","1327","2","0","0","0","0","0","0","2","0","2","","","","N","","","","","","","","","",""
"2018131355","","1","0","0","0","0","0","0","0","0","4","0","","02","12","2018","7","40.517583","-80.149528","1649","11","1","0","0","0","0","0","0","0","","0","0","0","16","","1","","0","","40 31:03.300","","7","80 08:58.300","8","0","0","0","2110","0","0","0","N","0","0","0","3","02215","0","","1.0","","9","N","N","","0","","0","0","1","","3","","1649","2","1","0","0","0","1","0","2","0","2","","05","","N","","","","","","","","","",""
"2018127818","","0","0","0","0","0","0","0","0","0","5","0","","02","11","2018","5","40.388806","-80.042559","0714","11","0","0","0","0","0","0","0","0","1","0","0","0","07","","0","","0","","40 23:19.701","2","0","80 02:33.213","0","0","0","0","2109","0","0","0","N","0","0","0","2","02109","0","","1.0","","1","N","N","","0","","0","0","2","","0","N","0713","2","0","0","0","0","0","0","2","0","2","","","","N","","","","","","","","","",""