"CRN","ARRIVAL_TM","AUTOMOBILE_COUNT","BELTED_DEATH_COUNT","BELTED_SUSP_SERIOUS_INJ_COUNT","BICYCLE_COUNT","BICYCLE_DEATH_COUNT","BICYCLE_SUSP_SERIOUS_INJ_COUNT","BUS_COUNT","CHLDPAS_DEATH_COUNT","CHLDPAS_SUSP_SERIOUS_INJ_COUNT","COLLISION_TYPE","COMM_VEH_COUNT","CONS_ZONE_SPD_LIM","COUNTY","CRASH_MONTH","CRASH_YEAR","DAY_OF_WEEK","DEC_LATITUDE","DEC_LONGITUDE","DISPATCH_TM","DISTRICT","DRIVER_COUNT_16YR","DRIVER_COUNT_17YR","DRIVER_COUNT_18YR","DRIVER_COUNT_19YR","DRIVER_COUNT_20YR","DRIVER_COUNT_50_64YR","DRIVER_COUNT_65_74YR","DRIVER_COUNT_75PLUS","EST_HRS_CLOSED","FATAL_COUNT","HEAVY_TRUCK_COUNT","HORSE_BUGGY_COUNT","HOUR_OF_DAY","ILLUMINATION","INJURY_COUNT","INTERSECTION_RELATED","INTERSECT_TYPE","LANE_CLOSED","LATITUDE","LN_CLOSE_DIR","LOCATION_TYPE","LONGITUDE","MAX_SEVERITY_LEVEL","MCYCLE_DEATH_COUNT","MCYCLE_SUSP_SERIOUS_INJ_COUNT","MOTORCYCLE_COUNT","MUNICIPALITY","NONMOTR_COUNT","NONMOTR_DEATH_COUNT","NONMOTR_SUSP_SERIOUS_INJ_COUNT","NTFY_HIWY_MAINT","PED_COUNT","PED_DEATH_COUNT","PED_SUSP_SERIOUS_INJ_COUNT","PERSON_COUNT","POLICE_AGCY","POSSIBLE_INJ_COUNT","RDWY_SURF_TYPE_CD","RELATION_TO_ROAD","ROADWAY_CLEARED","ROAD_CONDITION","SCH_BUS_IND","SCH_ZONE_IND","SECONDARY_CRASH","SMALL_TRUCK_COUNT","SPEC_JURIS_CD","SUSP_MINOR_INJ_COUNT","SUSP_SERIOUS_INJ_COUNT","SUV_COUNT","TCD_FUNC_CD","TCD_TYPE","TFC_DETOUR_IND","TIME_OF_DAY","TOTAL_UNITS","TOT_INJ_COUNT","UNBELTED_OCC_COUNT","UNB_DEATH_COUNT","UNB_SUSP_SERIOUS_INJ_COUNT","UNK_INJ_DEG_COUNT","UNK_INJ_PER_COUNT","URBAN_RURAL","VAN_COUNT","VEHICLE_COUNT","WEATHER1","WEATHER2","WORKERS_PRES","WORK_ZONE_IND","WORK_ZONE_LOC","WORK_ZONE_TYPE","WZ_CLOSE_DETOUR","WZ_FLAGGER","WZ_LAW_OFFCR_IND","WZ_LN_CLOSURE","WZ_MOVING","WZ_OTHER","WZ_SHLDER_MDN","WZ_WORKERS_INJ_KILLED"
"2018129950","","1","0","0","0","0","0","0","0","0","7","0","","02","12","2018","3","40.491194","-79.881944","","11","0","0","0","0","0","0","0","0","","0","0","0","17","","0","","0","","40 29:28.300","","0","79 52:55.000","0","0","0","0","2112","0","0","0","N","0","0","0","1","02112","0","","1.0","","9","N","N","","0","","0","0","0","","0","N","1710","1","0","0","0","0","0","0","2","0","1","","","","N","","","","","","","","","",""
"2018126779","","1","0","0","0","0","0","0","0","0","4","0","","02","11","2018","3","40.405083","-79.82975","0728","11","0","0","0","0","0","2","0","0","","0","0","0","07","","0","","0","","40 24:18.300","","0","79 49:47.100","0","0","0","0","2467","0","0","0","N","0","0","0","2","02467","0","","1.0","","7","N","N","","1","","0","0","0","","3","","0728","2","0","0","0","0","0","0","2","0","2","","","","N","","","","","","","","","",""
"2018130161","","0","0","0","0","0","0","0","0","0","6","0","","02","12","2018","4","40.625472","-79.941556","1048","11","0","0","0","0","0","0","0","0","","0","0","0","10","","1","","0","","40 37:31.700","","0","79 56:29.600","3","0","0","0","2217","0","0","0","N","0","0","0","1","02505","0","","2.0","","9","N","N","","2","","1","0","0","","0","","1048","2","1","0","0","0","0","0","2","0","2","","","","N","","","","","","","","","",""
"2018139361","","1","0","0","0","0","0","0","0","0","4","0","","02","12","2018","5","40.344768","-80.050564","1553","11","0","0","0","0","0","1","0","0","","0","0","0","15","","0","","0","","40 20:41.165","","7","80 03:02.029","0","0","0","0","2407","0","0","0","N","0","0","0","2","02407","0","","1.0","","9","N","N","","0","","0","0","0","","3","","1550","2","0","0","0","0","0","0","2","1","2","","","","N","","","","","","","","","",""
"2018128306","","1","0","0","0","0","0","0","0","0","1","0","","02","12","2018","7","40.613033","-79.958841","0927","11","0","0","0","0","0","0","0","0","1","0","0","0","09","","0","","2","","40 36:46.918","4","0","79 57:31.828","0","0","0","0","2207","0","0","0","N","0","0","0","2","02207","0","","1.0","","9","N","N","","0","","0","0","1","","3","N","0924","2","0","0","0","0","0","0","2","0","2","","","","N","","","","","","","","","",""
"2018126492","","3","0","0","0","0","0","0","0","0","4","0","","02","11","2018","3","40.458356","-80.030127","0627","11","0","0","0","0","0","0","0","0","2","0","0","0","06","","0","","0","","40 27:30.081","1","0","80 01:48.457","0","0","0","0","2301","0","0","0","N","0","0","0","3","02301","0","","1.0","","2","N","Y","","0","","0","0","0","","0","N","0626","3","0","0","0","0","0","0","2","0","3","","","","N","","","","","","","","","",""
"2018131997","","1","0","0","0","0","0","0","0","0","4","0","","02","12","2018","3","40.43453","-79.990498","0925","11","0","0","0","0","0","0","0","0","1","0","0","0","09","","0","","0","","40 26:04.309","3","0","79 59:25.794","0","0","0","0","2301","0","0","0","N","0","0","0","2","02301","0","","1.0","","1","N","N","","1","","0","0","0","","0","N","0915","2","0","0","0","0","0","0","2","0","2","","","","N","","","","","","","","","",""
"2018128257","","1","0","0","0","0","0","0","0","0","1","0","","02","12","2018","7","40.376049","-80.036505","1631","11","0","0","0","0","0","1","0","0","1","0","0","0","16","","0","","0","","40 22:33.777","1","0","80 02:11.417","0","0","0","0","2109","0","0","0","N","0","0","0","3","02109","0","","1.0","","9","N","N","","0","","0","0","1","","0","N","1631","2","0","0","0","0","0","0","2","0","2","","","","N","","","","","","","","","",""
"2018128645","","1","0","0","0","0","0","0","0","0","2","1","","02","11","2018","5","40.46949","-80.10148","1248","11","0","0","0","0","0","0","0","0","9","0","1","0","99","","2","","2","","40 28:10.164","7","0","80 06:05.328","3","0","0","0","2126","0","0","0","N","0","0","0","2","02126","0","","1.0","","1","N","N","","0","","2","0","0","","3","Y","9999","2","2","0","0","0","0","0","2","0","2","","","","N","","","","","","","","","",""
"2018128145","","0","0","0","0","0","0","0","0","0","5","0","","02","12","2018","7","40.454108","-79.884913","1805","11","0","0","0","0","0","0","0","0","","0","0","0","17","","0","","0","","40 27:14.787","","0","79 53:05.686","9","0","0","0","2301","0","0","0","N","0","0","0","1","02301","0","","1.0","","9","N","N","","0","","0","0","1","","0","","1730","2","0","0","0","0","0","1","2","0","2","","","","N","","","","","","","","","",""
"2018129943","","1","0","0","0","0","0","0","0","0","0","0","","02","12","2018","4","40.299333","-79.894528","0700","11","0","0","0","1","0","0","0","0","1","0","0","0","07","","0","","0","","40 17:57.600","6","3","79 53:40.300","0","0","0","0","2302","0","0","0","N","0","0","0","1","02302","0","","4.0","","2","N","N","","0","","0","0","0","","0","N","0700","1","0","0","0","0","0","0","2","0","1","","","","N","","","","","","","","","",""
"2018128156","","0","0","0","0","0","0","0","0","0","1","0","","02","12","2018","7","40.421081","-80.004749","1845","11","0","0","0","0","0","0","1","0","","0","0","0","18","","1","","0","","40 25:15.893","","4","80 00:17.097","8","0","0","0","2301","0","0","0","N","0","0","0","3","02301","0","","1.0","","9","N","N","","1","","0","0","1","","0","","1840","3","1","0","0","0","1","2","2","0","3","","","","N","","","","","","","","","",""
"2018126313","","1","0","0","0","0","0","0","0","0","1","0","","02","11","2018","3","40.466583","-79.889167","0950","11","0","0","0","0","0","0","0","0","","0","0","0","09","","0","","0","","40 27:59.700","","0","79 53:21.000","0","0","0","0","2301","0","0","0","N","0","0","0","3","02301","0","","1.0","","7","N","N","","0","","0","0","1","","0","","0947","2","0","0","0","0","0","0","2","0","2","","","","N","","","","","","","","","",""
"2018134436","","1","0","0","0","0","0","0","0","0","7","0","","02","12","2018","1","40.455294","-79.96745","0026","11","0","0","0","0","0","0","0","0","1","0","0","0","00","","0","","0","","40 27:19.059","4","0","79 58:02.819","0","0","0","0","2301","0","0","0","Y","0","0","0","2","02301","0","","3.0","","9","N","N","","0","","0","0","0","","0","N","0020","1","0","0","0","0","0","0","2","0","1","","","","N","","","","","","","","","",""
"2018139641","","1","0","0","0","0","0","0","0","0","0","0","","02","12","2018","1","40.437578","-79.778036","2338","11","0","0","0","0","0","0","0","0","1","0","0","0","23","","0","","0","","40 26:15.279","3","7","79 46:40.928","9","0","0","0","2446","0","0","0","N","0","0","0","2","02446","0","","2.0","","1","N","N","","0","","0","0","0","","0","N","2338","1","0","0","0","0","0","1","2","0","1","","","","N","","","","","","","","","",""
"2018132033","","2","0","0","0","0","0","0","0","0","4","0","","02","12","2018","3","40.396456","-79.998303","1131","11","0","0","0","0","0","1","0","0","1","0","0","0","11","","0","","0","","40 23:47.243","2","7","79 59:53.889","0","0","0","0","2301","0","0","0","N","0","0","0","5","02301","0","","1.0","","1","N","N","","0","","0","0","0","","2","Y","1125","2","0","0","0","0","0","0","2","0","2","","","","N","","","","","","","","","",""
"2018128860","","0","0","0","0","0","0","0","0","0","8","0","","02","12","2018","2","40.491306","-80.04775","1409","11","0","0","0","0","0","0","1","0","","0","0","0","14","","1","","0","","40 29:28.700","","7","80 02:51.900","4","0","0","0","2404","1","0","0","N","1","0","0","2","02404","1","","4.0","","1","N","N","","0","","0","0","1","","0","N","1409","2","1","0","0","0","0","0","2","0","1","","","","N","","","","","","","","","",""
"2018129985","","0","0","0","0","0","0","0","0","0","7","0","","02","12","2018","1","40.247372","-79.839433","0600","11","0","0","0","0","0","0","0","0","","0","0","0","06","","0","","0","","40 14:50.540","","0","79 50:21.960","0","0","0","0","2105","0","0","0","N","0","0","0","1","02105","0","","4.0","","1","N","N","","1","","0","0","0","","0","","0600","1","0","0","0","0","0","0","1","0","1","","","","N","","","","","","","","","",""
"2018127803","","0","0","0","0","0","0","0","0","0","1","0","","02","11","2018","5","40.576796","-79.778288","2159","11","0","0","0","0","0","0","0","0","","0","0","0","21","","0","","1","","40 34:36.464","","0","79 46:41.836","0","0","0","0","2104","0","0","0","N","0","0","0","4","02104","0","","1.0","","9","N","N","","1","","0","0","1","","2","N","2155","2","0","1","0","0","0","0","2","0","2","","","","N","","","","","","","","","",""
"2018128864","","1","0","0","0","0","0","0","0","0","7","0","","02","11","2018","4","40.487875","-80.189069","2049","11","0","0","0","0","1","0","0","0","2","0","0","0","20","","0","","0","","40 29:16.350","6","0","80 11:20.650","0","0","0","0","2213","0","0","0","N","0","0","0","1","02213","0","","4.0","","1","N","N","","0","","0","0","0","","0","Y","2049","1","0","0","0","0","0","0","2","0","1","","","","N","","","","","","","","","",""
"2018130117","","1","0","0","0","0","0","0","0","0","7","0","","02","12","2018","4","40.466361","-79.74375","0859","11","0","0","0","0","0","0","0","0","","0","0","0","08","","0","","0","","40 27:58.900","","0","79 44:37.500","0","0","0","0","2466","0","0","0","N","0","0","0","2","02501","0","","2.0","","2","N","N","","0","","0","0","1","","0","","0856","2","0","0","0","0","0","0","2","0","2","","","","N","","","","","","","","","",""
"2018131629","","1","0","0","0","0","0","0","0","0","1","0","","02","12","2018","2","40.567645","-80.206731","0723","11","0","0","0","0","0","0","0","0","","0","0","0","07","","0","","2","","40 34:03.521","","0","80 12:24.231","0","0","0","0","2107","0","0","0","N","0","0","0","2","02107","0","","1.0","","1","N","N","","0","","0","0","1","","0","","0719","2","0","0","0","0","0","0","1","0","2","","","","N","","","","","","","","","",""
"2018135710","","1","0","0","0","0","0","0","0","0","7","0","","02","12","2018","3","40.446686","-80.031461","1911","11","0","0","0","0","0","0","0","0","1","0","0","0","19","","0","","0","","40 26:48.069","4","0","80 01:53.259","0","0","0","0","2301","0","0","0","N","0","0","0","1","02301","0","","1.0","","2","N","N","","0","","0","0","0","","0","N","1905","1","0","0","0","0","0","0","2","0","1","","","","N","","","","","","","","","",""
"2018127706","","2","0","0","0","0","0","0","0","0","2","0","","02","11","2018","6","40.453378","-79.979171","0754","11","0","0","0","0","0","1","0","0","2","0","0","0","07","","1","","1","","40 27:12.160","3","0","79 58:45.017","3","0","0","0","2301","0","0","0","N","0","0","0","3","02301","0","","1.0","","9","N","N","","0","","1","0","0","","2","Y","0754","2","1","0","0","0","0","0","2","0","2","","","","N","","","","","","","","","",""
"2018135886","","1","0","0","0","0","0","0","0","0","7","0","","02","12","2018","5","40.552222","-80.111333","1005","11","0","0","0","0","0","1","0","0","1","0","0","0","10","","0","N","0","","40 33:08.000","6","0","80 06:40.800","0","0","0","0","2215","0","0","0","N","0","0","0","1","02215","0","","4.0","9999.0","1","N","N","N","0","","0","0","0","","0","N","1000","1","0","0","0","0","0","0","2","0","1","","","","N","","","","","","","","","",""
"2018126071","","1","0","0","0","0","0","0","0","0","4","0","","02","11","2018","2","40.351693","-79.863227","1424","11","0","0","0","0","0","0","0","1","1","0","0","0","14","","1","","1","","40 21:06.093","3","0","79 51:47.618","8","0","0","0","2304","0","0","0","N","0","0","0","2","02304","0","","1.0","","1","N","N","","0","","0","0","1","","2","Y","1424","2","1","0","0","0","1","0","2","0","2","","","","N","","","","","","","","","",""
"2018139283","","2","0","0","0","0","0","0","0","0","5","0","","02","12","2018","7","40.421648","-79.997414","0318","11","0","0","0","0","0","0","0","0","1","0","0","0","99","","0","","1","","40 25:17.934","4","0","79 59:50.691","9","0","0","0","2301","0","0","0","N","0","0","0","1","02301","0","","1.0","","1","N","N","","0","","0","0","0","","1","N","9999","2","0","0","0","0","0","1","2","0","2","","","","N","","","","","","","","","",""
"2018128246","","2","0","0","0","0","0","0","0","0","1","0","","02","12","2018","1","40.429397","-79.985361","0135","11","0","0","0","0","0","0","1","0","1","0","0","0","01","","0","","1","","40 25:45.828","2","0","79 59:07.300","0","0","0","0","2301","0","0","0","N","0","0","0","2","02301","0","","1.0","","9","N","N","","0","","0","0","0","","3","N","0135","2","0","0","0","0","0","0","2","0","2","","","","N","","","","","","","","","",""
"2018135404","","0","0","0","0","0","0","0","0","0","4","0","","02","12","2018","3","40.397791","-80.027828","0826","11","0","0","0","0","0","1","0","0","2","0","0","0","08","","2","","0","","40 23:52.048","2","7","80 01:40.181","8","0","0","0","2301","0","0","0","N","0","0","0","2","02301","0","","1.0","","1","N","N","","1","","0","0","1","","0","N","0805","2","2","0","0","0","2","0","2","0","2","","","","N","","","","","","","","","",""
"2018138079","","1","0","0","0","0","0","0","0","0","6","0","","02","12","2018","3","40.463536","-80.028783","1223","11","0","0","0","0","0","1","0","0","","0","0","0","12","","0","","0","","40 27:48.729","","0","80 01:43.620","0","0","0","0","2301","0","0","0","N","0","0","0","4","02301","0","","1.0","","1","N","N","","0","","0","0","1","","0","","1220","2","0","0","0","0","0","0","2","0","2","","","","N","","","","","","","","","",""
"2018139785","","1","0","0","0","0","0","0","0","0","4","0","","02","12","2018","2","40.443183","-79.896731","1154","11","0","0","0","1","0","0","0","0","","0","0","0","11","","0","","2","","40 26:35.457","","0","79 53:48.233","0","0","0","0","2301","0","0","0","N","0","0","0","2","02301","0","","1.0","","9","N","N","","0","","0","0","1","","3","","1150","2","0","0","0","0","0","0","2","0","2","","","","N","","","","","","","","","",""
"2018129706","","2","0","0","0","0","0","0","0","0","4","0","","02","11","2018","6","40.508004","-80.223255","1400","11","0","0","0","0","0","0","0","0","","0","0","0","14","","0","","0","","40 30:28.814","","7","80 13:23.719","0","0","0","0","2213","0","0","0","N","0","0","0","3","02213","0","","1.0","","1","N","N","","0","","0","0","0","","0","","1400","2","0","0","0","0","0","0","2","0","2","","","","N","","","","","","","","","",""
"2018131501","","1","0","0","0","0","0","0","0","0","99","0","","02","12","2018","1","40.635259","-80.057023","1755","11","0","0","0","0","0","1","0","0","1","0","0","0","17","","0","","0","","40 38:06.932","3","0","80 03:25.282","0","0","0","0","2216","0","0","0","N","0","0","0","1","02505","0","","1.0","","1","N","N","","0","","0","0","0","","0","Y","1755","1","0","0","0","0","0","0","2","0","1","","","","N","","","","","","","","","",""
"2018131712","","1","0","0","0","0","0","0","0","0","4","0","","02","12","2018","2","40.443278","-80.081806","1212","11","0","0","0","0","0","0","0","0","","0","0","0","12","","0","","0","","40 26:35.800","","0","80 04:54.500","0","0","0","0","2301","0","0","0","N","0","0","0","2","02301","0","","1.0","","1","N","N","","0","","0","0","1","","0","","1212","2","0","0","0","0","0","0","2","0","2","","","","N","","","","","","","","","",""
"2018128921","","1","0","0","0","0","0","0","0","0","8","0","","02","12","2018","2","40.456887","-79.938615","1747","11","0","0","0","0","0","1","0","0","1","0","0","0","17","","1","","1","","40 27:24.794","2","0","79 56:19.014","8","0","0","0","2301","1","0","0","N","1","0","0","2","02301","0","","1.0","","9","N","N","","0","","0","0","0","","2","N","1747","2","1","0","0","0","1","0","2","0","1","","","","N","","","","","","","","","",""
"2018139583","","1","0","0","0","0","0","0","0","0","2","0","","02","12","2018","7","40.468778","-80.052167","2112","11","0","0","0","0","0","0","0","0","1","0","0","0","21","","0","","0","","40 28:07.600","5","0","80 03:07.800","0","0","0","0","2444","0","0","0","N","0","0","0","3","02444","0","","1.0","","9","N","N","","0","","0","0","1","","0","Y","2110","2","0","0","0","0","0","0","2","0","2","","","","N","","","","","","","","","",""
"2018133292","","1","0","0","0","0","0","0","0","0","1","0","","02","12","2018","1","40.345056","-80.038972","1025","11","0","0","0","0","0","0","1","0","2","0","0","0","10","","0","","0","","40 20:42.200","3","0","80 02:20.300","0","0","0","0","2407","0","0","0","N","0","0","0","2","02407","0","","1.0","","1","N","N","","0","","0","0","1","","0","N","1025","2","0","0","0","0","0","0","2","0","2","","","","N","","","","","","","","","",""
"2018129177","","0","0","0","0","0","0","0","0","0","7","0","","02","12","2018","2","40.623611","-80.040448","1333","11","0","0","0","0","0","0","1","0","","0","0","0","13","","1","","0","","40 37:25.000","","0","80 02:25.613","3","0","0","0","2216","0","0","0","N","0","0","0","1","02505","0","","5.0","","9","N","N","","0","","1","0","1","","0","","1333","1","1","0","0","0","0","0","1","0","1","","","","N","","","","","","","","","",""
"2018134795","","1","0","0","0","0","0","0","0","0","1","0","","02","12","2018","2","40.463809","-79.980504","0130","11","0","0","0","0","0","0","0","0","1","0","0","0","01","","1","","0","","40 27:49.712","1","0","79 58:49.813","3","0","0","0","2301","0","0","0","N","0","0","0","3","02301","0","","1.0","","1","N","N","","0","","1","0","1","","0","N","0130","2","1","0","0","0","0","2","2","0","2","","","","N","","","","","","","","","",""
"2018129958","","0","0","0","0","0","0","0","0","0","4","0","","02","12","2018","3","40.524617","-80.213617","1701","11","0","0","0","0","0","0","0","0","","0","0","0","17","","0","","0","","40 31:28.621","","0","80 12:49.020","0","0","0","0","2213","0","0","0","N","0","0","0","2","02213","0","","1.0","","1","N","N","","0","","0","0","2","","0","","1701","2","0","1","0","0","0","0","2","0","2","","","","N","","","","","","","","","",""
"2018134443","","0","0","0","0","0","0","0","0","0","4","0","","02","12","2018","7","40.435126","-79.956406","0535","11","0","0","0","0","0","1","0","0","","0","0","0","05","","0","","1","","40 26:06.452","","0","79 57:23.060","0","0","0","0","2301","0","0","0","N","0","0","0","3","02301","0","","1.0","","9","N","N","","0","","0","0","2","","2","","0534","2","0","0","0","0","0","0","2","0","2","","","","N","","","","","","","","","",""
"2018130625","","1","0","0","0","0","0","0","0","0","6","0","","02","12","2018","6","40.436245","-79.919127","0808","11","0","0","0","0","0","0","0","0","","0","0","0","08","","1","","1","","40 26:10.482","","0","79 55:08.857","4","0","0","0","2301","0","0","0","N","0","0","0","5","02301","1","","1.0","","1","N","N","","0","","0","0","1","","0","","0805","2","1","0","0","0","0","0","2","0","2","","","","N","","","","","","","","","",""
"2018139589","","2","0","0","0","0","0","0","0","0","4","0","","02","12","2018","1","40.453727","-79.921221","1617","11","0","0","0","0","0","0","0","0","2","0","0","0","16","","2","","1","","40 27:13.417","1","0","79 55:16.395","4","0","0","0","2301","0","0","0","N","0","0","0","3","02301","2","","1.0","","1","N","N","","0","","0","0","1","","3","N","1613","3","2","1","0","0","0","0","2","0","3","","","","N","","","","","","","","","",""
"2018128727","","2","0","0","0","0","0","0","0","0","4","0","","02","12","2018","2","40.434478","-79.989823","1146","11","0","0","0","0","0","0","0","0","1","0","0","0","11","","2","","1","","40 26:04.119","4","0","79 59:23.362","3","0","0","0","2301","0","0","0","N","0","0","0","4","02301","0","","1.0","","1","N","N","","0","","2","0","0","","2","N","1146","2","2","0","0","0","0","0","2","0","2","","","","N","","","","","","","","","",""
"2018128986","","2","0","0","0","0","0","0","0","0","4","0","","02","11","2018","6","40.463757","-79.923792","0545","11","0","0","0","0","0","0","0","0","","0","0","0","05","","0","","1","","40 27:49.524","","0","79 55:25.651","0","0","0","0","2301","0","0","0","N","0","0","0","2","02301","0","","1.0","","9","N","N","","0","","0","0","0","","1","","0545","2","0","0","0","0","0","0","2","0","2","","","","N","","","","","","","","","",""
"2018136669","","1","0","0","0","0","0","0","0","0","1","0","","02","12","2018","3","40.537422","-79.837229","1737","11","0","0","0","0","0","2","0","0","2","0","0","0","17","","1","","0","","40 32:14.720","2","0","79 50:14.024","8","0","0","0","2208","0","0","0","N","0","0","0","4","02208","0","","1.0","","1","N","N","","1","","0","0","2","","2","Y","1735","4","1","0","0","0","1","0","2","0","4","","","","N","","","","","","","","","",""
"2018133064","","0","0","0","0","0","0","0","0","0","99","0","","02","12","2018","4","40.500516","-79.758137","1750","11","0","0","0","0","0","0","0","0","1","0","0","0","17","","0","","0","","40 30:01.858","2","0","79 45:29.294","0","0","0","0","2466","0","0","0","N","0","0","0","2","02466","0","","1.0","","1","N","N","","0","","0","0","0","","0","N","1748","1","0","0","0","0","0","0","2","1","1","","","","N","","","","","","","","","",""
"2018135119","","1","0","0","0","0","0","0","0","0","4","0","","02","12","2018","2","40.633652","-80.056958","1933","11","0","0","0","0","0","0","0","0","","0","0","0","19","","0","","2","","40 38:01.147","","0","80 03:25.048","0","0","0","0","2216","0","0","0","N","0","0","0","3","02505","0","","1.0","","1","N","N","","0","","0","0","1","","3","","1928","2","0","0","0","0","0","0","2","0","2","","","","N","","","","","","","","","",""
"2018135416","","0","0","0","0","0","0","0","0","0","1","0","","02","12","2018","3","40.447253","-79.93535","0951","11","0","0","0","0","0","2","0","0","2","0","0","0","09","","1","","2","","40 26:50.112","4","0","79 56:07.261","8","0","0","0","2301","0","0","0","N","0","0","0","3","02301","0","","1.0","","1","N","N","","0","","0","0","3","","0","N","0947","3","1","0","0","0","1","1","2","0","3","","","","N","","","","","","","","","",""
"2018134122","","1","0","0","0","0","0","0","0","0","7","0","","02","12","2018","7","40.411139","-79.923611","0617","11","0","0","0","0","0","0","0","0","2","0","0","0","03","","0","","0","","40 24:40.100","2","0","79 55:25.000","0","0","0","0","2301","0","0","0","N","0","0","0","1","02301","0","","1.0","","9","N","N","","0","","0","0","0","","0","N","0348","1","0","0","0","0","0","0","2","0","1","","","","N","","","","","","","","","",""
"2018128962","","2","0","0","0","0","0","0","0","0","5","0","","02","12","2018","2","40.44496","-79.977488","2050","11","0","0","0","0","0","0","0","0","","0","0","0","20","","0","","1","","40 26:41.856","","0","79 58:38.956","0","0","0","0","2301","0","0","0","N","0","0","0","2","02301","0","","1.0","","9","N","N","","0","","0","0","0","","0","","2049","2","0","0","0","0","0","0","2","0","2","","","","N","","","","","","","","","",""
"2018127205","","0","0","0","0","0","0","0","0","0","4","0","","02","11","2018","4","40.571057","-80.016264","1708","11","0","0","0","0","0","0","0","0","1","0","0","0","17","","1","","0","","40 34:15.806","5","7","80 00:58.550","4","0","0","0","2108","0","0","0","N","0","0","0","2","02108","1","","1.0","","9","N","N","","0","","0","0","2","","0","N","1708","2","1","0","0","0","0","0","2","0","2","","","","N","","","","","","","","","",""
"2018130578","","0","0","0","0","0","0","0","0","0","0","0","","02","12","2018","5","40.433296","-80.028474","0553","11","0","0","0","0","0","0","0","0","1","0","0","0","05","","0","","0","","40 25:59.864","4","3","80 01:42.507","0","0","0","0","2301","0","0","0","N","0","0","0","1","02301","0","","1.0","","1","N","N","","0","","0","0","1","","0","N","0550","1","0","0","0","0","0","0","2","0","1","","","","N","","","","","","","","","",""
"2018136276","","2","0","0","0","0","0","0","0","0","7","0","","02","12","2018","5","40.383778","-79.992806","0250","11","0","0","0","0","0","0","0","0","5","0","0","0","02","","0","","0","","40 23:01.600","7","0","79 59:34.100","9","0","0","0","2301","0","0","0","N","0","0","0","1","02301","0","","2.0","","1","N","N","","1","","0","0","0","","0","Y","0250","3","0","0","0","0","0","1","2","0","3","","","","N","","","","","","","","","",""
"2018139584","","1","0","0","0","0","0","0","0","0","4","0","","02","12","2018","7","40.438583","-79.781622","1512","11","0","0","0","0","0","0","0","0","","0","0","0","15","","0","","0","","40 26:18.897","","7","79 46:53.840","0","0","0","0","2446","0","0","0","N","0","0","0","2","02446","0","","1.0","","1","N","N","","0","","0","0","1","","3","","1512","2","0","0","0","0","0","0","2","0","2","","","","N","","","","","","","","","",""
"2018139631","","1","0","0","0","0","0","0","0","0","4","0","","02","12","2018","1","40.487961","-79.972638","1925","11","0","0","0","0","0","1","0","0","1","0","0","0","19","","1","","0","","40 29:16.658","6","0","79 58:21.495","4","0","0","0","2445","0","0","0","N","0","0","0","2","02445","1","","1.0","","1","N","N","","0","","0","0","0","","0","Y","1920","2","1","0","0","0","0","0","2","1","2","","","","N","","","","","","","","","",""
"2018027870","","1","0","0","0","0","0","0","0","0","4","0","","02","3","2018","5","40.368448","-79.779283","2115","11","0","0","0","0","0","1","0","0","2","0","0","0","21","","1","","0","","40 22:06.411","5","7","79 46:45.417","3","0","0","0","2111","0","0","0","N","0","0","0","3","02111","0","","1.0","","1","N","N","","0","","1","0","1","","0","Y","2114","2","1","2","0","0","0","0","2","0","2","","","","N","","","","","","","","","",""
"2018131363","","2","0","0","0","0","0","0","0","0","4","1","","02","12","2018","4","40.386312","-79.933486","1153","11","0","0","0","0","1","0","0","0","","0","1","0","11","","1","","0","","40 23:10.724","","0","79 56:00.550","3","0","0","0","2301","0","0","0","N","0","0","0","4","02301","0","","1.0","","2","N","N","","0","","1","0","0","","0","","1145","3","1","0","0","0","0","0","2","0","3","","","","N","","","","","","","","","",""
"2018129695","","1","0","0","0","0","0","0","0","0","7","0","","02","12","2018","4","40.433029","-79.848313","0701","11","0","0","0","0","0","0","1","0","","0","0","0","07","","1","","0","","40 25:58.906","","0","79 50:53.926","3","0","0","0","2419","0","0","0","N","0","0","0","2","02419","0","","2.0","","2","N","N","","0","","1","0","0","","0","","0701","1","1","0","0","0","0","0","2","0","1","","","","N","","","","","","","","","",""
"2018127880","","0","0","0","0","0","0","0","0","0","1","0","","02","11","2018","6","40.558266","-79.920356","2113","11","0","0","0","0","0","0","0","0","1","0","0","0","21","","0","","0","","40 33:29.758","4","0","79 55:13.280","0","0","0","0","2207","0","0","0","N","0","0","0","6","02207","0","","1.0","","1","N","N","","0","","0","0","2","","0","N","2105","2","0","0","0","0","0","0","2","0","2","","","","N","","","","","","","","","",""
"2018129946","","1","0","0","0","0","0","0","0","0","8","0","","02","12","2018","4","40.461636","-79.948964","1534","11","0","0","0","0","0","0","1","0","1","0","0","0","15","","1","","1","","40 27:41.889","4","0","79 56:56.270","8","0","0","0","2301","1","0","0","N","1","0","0","2","02301","0","","1.0","","1","N","N","","0","","0","0","0","","2","Y","1530","2","1","0","0","0","1","0","2","0","1","","","","N","","","","","","","","","",""
"2018130449","","1","0","0","0","0","0","0","0","0","1","0","","02","12","2018","5","40.400496","-80.023333","1731","11","0","0","0","0","0","0","0","0","","0","0","0","17","","2","N","0","","40 24:01.784","","0","80 01:23.998","8","0","0","0","2301","0","0","0","N","0","0","0","3","02301","0","","1.0","","9","N","N","N","0","","0","0","1","","0","","1727","2","2","0","0","0","2","0","2","0","2","","","","N","","","","","","","","","",""