"CRN","ARRIVAL_TM","AUTOMOBILE_COUNT","BELTED_DEATH_COUNT","BELTED_SUSP_SERIOUS_INJ_COUNT","BICYCLE_COUNT","BICYCLE_DEATH_COUNT","BICYCLE_SUSP_SERIOUS_INJ_COUNT","BUS_COUNT","CHLDPAS_DEATH_COUNT","CHLDPAS_SUSP_SERIOUS_INJ_COUNT","COLLISION_TYPE","COMM_VEH_COUNT","CONS_ZONE_SPD_LIM","COUNTY","CRASH_MONTH","CRASH_YEAR","DAY_OF_WEEK","DEC_LATITUDE","DEC_LONGITUDE","DISPATCH_TM","DISTRICT","DRIVER_COUNT_16YR","DRIVER_COUNT_17YR","DRIVER_COUNT_18YR","DRIVER_COUNT_19YR","DRIVER_COUNT_20YR","DRIVER_COUNT_50_64YR","DRIVER_COUNT_65_74YR","DRIVER_COUNT_75PLUS","EST_HRS_CLOSED","FATAL_COUNT","HEAVY_TRUCK_COUNT","HORSE_BUGGY_COUNT","HOUR_OF_DAY","ILLUMINATION","INJURY_COUNT","INTERSECTION_RELATED","INTERSECT_TYPE","LANE_CLOSED","LATITUDE","LN_CLOSE_DIR","LOCATION_TYPE","LONGITUDE","MAX_SEVERITY_LEVEL","MCYCLE_DEATH_COUNT","MCYCLE_SUSP_SERIOUS_INJ_COUNT","MOTORCYCLE_COUNT","MUNICIPALITY","NONMOTR_COUNT","NONMOTR_DEATH_COUNT","NONMOTR_SUSP_SERIOUS_INJ_COUNT","NTFY_HIWY_MAINT","PED_COUNT","PED_DEATH_COUNT","PED_SUSP_SERIOUS_INJ_COUNT","PERSON_COUNT","POLICE_AGCY","POSSIBLE_INJ_COUNT","RDWY_SURF_TYPE_CD","RELATION_TO_ROAD","ROADWAY_CLEARED","ROAD_CONDITION","SCH_BUS_IND","SCH_ZONE_IND","SECONDARY_CRASH","SMALL_TRUCK_COUNT","SPEC_JURIS_CD","SUSP_MINOR_INJ_COUNT","SUSP_SERIOUS_INJ_COUNT","SUV_COUNT","TCD_FUNC_CD","TCD_TYPE","TFC_DETOUR_IND","TIME_OF_DAY","TOTAL_UNITS","TOT_INJ_COUNT","UNBELTED_OCC_COUNT","UNB_DEATH_COUNT","UNB_SUSP_SERIOUS_INJ_COUNT","UNK_INJ_DEG_COUNT","UNK_INJ_PER_COUNT","URBAN_RURAL","VAN_COUNT","VEHICLE_COUNT","WEATHER1","WEATHER2","WORKERS_PRES","WORK_ZONE_IND","WORK_ZONE_LOC","WORK_ZONE_TYPE","WZ_CLOSE_DETOUR","WZ_FLAGGER","WZ_LAW_OFFCR_IND","WZ_LN_CLOSURE","WZ_MOVING","WZ_OTHER","WZ_SHLDER_MDN","WZ_WORKERS_INJ_KILLED"
"2018133280","","1","0","0","0","0","0","0","0","0","4","0","","02","11","2018","5","40.305161","-80.069837","1127","11","0","0","0","0","0","0","0","2","","0","0","0","11","","0","","2","","40 18:18.580","","0","80 04:11.413","0","0","0","0","2407","0","0","0","N","0","0","0","2","02407","0","","1.0","","1","N","N","","0","","0","0","1","","2","","1127","2","0","0","0","0","0","0","2","0","2","","","","N","","","","","","","","","",""
"2018045683","","0","0","0","0","0","0","0","0","0","7","0","","02","4","2018","6","40.353402","-79.882424","0550","11","0","0","0","0","0","0","0","0","1","0","0","0","05","","0","","0","","40 21:12.248","3","0","79 52:56.728","0","0","0","0","2423","0","0","0","N","0","0","0","1","02304","0","","2.0","625.0","2","N","N","N","1","","0","0","0","","0","N","0548","1","0","0","0","0","0","0","2","0","1","","","","N","","","","","","","","","",""
"2018134152","","0","0","0","0","0","0","0","0","0","7","0","","02","12","2018","7","40.431068","-80.053401","0912","11","0","0","0","0","0","0","0","0","","0","0","0","09","","0","","0","","40 25:51.844","","0","80 03:12.242","0","0","0","0","2301","0","0","0","N","0","0","0","1","02301","0","","4.0","","9","N","N","","0","","0","0","1","","0","","0912","2","0","0","0","0","0","0","2","0","1","","","","N","","","","","","","","","",""
"2018128499","","2","0","0","0","0","0","0","0","0","1","0","","02","12","2018","1","40.442506","-80.029748","2313","11","0","0","0","0","0","0","0","0","","0","0","0","22","","0","","0","","40 26:33.022","","0","80 01:47.091","0","0","0","0","2301","0","0","0","N","0","0","0","6","02301","0","","1.0","","1","N","N","","0","","0","0","1","","0","","2255","3","0","0","0","0","0","0","2","0","3","","","","N","","","","","","","","","",""
"2018128985","","3","0","0","0","0","0","0","0","0","4","0","","02","12","2018","1","40.454118","-79.890785","2340","11","0","0","0","0","0","1","0","0","2","0","0","0","23","","1","","1","","40 27:14.824","7","0","79 53:26.826","3","0","0","0","2301","0","0","0","N","0","0","0","3","02301","0","","1.0","","1","N","Y","","0","","1","0","0","","3","Y","2338","3","1","1","0","0","0","2","2","0","3","","","","N","","","","","","","","","",""
"2018139089","","1","0","0","0","0","0","0","0","0","7","0","","02","12","2018","6","40.526306","-80.269611","1440","11","0","0","0","0","0","1","0","0","","0","0","0","14","","0","","0","","40 31:34.700","","0","80 16:10.600","0","0","0","0","2203","0","0","0","N","0","0","0","1","02203","0","","5.0","","9","N","N","","0","","0","0","0","","0","","1440","1","0","0","0","0","0","0","2","0","1","","","","N","","","","","","","","","",""
"2018135338","","0","0","0","0","0","0","0","0","0","7","0","","02","12","2018","4","40.479359","-80.092357","0245","11","0","0","0","0","0","0","0","0","1","0","0","0","02","","1","","2","","40 28:45.692","7","0","80 05:32.485","3","0","0","0","2126","0","0","0","N","0","0","0","1","02126","0","","4.0","","1","N","N","","0","","1","0","1","","3","N","0244","1","1","1","0","0","0","0","2","0","1","","","","N","","","","","","","","","",""
"2018010239","","0","0","1","0","0","0","0","0","0","7","0","","02","1","2018","1","40.292165","-79.996666","0248","11","0","0","0","0","0","0","0","0","","0","0","0","02","","1","","0","","40 17:31.794","","0","79 59:47.998","2","0","0","0","2219","0","0","0","N","0","0","0","1","02219","0","","4.0","","9","N","N","","0","","0","1","1","","0","N","0248","1","1","0","0","0","0","0","2","0","1","","","","N","","","","","","","","","",""
"2018127578","","2","0","0","0","0","0","0","0","0","1","0","","02","11","2018","5","40.472778","-80.034528","2309","11","0","0","0","0","0","0","0","0","","0","0","0","22","","0","","0","","40 28:22.000","","0","80 02:04.300","0","0","0","0","2301","0","0","0","N","0","0","0","4","02301","0","","1.0","","9","N","N","","1","","0","0","1","","0","","2245","4","0","0","0","0","0","0","2","0","4","","","","N","","","","","","","","","",""
"2018127373","","2","0","0","0","0","0","0","0","0","4","0","","02","11","2018","5","40.446083","-79.969","1155","11","0","0","0","0","0","0","0","0","2","0","0","0","11","","1","","0","","40 26:45.900","3","0","79 58:08.400","3","0","0","0","2301","0","0","0","N","0","0","0","1","02301","0","","4.0","","1","N","N","","0","","1","0","1","","0","Y","1155","3","1","1","0","0","0","0","2","0","3","","","","N","","","","","","","","","",""
"2018137712","","2","0","0","0","0","0","0","0","0","4","0","","02","12","2018","7","40.42918","-79.921215","0620","11","0","0","0","0","0","0","0","0","","0","0","0","05","","0","","1","","40 25:45.048","","0","79 55:16.375","9","0","0","0","2301","0","0","0","N","0","0","0","1","02301","0","","2.0","","9","N","N","","0","","0","0","1","","0","","0500","3","0","0","0","0","0","1","2","0","3","","","","N","","","","","","","","","",""
"2018126468","","0","0","0","0","0","0","0","0","0","4","0","","02","11","2018","3","40.31853","-79.899239","1459","11","0","0","0","0","0","0","0","1","1","0","0","0","14","","0","","1","","40 19:06.709","1","0","79 53:57.260","0","0","0","0","2302","0","0","0","N","0","0","0","2","02440","0","","1.0","","9","N","N","","1","","0","0","1","","2","N","1445","2","0","0","0","0","0","0","2","0","2","","","","N","","","","","","","","","",""
"2018137762","","1","0","0","0","0","0","0","0","0","7","0","","02","12","2018","1","40.348673","-79.940464","1406","11","0","0","0","0","0","0","0","0","1","0","0","0","14","","0","","0","","40 20:55.222","3","7","79 56:25.670","0","0","0","0","2473","0","0","0","N","0","0","0","1","02473","0","","2.0","","1","N","N","","0","","0","0","0","","0","N","1406","1","0","0","0","0","0","0","2","0","1","","","","N","","","","","","","","","",""
"2018134663","","0","0","0","0","0","0","0","0","0","7","0","","02","12","2018","1","40.474163","-79.90713","1106","11","0","0","0","0","0","1","0","0","","0","0","0","11","","0","","0","","40 28:26.985","","1","79 54:25.668","0","0","0","0","2301","0","0","0","N","0","0","0","1","02301","0","","1.0","","9","N","N","","0","","0","0","1","","0","N","1105","1","0","0","0","0","0","0","2","0","1","","","","N","","","","","","","","","",""
"2018131519","","2","0","0","0","0","0","0","0","0","6","0","","02","12","2018","2","40.56442","-80.206238","1831","11","0","0","0","0","0","0","1","1","3","0","0","0","18","","1","","2","","40 33:51.911","5","0","80 12:22.456","8","0","0","0","2441","0","0","0","N","0","0","0","2","02441","0","","1.0","","9","N","N","","1","","0","0","0","","3","Y","1831","3","1","0","0","0","1","0","2","0","3","","","","N","","","","","","","","","",""
"2018133750","","1","0","0","0","0","0","0","0","0","4","0","","02","12","2018","6","40.458917","-79.909083","0902","11","0","0","0","0","0","0","0","0","","0","0","0","08","","1","","0","","40 27:32.100","","7","79 54:32.700","3","0","0","0","2301","0","0","0","N","0","0","0","2","02301","0","","1.0","","1","N","N","","0","","1","0","1","","0","","0855","2","1","0","0","0","0","0","2","0","2","","","","N","","","","","","","","","",""
"2018139325","","1","0","0","0","0","0","0","0","0","7","0","","02","12","2018","6","40.394686","-79.895124","1411","11","0","0","0","0","0","0","0","1","2","0","0","0","14","","1","","0","","40 23:40.869","7","0","79 53:42.448","3","0","0","0","2448","0","0","0","N","0","0","0","1","02448","0","","2.0","","9","N","N","","0","","1","0","0","","0","Y","1408","1","1","0","0","0","0","0","2","0","1","","","","N","","","","","","","","","",""
"2018128141","","0","0","0","0","0","0","0","0","0","4","0","","02","12","2018","7","40.462963","-79.967009","1933","11","0","0","0","0","0","0","1","0","","0","0","0","19","","0","","0","","40 27:46.668","","0","79 58:01.234","0","0","0","1","2301","0","0","0","N","0","0","0","2","02301","0","","1.0","","9","N","N","","0","","0","0","1","","2","","1930","2","0","0","0","0","0","0","2","0","2","","","","N","","","","","","","","","",""
"2018126446","","2","0","0","0","0","0","0","0","0","4","0","","02","11","2018","3","40.454866","-79.945712","1725","11","0","0","0","0","1","0","0","0","","0","0","0","17","","1","","0","","40 27:17.519","","7","79 56:44.564","4","0","0","0","2301","0","0","0","N","0","0","0","4","02301","1","","1.0","","9","N","N","","0","","0","0","0","","2","N","1720","2","1","0","0","0","0","1","2","0","2","","","","N","","","","","","","","","",""
"2018137278","","0","0","0","0","0","0","0","0","0","2","0","","02","12","2018","6","40.510514","-79.993066","1709","11","0","0","0","0","0","1","0","0","","0","0","0","17","","0","","0","","40 30:37.851","","7","79 59:35.036","0","0","0","0","2116","0","0","0","N","0","0","0","2","02116","0","","1.0","","9","N","N","","0","","0","0","1","","0","","1705","2","0","0","0","0","0","0","2","1","2","","","","N","","","","","","","","","",""
"2018128478","","1","0","0","0","0","0","0","0","0","7","0","","02","12","2018","7","40.321042","-80.020419","2112","11","0","0","1","0","0","0","0","0","","0","0","0","21","","3","","0","","40 19:15.750","","0","80 01:13.510","3","0","0","0","2407","0","0","0","N","0","0","0","4","02501","0","","5.0","","9","N","N","","0","","3","0","0","","0","","2112","1","3","0","0","0","0","0","2","0","1","","","","N","","","","","","","","","",""
"2018128850","","1","0","0","0","0","0","0","0","0","4","0","","02","12","2018","2","40.430125","-79.999101","1519","11","0","0","0","0","0","0","0","0","","0","0","0","15","","0","","2","","40 25:48.450","","0","79 59:56.765","0","0","0","0","2301","0","0","0","N","0","0","0","2","02301","0","","1.0","","9","N","N","","1","","0","0","0","","3","","1515","2","0","0","0","0","0","0","2","0","2","","","","N","","","","","","","","","",""
"2018126367","","1","0","0","0","0","0","0","0","0","5","0","","02","11","2018","3","40.355342","-79.83498","0701","11","0","0","0","0","0","0","0","0","3","0","0","0","07","","0","","0","","40 21:19.230","6","0","79 50:05.928","0","0","0","0","2304","0","0","0","N","0","0","0","2","02304","0","","1.0","","2","N","N","","1","","0","0","0","","1","Y","0701","2","0","0","0","0","0","0","2","0","2","","","","N","","","","","","","","","",""
"2018126935","","2","0","0","0","0","0","0","0","0","1","0","","02","11","2018","1","40.404957","-80.090733","2148","11","0","0","0","0","0","1","0","0","2","0","0","0","21","","0","","0","","40 24:17.845","3","0","80 05:26.637","0","0","0","0","2415","0","0","0","N","0","0","0","1","02415","0","","6.0","","1","N","N","","1","","0","0","0","","0","N","2148","4","0","0","0","0","0","0","2","1","4","","","","N","","","","","","","","","",""
"2018127022","","1","0","0","0","0","0","0","0","0","1","0","","02","11","2018","4","40.48675","-79.918611","1712","11","0","0","0","0","0","1","0","0","2","0","0","0","17","","1","","0","","40 29:12.300","1","7","79 55:07.000","3","0","0","0","2301","0","0","0","N","0","0","0","3","02301","0","","1.0","","1","N","Y","","0","","1","0","2","","0","Y","1712","3","1","0","0","0","0","0","2","0","3","","","","N","","","","","","","","","",""
"2018127873","","2","0","0","0","0","0","0","0","0","99","0","","02","11","2018","6","40.440518","-79.991551","1911","11","0","0","0","0","0","0","0","0","1","0","0","0","19","","0","","1","","40 26:25.863","4","0","79 59:29.585","0","0","0","0","2301","0","0","0","N","0","0","0","2","02301","0","","1.0","","1","N","N","","0","","0","0","0","","2","N","1911","2","0","0","0","0","0","0","2","0","2","","","","N","","","","","","","","","",""
"2018129687","","1","0","0","0","0","0","0","0","0","4","0","","02","11","2018","6","40.576628","-80.20126","0846","11","0","1","0","0","0","0","0","0","","0","0","0","08","","0","","2","","40 34:35.860","","0","80 12:04.535","0","0","0","0","2107","0","0","0","N","0","0","0","2","02107","0","","1.0","","1","N","N","","0","","0","0","1","","0","","0844","2","0","0","0","0","0","0","1","0","2","","","","N","","","","","","","","","",""
"2018129671","","1","0","0","0","0","0","0","0","0","4","0","","02","12","2018","4","40.432842","-79.936554","0750","11","0","0","0","0","0","0","0","0","","0","0","0","07","","0","","1","","40 25:58.231","","0","79 56:11.594","0","0","0","0","2301","0","0","0","N","0","0","0","2","02301","0","","1.0","","9","N","N","","0","","0","0","0","","2","","0745","2","0","0","0","0","0","0","2","0","2","","","","N","","","","","","","","","",""
"2018126309","","2","0","0","0","0","0","0","0","0","4","0","","02","11","2018","3","40.444871","-79.979297","1025","11","0","0","0","0","0","0","0","0","","0","0","0","10","","0","","1","","40 26:41.534","","0","79 58:45.469","0","0","0","0","2301","0","0","0","N","0","0","0","2","02301","0","","1.0","","1","N","N","","0","","0","0","0","","3","","1020","2","0","0","0","0","0","0","2","0","2","","","","N","","","","","","","","","",""
"2018126470","","1","0","0","0","0","0","0","0","0","1","0","","02","11","2018","3","40.436538","-79.996923","1930","11","0","0","0","0","0","1","0","0","1","0","0","0","19","","1","","0","","40 26:11.537","3","0","79 59:48.924","8","0","0","0","2301","0","0","0","N","0","0","0","2","02301","0","","1.0","","9","N","N","","0","","0","0","1","","0","N","1928","2","1","0","0","0","1","0","2","0","2","","","","N","","","","","","","","","",""
"2018128052","","0","0","0","0","0","0","0","0","0","3","0","","02","12","2018","7","40.4635","-79.946694","1320","11","0","0","0","0","0","0","0","0","1","0","0","0","13","","2","","0","","40 27:48.600","3","0","79 56:48.100","3","0","0","0","2301","0","0","0","N","0","0","0","4","02301","0","","1.0","","1","N","N","","0","","2","0","1","","0","N","1320","2","2","0","0","0","0","0","2","1","2","","","","N","","","","","","","","","",""
"2018132010","","1","0","0","0","0","0","0","0","0","4","0","","02","12","2018","3","40.395806","-80.022778","0722","11","0","0","0","0","0","1","0","0","","0","0","0","07","","0","","0","","40 23:44.900","","7","80 01:22.000","9","0","0","0","2301","0","0","0","N","0","0","0","4","02301","0","","1.0","","1","N","N","","0","","0","0","1","","0","","0710","2","0","0","0","0","0","3","2","0","2","","","","N","","","","","","","","","",""
"2018126799","","0","0","0","0","0","0","0","0","0","5","0","","02","11","2018","4","40.453949","-79.905792","1130","11","0","0","0","0","0","1","0","0","1","0","0","0","11","","0","","0","","40 27:14.215","3","0","79 54:20.852","0","0","0","0","2301","0","0","0","N","0","0","0","2","02301","0","","1.0","","9","N","N","","0","","0","0","1","","0","N","1120","2","0","0","0","0","0","0","2","1","2","","","","N","","","","","","","","","",""
"2018111080","","0","0","0","0","0","0","0","0","0","99","0","","02","10","2018","2","40.428395","-79.706353","0157","11","0","0","0","0","0","0","0","0","","0","0","0","01","","0","","0","","40 25:42.222","","0","79 42:22.871","0","0","0","0","2446","0","0","0","N","0","0","0","2","64437","0","","1.0","","1","N","N","","1","","0","0","0","","0","","0157","1","0","0","0","0","0","0","2","0","1","","","","N","","","","","","","","","",""
"2018127025","","2","0","0","0","0","0","0","0","0","4","0","","02","11","2018","4","40.442934","-79.997995","1846","11","0","0","0","0","0","1","0","0","1","0","0","0","18","","0","","2","","40 26:34.563","3","0","79 59:52.783","0","0","0","0","2301","0","0","0","N","0","0","0","2","02301","0","","1.0","","1","N","N","","0","","0","0","0","","2","N","1845","2","0","0","0","0","0","0","2","0","2","","","","N","","","","","","","","","",""
"2018136777","","1","0","0","0","0","0","0","0","0","7","0","","02","12","2018","6","40.50246","-79.851576","0024","11","0","0","0","0","0","0","0","0","","0","0","0","00","","0","","0","","40 30:08.857","","0","79 51:05.672","0","0","0","0","2112","0","0","0","N","0","0","0","1","02112","0","","1.0","","9","N","N","","0","","0","0","0","","0","","0020","1","0","0","0","0","0","0","2","0","1","","","","N","","","","","","","","","",""
"2018126462","","1","0","0","0","0","0","0","0","0","1","0","","02","11","2018","3","40.423036","-79.927569","1859","11","0","0","0","0","0","2","0","0","","0","0","0","18","","1","","1","","40 25:22.929","","0","79 55:39.248","4","0","0","0","2301","0","0","0","N","0","0","0","5","02301","1","","1.0","","9","N","N","","0","","0","0","1","","2","","1859","3","1","1","0","0","0","0","2","0","3","","","","N","","","","","","","","","",""
"2018129139","","1","0","0","0","0","0","0","0","0","1","0","","02","12","2018","1","40.525641","-79.822965","2117","11","0","0","1","0","0","0","0","0","","0","0","0","21","","1","","2","","40 31:32.308","","0","79 49:22.675","4","0","0","0","2466","0","0","0","N","0","0","0","2","02466","1","","1.0","","1","N","N","","0","","0","0","1","","0","","2115","2","1","0","0","0","0","0","1","0","2","","","","N","","","","","","","","","",""
"2018130163","","0","0","0","0","0","0","0","0","0","4","0","","02","12","2018","5","40.486315","-79.913613","1056","11","0","0","0","0","0","1","0","0","","0","0","0","10","","0","","3","","40 29:10.733","","8","79 54:49.008","0","0","0","0","2301","0","0","0","N","0","0","0","2","02301","0","","1.0","","1","N","N","","0","","0","0","2","","0","","1056","2","0","0","0","0","0","0","2","0","2","","","","N","","","","","","","","","",""
"2018133084","","2","0","0","0","0","0","0","0","0","4","0","","02","12","2018","4","40.438833","-79.991389","2136","11","0","0","0","0","0","0","0","0","1","0","0","0","21","","0","","0","","40 26:19.800","4","0","79 59:29.000","0","0","0","0","2301","0","0","0","N","0","0","0","1","02301","0","","1.0","","1","N","N","","0","","0","0","0","","0","Y","2134","2","0","0","0","0","0","0","2","0","2","","","","N","","","","","","","","","",""
"2018128596","","1","0","0","0","0","0","0","0","0","1","0","","02","12","2018","1","40.448549","-80.166853","1536","11","0","0","0","1","0","0","0","0","","0","0","0","15","","0","","0","","40 26:54.775","","0","80 10:00.670","0","0","0","0","2115","0","0","0","N","0","0","0","4","68B03","0","","1.0","","1","N","N","","1","","0","0","1","","0","","1533","4","0","0","0","0","0","0","2","1","4","","","","N","","","","","","","","","",""
"2018127030","","1","0","0","0","0","0","0","0","0","7","0","","02","11","2018","4","40.377444","-80.001389","2150","11","0","0","0","0","0","0","0","0","","0","0","0","20","","0","","0","","40 22:38.800","","0","80 00:05.000","0","0","0","0","2301","0","0","0","N","0","0","0","1","02301","0","","5.0","","2","N","N","","0","","0","0","0","","0","","2031","1","0","0","0","0","0","0","2","0","1","","","","N","","","","","","","","","",""
"2018136159","","2","0","0","0","0","0","0","0","0","1","0","","02","12","2018","1","40.340139","-79.872722","0240","11","0","0","0","0","0","0","0","0","","0","0","0","02","","0","","0","","40 20:24.500","","0","79 52:21.800","9","0","0","0","2455","0","0","0","N","0","0","0","1","02455","0","","6.0","","1","N","N","","0","","0","0","1","","0","","0240","3","0","0","0","0","0","1","2","0","3","","","","N","","","","","","","","","",""
"2018128714","","0","0","0","0","0","0","0","0","0","4","0","","02","12","2018","2","40.536465","-80.184347","0951","11","0","0","0","0","0","0","0","0","1","0","0","0","09","","1","","1","","40 32:11.275","1","0","80 11:03.648","8","0","0","0","2458","0","0","0","N","0","0","0","3","02458","0","","1.0","1020.0","1","N","N","N","0","","0","0","1","","2","N","0949","2","1","0","0","0","1","0","2","1","2","","","","N","","","","","","","","","",""
"2018126750","","1","0","0","0","0","0","0","0","0","2","0","","02","11","2018","4","40.477","-79.94025","0913","11","0","0","0","0","0","1","0","0","","0","0","0","09","","0","","0","","40 28:37.200","","0","79 56:24.900","0","0","0","0","2301","0","0","0","N","0","0","0","2","02301","0","","1.0","","7","N","N","","1","","0","0","0","","0","","0913","2","0","0","0","0","0","0","2","0","2","","","","N","","","","","","","","","",""
"2018130334","","1","0","0","0","0","0","0","0","0","4","0","","02","12","2018","5","40.467722","-80.025722","1516","11","0","0","0","0","0","0","0","0","","0","0","0","15","","0","","0","","40 28:03.800","","0","80 01:32.600","9","0","0","0","2301","0","0","0","N","0","0","0","1","02301","0","","6.0","","1","N","N","","0","","0","0","0","","0","","1509","2","0","0","0","0","0","1","2","0","2","","","","N","","","","","","","","","",""
"2018125704","","1","0","0","0","0","0","0","0","0","7","0","","02","11","2018","1","40.492639","-79.871472","2356","11","0","0","0","0","0","0","0","0","","0","0","0","16","","0","","0","","40 29:33.500","","0","79 52:17.300","9","0","0","0","2112","0","0","0","N","0","0","0","1","02112","0","","2.0","","1","N","N","","0","","0","0","0","","0","N","1630","1","0","0","0","0","0","1","2","0","1","","","","N","","","","","","","","","",""
"2018139311","","2","0","0","0","0","0","0","0","0","5","0","","02","12","2018","7","40.428","-80.006389","0321","11","0","0","0","0","0","0","0","0","1","0","0","0","03","","0","","0","","40 25:40.800","5","0","80 00:23.000","0","0","0","0","2301","0","0","0","N","0","0","0","1","02301","0","","4.0","","1","N","N","","0","","0","0","2","","0","Y","0318","4","0","0","0","0","0","0","2","0","4","","","","N","","","","","","","","","",""
"2018130442","","1","0","0","0","0","0","0","0","0","7","0","","02","11","2018","7","40.343888","-80.025532","1703","11","0","0","0","1","0","0","0","0","","0","0","0","17","","0","","0","","40 20:37.998","","0","80 01:31.915","0","0","0","0","2407","0","0","0","N","0","0","0","1","02407","0","","2.0","","1","N","N","","0","","0","0","0","","0","","1701","1","0","0","0","0","0","0","2","0","1","","","","N","","","","","","","","","",""
"2018126390","","1","0","0","0","0","0","0","0","0","1","0","","02","11","2018","3","40.424775","-79.927009","1507","11","0","0","0","0","0","1","0","0","","0","0","0","15","","1","","2","","40 25:29.190","","0","79 55:37.231","3","0","0","0","2301","0","0","0","N","0","0","0","2","02301","0","","1.0","","1","N","N","","0","","1","0","1","","0","","1502","2","1","0","0","0","0","0","2","0","2","","","","N","","","","","","","","","",""
"2018126930","","1","0","0","0","0","0","0","0","0","1","0","","02","11","2018","3","40.340694","-79.943222","1645","11","0","0","0","0","0","0","0","0","2","0","0","0","16","","0","","0","","40 20:26.500","3","7","79 56:35.600","0","0","0","0","2473","0","0","0","N","0","0","0","2","02473","0","","1.0","","2","N","N","","0","","0","0","1","","1","Y","1645","2","0","0","0","0","0","0","2","0","2","","","","N","","","","","","","","","",""
"2018136700","","0","0","0","0","0","0","0","0","0","7","0","","02","12","2018","5","40.639086","-80.106958","0202","11","0","0","0","0","0","0","0","0","2","0","0","0","02","","0","","0","","40 38:20.710","5","0","80 06:25.047","0","0","0","0","2212","0","0","0","N","0","0","0","1","02505","0","","5.0","","1","N","Y","","0","","0","0","1","","0","N","0200","1","0","0","0","0","0","0","2","0","1","","","","N","","","","","","","","","",""
"2018126481","","1","0","0","0","0","0","0","0","0","7","0","","02","11","2018","3","40.405101","-79.82958","0200","11","0","0","0","0","0","0","0","0","","0","0","0","01","","2","","2","","40 24:18.363","","0","79 49:46.487","3","0","0","0","2467","0","0","0","N","0","0","0","3","02467","0","","5.0","","9","N","N","","0","","1","0","0","","0","","0157","1","2","0","0","0","1","0","2","0","1","","","","N","","","","","","","","","",""
"2018139751","","1","0","0","0","0","0","0","0","0","4","0","","02","12","2018","2","40.453452","-79.931789","0931","11","0","0","0","0","0","0","1","1","1","0","0","0","09","","1","","1","","40 27:12.427","1","0","79 55:54.440","3","0","0","0","2301","0","0","0","N","0","0","0","5","02301","0","","1.0","","9","N","N","","0","","1","0","1","","3","N","0930","2","1","0","0","0","0","0","2","0","2","","","","N","","","","","","","","","",""
"2018129920","","1","0","0","0","0","0","0","0","0","8","0","","02","12","2018","3","40.343333","-79.941333","1417","11","0","0","0","0","0","0","0","0","2","0","0","0","14","","1","","0","","40 20:36.000","1","0","79 56:28.800","3","0","0","0","2473","1","0","0","N","1","0","0","3","02473","0","","1.0","","1","N","N","","0","","1","0","0","","0","Y","1417","2","1","0","0","0","0","0","2","0","1","","","","N","","","","","","","","","",""
"2018138259","","0","0","0","0","0","0","0","0","0","7","0","","02","12","2018","1","40.403115","-79.952441","0827","11","0","0","0","0","0","0","0","0","1","0","0","0","08","","1","","0","","40 24:11.215","2","0","79 57:08.786","8","0","0","0","2301","0","0","0","N","0","0","0","2","02403","0","","4.0","","2","N","N","","0","","0","0","1","","0","N","0827","1","1","0","0","0","1","0","2","0","1","","","","N","","","","","","","","","",""
"2018131301","","1","0","0","0","0","0","0","0","0","7","0","","02","12","2018","2","40.596168","-79.984549","2010","11","0","1","0","0","0","0","0","0","2","0","0","0","20","","0","","0","","40 35:46.205","4","0","79 59:04.378","0","0","0","0","2207","0","0","0","Y","0","0","0","1","02207","0","","2.0","","1","N","N","","0","","0","0","0","","0","N","2007","1","0","0","0","0","0","0","2","0","1","","","","N","","","","","","","","","",""
"2018130566","","1","0","0","0","0","0","0","0","0","4","0","","02","12","2018","5","40.332999","-79.880197","2225","11","0","0","0","0","0","1","0","0","2","0","0","0","22","","1","","2","","40 19:58.798","6","0","79 52:48.709","3","0","0","0","2455","0","0","0","N","0","0","0","2","02304","0","","1.0","","9","N","N","","1","","1","0","0","","3","N","2225","2","1","0","0","0","0","0","2","0","2","","","","N","","","","","","","","","",""
"2018129458","","2","0","0","0","0","0","0","0","0","6","0","","02","12","2018","3","40.396056","-80.014","1551","11","0","0","0","0","0","1","0","0","1","0","0","0","15","","0","","0","","40 23:45.800","2","0","80 00:50.400","0","0","0","0","2301","0","0","0","N","0","0","0","2","02301","0","","1.0","","1","N","N","","0","","0","0","0","","0","N","1545","2","0","0","0","0","0","0","2","0","2","","","","N","","","","","","","","","",""
"2018129602","","1","0","0","0","0","0","0","0","0","7","0","","02","12","2018","7","40.479068","-80.359782","2229","11","0","0","0","0","0","0","0","0","3","0","0","0","","","2","","0","","40 28:44.644","4","0","80 21:35.216","3","0","0","0","2203","0","0","0","N","0","0","0","2","68D04","1","","5.0","","9","N","N","","0","","1","0","0","","0","N","","1","2","0","0","0","0","0","1","0","1","","","","N","","","","","","","","","",""
"2018088640","","1","0","0","0","0","0","0","0","0","7","0","","02","8","2018","6","40.345028","-79.838944","0424","11","0","0","0","0","0","0","0","0","1","0","0","0","","","0","N","0","","40 20:42.100","6","0","79 50:20.200","9","0","0","0","2304","0","0","0","N","0","0","0","1","02304","0","","5.0","","1","N","N","N","0","","0","0","0","","0","N","","1","0","0","0","0","0","1","2","0","1","","","","N","","","","","","","","","",""