"CRN","ARRIVAL_TM","AUTOMOBILE_COUNT","BELTED_DEATH_COUNT","BELTED_SUSP_SERIOUS_INJ_COUNT","BICYCLE_COUNT","BICYCLE_DEATH_COUNT","BICYCLE_SUSP_SERIOUS_INJ_COUNT","BUS_COUNT","CHLDPAS_DEATH_COUNT","CHLDPAS_SUSP_SERIOUS_INJ_COUNT","COLLISION_TYPE","COMM_VEH_COUNT","CONS_ZONE_SPD_LIM","COUNTY","CRASH_MONTH","CRASH_YEAR","DAY_OF_WEEK","DEC_LATITUDE","DEC_LONGITUDE","DISPATCH_TM","DISTRICT","DRIVER_COUNT_16YR","DRIVER_COUNT_17YR","DRIVER_COUNT_18YR","DRIVER_COUNT_19YR","DRIVER_COUNT_20YR","DRIVER_COUNT_50_64YR","DRIVER_COUNT_65_74YR","DRIVER_COUNT_75PLUS","EST_HRS_CLOSED","FATAL_COUNT","HEAVY_TRUCK_COUNT","HORSE_BUGGY_COUNT","HOUR_OF_DAY","ILLUMINATION","INJURY_COUNT","INTERSECTION_RELATED","INTERSECT_TYPE","LANE_CLOSED","LATITUDE","LN_CLOSE_DIR","LOCATION_TYPE","LONGITUDE","MAX_SEVERITY_LEVEL","MCYCLE_DEATH_COUNT","MCYCLE_SUSP_SERIOUS_INJ_COUNT","MOTORCYCLE_COUNT","MUNICIPALITY","NONMOTR_COUNT","NONMOTR_DEATH_COUNT","NONMOTR_SUSP_SERIOUS_INJ_COUNT","NTFY_HIWY_MAINT","PED_COUNT","PED_DEATH_COUNT","PED_SUSP_SERIOUS_INJ_COUNT","PERSON_COUNT","POLICE_AGCY","POSSIBLE_INJ_COUNT","RDWY_SURF_TYPE_CD","RELATION_TO_ROAD","ROADWAY_CLEARED","ROAD_CONDITION","SCH_BUS_IND","SCH_ZONE_IND","SECONDARY_CRASH","SMALL_TRUCK_COUNT","SPEC_JURIS_CD","SUSP_MINOR_INJ_COUNT","SUSP_SERIOUS_INJ_COUNT","SUV_COUNT","TCD_FUNC_CD","TCD_TYPE","TFC_DETOUR_IND","TIME_OF_DAY","TOTAL_UNITS","TOT_INJ_COUNT","UNBELTED_OCC_COUNT","UNB_DEATH_COUNT","UNB_SUSP_SERIOUS_INJ_COUNT","UNK_INJ_DEG_COUNT","UNK_INJ_PER_COUNT","URBAN_RURAL","VAN_COUNT","VEHICLE_COUNT","WEATHER1","WEATHER2","WORKERS_PRES","WORK_ZONE_IND","WORK_ZONE_LOC","WORK_ZONE_TYPE","WZ_CLOSE_DETOUR","WZ_FLAGGER","WZ_LAW_OFFCR_IND","WZ_LN_CLOSURE","WZ_MOVING","WZ_OTHER","WZ_SHLDER_MDN","WZ_WORKERS_INJ_KILLED"
"2019001621","","1","0","0","0","0","0","0","0","0","1","0","","02","12","2018","6","40.42883","-79.933299","2138","11","0","0","0","0","0","0","0","0","2","0","0","0","","","0","N","0","","40 25:43.788","3","0","79 55:59.878","0","0","0","0","2301","0","0","0","N","0","0","0","2","68B03","0","","1.0","","1","N","N","","0","","0","0","1","","0","N","","2","0","0","0","0","0","0","2","0","2","","","","N","","","","","","","","","",""
"2019001637","","0","0","0","0","0","0","0","0","0","4","0","","02","12","2018","3","40.439176","-80.211776","0920","11","0","0","0","0","0","1","0","0","1","0","0","0","","","1","","1","","40 26:21.034","2","0","80 12:42.393","3","0","0","0","2214","0","0","0","N","0","0","0","2","68B03","0","","1.0","","1","N","N","","0","","1","0","2","","2","N","","2","1","0","0","0","0","0","2","0","2","","","","N","","","","","","","","","",""
"2019001638","","2","0","0","0","0","0","0","0","0","1","0","","02","12","2018","4","40.420423","-80.049314","0714","11","0","0","0","0","0","2","0","0","1","0","0","0","","","0","","0","","40 25:13.523","3","0","80 02:57.530","0","0","0","0","2435","0","0","0","N","0","0","0","3","68B03","0","","1.0","","1","N","N","","0","","0","0","1","","0","N","","3","0","0","0","0","0","0","2","0","3","","","","N","","","","","","","","","",""
"2019000317","","1","0","0","0","0","0","0","0","0","7","0","","02","10","2018","3","40.495609","-80.015417","1054","11","0","0","0","0","0","1","0","0","","0","0","0","","","1","","0","","40 29:44.194","","0","80 00:55.500","3","0","0","0","2301","0","0","0","N","0","0","0","1","68B03","0","","4.0","","1","N","N","","0","","1","0","0","","0","","","1","1","0","0","0","0","0","2","0","1","","","","N","","","","","","","","","",""
"2019005916","","0","0","0","0","0","0","0","0","0","7","0","","02","11","2018","3","40.462097","-79.999798","0527","11","0","0","0","0","0","0","0","0","","0","0","0","","","0","","0","","40 27:43.548","","0","79 59:59.271","0","0","0","0","2301","0","0","0","N","0","0","0","1","68B03","0","","2.0","","2","N","N","","0","","0","0","1","","0","","","1","0","0","0","0","0","0","2","0","1","","","","N","","","","","","","","","",""
"2019001974","","0","0","0","0","0","0","0","0","0","3","1","","02","12","2018","2","40.465947","-79.710551","0648","11","0","0","0","0","0","2","0","0","1","0","1","0","","","1","","2","","40 27:57.409","2","0","79 42:37.983","4","0","0","0","2466","0","0","0","N","0","0","0","3","02466","1","","1.0","","9","N","N","","0","","0","0","1","","3","Y","","2","1","0","0","0","0","0","2","0","2","","","","N","","","","","","","","","",""
"2019002340","","2","0","0","0","0","0","0","0","0","1","0","","02","12","2018","7","40.396981","-80.065889","2039","11","0","0","0","0","0","1","1","0","1","0","0","0","","","0","","2","","40 23:49.130","1","0","80 03:57.200","0","0","0","0","2117","0","0","0","N","0","0","0","3","02117","0","","1.0","","1","N","N","","0","","0","0","0","","0","N","","2","0","0","0","0","0","0","2","0","2","","","","N","","","","","","","","","",""
"2019004325","","0","0","0","0","0","0","0","0","0","7","0","","02","12","2018","7","40.517333","-79.892333","0150","11","0","0","0","0","0","0","0","0","5","0","0","0","","","2","","0","","40 31:02.400","5","0","79 53:32.400","2","0","0","0","2432","0","0","0","N","0","0","0","3","02432","0","","5.0","","1","N","N","","0","","0","1","1","","0","Y","","1","2","3","0","1","1","0","2","0","1","","","","N","","","","","","","","","",""
"2019001665","","1","0","0","0","0","0","0","0","0","7","0","","02","12","2018","3","40.401071","-80.106485","1226","11","0","0","1","0","0","0","0","0","","0","0","0","","","0","","0","","40 24:03.857","","0","80 06:23.347","0","0","0","0","2102","0","0","0","Y","0","0","0","3","68B03","0","","3.0","","1","N","N","","0","","0","0","0","","0","","","1","0","0","0","0","0","0","2","0","1","","","","N","","","","","","","","","",""
"2019004496","","0","0","0","0","0","0","0","0","0","7","0","","02","10","2018","7","40.43873","-80.011649","0157","11","0","0","0","0","1","0","0","0","1","0","0","0","","","1","","0","","40 26:19.427","4","3","80 00:41.937","3","0","0","0","2301","0","0","0","N","0","0","0","1","68B03","0","","4.0","","9","N","N","","0","","1","0","1","","0","N","","1","1","0","0","0","0","0","2","0","1","","","","N","","","","","","","","","",""
"2019000174","","1","0","0","0","0","0","0","0","0","6","0","","02","12","2018","2","40.363526","-79.968048","1304","11","0","0","0","0","0","0","0","0","","0","0","0","","","1","","5","","40 21:48.693","","0","79 58:04.971","4","0","0","0","2476","0","0","0","N","0","0","0","3","02476","1","","1.0","","9","N","N","","0","","0","0","1","","3","","","2","1","0","0","0","0","0","2","0","2","","","","N","","","","","","","","","",""
"2019002669","","1","0","0","0","0","0","0","0","0","4","0","","02","11","2018","5","40.550005","-80.08563","1658","11","0","0","0","0","0","0","0","0","1","0","0","0","","","0","","2","","40 33:00.018","5","0","80 05:08.268","0","0","0","0","2215","0","0","0","N","0","0","0","2","02215","0","","1.0","","9","N","N","","0","","0","0","1","","2","N","","2","0","0","0","0","0","0","2","0","2","","","","N","","","","","","","","","",""
"2019004497","","0","0","0","0","0","0","0","0","0","7","0","","02","10","2018","1","40.4293","-79.931515","0343","11","0","0","0","0","0","0","0","0","","0","0","0","","","1","","0","","40 25:45.479","","2","79 55:53.455","3","0","0","0","2301","0","0","0","N","0","0","0","1","68B03","0","","2.0","","9","N","N","","0","","1","0","1","","0","","","1","1","0","0","0","0","0","2","0","1","","","","N","","","","","","","","","",""
"2019000391","","1","0","0","0","0","0","0","0","0","7","0","","02","12","2018","2","40.526288","-79.815813","1913","11","0","0","0","0","0","0","0","0","","0","0","0","","","0","","0","","40 31:34.637","","7","79 48:56.927","0","0","0","0","2466","0","0","0","N","0","0","0","1","02466","0","","4.0","","9","N","N","","0","","0","0","0","","0","N","","1","0","0","0","0","0","0","2","0","1","","","","N","","","","","","","","","",""
"2019004498","","3","0","0","0","0","0","0","0","0","1","0","","02","10","2018","5","40.411697","-80.076415","1358","11","0","0","0","0","0","0","0","1","2","0","0","0","","","2","","6","","40 24:42.108","3","0","80 04:35.095","4","0","0","0","2117","0","0","0","N","0","0","0","5","68B03","2","","1.0","","1","N","N","","0","","0","0","0","","4","N","","3","2","0","0","0","0","0","2","0","3","","","","N","","","","","","","","","",""
"2019001315","","1","0","0","0","0","0","0","0","0","4","0","","02","9","2018","1","40.362373","-79.826135","2026","11","0","0","0","0","0","1","0","0","2","0","0","0","","","2","","1","","40 21:44.541","2","0","79 49:34.085","3","0","0","0","2111","0","0","0","N","0","0","0","2","02111","0","","1.0","","1","N","N","","0","","1","0","1","","2","N","","2","2","1","0","0","1","0","2","0","2","","","","N","","","","","","","","","",""
"2019004499","","1","0","0","0","0","0","0","0","0","7","0","","02","11","2018","7","40.442872","-80.008791","0226","11","0","0","0","0","0","0","0","0","2","0","0","0","","","1","","0","","40 26:34.339","1","3","80 00:31.649","4","0","0","0","2301","0","0","0","N","0","0","0","1","68B03","1","","4.0","","9","N","N","","0","","0","0","0","","0","N","","1","1","0","0","0","0","0","2","0","1","","","","N","","","","","","","","","",""
"2019006930","","2","0","0","0","0","0","0","0","0","4","0","","02","12","2018","6","40.426813","-79.889191","1830","11","0","0","0","0","0","1","0","0","","0","0","0","","","0","","0","","40 25:36.528","","7","79 53:21.089","0","0","0","0","2426","0","0","0","N","0","0","0","2","02426","0","","1.0","","1","N","N","","0","","0","0","0","","9","","","2","0","0","0","0","0","0","2","0","2","","","","N","","","","","","","","","",""
"2019005691","","0","0","0","0","0","0","0","0","0","4","0","","02","12","2018","2","40.368329","-79.816621","1930","11","0","0","0","0","0","1","0","0","2","0","0","0","","","0","","3","","40 22:05.985","2","0","79 48:59.836","0","0","0","0","2111","0","0","0","N","0","0","0","2","02111","0","","1.0","","1","N","N","","2","","0","0","0","","3","N","","2","0","0","0","0","0","0","2","0","2","","","","N","","","","","","","","","",""
"2019004505","","1","0","0","0","0","0","0","0","0","1","1","","02","12","2018","5","40.435272","-79.982943","1547","11","0","0","0","0","0","1","0","0","","0","1","0","","","0","","0","","40 26:06.978","","0","79 58:58.595","0","0","0","0","2301","0","0","0","N","0","0","0","2","68B03","0","","1.0","","9","N","N","","0","","0","0","0","","0","","","2","0","0","0","0","0","0","2","0","2","","05","","N","","","","","","","","","",""
"2019002074","","2","0","0","0","0","0","0","0","0","2","0","","02","12","2018","7","40.475076","-80.089228","1511","11","0","0","0","0","0","0","1","0","1","0","0","0","","","0","","0","","40 28:30.274","6","7","80 05:21.219","0","0","0","0","2126","0","0","0","N","0","0","0","2","02126","0","","1.0","","1","N","N","","0","","0","0","0","","0","N","","2","0","0","0","0","0","0","2","0","2","","","","N","","","","","","","","","",""
"2019001808","","1","0","0","0","0","0","0","0","0","7","0","","02","10","2018","3","40.577601","-80.117149","0700","11","0","0","0","0","0","0","0","0","","0","0","0","","","0","","0","","40 34:39.363","","0","80 07:01.738","0","0","0","0","2481","0","0","0","N","0","0","0","1","68B03","0","","4.0","","1","N","N","","0","","0","0","0","","0","","","1","0","0","0","0","0","0","2","0","1","","","","N","","","","","","","","","",""
"2019002664","","1","0","0","0","0","0","0","0","0","7","0","","02","12","2018","4","40.504276","-80.008631","1537","11","0","0","0","0","0","0","0","1","1","0","0","0","","","1","","0","","40 30:15.394","7","0","80 00:31.070","4","0","0","0","2116","0","0","0","N","0","0","0","1","02116","1","","2.0","","1","N","N","","0","","0","0","0","","0","Y","","1","1","0","0","0","0","0","2","0","1","","","","N","","","","","","","","","",""
"2019001643","","1","0","0","0","0","0","0","0","0","1","0","","02","12","2018","5","40.585258","-80.099369","1745","11","0","0","0","0","0","1","0","0","","0","0","0","","","2","","0","","40 35:06.929","","0","80 05:57.730","4","0","0","0","2481","0","0","0","N","0","0","0","3","68B03","2","","1.0","","9","N","N","","1","","0","0","1","","0","","","3","2","0","0","0","0","0","2","0","3","","","","N","","","","","","","","","",""
"2019002432","","0","0","0","0","0","0","0","0","0","7","0","","02","12","2018","1","40.495164","-80.02859","0414","11","0","0","1","0","0","0","0","0","3","0","0","0","","","0","","0","","40 29:42.589","5","0","80 01:42.923","0","0","0","0","2116","0","0","0","N","0","0","0","1","02116","0","","5.0","","9","N","N","","0","","0","0","1","","0","Y","","1","0","0","0","0","0","0","2","0","1","","","","N","","","","","","","","","",""
"2019000856","","2","0","0","0","0","0","0","0","0","1","0","","02","10","2018","1","40.432113","-80.003875","0032","11","0","0","0","0","0","0","0","0","","0","0","0","","","0","","2","","40 25:55.606","","0","80 00:13.951","0","0","0","0","2301","0","0","0","N","0","0","0","2","02301","0","","1.0","","1","N","N","","0","","0","0","0","","2","","","2","0","0","0","0","0","0","2","0","2","","","","N","","","","","","","","","",""
"2019001385","","1","0","0","0","0","0","0","0","0","1","0","","02","12","2018","6","40.464351","-79.999565","1815","11","0","0","0","0","0","0","0","0","","0","0","0","","","0","","0","","40 27:51.663","","0","79 59:58.434","0","0","0","0","2301","0","0","0","N","0","0","0","2","68B03","0","","1.0","","1","N","N","","1","","0","0","0","","0","","","2","0","0","0","0","0","0","2","0","2","","","","N","","","","","","","","","",""
"2019000826","","0","0","0","0","0","0","0","0","0","7","0","","02","9","2018","1","40.360555","-79.845401","2205","11","0","0","0","0","0","0","0","0","","0","0","0","","","0","N","0","","40 21:37.997","","2","79 50:43.442","0","0","0","0","2303","0","0","0","N","0","0","0","1","02303","0","","7.0","","1","N","N","N","0","","0","0","1","","0","","","1","0","1","0","0","0","0","2","0","1","","","","N","","","","","","","","","",""
"2019025905","","1","0","0","0","0","0","0","0","0","1","0","","02","10","2018","4","40.428658","-79.938438","1725","11","0","0","0","0","0","0","0","0","","0","0","0","","","0","","0","","40 25:43.167","","0","79 56:18.376","0","0","0","0","2301","0","0","0","N","0","0","0","2","68B03","0","","1.0","","1","N","N","","0","","0","0","1","","0","","","2","0","0","0","0","0","0","2","0","2","","","","N","","","","","","","","","",""
"2019000823","","0","0","0","0","0","0","0","0","0","4","0","","02","12","2018","5","40.51053","-80.069927","1858","11","0","0","0","0","0","0","0","0","2","0","0","0","","","0","","0","","40 30:37.909","5","0","80 04:11.737","0","0","0","0","2211","0","0","0","N","0","0","0","1","02215","0","","2.0","","9","N","N","","0","","0","0","2","","0","Y","","2","0","0","0","0","0","0","2","0","2","","","","N","","","","","","","","","",""
"2019000832","","1","0","0","0","0","0","0","0","0","7","0","","02","9","2018","3","40.385002","-79.862739","1530","11","0","0","0","0","0","1","0","0","","0","0","0","","","0","","2","","40 23:06.006","","3","79 51:45.860","0","0","0","0","2303","0","0","0","N","0","0","0","1","02303","0","","2.0","","1","N","N","","0","","0","0","0","","0","","","1","0","1","0","0","0","0","2","0","1","","","","N","","","","","","","","","",""
"2019001857","","2","0","0","0","0","0","0","0","0","1","0","","02","12","2018","3","40.424229","-80.030707","1743","11","0","0","0","0","0","0","0","0","2","0","0","0","","","0","","0","","40 25:27.223","4","0","80 01:50.545","0","0","0","0","2301","0","0","0","N","0","0","0","3","68B03","0","","1.0","","1","N","N","","0","","0","0","1","","0","N","","3","0","0","0","0","0","0","2","0","3","","","","N","","","","","","","","","",""
"2019025906","","1","0","0","0","0","0","0","0","0","0","0","","02","10","2018","7","40.441554","-79.83631","0154","11","0","1","0","0","0","0","0","0","1","0","0","0","","","0","","0","","40 26:29.595","3","0","79 50:10.715","0","0","0","0","2419","0","0","0","N","0","0","0","1","68B03","0","","4.0","","9","N","N","","0","","0","0","0","","0","N","","1","0","0","0","0","0","0","2","0","1","","","","N","","","","","","","","","",""
"2019025908","","0","0","0","0","0","0","0","0","0","7","0","","02","6","2018","1","40.415623","-80.06018","0555","11","0","0","0","0","0","0","0","0","1","0","0","0","","","1","","0","","40 24:56.241","4","0","80 03:36.647","3","0","0","0","2435","0","0","0","N","0","0","0","1","68B03","0","","4.0","","9","N","N","","0","","1","0","1","","0","N","","1","1","0","0","0","0","0","2","0","1","","","","N","","","","","","","","","",""
"2019025909","","1","0","0","0","0","0","0","0","0","0","0","","02","7","2018","6","40.445227","-79.845816","0430","11","0","0","0","0","0","0","0","0","1","0","0","0","","","0","","7","","40 26:42.817","3","2","79 50:44.936","0","0","0","0","2419","0","0","0","N","0","0","0","1","68B03","0","","7.0","","9","N","N","","0","","0","0","0","","0","N","","1","0","0","0","0","0","0","2","0","1","","","","N","","","","","","","","","",""
"2019001832","","1","0","0","0","0","0","0","0","0","4","1","","02","11","2018","5","40.609048","-80.094471","1945","11","0","0","0","0","0","2","0","0","","0","1","0","","","1","","0","","40 36:32.571","","0","80 05:40.094","4","0","0","0","2481","0","0","0","N","0","0","0","2","68B03","1","","3.0","","9","N","N","","0","","0","0","0","","0","","","2","1","0","0","0","0","0","2","0","2","","","","N","","","","","","","","","",""
"2019005003","","0","0","0","0","0","0","0","0","0","7","0","","02","12","2018","7","40.603197","-79.908532","0450","11","0","0","0","0","0","1","0","0","","0","0","0","","","0","","0","","40 36:11.509","","0","79 54:30.714","0","0","0","0","2220","0","0","0","N","0","0","0","1","02220","0","","5.0","","9","N","N","","0","","0","0","1","","0","","","1","0","0","0","0","0","0","2","0","1","","","","N","","","","","","","","","",""
"2019025910","","1","0","0","0","0","0","0","0","0","7","0","","02","7","2018","4","40.4289","-79.939748","0221","11","0","0","0","0","0","0","0","0","","0","0","0","","","1","","0","","40 25:44.040","","0","79 56:23.092","4","0","0","0","2301","0","0","0","N","0","0","0","1","68B03","1","","4.0","","1","N","N","","0","","0","0","0","","0","","","1","1","0","0","0","0","0","2","0","1","","","","N","","","","","","","","","",""
"2019025911","","0","0","0","0","0","0","0","0","0","0","0","","02","8","2018","7","40.543093","-80.122036","2321","11","0","0","0","0","0","0","0","0","","0","0","0","","","1","","0","","40 32:35.136","","0","80 07:19.331","3","0","0","1","2460","0","0","0","N","0","0","0","1","68B03","0","","4.0","","1","N","N","","0","","1","0","0","","0","","","1","1","0","0","0","0","0","1","0","1","","","","N","","","","","","","","","",""
"2019000874","","1","0","0","0","0","0","0","0","0","1","0","","02","12","2018","7","40.653468","-79.725083","0143","11","0","0","0","0","0","0","0","0","2","0","0","0","","","0","","0","","40 39:12.484","2","3","79 43:30.298","9","0","0","0","2106","0","0","0","Y","0","0","0","2","68D02","0","","1.0","","9","N","N","","0","","0","0","0","","0","N","","2","0","0","0","0","0","1","1","0","2","","","","N","","","","","","","","","",""
"2019006288","","3","0","0","0","0","0","0","0","0","1","0","","02","10","2018","6","40.437413","-79.864294","1847","11","0","0","0","0","0","2","0","0","1","0","0","0","","","2","","0","","40 26:14.687","4","0","79 51:51.457","3","0","0","0","2419","0","0","0","N","0","0","0","6","68B03","0","","1.0","","9","N","N","","0","","2","0","1","","0","N","","4","2","0","0","0","0","0","2","0","4","","","","N","","","","","","","","","",""
"2019001610","","0","0","0","0","0","0","0","0","0","5","1","","02","12","2018","3","40.428908","-79.931747","1113","11","0","0","0","0","0","0","0","0","","0","1","0","","","0","","7","","40 25:44.069","","2","79 55:54.288","0","0","0","0","2301","0","0","0","N","0","0","0","2","68B03","0","","1.0","","1","N","N","","1","","0","0","0","","0","","","2","0","0","0","0","0","0","2","0","2","","","","N","","","","","","","","","",""
"2019006289","","0","0","0","0","0","0","0","0","0","1","0","","02","10","2018","2","40.427619","-80.129008","0616","11","0","0","0","0","0","1","0","0","","0","0","0","","","0","","0","","40 25:39.427","","0","80 07:44.430","9","0","0","0","2102","0","0","0","N","0","0","0","4","68B03","0","","1.0","","1","N","N","","0","","0","0","3","","0","","","3","0","0","0","0","0","1","2","0","3","","","","N","","","","","","","","","",""
"2019027459","","1","0","0","0","0","0","0","0","0","2","0","","02","11","2018","6","40.387722","-79.822361","1933","11","0","0","0","0","0","0","0","0","","0","0","0","","","0","","0","","40 23:15.800","","7","79 49:20.500","0","0","0","0","2111","0","0","0","N","0","0","0","2","02111","0","","1.0","","9","N","N","","1","","0","0","0","","2","N","","2","0","0","0","0","0","0","2","0","2","","","","N","","","","","","","","","",""
"2019001607","","0","0","0","0","0","0","0","0","0","1","1","","02","12","2018","7","40.487241","-80.125067","1946","11","0","0","0","0","0","0","0","0","2","0","1","0","","","0","","0","","40 29:14.067","2","0","80 07:30.241","0","0","0","0","2115","0","0","0","N","0","0","0","3","68B03","0","","1.0","","1","N","N","","1","","0","0","0","","0","N","","2","0","0","0","0","0","0","2","0","2","","","","N","","","","","","","","","",""
"2019027639","","1","0","0","0","0","0","0","0","0","7","1","","02","12","2018","7","40.427396","-79.952193","0217","11","0","0","0","0","0","0","0","0","3","0","1","0","","","0","","0","","40 25:38.624","4","0","79 57:07.896","9","0","0","0","2301","0","0","0","N","0","0","0","2","68B03","0","","3.0","","9","N","N","","0","","0","0","0","","0","Y","","2","0","0","0","0","0","1","2","0","2","","","","N","","","","","","","","","",""
"2019001846","","0","0","0","0","0","0","0","0","0","7","0","","02","12","2018","5","40.424706","-80.114567","2145","11","0","0","0","0","0","1","0","0","","0","0","0","","","0","","0","","40 25:28.940","","0","80 06:52.440","0","0","0","0","2102","0","0","0","Y","0","0","0","1","68B03","0","","4.0","","9","N","N","","0","","0","0","1","","8","","","1","0","0","0","0","0","0","2","0","1","","","","N","","","","","","","","","",""
"2019000552","","1","0","0","0","0","0","0","0","0","4","0","","02","12","2018","7","40.487833","-79.888417","2055","11","0","0","0","0","0","0","0","0","","0","0","0","","","2","","1","","40 29:16.200","","7","79 53:18.300","8","0","0","0","2301","0","0","0","N","0","0","0","4","68D02","0","","9.0","","9","N","N","","1","","0","0","0","","0","","","3","2","0","0","0","2","0","2","1","3","","","","N","","","","","","","","","",""
"2019000162","","0","0","0","0","0","0","0","0","0","4","2","","02","12","2018","6","40.296823","-79.919633","0728","11","0","0","0","0","0","2","0","0","3","0","2","0","","","3","","2","","40 17:48.561","1","0","79 55:10.677","2","0","0","0","2440","0","0","0","N","0","0","0","4","02440","0","","1.0","","9","N","N","","0","","1","1","1","","2","N","","3","3","1","0","1","1","0","2","0","3","","","","N","","","","","","","","","",""
"2019006067","","1","0","0","0","0","0","0","0","0","4","0","","02","10","2018","2","40.367429","-79.818615","1544","11","0","0","0","0","0","0","0","0","2","0","0","0","","","1","","2","","40 22:02.745","2","0","79 49:07.013","3","0","0","0","2111","0","0","0","N","0","0","0","4","02111","0","","1.0","","1","N","N","","1","","1","0","0","","3","N","","2","1","0","0","0","0","0","2","0","2","","","","N","","","","","","","","","",""
"2019001633","","0","0","0","0","0","0","0","0","0","1","0","","02","12","2018","2","40.425751","-79.910485","0603","11","0","0","0","0","0","0","0","0","","0","0","0","","","0","","0","","40 25:32.703","","0","79 54:37.745","0","0","0","0","2301","0","0","0","N","0","0","0","2","68B03","0","","1.0","","1","N","N","","1","","0","0","1","","0","","","2","0","0","0","0","0","0","2","0","2","","","","N","","","","","","","","","",""
"2019001848","","0","0","0","0","0","0","0","0","0","1","0","","02","12","2018","6","40.439386","-80.008497","0900","11","0","0","0","0","0","0","0","0","","0","0","0","","","0","","0","","40 26:21.790","","0","80 00:30.588","0","0","0","0","2301","0","0","0","N","0","0","0","2","68B03","0","","1.0","","1","N","N","","0","","0","0","1","","0","","","2","0","0","0","0","0","0","2","1","2","","","","N","","","","","","","","","",""
"2019001097","","2","0","0","0","0","0","0","0","0","1","0","","02","12","2018","3","40.405855","-79.902124","1401","11","0","0","0","0","0","0","0","0","","0","0","0","","","0","","0","","40 24:21.077","","0","79 54:07.645","0","0","0","0","2448","0","0","0","N","0","0","0","1","02448","0","","1.0","","1","N","N","","0","","0","0","0","","0","","","2","0","0","0","0","0","0","2","0","2","","","","N","","","","","","","","","",""
"2019001582","","0","0","0","0","0","0","0","0","0","99","0","","02","10","2018","3","40.601705","-80.093519","0805","11","0","0","0","0","0","0","0","0","","0","0","0","","","0","","0","","40 36:06.138","","0","80 05:36.670","0","0","0","0","2481","0","0","0","N","0","0","0","1","68B03","0","","1.0","","1","N","N","","0","","0","0","1","","0","","","1","0","0","0","0","0","0","2","0","1","","","","N","","","","","","","","","",""
"2019001818","","1","0","0","0","0","0","0","0","0","1","0","","02","11","2018","6","40.403455","-80.106964","1704","11","0","0","0","0","0","0","0","1","1","0","0","0","","","0","","0","","40 24:12.438","2","0","80 06:25.072","0","0","0","0","2102","0","0","0","N","0","0","0","7","68B03","0","","1.0","","1","N","N","","0","","0","0","1","","0","N","","2","0","0","0","0","0","0","2","0","2","","","","N","","","","","","","","","",""
"2019002698","","0","0","0","0","0","0","0","0","0","1","0","45","02","11","2018","1","40.427863","-79.954759","0210","11","0","0","0","0","0","0","0","0","","0","0","0","","","1","","0","","40 25:40.308","","0","79 57:17.131","8","0","0","0","2301","0","0","0","N","0","0","0","2","68B03","0","","1.0","","1","N","N","","0","","0","0","2","","0","","","2","1","0","0","0","1","0","2","0","2","","","Y","Y","4","1","N","N","N","N","N","Y","N",""
"2019003124","","2","0","0","0","0","0","0","0","0","5","0","","02","12","2018","3","40.369471","-79.815397","2104","11","0","0","0","1","1","0","0","0","4","0","0","0","","","2","","0","","40 22:10.094","5","0","79 48:55.430","3","0","0","0","2111","0","0","0","Y","0","0","0","8","02111","0","","1.0","","1","N","N","","1","","2","0","1","","0","Y","","4","2","0","0","0","0","0","2","0","4","","","","N","","","","","","","","","",""
"2019001842","","0","0","0","0","0","0","0","0","0","0","0","","02","12","2018","4","40.625217","-80.096552","0612","11","0","0","0","0","0","0","0","0","3","0","0","0","","","1","","0","","40 37:30.781","1","0","80 05:47.587","8","0","0","0","2212","0","0","0","N","0","0","0","1","68B03","0","","1.0","","7","N","N","","1","","0","0","0","","0","N","","1","1","0","0","0","1","0","2","0","1","","","","N","","","","","","","","","",""
"2019000173","","2","0","0","0","0","0","0","0","0","2","0","","02","12","2018","1","40.462065","-79.87087","2025","11","0","0","0","0","0","0","0","0","","0","0","0","","","0","","0","","40 27:43.433","","0","79 52:15.133","0","0","0","0","2113","0","0","0","N","0","0","0","1","02113","0","","5.0","","1","N","N","","1","","0","0","0","","0","","","3","0","0","0","0","0","0","2","0","3","","","","N","","","","","","","","","",""
"2019000179","","1","0","0","0","0","0","0","0","0","2","0","","02","12","2018","4","40.537033","-79.839233","1500","11","0","0","0","0","0","0","1","0","2","0","0","0","","","0","","1","","40 32:13.319","1","0","79 50:21.237","0","0","0","0","2208","0","0","0","N","0","0","0","2","02208","0","","1.0","","1","N","N","","1","","0","0","0","","2","Y","","2","0","0","0","0","0","0","2","0","2","","","","N","","","","","","","","","",""
"2019028134","","1","0","0","0","0","0","0","0","0","7","0","","02","12","2018","6","40.416011","-79.722976","1649","11","0","0","0","0","0","0","0","0","1","0","0","0","","","1","","0","","40 24:57.638","7","0","79 43:22.715","3","0","0","0","2446","0","0","0","N","0","0","0","1","02446","0","","5.0","","9","N","N","","0","","1","0","0","","0","N","","1","1","0","0","0","0","0","2","0","1","","","","N","","","","","","","","","",""
"2019001642","","1","0","0","0","0","0","0","0","0","4","1","","02","12","2018","5","40.444216","-80.00926","1644","11","0","0","0","0","0","0","0","0","","0","1","0","","","0","","0","","40 26:39.177","","3","80 00:33.336","0","0","0","0","2301","0","0","0","N","0","0","0","2","68B03","0","","1.0","","9","N","N","","0","","0","0","0","","0","","","2","0","0","0","0","0","0","2","0","2","","","","N","","","","","","","","","",""