"CRN","ARRIVAL_TM","AUTOMOBILE_COUNT","BELTED_DEATH_COUNT","BELTED_SUSP_SERIOUS_INJ_COUNT","BICYCLE_COUNT","BICYCLE_DEATH_COUNT","BICYCLE_SUSP_SERIOUS_INJ_COUNT","BUS_COUNT","CHLDPAS_DEATH_COUNT","CHLDPAS_SUSP_SERIOUS_INJ_COUNT","COLLISION_TYPE","COMM_VEH_COUNT","CONS_ZONE_SPD_LIM","COUNTY","CRASH_MONTH","CRASH_YEAR","DAY_OF_WEEK","DEC_LATITUDE","DEC_LONGITUDE","DISPATCH_TM","DISTRICT","DRIVER_COUNT_16YR","DRIVER_COUNT_17YR","DRIVER_COUNT_18YR","DRIVER_COUNT_19YR","DRIVER_COUNT_20YR","DRIVER_COUNT_50_64YR","DRIVER_COUNT_65_74YR","DRIVER_COUNT_75PLUS","EST_HRS_CLOSED","FATAL_COUNT","HEAVY_TRUCK_COUNT","HORSE_BUGGY_COUNT","HOUR_OF_DAY","ILLUMINATION","INJURY_COUNT","INTERSECTION_RELATED","INTERSECT_TYPE","LANE_CLOSED","LATITUDE","LN_CLOSE_DIR","LOCATION_TYPE","LONGITUDE","MAX_SEVERITY_LEVEL","MCYCLE_DEATH_COUNT","MCYCLE_SUSP_SERIOUS_INJ_COUNT","MOTORCYCLE_COUNT","MUNICIPALITY","NONMOTR_COUNT","NONMOTR_DEATH_COUNT","NONMOTR_SUSP_SERIOUS_INJ_COUNT","NTFY_HIWY_MAINT","PED_COUNT","PED_DEATH_COUNT","PED_SUSP_SERIOUS_INJ_COUNT","PERSON_COUNT","POLICE_AGCY","POSSIBLE_INJ_COUNT","RDWY_SURF_TYPE_CD","RELATION_TO_ROAD","ROADWAY_CLEARED","ROAD_CONDITION","SCH_BUS_IND","SCH_ZONE_IND","SECONDARY_CRASH","SMALL_TRUCK_COUNT","SPEC_JURIS_CD","SUSP_MINOR_INJ_COUNT","SUSP_SERIOUS_INJ_COUNT","SUV_COUNT","TCD_FUNC_CD","TCD_TYPE","TFC_DETOUR_IND","TIME_OF_DAY","TOTAL_UNITS","TOT_INJ_COUNT","UNBELTED_OCC_COUNT","UNB_DEATH_COUNT","UNB_SUSP_SERIOUS_INJ_COUNT","UNK_INJ_DEG_COUNT","UNK_INJ_PER_COUNT","URBAN_RURAL","VAN_COUNT","VEHICLE_COUNT","WEATHER1","WEATHER2","WORKERS_PRES","WORK_ZONE_IND","WORK_ZONE_LOC","WORK_ZONE_TYPE","WZ_CLOSE_DETOUR","WZ_FLAGGER","WZ_LAW_OFFCR_IND","WZ_LN_CLOSURE","WZ_MOVING","WZ_OTHER","WZ_SHLDER_MDN","WZ_WORKERS_INJ_KILLED"
"2019076356","","0","0","0","0","0","0","0","0","0","3","1","","02","2","2018","6","40.411212","-79.905198","","11","0","0","0","0","0","0","0","0","","0","1","0","","","1","","0","","40 24:40.364","","7","79 54:18.713","3","0","0","0","2438","0","0","0","N","0","0","0","2","00000","0","","1.0","","1","N","N","","1","","1","0","0","","0","","","2","1","0","0","0","0","0","2","0","2","","","","N","","","","","","","","","",""
"2019000292","1225","1","0","0","0","0","0","0","0","0","1","0","","02","12","2018","1","40.410111","-79.917611","1220","11","0","0","0","0","0","0","0","0","1","0","0","0","","","0","","0","","40 24:36.400","2","3","79 55:03.400","0","0","0","0","2438","0","0","0","N","0","0","0","3","02438","0","","1.0","","1","N","N","","0","","0","0","2","","0","N","","3","0","0","0","0","0","0","2","0","3","","","","N","","","","","","","","","",""
"2019000224","1828","1","0","0","0","0","0","0","0","0","7","0","","02","12","2018","3","40.387464","-79.828639","1826","11","0","0","0","0","0","1","0","0","2","0","0","0","","","0","","0","","40 23:14.871","3","4","79 49:43.102","0","0","0","0","2111","0","0","0","Y","0","0","0","1","02111","0","","4.0","","2","N","N","","0","","0","0","0","","0","N","","1","0","0","0","0","0","0","2","0","1","","","","N","","","","","","","","","",""
"2019077621","","1","0","0","0","0","0","0","0","0","1","0","","02","4","2018","4","40.425286","-80.030821","","11","0","0","0","0","0","0","0","0","","0","0","0","","","1","","0","","40 25:31.030","","0","80 01:50.957","3","0","0","0","2301","0","0","0","N","0","0","0","2","00000","0","","1.0","","1","N","N","","0","","1","0","0","","0","","","2","1","0","0","0","0","0","2","0","2","","","","N","","","","","","","","","",""
"2019005263","1631","2","0","0","0","0","0","0","0","0","4","0","","02","12","2018","2","40.363639","-79.847417","1625","11","0","0","0","0","0","1","0","0","","0","0","0","","","0","","0","","40 21:49.100","","0","79 50:50.700","0","0","0","0","2303","0","0","0","N","0","0","0","2","02303","0","","1.0","","9","N","N","","0","","0","0","0","","0","","","2","0","2","0","0","0","0","2","0","2","","","","N","","","","","","","","","",""
"2019001526","1243","0","0","0","0","0","0","0","0","0","7","0","","02","12","2018","2","40.484249","-79.737994","1240","11","0","0","0","1","0","0","0","0","3","0","0","0","","","0","","0","","40 29:03.297","5","0","79 44:16.778","0","0","0","0","2466","0","0","0","N","0","0","0","2","02466","0","","4.0","","9","N","N","","1","","0","0","0","","0","N","","1","0","0","0","0","0","0","2","0","1","","","","N","","","","","","","","","",""
"2019001763","1614","0","0","0","0","0","0","0","0","0","4","0","","02","12","2018","4","40.505549","-80.08851","1612","11","0","0","0","0","0","0","0","0","","0","0","0","","","0","","9","","40 30:19.975","","6","80 05:18.636","0","0","0","0","2429","0","0","0","N","0","0","0","1","02215","0","","5.0","","98","N","N","","0","","0","0","1","","5","","","2","0","0","0","0","0","0","2","0","1","","","","N","","","","","","","","","",""
"2019000083","0255","2","0","0","0","0","0","0","0","0","4","0","","02","12","2018","2","40.457264","-79.934043","0250","11","0","0","0","0","0","0","0","0","","0","0","0","","","3","","1","","40 27:26.151","","0","79 56:02.553","3","0","0","0","2301","0","0","0","N","0","0","0","4","02301","0","","1.0","","1","N","N","","0","","2","0","0","","2","","","2","3","0","0","0","1","0","2","0","2","","","","N","","","","","","","","","",""
"2019001901","0206","1","0","0","0","0","0","0","0","0","0","0","","02","12","2018","1","40.380778","-80.015056","0204","11","0","0","0","0","0","0","0","0","1","0","0","0","","","0","","0","","40 22:50.800","6","0","80 00:54.200","0","0","0","0","2101","0","0","0","N","0","0","0","2","02101","0","","1.0","","1","N","N","","0","","0","0","0","","0","N","","1","0","0","0","0","0","0","2","0","1","","","","N","","","","","","","","","",""
"2019003078","1753","1","0","0","0","0","0","0","0","0","1","0","","02","12","2018","5","40.369405","-79.794857","1744","11","0","0","0","0","0","0","0","0","2","0","0","0","","","0","","0","","40 22:09.858","2","0","79 47:41.484","0","0","0","0","2111","0","0","0","N","0","0","0","3","02111","0","","1.0","","1","N","N","","0","","0","0","2","","0","N","","3","0","1","0","0","0","0","2","0","3","","","","N","","","","","","","","","",""
"2019076074","","1","0","0","0","0","0","0","0","0","4","0","","02","2","2018","3","40.366995","-80.081187","","11","0","0","0","0","0","0","1","0","","0","0","0","","","0","","1","","40 22:01.181","","0","80 04:52.273","0","0","0","0","2117","0","0","0","N","0","0","0","4","00000","0","","1.0","","1","N","N","","0","","0","0","1","","3","","","2","0","0","0","0","0","0","2","0","2","","","","N","","","","","","","","","",""
"2019001726","1601","0","0","0","0","0","0","0","0","0","4","0","","02","12","2018","6","40.519134","-80.188338","1556","11","0","0","0","0","0","1","0","0","","0","0","0","","","1","","2","","40 31:08.882","","0","80 11:18.015","3","0","0","0","2213","0","0","0","N","0","0","0","2","02213","0","","1.0","","9","N","N","","0","","1","0","2","","3","","","2","1","0","0","0","0","1","2","0","2","","","","N","","","","","","","","","",""
"2019002478","1515","0","0","0","0","0","0","0","0","0","7","0","","02","12","2018","2","40.451129","-79.868317","1443","11","0","0","0","0","0","0","0","0","","0","0","0","","","0","N","2","","40 27:04.066","","0","79 52:05.942","0","0","0","0","2301","0","0","0","N","0","0","0","1","02501","0","","5.0","","9","N","N","N","0","","0","0","1","","0","","","1","0","0","0","0","0","0","2","0","1","","","","N","","","","","","","","","",""
"2019002809","2040","1","0","0","0","0","0","0","0","0","4","0","","02","12","2018","5","40.482887","-80.199943","2033","11","0","0","1","0","0","0","0","0","","0","0","0","","","0","","2","","40 28:58.392","","2","80 11:59.795","9","0","0","0","2213","0","0","0","N","0","0","0","2","02213","0","","1.0","","1","N","N","","0","","0","0","1","","2","","","2","0","0","0","0","0","1","2","0","2","","","","N","","","","","","","","","",""
"2019003492","2034","1","0","0","0","0","0","0","0","0","5","0","","02","12","2018","2","40.515586","-80.165956","2032","11","0","0","0","0","0","0","0","0","1","0","0","0","","","0","","0","","40 30:56.110","3","0","80 09:57.440","0","0","0","0","2420","0","0","0","N","0","0","0","1","02420","0","","1.0","","1","N","N","","1","","0","0","0","","0","Y","","2","0","0","0","0","0","0","2","0","2","","","","N","","","","","","","","","",""
"2019006931","2024","1","0","0","0","0","0","0","0","0","1","0","","02","12","2018","2","40.427333","-79.890915","2023","11","0","0","0","0","0","0","0","0","1","0","0","0","","","0","","3","","40 25:38.398","1","0","79 53:27.293","9","0","0","0","2426","0","0","0","N","0","0","0","3","02426","0","","1.0","","9","N","N","","0","","0","0","2","","2","N","","3","0","0","0","0","0","1","2","0","3","","","","N","","","","","","","","","",""
"2019077599","","2","0","0","0","0","0","0","0","0","5","0","","02","4","2018","6","","","","11","0","0","0","0","0","1","0","0","","0","0","0","","","1","","0","","","","0","","8","0","0","0","2301","0","0","0","N","0","0","0","3","00000","0","","1.0","","9","N","N","","0","","0","0","0","","0","","","3","1","0","0","0","1","0","1","0","3","","","","N","","","","","","","","","",""
"2019001521","1221","0","0","0","0","0","0","0","0","0","4","0","","02","12","2018","2","40.56796","-80.049493","1217","11","0","0","0","0","0","1","0","0","1","0","0","0","","","1","","1","","40 34:04.655","3","0","80 02:58.174","4","0","0","0","2108","0","0","0","N","0","0","0","7","02108","1","","1.0","","1","N","N","","0","","0","0","2","","3","N","","3","1","0","0","0","0","0","2","1","3","","","","N","","","","","","","","","",""
"2019001090","1340","1","0","0","0","0","0","0","0","0","4","0","","02","12","2018","2","40.452917","-79.920736","1331","11","0","0","0","0","0","0","0","0","1","0","0","0","","","0","","1","","40 27:10.501","7","0","79 55:14.649","0","0","0","0","2301","0","0","0","N","0","0","0","3","02301","0","","1.0","","9","N","N","","0","","0","0","1","","2","N","","2","0","0","0","0","0","0","2","0","2","","","","N","","","","","","","","","",""
"2019081432","","0","0","0","0","0","0","0","0","0","99","0","","02","8","2018","7","40.491662","-79.874114","","11","0","0","0","0","0","0","0","0","","0","0","0","","","0","","0","","40 29:29.983","","0","79 52:26.811","0","0","0","0","2112","0","0","0","N","0","0","0","1","00000","0","","1.0","","1","N","N","","1","","0","0","0","","0","","","1","0","0","0","0","0","0","2","0","1","","","","N","","","","","","","","","",""
"2019083694","","2","0","0","0","0","0","0","0","0","1","0","","02","11","2018","7","40.478908","-80.043019","","11","0","0","0","0","0","0","0","0","","0","0","0","","","1","","1","","40 28:44.067","","3","80 02:34.868","3","0","0","0","2301","0","0","0","N","0","0","0","2","00000","0","","1.0","","1","N","N","","0","","1","0","0","","2","","","2","1","0","0","0","0","0","2","0","2","","","","N","","","","","","","","","",""
"2019083286","","0","0","0","0","0","0","0","0","0","1","0","","02","10","2018","7","40.543975","-79.972347","","11","0","0","0","0","0","0","0","0","","0","0","0","","","1","","1","","40 32:38.310","","0","79 58:20.449","3","0","0","0","2118","0","0","0","N","0","0","0","3","00000","0","","1.0","","9","N","N","","0","","1","0","2","","0","","","2","1","0","0","0","0","0","2","0","2","","","","N","","","","","","","","","",""
"2019082407","","0","0","0","0","0","0","0","0","0","0","0","","02","9","2018","3","40.473816","-80.039052","","11","0","0","0","0","0","1","0","0","","0","0","0","","","0","","0","","40 28:25.736","","0","80 02:20.587","0","0","0","0","2301","0","0","0","N","0","0","0","1","00000","0","","1.0","","1","N","N","","0","","0","0","1","","0","","","1","0","0","0","0","0","0","2","0","1","","","","N","","","","","","","","","",""
"2019080871","","0","0","0","0","0","0","0","0","0","1","0","","02","7","2018","6","40.497439","-79.940645","","11","0","0","0","0","0","0","0","0","","0","0","0","","","1","","0","","40 29:50.779","","0","79 56:26.321","3","0","0","0","2430","0","0","0","N","0","0","0","4","00000","0","","1.0","","1","N","N","","0","","1","0","2","","0","","","2","1","0","0","0","0","0","2","0","2","","","","N","","","","","","","","","",""
"2019081258","","0","0","0","0","0","0","0","0","0","0","0","","02","7","2018","5","40.393266","-80.065681","","11","0","0","0","0","0","0","0","0","","0","0","0","","","1","","2","","40 23:35.759","","0","80 03:56.450","3","0","0","1","2117","0","0","0","N","0","0","0","1","00000","0","","1.0","","1","N","N","","0","","1","0","0","","2","","","1","1","0","0","0","0","0","2","0","1","","","","N","","","","","","","","","",""
"2019027478","1715","2","0","0","0","0","0","0","0","0","2","0","","02","12","2018","5","40.364637","-79.824117","1713","11","0","0","0","0","0","0","0","0","3","0","0","0","","","1","","0","","40 21:52.693","2","0","79 49:26.821","4","0","0","0","2111","0","0","0","N","0","0","0","2","02111","1","","1.0","","1","N","N","","0","","0","0","0","","0","Y","","2","1","0","0","0","0","0","2","0","2","","","","N","","","","","","","","","",""
"2019101825","","1","0","0","0","0","0","0","0","0","7","0","","02","8","2018","7","40.439192","-80.190263","0233","11","0","0","0","0","0","0","0","0","","0","0","0","","","0","","0","","40 26:21.092","","0","80 11:24.946","9","0","0","0","2214","0","0","0","N","0","0","0","1","68B03","0","","4.0","","1","N","N","","0","","0","0","0","","0","","","1","0","0","0","0","0","1","2","0","1","","","","N","","","","","","","","","",""
"2019090417","","0","0","0","0","0","0","0","0","0","7","0","","02","5","2018","4","40.505765","-80.031983","2216","11","0","0","0","0","1","0","0","0","","0","0","0","","","0","","0","","40 30:20.754","","0","80 01:55.137","0","0","0","0","2116","0","0","0","N","0","0","0","1","68B03","0","","2.0","","1","N","N","","1","","0","0","0","","0","","","1","0","0","0","0","0","0","2","0","1","","","","N","","","","","","","","","",""
"2019001383","","2","0","0","0","0","0","0","0","0","1","0","","02","12","2018","7","40.503582","-80.027111","","11","0","0","0","0","0","0","0","0","2","0","0","0","","","0","","6","","40 30:12.896","1","2","80 01:37.601","0","0","0","0","2116","0","0","0","N","0","0","0","3","68B03","0","","7.0","","1","N","N","","0","","0","0","0","","0","N","","2","0","0","0","0","0","0","2","0","2","","","","N","","","","","","","","","",""
"2019001847","","1","0","0","0","0","0","0","0","0","1","0","","02","12","2018","6","40.420714","-80.040686","","11","0","0","0","0","0","1","0","0","2","0","0","0","","","2","","0","","40 25:14.569","3","0","80 02:26.468","4","0","0","0","2435","0","0","0","N","0","0","0","4","68B03","2","","1.0","","1","N","N","","0","","0","0","3","","0","N","","4","2","0","0","0","0","0","2","0","4","","","","N","","","","","","","","","",""
"2019004502","","0","0","0","0","0","0","0","0","0","7","0","","02","12","2018","4","","","","11","0","0","0","0","0","0","0","0","2","0","0","0","","","2","","0","","","3","0","","8","0","0","0","2203","0","0","0","Y","0","0","0","2","68B03","0","","3.0","","1","N","N","","1","","0","0","1","","0","N","","2","2","0","0","0","2","0","1","0","2","","","","N","","","","","","","","","",""
"2019023335","","3","0","0","0","0","0","0","0","0","1","0","","02","12","2018","2","40.402482","-80.106412","","11","0","0","0","0","0","1","0","0","","0","0","0","","","1","","0","","40 24:08.936","","0","80 06:23.083","3","0","0","0","2102","0","0","0","N","0","0","0","4","68B03","0","","1.0","","1","N","N","","0","","1","0","1","","0","","","4","1","0","0","0","0","0","2","0","4","","","","N","","","","","","","","","",""
"2020110838","1220","2","0","0","0","0","0","0","0","0","4","0","","02","5","2018","5","40.39369","-80.036212","1220","11","0","0","0","0","0","0","0","1","","0","0","0","","","0","","2","","40 23:37.283","","0","80 02:10.363","0","0","0","0","2422","0","0","0","N","0","0","0","2","02422","0","","1.0","","1","N","N","","0","","0","0","0","3","3","","","2","0","0","0","0","0","0","2","0","2","","","","N","","","","","","","","","",""
"2020110941","1017","1","0","0","0","0","0","0","0","0","4","0","","02","6","2018","7","40.386917","-80.035611","1015","11","1","0","0","0","0","0","0","0","","0","0","0","","","0","N","0","","40 23:12.900","","0","80 02:08.200","0","0","0","0","2422","0","0","0","N","0","0","0","1","02422","0","","6.0","","1","N","N","","0","","0","0","1","","0","","","2","0","0","0","0","0","0","2","0","2","","","","N","","","","","","","","","",""
"2020110367","0726","1","0","0","0","0","0","0","0","0","4","0","","02","4","2018","2","40.397046","-80.029712","0723","11","0","0","0","0","0","1","0","0","","0","0","0","","","1","","2","","40 23:49.365","","0","80 01:46.964","2","0","1","1","2422","0","0","0","N","0","0","0","3","02422","0","","4.0","","1","N","N","","0","","0","1","1","","0","","","3","1","0","0","0","0","0","2","0","3","","","","N","","","","","","","","","",""
"2020110965","1630","1","0","0","0","0","0","0","0","0","4","0","","02","8","2018","5","40.398583","-80.044583","1630","11","0","0","0","0","0","0","0","1","","0","0","0","","","2","N","0","","40 23:54.900","4","7","80 02:40.500","4","0","0","0","2422","0","0","0","N","0","0","0","3","02422","2","","1.0","1700.0","1","N","N","","0","","0","0","2","","0","N","","3","2","0","0","0","0","0","2","0","3","","","","N","","","","","","","","","",""
"2020110842","1252","2","0","0","0","0","0","0","0","0","4","0","","02","5","2018","4","40.391316","-80.04441","1246","11","0","0","0","0","0","2","0","0","","0","0","0","","","1","","1","","40 23:28.737","","0","80 02:39.875","8","0","0","0","2422","0","0","0","N","0","0","0","2","02422","0","","1.0","","1","N","N","","0","","0","0","0","","2","","","2","1","0","0","0","1","0","2","0","2","","","","N","","","","","","","","","",""
"2020110964","1454","1","0","0","0","0","0","0","0","0","4","0","","02","8","2018","3","40.392056","-80.038028","1453","11","0","0","0","0","0","0","0","0","","0","0","0","","","1","","2","","40 23:31.400","","0","80 02:16.900","8","0","0","0","2422","0","0","0","N","0","0","0","2","02422","0","","1.0","","1","N","N","","1","","0","0","0","","0","","","2","1","0","0","0","1","0","2","0","2","","","","N","","","","","","","","","",""
"2020110949","1821","1","0","0","0","0","0","0","0","0","7","0","","02","12","2018","7","40.388472","-80.036417","1821","11","0","0","0","0","0","0","0","0","","0","0","0","","","0","N","0","","40 23:18.500","","0","80 02:11.100","0","0","0","0","2422","0","0","0","N","0","0","0","1","02422","0","","2.0","","1","N","N","","0","","0","0","0","","0","","","1","0","0","0","0","0","0","2","0","1","","","","N","","","","","","","","","",""
"2020042163","1738","2","0","0","0","0","0","0","0","0","4","0","","02","9","2018","5","40.461142","-80.168645","1728","11","0","0","0","0","0","0","0","0","","0","0","0","","","1","","2","","40 27:40.111","","0","80 10:07.121","3","0","0","0","2213","0","0","0","N","0","0","0","2","02213","0","","1.0","","9","N","N","","0","","1","0","0","","3","","","2","1","0","0","0","0","0","2","0","2","","","","N","","","","","","","","","",""
"2020099121","1012","1","0","0","0","0","0","0","0","0","1","1","","02","10","2018","4","40.40288","-79.881557","1001","11","0","0","0","0","0","0","1","0","","0","1","0","","","1","","2","","40 24:10.368","4","3","79 52:53.604","8","0","0","0","2475","0","0","0","N","0","0","0","2","02475","0","","1.0","1051.0","1","N","N","N","0","","0","0","0","","2","N","","2","1","0","0","0","1","0","2","0","2","","98","","N","","","","","","","","","",""
"2020110947","0220","3","0","0","0","0","0","0","0","0","1","0","","02","7","2018","2","40.392797","-80.045514","0220","11","0","0","0","0","0","0","0","0","","0","0","0","","","0","N","0","","40 23:34.069","","0","80 02:43.850","0","0","0","0","2422","0","0","0","N","0","0","0","1","02422","0","","6.0","","1","N","N","","0","","0","0","1","","0","","","4","0","1","0","0","0","0","2","0","4","","","","N","","","","","","","","","",""
"2020110944","1048","1","0","0","0","0","0","0","0","0","5","0","","02","7","2018","2","40.392472","-80.037528","1046","11","0","0","0","0","0","1","0","0","","0","0","0","","","0","","2","","40 23:32.900","","0","80 02:15.100","0","0","0","0","2422","0","0","0","N","0","0","0","2","02422","0","","1.0","","1","N","N","","0","","0","0","1","0","0","","","2","0","0","0","0","0","0","2","0","2","","","","N","","","","","","","","","",""
"2020110953","2142","1","0","0","0","0","0","0","0","0","1","0","","02","10","2018","5","40.395556","-80.031778","2140","11","0","0","0","0","0","0","0","0","","0","0","0","","","1","N","0","","40 23:44.000","6","0","80 01:54.400","3","0","0","0","2422","0","0","0","N","0","0","0","1","02422","0","","1.0","2200.0","1","N","N","","0","","1","0","2","0","0","Y","","3","1","0","0","0","0","0","2","0","3","","","","N","","","","","","","","","",""
"2020110937","1558","2","0","0","0","0","0","0","0","0","4","0","","02","5","2018","4","40.392477","-80.037606","1555","11","0","0","0","0","0","0","0","1","","0","0","0","","","0","","2","","40 23:32.916","","0","80 02:15.382","0","0","0","0","2422","0","0","0","N","0","0","0","2","02422","0","","1.0","","1","N","N","","0","","0","0","0","0","0","","","3","0","0","0","0","0","0","2","1","3","","","","N","","","","","","","","","",""
"2020110961","1512","4","0","0","0","0","0","0","0","0","1","0","","02","9","2018","1","40.398306","-80.035222","1510","11","0","0","0","0","0","1","0","0","","0","0","0","","","0","N","0","","40 23:53.900","","0","80 02:06.800","0","0","0","0","2422","0","0","0","N","0","0","0","1","02422","0","","1.0","","1","N","N","","0","","0","0","0","0","0","","","4","0","0","0","0","0","0","2","0","4","","","","N","","","","","","","","","",""
"2020110957","1846","3","0","0","0","0","0","0","0","0","4","0","","02","10","2018","6","40.397046","-80.029712","1846","11","0","0","0","0","1","0","1","0","","0","0","0","","","3","","2","","40 23:49.365","","0","80 01:46.964","3","0","0","0","2422","0","0","0","N","0","0","0","4","02422","0","","1.0","","1","N","N","","0","","3","0","0","0","0","","","3","3","0","0","0","0","0","2","0","3","","","","N","","","","","","","","","",""
"2020042162","1546","0","0","0","0","0","0","0","0","0","98","0","","02","5","2018","3","40.508703","-80.25045","1543","11","0","0","0","0","0","1","0","0","","0","0","0","","","1","N","0","","40 30:31.331","","0","80 15:01.620","4","0","0","0","2213","0","0","0","N","0","0","0","1","02213","1","","1.0","","1","N","N","","0","","0","0","1","0","0","","","1","1","0","0","0","0","0","2","0","1","","","","N","","","","","","","","","",""
"2020110963","1219","0","0","0","0","0","0","0","0","0","8","0","","02","8","2018","6","40.391472","-80.038778","1216","11","0","0","0","0","0","0","0","0","","0","0","0","","","1","","1","","40 23:29.300","","0","80 02:19.600","3","0","0","0","2422","1","0","0","N","1","0","0","2","02422","0","","1.0","","1","Y","N","","1","","1","0","0","3","2","","","2","1","0","0","0","0","0","2","0","1","","","","N","","","","","","","","","",""
"2020110358","1713","2","0","0","0","0","0","0","0","0","1","0","","02","4","2018","5","40.393176","-80.032714","1711","11","0","0","0","0","1","0","0","0","","0","0","0","","","0","","2","","40 23:35.433","","0","80 01:57.770","0","0","0","0","2422","0","0","0","N","0","0","0","2","02422","0","","1.0","","1","N","N","","0","","0","0","0","0","0","","","2","0","0","0","0","0","0","2","0","2","","","","N","","","","","","","","","",""
"2020110958","1315","1","0","0","0","0","0","0","0","0","5","0","","02","10","2018","1","40.396469","-80.03153","1311","11","0","0","0","0","0","0","0","0","","0","0","0","","","0","N","0","","40 23:47.289","","0","80 01:53.508","0","0","0","0","2422","0","0","0","N","0","0","0","4","02422","0","","1.0","","1","N","N","","0","","0","0","1","0","0","","","2","0","0","0","0","0","0","2","0","2","","","","N","","","","","","","","","",""
"2020110951","2217","1","0","0","0","0","0","0","0","0","5","0","","02","11","2018","7","40.395694","-80.033278","2215","11","0","0","0","0","0","1","0","0","","0","0","0","","","0","N","0","","40 23:44.500","","7","80 01:59.800","0","0","0","0","2422","0","0","0","N","0","0","0","2","02422","0","","1.0","","1","N","N","","0","","0","0","1","3","2","","","2","0","0","0","0","0","0","2","0","2","","","","N","","","","","","","","","",""
"2020110960","2319","0","0","0","0","0","0","0","0","0","1","0","","02","9","2018","7","40.396133","-80.032438","2317","11","0","0","0","0","0","1","0","0","","0","0","0","","","0","N","0","","40 23:46.077","","0","80 01:56.778","0","0","0","0","2422","0","0","0","N","0","0","0","3","02422","0","","1.0","","1","N","N","N","2","","0","0","1","0","0","","","3","0","0","0","0","0","0","2","0","3","","","","N","","","","","","","","","",""
"2023037635","2124","2","0","0","0","0","0","0","0","0","1","0","","02","10","2018","3","40.43075","-79.805205","2124","11","0","0","0","0","1","0","0","0","","0","0","0","","","1","N","0","","40 25:50.701","","7","79 48:18.737","3","0","0","0","2124","0","0","0","N","0","0","0","2","02124","0","","1.0","","1","N","N","N","0","","1","0","0","3","2","","","2","1","0","0","0","0","0","2","0","2","","03","","N","","","","","","","","","",""
"2023037900","0707","1","0","0","0","0","0","0","0","0","4","0","","02","5","2018","6","40.43075","-79.805205","0701","11","0","0","0","0","0","1","0","0","","0","0","0","","","2","N","0","","40 25:50.701","3","7","79 48:18.737","8","0","0","0","2124","0","0","0","N","0","0","0","3","02124","0","","1.0","744.0","1","N","N","N","1","","0","0","0","3","2","Y","","2","2","0","0","0","2","0","2","0","2","","03","","N","","","","","","","","","",""
"2023037637","1838","2","0","0","0","0","0","0","0","0","1","0","","02","12","2018","1","40.430842","-79.805244","1831","11","0","0","0","1","0","0","0","0","","0","0","0","","","0","N","0","","40 25:51.030","","7","79 48:18.880","0","0","0","0","2124","0","0","0","N","0","0","0","2","02124","0","","1.0","","99","N","N","N","0","","0","0","0","3","2","","","2","0","0","0","0","0","0","2","0","2","","","","N","","","","","","","","","",""
"2023037511","1630","2","0","0","0","0","0","0","0","0","4","0","","02","7","2018","3","40.430887","-79.815049","1626","11","0","0","0","0","0","0","0","0","","0","0","0","","","0","N","0","","40 25:51.192","3","7","79 48:54.175","0","0","0","0","2124","0","0","0","N","0","0","0","3","02124","0","","1.0","1715.0","1","N","N","N","0","","0","0","1","0","0","N","","3","0","1","0","0","0","0","2","0","3","","03","","N","","","","","","","","","",""
"2023037597","1632","1","0","0","0","0","0","0","0","0","1","0","","02","6","2018","7","40.429914","-79.811428","1628","11","0","0","0","0","0","0","0","0","","0","0","0","","","1","N","2","","40 25:47.691","3","7","79 48:41.141","3","0","0","0","2124","0","0","0","N","0","0","0","2","02124","0","","1.0","1700.0","1","N","N","","0","","1","0","1","3","2","N","","2","1","0","0","0","0","0","2","0","2","","","","N","","","","","","","","","",""
"2023037894","1142","1","0","0","0","0","0","0","0","0","1","0","","02","12","2018","6","40.431395","-79.803391","1139","11","0","0","0","0","0","0","0","0","","0","0","0","","","3","N","0","","40 25:53.022","3","3","79 48:12.207","8","0","0","0","2124","0","0","0","N","0","0","0","3","02124","0","","1.0","1200.0","1","N","N","N","0","","0","0","1","0","0","N","","2","3","0","0","0","3","0","2","0","2","","03","","N","","","","","","","","","",""
"2023037634","1404","2","0","0","0","0","0","0","0","0","4","0","","02","1","2018","1","40.43075","-79.805205","1357","11","0","0","0","0","0","1","1","1","","0","0","0","","","1","N","0","","40 25:50.701","3","7","79 48:18.737","3","0","0","0","2124","0","0","0","N","0","0","0","5","02124","0","","1.0","1400.0","1","N","N","N","1","","1","0","1","3","2","N","","4","1","0","0","0","0","0","2","0","4","","","","N","","","","","","","","","",""
"2023037641","1812","1","0","0","0","0","0","0","0","0","4","0","","02","12","2018","6","40.430842","-79.805244","1808","11","0","0","0","0","0","1","0","0","","0","0","0","","","1","N","0","","40 25:51.030","","7","79 48:18.880","2","0","0","0","2124","0","0","0","N","0","0","0","2","02124","0","","1.0","","1","N","N","","0","","0","1","1","3","2","","","2","1","1","0","1","0","0","2","0","2","","04","","N","","","","","","","","","",""
"2023037903","1744","0","0","0","0","0","0","0","0","0","8","0","","02","12","2018","7","40.429909","-79.808562","1744","11","0","0","0","0","0","0","0","0","","0","0","0","","","1","N","2","","40 25:47.671","4","7","79 48:30.823","2","0","0","0","2124","1","0","1","N","1","0","1","2","02124","0","","1.0","1800.0","1","N","N","","0","","0","1","1","3","2","N","","2","1","0","0","0","0","0","2","0","1","","03","","N","","","","","","","","","",""